#! FIELDS time brine.nice brine.nmax brine.nclus brine.nic brine.nih brine.nmixed brine.chillice brine.chillmax brine.chillinterfacial brine.sixrings brine.nionice brine.nionfront brine.nionliq
 0.000000      918      918        1        0      918        0      746      742      110     2012        0        0        0
 1.000000      905      905        1        0      905        0      738      734      109     2028        0        0        0
 2.000000      901      901        1        0      901        0      735      732       89     1993        0        0        0
 3.000000      931      931        1        0      931        0      737      733      105     2032        0        0        0
 4.000000      916      916        1        0      916        0      732      730       96     2027        0        0        0
 5.000000      914      914        1        0      914        0      723      718      109     2038        0        0        0
 6.000000      919      919        1        0      919        0      733      729       97     2027        0        0        0
 7.000000      916      916        1        0      916        0      723      719      111     2012        0        0        0
 8.000000      914      914        1        0      914        0      729      728      107     2038        0        0        0
 9.000000      909      909        1        0      909        0      721      719      113     2020        0        0        0
 10.000000      914      914        1        0      914        0      731      727      124     2016        0        0        0
 11.000000      909      909        1        0      909        0      733      731      105     2029        0        0        0
 12.000000      917      917        1        0      917        0      726      723      111     2034        0        0        0
 13.000000      917      917        1        0      917        0      730      728      104     2058        0        0        0
 14.000000      920      908        2        0      920        0      714      711      116     2042        0        0        0
 15.000000      922      910        2        0      922        0      733      729      119     2038        0        0        0
 16.000000      910      910        1        0      910        0      733      728      108     2056        0        0        0
 17.000000      915      915        1        0      915        0      731      727      108     2026        0        0        0
 18.000000      932      932        1        0      932        0      718      715      121     2044        0        0        0
 19.000000      927      927        1        0      927        0      728      721      105     2023        0        0        0
 20.000000      927      927        1        0      927        0      732      729      101     2038        0        0        0
 21.000000      937      937        1        0      937        0      723      720      120     2026        0        0        0
 22.000000      927      927        1        0      927        0      721      716      105     2006        0        0        0
 23.000000      922      922        1        0      922        0      717      713      116     2009        0        0        0
 24.000000      922      922        1        0      922        0      723      718      124     2054        0        0        0
 25.000000      937      937        1        0      937        0      733      729      115     2016        0        0        0
 26.000000      926      926        1        0      926        0      718      711      125     2010        0        0        0
 27.000000      949      949        1        0      949        0      719      718      110     2039        0        0        0
 28.000000      956      956        1        0      956        0      717      708      116     2032        0        0        0
 29.000000      910      910        1        0      910        0      733      726      107     2047        0        0        0
 30.000000      926      926        1        0      926        0      735      732      102     2040        0        0        0
 31.000000      909      909        1        0      909        0      725      721      114     2046        0        0        0
 32.000000      928      928        1       13      914        1      724      721      116     2036        0        0        0
 33.000000      922      922        1       13      908        1      730      728      114     2017        0        0        0
 34.000000      934      934        1       13      920        1      725      723      104     2014        0        0        0
 35.000000      937      937        1       13      923        1      725      721      115     2026        0        0        0
 36.000000      929      929        1       13      915        1      735      729      121     2056        0        0        0
 37.000000      923      923        1       13      909        1      726      722      110     2027        0        0        0
 38.000000      923      923        1       13      909        1      727      724       93     2044        0        0        0
 39.000000      920      920        1       13      906        1      720      717      124     2011        0        0        0
 40.000000      916      916        1        0      916        0      738      736      105     2045        0        0        0
 41.000000      909      909        1        0      909        0      723      721      116     2000        0        0        0
 42.000000      912      912        1        0      912        0      734      732      113     2028        0        0        0
 43.000000      909      909        1        0      909        0      729      728      101     2022        0        0        0
 44.000000      910      910        1        0      910        0      728      723       94     2015        0        0        0
 45.000000      925      925        1       13      911        1      725      723      117     2039        0        0        0
 46.000000      926      926        1       13      912        1      719      716      110     2038        0        0        0
 47.000000      910      910        1        0      910        0      719      714      116     2019        0        0        0
 48.000000      910      910        1        0      910        0      725      720      107     2024        0        0        0
 49.000000      930      930        1       13      916        1      724      719      129     2029        0        0        0
 50.000000      931      931        1       13      917        1      731      726      109     2035        0        0        0
 51.000000      912      912        1        0      912        0      719      716      125     2032        0        0        0
 52.000000      928      916        2        0      928        0      718      714      110     2034        0        0        0
 53.000000      936      924        2       13      922        1      728      726      106     2051        0        0        0
 54.000000      943      931        2       11      929        3      723      721      107     2027        0        0        0
 55.000000      924      912        2        0      924        0      712      710      114     2026        0        0        0
 56.000000      933      921        2       13      919        1      720      719      109     2051        0        0        0
 57.000000      904      904        1        0      904        0      725      724      100     2032        0        0        0
 58.000000      902      902        1        0      902        0      720      715      123     2018        0        0        0
 59.000000      902      902        1        0      902        0      727      720      114     1989        0        0        0
 60.000000      893      893        1        0      893        0      708      704      103     2037        0        0        0
 61.000000      896      896        1        0      896        0      709      704      118     2022        0        0        0
 62.000000      896      896        1        0      896        0      717      713      112     2030        0        0        0
 63.000000      913      898        2       15      898        0      714      708      117     2016        0        0        0
 64.000000      895      895        1        0      895        0      711      706      121     1992        0        0        0
 65.000000      899      899        1        0      899        0      715      710      119     1986        0        0        0
 66.000000      896      896        1        0      896        0      708      703      122     2021        0        0        0
 67.000000      906      906        1        0      906        0      710      707      110     2004        0        0        0
 68.000000      916      916        1        0      916        0      706      705      115     1999        0        0        0
 69.000000      902      902        1        0      902        0      720      718      115     2008        0        0        0
 70.000000      902      902        1        0      902        0      724      721      100     2021        0        0        0
 71.000000      903      903        1        0      903        0      715      714      115     2004        0        0        0
 72.000000      905      905        1        0      905        0      722      718      115     2027        0        0        0
 73.000000      890      890        1        0      890        0      713      711      108     1999        0        0        0
 74.000000      896      896        1        0      896        0      711      709      107     2004        0        0        0
 75.000000      902      902        1        0      902        0      720      719      120     2020        0        0        0
 76.000000      901      901        1        0      901        0      702      699      127     2011        0        0        0
 77.000000      923      911        2        0      923        0      713      707      122     2021        0        0        0
 78.000000      903      903        1        0      903        0      725      721      107     2017        0        0        0
 79.000000      903      903        1        0      903        0      727      725      110     2022        0        0        0
 80.000000      904      904        1        0      904        0      721      720      105     2006        0        0        0
 81.000000      903      903        1        0      903        0      721      717      101     2002        0        0        0
 82.000000      902      902        1        0      902        0      722      722      102     2008        0        0        0
 83.000000      903      903        1        0      903        0      731      725      108     2016        0        0        0
 84.000000      899      899        1        0      899        0      712      708      116     2019        0        0        0
 85.000000      905      905        1        0      905        0      720      717      114     2005        0        0        0
 86.000000      899      899        1        0      899        0      717      714      114     2011        0        0        0
 87.000000      896      896        1        0      896        0      714      710      102     2014        0        0        0
 88.000000      918      906        2        0      918        0      706      703      122     2010        0        0        0
 89.000000      906      894        2        0      906        0      705      703      110     1990        0        0        0
 90.000000      910      898        2        0      910        0      702      695      126     2020        0        0        0
 91.000000      903      891        2        0      903        0      722      718       90     1985        0        0        0
 92.000000      899      886        2        0      899        0      704      702      126     1995        0        0        0
 93.000000      887      887        1        0      887        0      720      718      112     1975        0        0        0
 94.000000      894      894        1        0      894        0      724      724      104     2007        0        0        0
 95.000000      894      894        1        0      894        0      705      699      126     1992        0        0        0
 96.000000      914      902        2        9      900        5      719      711      121     1994        0        0        0
 97.000000      909      909        1        9      895        5      719      716      102     1990        0        0        0
 98.000000      905      905        1        9      891        5      698      694      125     1991        0        0        0
 99.000000      919      919        1       10      904        5      715      711      110     1998        0        0        0
 100.000000      912      912        1       10      897        5      722      714      108     2005        0        0        0
 101.000000      915      915        1       10      900        5      719      713      105     2010        0        0        0
 102.000000      914      914        1       10      899        5      726      722      100     1997        0        0        0
 103.000000      905      905        1        9      891        5      722      715      104     2016        0        0        0
 104.000000      923      923        1       10      908        5      716      715      111     2013        0        0        0
 105.000000      904      904        1        0      904        0      722      718      107     2001        0        0        0
 106.000000      922      922        1        9      908        5      720      719      116     1986        0        0        0
 107.000000      911      911        1        9      897        5      715      711      123     1994        0        0        0
 108.000000      908      908        1        0      908        0      705      703      113     2001        0        0        0
 109.000000      911      911        1        0      911        0      708      705      100     1988        0        0        0
 110.000000      908      908        1        9      894        5      709      706      102     1999        0        0        0
 111.000000      909      909        1        9      895        5      713      710      112     1983        0        0        0
 112.000000      906      906        1        9      892        5      712      708      119     1975        0        0        0
 113.000000      918      918        1       10      903        5      712      708      128     2012        0        0        0
 114.000000      913      913        1        9      899        5      717      713      118     1989        0        0        0
 115.000000      907      907        1        9      893        5      702      701      108     2003        0        0        0
 116.000000      914      914        1        0      914        0      724      718      105     2013        0        0        0
 117.000000      924      924        1        9      910        5      721      718      111     1978        0        0        0
 118.000000      914      914        1        9      900        5      714      710      102     1969        0        0        0
 119.000000      917      917        1        0      917        0      725      721      102     1978        0        0        0
 120.000000      897      897        1        0      897        0      710      706      107     1986        0        0        0
 121.000000      906      906        1        0      906        0      717      713      122     1997        0        0        0
 122.000000      903      903        1        0      903        0      714      712       97     1971        0        0        0
 123.000000      911      911        1        0      911        0      712      708      123     1971        0        0        0
 124.000000      921      921        1       14      907        0      712      709      118     1992        0        0        0
 125.000000      931      931        1        9      917        5      722      719      112     1982        0        0        0
 126.000000      919      919        1       14      905        0      722      719      105     1982        0        0        0
 127.000000      921      921        1       14      907        0      722      714      117     1976        0        0        0
 128.000000      918      918        1        0      918        0      725      722      109     2004        0        0        0
 129.000000      920      920        1        0      920        0      717      714      103     1998        0        0        0
 130.000000      918      918        1        0      918        0      703      699      114     1983        0        0        0
 131.000000      913      913        1        0      913        0      704      701      114     1999        0        0        0
 132.000000      920      920        1        0      920        0      716      713      116     1987        0        0        0
 133.000000      920      920        1        0      920        0      713      708      104     1995        0        0        0
 134.000000      906      906        1        0      906        0      730      727      108     1978        0        0        0
 135.000000      910      910        1        0      910        0      721      719      105     1989        0        0        0
 136.000000      914      914        1        9      900        5      713      710      106     1984        0        0        0
 137.000000      919      919        1        9      905        5      722      718      108     2002        0        0        0
 138.000000      923      923        1       10      908        5      724      718      114     1982        0        0        0
 139.000000      924      924        1        9      910        5      716      713      120     2011        0        0        0
 140.000000      921      921        1       10      906        5      712      705      119     2009        0        0        0
 141.000000      922      922        1       10      907        5      718      715      112     1977        0        0        0
 142.000000      922      922        1       10      907        5      705      703      124     1993        0        0        0
 143.000000      917      917        1       10      902        5      719      718      109     1990        0        0        0
 144.000000      921      921        1       10      906        5      728      725      103     1991        0        0        0
 145.000000      907      907        1       10      892        5      706      702      111     1991        0        0        0
 146.000000      927      927        1       10      912        5      720      719      108     2010        0        0        0
 147.000000      928      928        1       10      913        5      728      724      116     2013        0        0        0
 148.000000      925      925        1        9      911        5      720      715      114     2009        0        0        0
 149.000000      924      924        1        9      910        5      711      709      127     1998        0        0        0
 150.000000      926      926        1        9      912        5      715      713      113     2018        0        0        0
 151.000000      926      926        1        9      912        5      727      724      107     2012        0        0        0
 152.000000      929      929        1        9      915        5      717      711      119     2038        0        0        0
 153.000000      923      923        1        0      923        0      725      720      127     2017        0        0        0
 154.000000      932      932        1       10      917        5      727      726      112     2016        0        0        0
 155.000000      930      930        1        8      915        7      730      729      118     2013        0        0        0
 156.000000      926      926        1        9      912        5      746      741       96     2021        0        0        0
 157.000000      921      921        1        0      921        0      725      721      103     2014        0        0        0
 158.000000      933      933        1       11      917        5      718      717      113     2007        0        0        0
 159.000000      924      924        1       10      909        5      719      718      112     2010        0        0        0
 160.000000      929      929        1       11      913        5      733      730      102     1999        0        0        0
 161.000000      932      932        1       10      917        5      734      734      104     2013        0        0        0
 162.000000      929      929        1       11      913        5      725      722      112     2004        0        0        0
 163.000000      942      942        1       11      926        5      723      720      110     2021        0        0        0
 164.000000      947      935        2       11      931        5      728      725      105     2030        0        0        0
 165.000000      938      938        1       11      922        5      712      711      107     1993        0        0        0
 166.000000      944      932        2       11      928        5      734      734      104     2010        0        0        0
 167.000000      929      929        1       11      913        5      731      728      111     2019        0        0        0
 168.000000      924      924        1       11      908        5      725      722      119     1981        0        0        0
 169.000000      931      931        1       11      915        5      724      723      110     2021        0        0        0
 170.000000      914      914        1       10      899        5      724      720      108     2007        0        0        0
 171.000000      925      925        1       11      909        5      730      725      114     1993        0        0        0
 172.000000      911      911        1        0      911        0      704      701      117     2016        0        0        0
 173.000000      906      906        1        0      906        0      728      727      102     2002        0        0        0
 174.000000      909      909        1        0      909        0      720      717      115     2015        0        0        0
 175.000000      924      924        1       10      909        5      715      714      110     2004        0        0        0
 176.000000      913      913        1        0      913        0      727      725      119     2034        0        0        0
 177.000000      926      926        1       11      910        5      734      730      109     2034        0        0        0
 178.000000      929      929        1        0      929        0      721      719      123     2043        0        0        0
 179.000000      916      916        1       11      900        5      726      725      114     2033        0        0        0
 180.000000      927      927        1       10      911        6      712      709      122     2011        0        0        0
 181.000000      914      914        1        0      914        0      723      720      116     2020        0        0        0
 182.000000      925      925        1       10      909        6      725      722      117     2020        0        0        0
 183.000000      928      928        1       10      912        6      716      715      116     2026        0        0        0
 184.000000      920      920        1        0      920        0      726      723      119     2008        0        0        0
 185.000000      920      920        1        0      920        0      721      720      115     2044        0        0        0
 186.000000      917      917        1        0      917        0      726      724      104     2019        0        0        0
 187.000000      922      922        1        0      922        0      719      718      114     2004        0        0        0
 188.000000      913      913        1        0      913        0      715      711      107     2042        0        0        0
 189.000000      918      918        1        0      918        0      728      727      114     2032        0        0        0
 190.000000      909      909        1        0      909        0      722      719      104     2013        0        0        0
 191.000000      904      904        1        0      904        0      723      717      112     2020        0        0        0
 192.000000      903      903        1        0      903        0      728      724      127     2049        0        0        0
 193.000000      923      923        1        0      923        0      728      725      104     2034        0        0        0
 194.000000      927      927        1        0      927        0      726      723      109     2022        0        0        0
 195.000000      908      908        1        0      908        0      728      726       98     2020        0        0        0
 196.000000      917      917        1        0      917        0      725      723      112     2026        0        0        0
 197.000000      900      900        1        0      900        0      730      725      119     2021        0        0        0
 198.000000      907      907        1        0      907        0      730      724      118     2026        0        0        0
 199.000000      913      913        1        0      913        0      732      728      119     2035        0        0        0
 200.000000      909      909        1        0      909        0      733      729      114     2026        0        0        0
 201.000000      913      913        1        0      913        0      728      724      117     2048        0        0        0
 202.000000      911      911        1        0      911        0      736      734      117     2022        0        0        0
 203.000000      910      910        1        0      910        0      721      718      126     2014        0        0        0
 204.000000      910      910        1        0      910        0      728      724      115     2014        0        0        0
 205.000000      906      906        1        0      906        0      708      707      121     2014        0        0        0
 206.000000      903      903        1        0      903        0      716      714      122     2005        0        0        0
 207.000000      916      916        1        0      916        0      713      708      120     2015        0        0        0
 208.000000      914      902        2        0      914        0      720      715      114     2040        0        0        0
 209.000000      905      905        1        0      905        0      710      705      112     2028        0        0        0
 210.000000      898      898        1        0      898        0      711      710      113     2004        0        0        0
 211.000000      907      907        1        0      907        0      706      701      133     2040        0        0        0
 212.000000      914      914        1        0      914        0      708      704      124     2030        0        0        0
 213.000000      921      909        2        0      921        0      707      706      105     2020        0        0        0
 214.000000      907      907        1        0      907        0      732      729       89     2055        0        0        0
 215.000000      938      926        2        0      938        0      732      727      110     2042        0        0        0
 216.000000      935      923        2        0      935        0      726      725      106     2033        0        0        0
 217.000000      927      927        1        0      927        0      730      729      103     2047        0        0        0
 218.000000      928      916        2        0      928        0      729      729      103     2049        0        0        0
 219.000000      933      921        2        0      933        0      722      722      108     2060        0        0        0
 220.000000      920      920        1        0      920        0      719      713      108     2044        0        0        0
 221.000000      935      923        2        0      935        0      721      720      117     2031        0        0        0
 222.000000      944      932        2        0      944        0      733      732      102     2052        0        0        0
 223.000000      952      940        2        0      952        0      733      732      104     2064        0        0        0
 224.000000      936      936        1        0      936        0      723      723      106     2035        0        0        0
 225.000000      947      947        1        0      947        0      739      736      108     2055        0        0        0
 226.000000      945      945        1        0      945        0      741      740       96     2057        0        0        0
 227.000000      947      947        1        0      947        0      730      728      112     2034        0        0        0
 228.000000      939      939        1        0      939        0      736      735      103     2066        0        0        0
 229.000000      950      950        1        0      950        0      744      744      108     2064        0        0        0
 230.000000      937      937        1        0      937        0      735      733      121     2064        0        0        0
 231.000000      941      941        1        0      941        0      742      740      107     2055        0        0        0
 232.000000      939      939        1        0      939        0      735      731      102     2062        0        0        0
 233.000000      939      939        1        0      939        0      721      719      121     2060        0        0        0
 234.000000      968      956        2        0      968        0      730      729      109     2078        0        0        0
 235.000000      939      939        1        0      939        0      740      738      113     2052        0        0        0
 236.000000      949      937        2        0      949        0      737      736      103     2055        0        0        0
 237.000000      942      942        1        0      942        0      724      724      102     2057        0        0        0
 238.000000      954      942        2        0      954        0      731      730      100     2064        0        0        0
 239.000000      953      941        2        0      953        0      738      735      121     2073        0        0        0
 240.000000      932      932        1        0      932        0      741      737      103     2062        0        0        0
 241.000000      942      942        1        0      942        0      740      737      108     2041        0        0        0
 242.000000      948      948        1        0      948        0      735      734       98     2073        0        0        0
 243.000000      948      948        1        0      948        0      736      733      109     2082        0        0        0
 244.000000      958      958        1        0      958        0      741      738      104     2095        0        0        0
 245.000000      959      959        1        0      959        0      738      736      121     2097        0        0        0
 246.000000      955      955        1        0      955        0      729      729      122     2060        0        0        0
 247.000000      957      957        1        0      957        0      749      748      106     2089        0        0        0
 248.000000      962      962        1        0      962        0      747      745      113     2066        0        0        0
 249.000000      956      956        1        0      956        0      748      745      116     2058        0        0        0
 250.000000      951      951        1        0      951        0      755      752      102     2063        0        0        0
 251.000000      951      951        1        0      951        0      741      739      121     2057        0        0        0
 252.000000      953      953        1        0      953        0      742      738      119     2096        0        0        0
 253.000000      956      956        1        0      956        0      742      742      111     2073        0        0        0
 254.000000      952      952        1        0      952        0      745      741      107     2064        0        0        0
 255.000000      956      956        1        0      956        0      737      733      121     2061        0        0        0
 256.000000      955      955        1        0      955        0      740      738      114     2084        0        0        0
 257.000000      956      956        1        0      956        0      736      736      117     2078        0        0        0
 258.000000      945      945        1        0      945        0      734      731      122     2063        0        0        0
 259.000000      958      958        1        0      958        0      733      730      116     2068        0        0        0
 260.000000      948      948        1        0      948        0      748      745      118     2066        0        0        0
 261.000000      951      951        1        0      951        0      745      743      117     2086        0        0        0
 262.000000      948      948        1        0      948        0      742      741      119     2070        0        0        0
 263.000000      946      946        1        0      946        0      741      740      117     2077        0        0        0
 264.000000      952      952        1        0      952        0      745      744      129     2073        0        0        0
 265.000000      960      960        1        0      960        0      729      726      127     2065        0        0        0
 266.000000      948      948        1        0      948        0      742      740      116     2078        0        0        0
 267.000000      970      970        1       17      953        0      746      742      121     2054        0        0        0
 268.000000      966      966        1       17      949        0      750      747      117     2078        0        0        0
 269.000000      949      949        1        0      949        0      736      734      117     2050        0        0        0
 270.000000      948      948        1        0      948        0      737      736      112     2059        0        0        0
 271.000000      952      952        1        0      952        0      741      738      111     2049        0        0        0
 272.000000      948      948        1        0      948        0      745      744      112     2046        0        0        0
 273.000000      953      953        1        0      953        0      747      744      119     2036        0        0        0
 274.000000      945      945        1        0      945        0      734      730      121     2023        0        0        0
 275.000000      951      951        1        0      951        0      757      752      112     2046        0        0        0
 276.000000      952      952        1        0      952        0      749      744      115     2069        0        0        0
 277.000000      969      956        2        0      969        0      745      743      120     2088        0        0        0
 278.000000      958      958        1        0      958        0      748      748      115     2062        0        0        0
 279.000000      960      960        1        0      960        0      748      746      101     2093        0        0        0
 280.000000      945      945        1        0      945        0      738      736      124     2069        0        0        0
 281.000000      956      956        1        0      956        0      760      759      108     2047        0        0        0
 282.000000      956      956        1        0      956        0      749      747      117     2042        0        0        0
 283.000000      958      958        1        0      958        0      738      737      106     2053        0        0        0
 284.000000      956      956        1        0      956        0      751      751      104     2067        0        0        0
 285.000000      952      952        1        0      952        0      747      747      111     2039        0        0        0
 286.000000      964      964        1        0      964        0      733      733      121     2039        0        0        0
 287.000000      961      961        1        0      961        0      737      736      110     2057        0        0        0
 288.000000      967      967        1        0      967        0      745      740      122     2045        0        0        0
 289.000000      960      960        1        0      960        0      751      748      101     2043        0        0        0
 290.000000      966      966        1        0      966        0      749      748      112     2067        0        0        0
 291.000000      954      954        1        0      954        0      754      753      102     2044        0        0        0
 292.000000      956      956        1        0      956        0      741      739      110     2045        0        0        0
 293.000000      960      960        1        0      960        0      752      748      106     2047        0        0        0
 294.000000      966      966        1        0      966        0      738      732      112     2051        0        0        0
 295.000000      956      956        1        0      956        0      756      751      112     2043        0        0        0
 296.000000      962      962        1        0      962        0      754      750      106     2068        0        0        0
 297.000000      961      961        1        0      961        0      754      749      126     2060        0        0        0
 298.000000      957      957        1        0      957        0      751      745      115     2080        0        0        0
 299.000000      951      951        1        0      951        0      749      745      119     2045        0        0        0
 300.000000      957      957        1        0      957        0      746      742      106     2050        0        0        0
 301.000000      954      954        1        0      954        0      743      742      111     2053        0        0        0
 302.000000      955      955        1        0      955        0      737      736      101     2051        0        0        0
 303.000000      959      959        1        0      959        0      751      749      104     2055        0        0        0
 304.000000      972      972        1        0      972        0      745      742      104     2070        0        0        0
 305.000000      938      938        1        0      938        0      746      741      113     2050        0        0        0
 306.000000      955      955        1        0      955        0      746      740      136     2086        0        0        0
 307.000000      938      938        1        0      938        0      747      746      106     2053        0        0        0
 308.000000      941      941        1        0      941        0      754      752      109     2043        0        0        0
 309.000000      947      947        1        0      947        0      732      731      110     2086        0        0        0
 310.000000      957      957        1        0      957        0      751      746       95     2079        0        0        0
 311.000000      958      958        1        0      958        0      752      749      114     2043        0        0        0
 312.000000      949      949        1        0      949        0      736      734      114     2047        0        0        0
 313.000000      954      954        1        0      954        0      737      734       98     2048        0        0        0
 314.000000      939      939        1        0      939        0      749      747      106     2060        0        0        0
 315.000000      932      932        1        0      932        0      742      741      110     2012        0        0        0
 316.000000      939      939        1        0      939        0      731      730      106     2054        0        0        0
 317.000000      944      944        1        0      944        0      742      741      103     2067        0        0        0
 318.000000      923      923        1        0      923        0      740      739      120     2073        0        0        0
 319.000000      945      945        1        0      945        0      740      735      108     2084        0        0        0
 320.000000      938      938        1        0      938        0      760      756      114     2070        0        0        0
 321.000000      941      941        1        0      941        0      731      727      112     2084        0        0        0
 322.000000      938      938        1        0      938        0      742      739      110     2068        0        0        0
 323.000000      938      938        1        0      938        0      744      742      103     2084        0        0        0
 324.000000      940      940        1        0      940        0      743      739      114     2073        0        0        0
 325.000000      939      939        1        0      939        0      756      751      101     2069        0        0        0
 326.000000      952      952        1        0      952        0      749      748      100     2065        0        0        0
 327.000000      952      952        1        0      952        0      749      747      111     2082        0        0        0
 328.000000      940      940        1        0      940        0      740      739      103     2054        0        0        0
 329.000000      939      939        1        0      939        0      747      746      107     2086        0        0        0
 330.000000      939      939        1        0      939        0      749      744      117     2089        0        0        0
 331.000000      939      939        1        0      939        0      750      745      111     2089        0        0        0
 332.000000      942      942        1        0      942        0      736      734      111     2089        0        0        0
 333.000000      926      926        1        0      926        0      745      743      111     2082        0        0        0
 334.000000      944      944        1        0      944        0      742      740      112     2070        0        0        0
 335.000000      942      942        1        0      942        0      744      742      107     2074        0        0        0
 336.000000      949      949        1        0      949        0      740      738      107     2076        0        0        0
 337.000000      943      943        1        0      943        0      730      730      115     2053        0        0        0
 338.000000      941      941        1        0      941        0      750      749      107     2068        0        0        0
 339.000000      943      943        1        0      943        0      746      743      102     2059        0        0        0
 340.000000      938      938        1        0      938        0      744      744      109     2067        0        0        0
 341.000000      924      924        1        0      924        0      734      733      122     2070        0        0        0
 342.000000      938      938        1        0      938        0      747      747      112     2036        0        0        0
 343.000000      943      943        1        0      943        0      740      736      114     2053        0        0        0
 344.000000      940      940        1        0      940        0      745      743      122     2055        0        0        0
 345.000000      940      940        1        0      940        0      738      738      103     2045        0        0        0
 346.000000      955      955        1        0      955        0      740      739      100     2050        0        0        0
 347.000000      955      955        1        0      955        0      745      742      110     2035        0        0        0
 348.000000      933      933        1        0      933        0      753      752      122     2058        0        0        0
 349.000000      940      940        1        0      940        0      730      727      125     2053        0        0        0
 350.000000      948      948        1        0      948        0      745      741      124     2034        0        0        0
 351.000000      935      935        1        0      935        0      744      742      112     2046        0        0        0
 352.000000      935      935        1        0      935        0      748      746      109     2058        0        0        0
 353.000000      919      919        1        0      919        0      741      740      113     2043        0        0        0
 354.000000      934      934        1        0      934        0      756      756      113     2044        0        0        0
 355.000000      937      937        1        0      937        0      762      758      113     2050        0        0        0
 356.000000      942      942        1        0      942        0      750      748      109     2038        0        0        0
 357.000000      933      933        1        0      933        0      748      746      106     2038        0        0        0
 358.000000      934      934        1        0      934        0      746      743      100     2047        0        0        0
 359.000000      934      934        1        0      934        0      753      752      109     2052        0        0        0
 360.000000      952      952        1        0      952        0      753      751      116     2041        0        0        0
 361.000000      933      933        1        0      933        0      743      741      118     2027        0        0        0
 362.000000      940      940        1        0      940        0      757      755      114     2057        0        0        0
 363.000000      940      940        1        0      940        0      760      759      112     2040        0        0        0
 364.000000      956      944        2        0      956        0      728      727      127     2052        0        0        0
 365.000000      946      946        1        0      946        0      733      731      116     2043        0        0        0
 366.000000      936      936        1        0      936        0      745      745      111     2041        0        0        0
 367.000000      937      937        1        0      937        0      739      739      111     2032        0        0        0
 368.000000      936      936        1        0      936        0      735      734      118     2049        0        0        0
 369.000000      955      943        2        0      955        0      740      737      111     2042        0        0        0
 370.000000      937      937        1        0      937        0      747      746      103     2054        0        0        0
 371.000000      942      942        1        0      942        0      743      743      106     2034        0        0        0
 372.000000      941      941        1        0      941        0      738      737      134     2056        0        0        0
 373.000000      936      936        1        0      936        0      751      748      104     2050        0        0        0
 374.000000      951      951        1        0      951        0      736      734      117     2058        0        0        0
 375.000000      944      944        1        0      944        0      752      749      103     2035        0        0        0
 376.000000      945      945        1        0      945        0      735      734      121     2042        0        0        0
 377.000000      946      946        1        0      946        0      737      735      115     2030        0        0        0
 378.000000      943      943        1        0      943        0      741      739      123     2059        0        0        0
 379.000000      932      932        1        0      932        0      743      741      119     2037        0        0        0
 380.000000      959      959        1        0      959        0      742      740      109     2061        0        0        0
 381.000000      932      932        1        0      932        0      731      729      110     2075        0        0        0
 382.000000      939      939        1        0      939        0      730      727      120     2056        0        0        0
 383.000000      936      936        1        0      936        0      736      734      125     2045        0        0        0
 384.000000      937      937        1        0      937        0      732      729      108     2037        0        0        0
 385.000000      963      963        1        0      963        0      736      736      114     2024        0        0        0
 386.000000      941      941        1        0      941        0      726      724      121     2023        0        0        0
 387.000000      939      939        1        0      939        0      742      740      115     2042        0        0        0
 388.000000      921      921        1        0      921        0      726      726      115     2061        0        0        0
 389.000000      963      963        1        0      963        0      742      741      113     2030        0        0        0
 390.000000      961      961        1        0      961        0      729      729      131     2038        0        0        0
 391.000000      954      954        1        0      954        0      732      728      111     2043        0        0        0
 392.000000      957      957        1        0      957        0      725      720      113     2029        0        0        0
 393.000000      955      955        1        0      955        0      720      716      120     2052        0        0        0
 394.000000      958      958        1        0      958        0      728      725      122     2038        0        0        0
 395.000000      956      956        1        0      956        0      729      727      119     2053        0        0        0
 396.000000      943      931        2        0      943        0      734      734      103     2031        0        0        0
 397.000000      965      953        2        0      965        0      729      728      119     2036        0        0        0
 398.000000      916      916        1        0      916        0      742      739      116     2025        0        0        0
 399.000000      933      933        1        0      933        0      732      730      122     2038        0        0        0
 400.000000      913      913        1        0      913        0      735      732      114     2017        0        0        0
 401.000000      913      913        1        0      913        0      732      728      131     2034        0        0        0
 402.000000      930      930        1        0      930        0      739      735      122     2035        0        0        0
 403.000000      940      928        2        0      940        0      738      737      111     2026        0        0        0
 404.000000      916      916        1        0      916        0      727      726      119     2012        0        0        0
 405.000000      958      934        2        0      958        0      746      741      122     2029        0        0        0
 406.000000      929      929        1        0      929        0      739      735      107     2044        0        0        0
 407.000000      936      936        1        0      936        0      737      735      117     2044        0        0        0
 408.000000      932      932        1        0      932        0      735      733      124     2041        0        0        0
 409.000000      913      913        1        0      913        0      743      741      117     2039        0        0        0
 410.000000      918      918        1        0      918        0      735      732      114     2043        0        0        0
 411.000000      920      920        1        0      920        0      728      726      126     2034        0        0        0
 412.000000      950      950        1        0      950        0      736      734      112     2050        0        0        0
 413.000000      932      932        1        0      932        0      732      731      117     2033        0        0        0
 414.000000      944      932        2        0      944        0      739      737      118     2032        0        0        0
 415.000000      934      934        1        0      934        0      744      742      108     2038        0        0        0
 416.000000      916      916        1        0      916        0      733      731      118     2034        0        0        0
 417.000000      920      920        1        0      920        0      746      743      118     2023        0        0        0
 418.000000      926      926        1        0      926        0      733      731      109     2046        0        0        0
 419.000000      921      921        1        0      921        0      737      736      118     2039        0        0        0
 420.000000      919      919        1        0      919        0      728      727      113     2032        0        0        0
 421.000000      921      921        1        0      921        0      745      736      114     2057        0        0        0
 422.000000      918      918        1        0      918        0      729      727      122     2055        0        0        0
 423.000000      914      914        1        0      914        0      729      723      109     2052        0        0        0
 424.000000      914      914        1        0      914        0      730      725       96     2035        0        0        0
 425.000000      927      915        2        0      927        0      734      731      113     2044        0        0        0
 426.000000      931      919        2        0      931        0      737      735      113     2057        0        0        0
 427.000000      934      934        1        0      934        0      735      730      121     2033        0        0        0
 428.000000      952      952        1        0      952        0      736      730      114     2037        0        0        0
 429.000000      939      939        1        0      939        0      729      727      116     2046        0        0        0
 430.000000      944      944        1        0      944        0      729      726      119     2037        0        0        0
 431.000000      941      941        1        0      941        0      729      726      119     2056        0        0        0
 432.000000      942      942        1        0      942        0      744      741      114     2048        0        0        0
 433.000000      956      956        1        0      956        0      741      739      110     2065        0        0        0
 434.000000      937      937        1        0      937        0      742      739      109     2069        0        0        0
 435.000000      928      928        1        0      928        0      732      730      116     2073        0        0        0
 436.000000      958      958        1        0      958        0      737      732      125     2064        0        0        0
 437.000000      937      937        1        0      937        0      742      740      106     2069        0        0        0
 438.000000      940      940        1        0      940        0      743      740      102     2064        0        0        0
 439.000000      944      944        1        0      944        0      738      736      114     2072        0        0        0
 440.000000      963      963        1        0      963        0      740      735      112     2064        0        0        0
 441.000000      936      936        1        0      936        0      739      736      117     2069        0        0        0
 442.000000      966      966        1        0      966        0      739      738      114     2065        0        0        0
 443.000000      945      945        1        0      945        0      740      739      114     2041        0        0        0
 444.000000      962      962        1        0      962        0      734      730      115     2068        0        0        0
 445.000000      941      941        1        0      941        0      741      733      118     2073        0        0        0
 446.000000      947      947        1        0      947        0      740      734      118     2052        0        0        0
 447.000000      951      951        1        0      951        0      730      727      109     2046        0        0        0
 448.000000      943      943        1        0      943        0      738      734      108     2048        0        0        0
 449.000000      945      945        1        0      945        0      733      730      114     2054        0        0        0
 450.000000      948      948        1        0      948        0      748      743      119     2044        0        0        0
 451.000000      951      951        1        0      951        0      745      743      112     2047        0        0        0
 452.000000      947      947        1        0      947        0      735      731      108     2051        0        0        0
 453.000000      923      923        1        0      923        0      745      740      114     2049        0        0        0
 454.000000      927      927        1        0      927        0      750      747      103     2031        0        0        0
 455.000000      925      925        1        0      925        0      746      742      114     2043        0        0        0
 456.000000      922      922        1        0      922        0      732      726      106     2022        0        0        0
 457.000000      918      918        1        0      918        0      736      733      122     2021        0        0        0
 458.000000      927      927        1        0      927        0      738      736      113     2049        0        0        0
 459.000000      929      929        1        0      929        0      736      733      119     2045        0        0        0
 460.000000      920      920        1        0      920        0      755      751      104     2059        0        0        0
 461.000000      913      913        1        0      913        0      740      738      114     2012        0        0        0
 462.000000      924      924        1        0      924        0      743      740      116     2042        0        0        0
 463.000000      922      922        1        0      922        0      730      728      111     2040        0        0        0
 464.000000      922      922        1        0      922        0      745      745      103     2038        0        0        0
 465.000000      917      917        1        0      917        0      738      736      111     2033        0        0        0
 466.000000      916      916        1        0      916        0      750      749      113     2054        0        0        0
 467.000000      925      925        1        0      925        0      750      745      119     2050        0        0        0
 468.000000      947      935        2        0      947        0      752      745      119     2051        0        0        0
 469.000000      964      952        2        0      964        0      744      741      104     2058        0        0        0
 470.000000      931      931        1        0      931        0      744      742      115     2049        0        0        0
 471.000000      939      939        1        0      939        0      745      739      113     2068        0        0        0
 472.000000      938      938        1        0      938        0      743      741      115     2046        0        0        0
 473.000000      948      948        1        8      933        7      737      734      118     2058        0        0        0
 474.000000      953      953        1        8      938        7      730      727      133     2070        0        0        0
 475.000000      939      939        1        0      939        0      749      746      123     2086        0        0        0
 476.000000      950      938        2        0      950        0      738      737      117     2072        0        0        0
 477.000000      930      930        1        0      930        0      749      745      118     2082        0        0        0
 478.000000      938      938        1        0      938        0      733      730      123     2082        0        0        0
 479.000000      945      945        1        0      945        0      753      748      129     2080        0        0        0
 480.000000      973      973        1        0      973        0      744      744      126     2088        0        0        0
 481.000000      970      970        1        0      970        0      753      750      120     2092        0        0        0
 482.000000      939      939        1        0      939        0      752      750      129     2108        0        0        0
 483.000000      939      939        1        0      939        0      746      740      131     2082        0        0        0
 484.000000      939      939        1        0      939        0      749      741      113     2084        0        0        0
 485.000000      938      938        1        0      938        0      756      754      114     2067        0        0        0
 486.000000      940      940        1        0      940        0      746      743      122     2075        0        0        0
 487.000000      928      928        1        0      928        0      743      739      119     2096        0        0        0
 488.000000      935      935        1        0      935        0      746      743      120     2114        0        0        0
 489.000000      927      927        1        0      927        0      740      738      120     2103        0        0        0
 490.000000      937      937        1        0      937        0      746      742      111     2106        0        0        0
 491.000000      944      944        1        0      944        0      758      755      122     2106        0        0        0
 492.000000      966      966        1        0      966        0      740      737      112     2095        0        0        0
 493.000000      944      944        1        0      944        0      749      744      121     2106        0        0        0
 494.000000      952      952        1        0      952        0      761      755      130     2097        0        0        0
 495.000000      946      946        1        0      946        0      753      748      114     2110        0        0        0
 496.000000      952      952        1        0      952        0      759      754      119     2070        0        0        0
 497.000000      975      975        1        0      975        0      753      751      139     2098        0        0        0
 498.000000      944      944        1        0      944        0      771      764      121     2096        0        0        0
 499.000000      943      943        1        0      943        0      760      757      133     2090        0        0        0
 500.000000      956      956        1        0      956        0      747      745      120     2111        0        0        0
 501.000000      959      959        1        0      959        0      748      744      119     2116        0        0        0
 502.000000      954      954        1        0      954        0      751      748      128     2100        0        0        0
 503.000000      945      945        1        0      945        0      760      758      111     2125        0        0        0
 504.000000      961      961        1        0      961        0      759      755      118     2103        0        0        0
 505.000000      946      946        1        0      946        0      765      763      114     2083        0        0        0
 506.000000      945      945        1        0      945        0      769      765      116     2096        0        0        0
 507.000000      949      949        1        0      949        0      761      758      122     2118        0        0        0
 508.000000      951      951        1        0      951        0      756      753      121     2087        0        0        0
 509.000000      950      950        1        0      950        0      758      753      118     2104        0        0        0
 510.000000      956      956        1        0      956        0      751      744      125     2124        0        0        0
 511.000000      947      947        1        0      947        0      762      757      136     2121        0        0        0
 512.000000      947      947        1        0      947        0      763      762      128     2124        0        0        0
 513.000000      947      947        1        0      947        0      766      762      119     2106        0        0        0
 514.000000      954      954        1        0      954        0      756      752      130     2147        0        0        0
 515.000000      950      950        1        0      950        0      755      754      123     2122        0        0        0
 516.000000      947      947        1        0      947        0      766      762      122     2115        0        0        0
 517.000000      946      946        1        0      946        0      754      752      115     2104        0        0        0
 518.000000      954      954        1        0      954        0      755      750      117     2115        0        0        0
 519.000000      965      965        1        0      965        0      763      760      117     2112        0        0        0
 520.000000      967      967        1        0      967        0      752      747      135     2123        0        0        0
 521.000000      957      957        1        0      957        0      746      741      121     2143        0        0        0
 522.000000      954      954        1        0      954        0      764      759      120     2130        0        0        0
 523.000000      957      957        1        0      957        0      763      760      128     2159        0        0        0
 524.000000      958      958        1        0      958        0      765      761      117     2119        0        0        0
 525.000000      953      953        1        0      953        0      744      740      116     2126        0        0        0
 526.000000      949      949        1        0      949        0      756      752      128     2111        0        0        0
 527.000000      937      937        1        0      937        0      755      754      136     2106        0        0        0
 528.000000      951      951        1        0      951        0      752      749      126     2118        0        0        0
 529.000000      945      945        1        0      945        0      754      750      117     2113        0        0        0
 530.000000      944      944        1        0      944        0      741      737      137     2109        0        0        0
 531.000000      941      941        1        0      941        0      756      750      137     2128        0        0        0
 532.000000      958      958        1        0      958        0      759      754      123     2114        0        0        0
 533.000000      951      951        1        0      951        0      752      750      124     2127        0        0        0
 534.000000      952      952        1        0      952        0      752      748      116     2120        0        0        0
 535.000000      947      947        1        0      947        0      763      759      112     2103        0        0        0
 536.000000      959      959        1        0      959        0      754      750      134     2118        0        0        0
 537.000000      941      941        1        0      941        0      753      750      127     2082        0        0        0
 538.000000      959      959        1        0      959        0      769      767      120     2105        0        0        0
 539.000000      948      948        1        0      948        0      747      744      123     2093        0        0        0
 540.000000      941      941        1        0      941        0      750      745      130     2075        0        0        0
 541.000000      933      933        1        0      933        0      756      754      112     2080        0        0        0
 542.000000      931      931        1        0      931        0      755      752      118     2075        0        0        0
 543.000000      935      935        1        0      935        0      751      751      109     2083        0        0        0
 544.000000      943      943        1        0      943        0      759      755      123     2095        0        0        0
 545.000000      953      953        1        0      953        0      753      751      118     2108        0        0        0
 546.000000      956      956        1        0      956        0      752      751      119     2079        0        0        0
 547.000000      955      955        1        0      955        0      756      752      131     2099        0        0        0
 548.000000      954      954        1        0      954        0      756      755      112     2091        0        0        0
 549.000000      944      944        1        0      944        0      769      763      120     2116        0        0        0
 550.000000      953      953        1        0      953        0      746      745      115     2112        0        0        0
 551.000000      944      944        1        0      944        0      761      759      126     2095        0        0        0
 552.000000      943      943        1        0      943        0      759      756      111     2102        0        0        0
 553.000000      935      935        1        0      935        0      761      756      116     2119        0        0        0
 554.000000      948      948        1        0      948        0      754      751      132     2110        0        0        0
 555.000000      946      946        1        0      946        0      755      750      129     2116        0        0        0
 556.000000      979      967        2        0      979        0      743      741      112     2105        0        0        0
 557.000000      959      959        1        0      959        0      761      758      118     2107        0        0        0
 558.000000      971      971        1        0      971        0      761      757      124     2104        0        0        0
 559.000000      973      973        1        0      973        0      757      753      129     2096        0        0        0
 560.000000      978      978        1        0      978        0      772      764      121     2101        0        0        0
 561.000000      976      976        1        0      976        0      772      769      111     2109        0        0        0
 562.000000      977      977        1        0      977        0      753      749      126     2113        0        0        0
 563.000000      975      975        1        0      975        0      766      760      117     2107        0        0        0
 564.000000      973      973        1        0      973        0      758      753      125     2103        0        0        0
 565.000000      961      961        1        0      961        0      759      754      107     2105        0        0        0
 566.000000      973      973        1        0      973        0      765      756      131     2109        0        0        0
 567.000000      964      964        1        0      964        0      758      754      116     2085        0        0        0
 568.000000      982      982        1        0      982        0      758      755      126     2116        0        0        0
 569.000000      976      976        1        0      976        0      768      766      120     2091        0        0        0
 570.000000      973      973        1        0      973        0      750      742      132     2094        0        0        0
 571.000000      974      974        1        0      974        0      760      754      131     2108        0        0        0
 572.000000      978      978        1        0      978        0      772      764      122     2103        0        0        0
 573.000000      975      975        1        0      975        0      769      767      125     2091        0        0        0
 574.000000      981      981        1        0      981        0      761      758      117     2108        0        0        0
 575.000000      978      978        1        0      978        0      771      764      120     2123        0        0        0
 576.000000      986      986        1        0      986        0      763      760      132     2101        0        0        0
 577.000000      981      981        1        0      981        0      767      760      131     2093        0        0        0
 578.000000      978      966        2        0      978        0      766      762      121     2108        0        0        0
 579.000000      983      971        2        0      983        0      758      754      124     2092        0        0        0
 580.000000      966      966        1        0      966        0      768      763      130     2100        0        0        0
 581.000000      980      968        2        0      980        0      753      751      134     2102        0        0        0
 582.000000      966      966        1        0      966        0      772      770      120     2101        0        0        0
 583.000000      979      967        2        0      979        0      772      769      120     2117        0        0        0
 584.000000      979      967        2        0      979        0      765      761      130     2098        0        0        0
 585.000000      978      966        2        0      978        0      769      762      122     2122        0        0        0
 586.000000      984      972        2        0      984        0      766      761      136     2097        0        0        0
 587.000000      973      961        2        0      973        0      767      758      130     2102        0        0        0
 588.000000      983      971        2        0      983        0      766      764      113     2111        0        0        0
 589.000000      977      965        2        0      977        0      769      765      129     2101        0        0        0
 590.000000      973      949        2        0      973        0      773      768      126     2113        0        0        0
 591.000000      983      983        1        0      983        0      769      765      114     2086        0        0        0
 592.000000      986      986        1        0      986        0      769      764      120     2095        0        0        0
 593.000000     1008      966        3       18      990        0      756      752      127     2094        0        0        0
 594.000000      975      963        2        0      975        0      757      752      127     2107        0        0        0
 595.000000      977      965        2        0      977        0      766      762      128     2128        0        0        0
 596.000000      969      969        1        0      969        0      767      765      114     2115        0        0        0
 597.000000      953      953        1        0      953        0      767      766      125     2084        0        0        0
 598.000000      937      937        1        0      937        0      760      758      116     2071        0        0        0
 599.000000      949      937        2        0      949        0      764      762      118     2086        0        0        0
 600.000000      950      938        2        0      950        0      769      764      126     2089        0        0        0
 601.000000      960      948        2        0      960        0      765      760      115     2091        0        0        0
 602.000000      950      938        2        0      950        0      759      754      124     2106        0        0        0
 603.000000      968      938        3       18      950        0      765      759      123     2094        0        0        0
 604.000000      949      937        2        0      949        0      761      758      115     2085        0        0        0
 605.000000      956      944        2        0      956        0      770      770      108     2091        0        0        0
 606.000000      961      949        2        0      961        0      771      766      111     2087        0        0        0
 607.000000      951      939        2        0      951        0      775      773      113     2110        0        0        0
 608.000000      988      958        3       18      970        0      754      752      136     2132        0        0        0
 609.000000      971      953        2       18      953        0      768      765      113     2105        0        0        0
 610.000000      976      946        3       18      958        0      761      755      127     2099        0        0        0
 611.000000      976      946        3       18      958        0      755      750      126     2110        0        0        0
 612.000000      973      943        3       18      955        0      734      731      131     2103        0        0        0
 613.000000      951      933        2       18      933        0      744      739      114     2084        0        0        0
 614.000000      966      948        2       18      948        0      747      745      127     2100        0        0        0
 615.000000      960      942        2       18      942        0      754      750      123     2097        0        0        0
 616.000000     1012      982        3       32      980        0      744      742      126     2103        0        0        0
 617.000000     1010      980        3       18      992        0      737      733      129     2102        0        0        0
 618.000000      993      963        3       33      960        0      734      731      135     2080        0        0        0
 619.000000     1006      976        3       33      973        0      754      749      114     2092        0        0        0
 620.000000     1002      972        3       33      969        0      748      745      130     2111        0        0        0
 621.000000     1017      987        3       33      984        0      749      745      123     2102        0        0        0
 622.000000      948      948        1        0      948        0      748      746      130     2072        0        0        0
 623.000000      953      953        1        0      953        0      741      733      131     2085        0        0        0
 624.000000      942      942        1        0      942        0      726      724      120     2055        0        0        0
 625.000000      941      941        1        0      941        0      741      737      128     2056        0        0        0
 626.000000      929      929        1        0      929        0      743      740      120     2083        0        0        0
 627.000000      944      932        2        0      944        0      740      735      139     2062        0        0        0
 628.000000      933      933        1        0      933        0      739      737      116     2080        0        0        0
 629.000000      940      940        1        0      940        0      739      735      131     2075        0        0        0
 630.000000      932      932        1        0      932        0      750      746      118     2079        0        0        0
 631.000000      935      935        1        0      935        0      741      732      114     2067        0        0        0
 632.000000      926      926        1        0      926        0      756      752      126     2087        0        0        0
 633.000000      936      924        2        0      936        0      759      757      129     2101        0        0        0
 634.000000      962      932        3       18      944        0      755      753      127     2104        0        0        0
 635.000000      956      926        3       18      938        0      745      742      126     2111        0        0        0
 636.000000      944      926        2       18      926        0      765      764      120     2128        0        0        0
 637.000000      958      928        3       18      940        0      756      754      124     2098        0        0        0
 638.000000      963      933        3       18      945        0      762      758      128     2115        0        0        0
 639.000000      961      931        3       18      943        0      753      750      128     2116        0        0        0
 640.000000      931      931        1        0      931        0      752      749      127     2100        0        0        0
 641.000000      929      929        1        0      929        0      763      755      124     2102        0        0        0
 642.000000      940      928        2        0      940        0      762      761      121     2099        0        0        0
 643.000000      941      929        2        0      941        0      761      757      122     2120        0        0        0
 644.000000      939      927        2        0      939        0      757      755      125     2096        0        0        0
 645.000000      946      934        2        0      946        0      748      745      131     2106        0        0        0
 646.000000      940      928        2        0      940        0      754      753      125     2103        0        0        0
 647.000000      953      928        3        0      953        0      747      744      123     2128        0        0        0
 648.000000      948      948        1        0      948        0      757      752      139     2126        0        0        0
 649.000000      958      940        2       18      940        0      748      745      123     2128        0        0        0
 650.000000      928      928        1        0      928        0      752      749      142     2144        0        0        0
 651.000000      939      927        2        0      939        0      738      736      125     2112        0        0        0
 652.000000      949      937        2        0      949        0      744      740      139     2108        0        0        0
 653.000000      936      936        1        0      936        0      750      750      128     2111        0        0        0
 654.000000      955      937        2       18      937        0      754      749      137     2093        0        0        0
 655.000000      934      934        1        0      934        0      743      737      130     2096        0        0        0
 656.000000      928      928        1        0      928        0      761      760      126     2103        0        0        0
 657.000000      937      937        1        0      937        0      758      755      119     2093        0        0        0
 658.000000      929      929        1        0      929        0      752      750      123     2114        0        0        0
 659.000000      928      928        1        0      928        0      753      749      126     2107        0        0        0
 660.000000      927      927        1        0      927        0      763      760      132     2108        0        0        0
 661.000000      927      927        1        0      927        0      765      763      114     2096        0        0        0
 662.000000      927      927        1        0      927        0      757      751      127     2103        0        0        0
 663.000000      927      927        1        0      927        0      740      740      127     2114        0        0        0
 664.000000      927      927        1        0      927        0      758      753      119     2090        0        0        0
 665.000000      929      929        1        0      929        0      757      756      127     2100        0        0        0
 666.000000      929      929        1        0      929        0      755      751      120     2102        0        0        0
 667.000000      935      935        1        0      935        0      766      764      127     2089        0        0        0
 668.000000      936      936        1        0      936        0      755      752      123     2100        0        0        0
 669.000000      934      934        1        0      934        0      753      751      129     2092        0        0        0
 670.000000      940      940        1        0      940        0      756      752      126     2101        0        0        0
 671.000000      942      928        2       14      928        0      761      758      114     2105        0        0        0
 672.000000      928      928        1        0      928        0      756      753      123     2119        0        0        0
 673.000000      937      937        1        0      937        0      770      766      122     2126        0        0        0
 674.000000      938      938        1        0      938        0      759      757      119     2134        0        0        0
 675.000000      935      935        1        0      935        0      751      749      115     2117        0        0        0
 676.000000      934      934        1        0      934        0      738      737      130     2116        0        0        0
 677.000000      934      934        1        0      934        0      768      767      121     2134        0        0        0
 678.000000      939      939        1        0      939        0      755      753      118     2119        0        0        0
 679.000000      939      939        1        0      939        0      755      752      127     2121        0        0        0
 680.000000      935      935        1        0      935        0      748      742      132     2118        0        0        0
 681.000000      940      940        1        0      940        0      767      764      112     2126        0        0        0
 682.000000      933      933        1        0      933        0      758      754      118     2102        0        0        0
 683.000000      932      932        1        0      932        0      759      756      125     2104        0        0        0
 684.000000      934      934        1        0      934        0      753      748      116     2084        0        0        0
 685.000000      933      933        1        0      933        0      772      764      127     2086        0        0        0
 686.000000      935      935        1        0      935        0      769      764      112     2083        0        0        0
 687.000000      934      934        1        0      934        0      765      761      112     2092        0        0        0
 688.000000      947      947        1        0      947        0      757      756      131     2091        0        0        0
 689.000000      934      934        1        0      934        0      749      745      129     2104        0        0        0
 690.000000      938      938        1        0      938        0      739      732      125     2110        0        0        0
 691.000000      934      934        1        0      934        0      759      756      109     2111        0        0        0
 692.000000      934      934        1        0      934        0      745      742      131     2079        0        0        0
 693.000000      935      935        1        0      935        0      759      756      113     2088        0        0        0
 694.000000      935      935        1        0      935        0      748      743      121     2111        0        0        0
 695.000000      934      934        1        0      934        0      751      746      112     2105        0        0        0
 696.000000      934      934        1        0      934        0      764      758      112     2139        0        0        0
 697.000000      925      925        1        0      925        0      760      755      138     2103        0        0        0
 698.000000      933      933        1        0      933        0      750      744      122     2106        0        0        0
 699.000000      933      933        1        0      933        0      745      743      123     2113        0        0        0
 700.000000      933      933        1        0      933        0      752      750      137     2120        0        0        0
 701.000000      933      933        1        0      933        0      756      753      129     2130        0        0        0
 702.000000      933      933        1        0      933        0      752      748      125     2113        0        0        0
 703.000000      942      942        1        0      942        0      752      749      123     2130        0        0        0
 704.000000      933      933        1        0      933        0      765      762      122     2138        0        0        0
 705.000000      940      940        1        0      940        0      767      765      121     2140        0        0        0
 706.000000      932      932        1        0      932        0      768      764      126     2107        0        0        0
 707.000000      932      932        1        0      932        0      768      767      103     2123        0        0        0
 708.000000      932      932        1        0      932        0      763      762      124     2133        0        0        0
 709.000000      950      950        1        0      950        0      763      760      115     2136        0        0        0
 710.000000      933      933        1        0      933        0      759      756      114     2122        0        0        0
 711.000000      934      934        1        0      934        0      760      758      121     2100        0        0        0
 712.000000      941      941        1        0      941        0      765      763      115     2106        0        0        0
 713.000000      940      940        1        0      940        0      764      762      126     2110        0        0        0
 714.000000      941      941        1        0      941        0      756      754      122     2096        0        0        0
 715.000000      934      934        1        0      934        0      759      759      115     2105        0        0        0
 716.000000      934      934        1        0      934        0      757      757      111     2107        0        0        0
 717.000000      934      934        1        0      934        0      754      751      110     2108        0        0        0
 718.000000      943      943        1        0      943        0      758      758      115     2102        0        0        0
 719.000000      934      934        1        0      934        0      760      757      121     2088        0        0        0
 720.000000      934      934        1        0      934        0      762      762      123     2100        0        0        0
 721.000000      941      941        1        0      941        0      756      752      127     2088        0        0        0
 722.000000      934      934        1        0      934        0      758      755      121     2111        0        0        0
 723.000000      934      934        1        0      934        0      755      750      135     2117        0        0        0
 724.000000      934      934        1        0      934        0      752      750      130     2104        0        0        0
 725.000000      935      935        1        0      935        0      748      743      134     2117        0        0        0
 726.000000      934      934        1        0      934        0      752      746      128     2087        0        0        0
 727.000000      934      934        1        0      934        0      755      752      120     2113        0        0        0
 728.000000      934      934        1        0      934        0      748      746      129     2081        0        0        0
 729.000000      938      938        1        0      938        0      756      753      119     2078        0        0        0
 730.000000      938      938        1        0      938        0      742      735      134     2093        0        0        0
 731.000000      938      938        1        0      938        0      747      747      124     2088        0        0        0
 732.000000      938      938        1        0      938        0      764      762      115     2117        0        0        0
 733.000000      934      934        1        0      934        0      754      749      130     2111        0        0        0
 734.000000      938      938        1        0      938        0      751      750      121     2127        0        0        0
 735.000000      934      934        1        0      934        0      755      751      122     2111        0        0        0
 736.000000      934      934        1        0      934        0      753      749      126     2095        0        0        0
 737.000000      934      934        1        0      934        0      746      742      117     2091        0        0        0
 738.000000      934      934        1        0      934        0      757      755      122     2084        0        0        0
 739.000000      934      934        1        0      934        0      756      753      113     2092        0        0        0
 740.000000      937      937        1        0      937        0      745      744      122     2096        0        0        0
 741.000000      934      934        1        0      934        0      738      734      125     2095        0        0        0
 742.000000      934      934        1        0      934        0      759      754      118     2114        0        0        0
 743.000000      936      936        1        0      936        0      759      756      119     2088        0        0        0
 744.000000      934      934        1        0      934        0      747      744      123     2098        0        0        0
 745.000000      940      940        1        0      940        0      758      756      125     2101        0        0        0
 746.000000      934      934        1        0      934        0      758      758      110     2094        0        0        0
 747.000000      943      943        1        0      943        0      765      762      126     2091        0        0        0
 748.000000      934      934        1        0      934        0      749      747      127     2107        0        0        0
 749.000000      949      949        1        0      949        0      755      753      100     2130        0        0        0
 750.000000      933      933        1        0      933        0      768      764      114     2120        0        0        0
 751.000000      941      941        1        0      941        0      764      759      105     2115        0        0        0
 752.000000      945      945        1        0      945        0      760      757      120     2095        0        0        0
 753.000000      936      936        1        0      936        0      748      745      125     2097        0        0        0
 754.000000      936      936        1        0      936        0      743      741      123     2103        0        0        0
 755.000000      935      935        1        0      935        0      739      736      122     2092        0        0        0
 756.000000      929      929        1        0      929        0      751      748      126     2088        0        0        0
 757.000000      929      929        1        0      929        0      754      752      132     2089        0        0        0
 758.000000      930      930        1        0      930        0      735      732      123     2072        0        0        0
 759.000000      933      933        1        0      933        0      757      752      122     2079        0        0        0
 760.000000      930      930        1        0      930        0      758      753      116     2094        0        0        0
 761.000000      934      934        1        0      934        0      764      756      132     2083        0        0        0
 762.000000      934      934        1        0      934        0      747      740      130     2077        0        0        0
 763.000000      932      932        1        0      932        0      740      737      125     2092        0        0        0
 764.000000      936      936        1        0      936        0      746      742      128     2080        0        0        0
 765.000000      936      936        1        0      936        0      752      741      131     2096        0        0        0
 766.000000      927      927        1        0      927        0      737      733      130     2107        0        0        0
 767.000000      938      924        2       14      924        0      754      748      111     2097        0        0        0
 768.000000      940      926        2       14      926        0      740      736      128     2096        0        0        0
 769.000000      939      925        2       14      925        0      762      759      116     2080        0        0        0
 770.000000      939      924        2       15      924        0      746      745      130     2117        0        0        0
 771.000000      945      931        2       14      931        0      747      743      131     2074        0        0        0
 772.000000      946      932        2       14      932        0      748      742      142     2098        0        0        0
 773.000000      934      934        1        0      934        0      751      748      128     2105        0        0        0
 774.000000      931      931        1        0      931        0      754      749      123     2117        0        0        0
 775.000000      949      934        2       15      934        0      740      736      123     2094        0        0        0
 776.000000      933      933        1        0      933        0      744      737      117     2098        0        0        0
 777.000000      949      934        2       15      934        0      739      738      119     2105        0        0        0
 778.000000      955      940        2       15      940        0      745      742      106     2089        0        0        0
 779.000000      953      938        2       15      938        0      741      737      115     2104        0        0        0
 780.000000      956      941        2       15      941        0      740      738      118     2102        0        0        0
 781.000000      954      939        2       15      939        0      752      746      129     2091        0        0        0
 782.000000      940      940        1        0      940        0      759      757      108     2100        0        0        0
 783.000000      942      942        1        0      942        0      749      746      123     2132        0        0        0
 784.000000      954      942        2        0      954        0      751      747      116     2120        0        0        0
 785.000000      950      938        2        0      950        0      746      744      105     2114        0        0        0
 786.000000      948      936        2        0      948        0      740      738      126     2110        0        0        0
 787.000000      960      936        3        0      960        0      739      735      127     2103        0        0        0
 788.000000      967      943        3        0      967        0      755      754      119     2123        0        0        0
 789.000000      970      946        3        0      970        0      724      721      136     2123        0        0        0
 790.000000      965      941        3        0      965        0      751      749      120     2093        0        0        0
 791.000000      967      943        3        0      967        0      741      737      127     2111        0        0        0
 792.000000      955      943        2        0      955        0      748      741      119     2101        0        0        0
 793.000000      958      934        3        0      958        0      752      745      121     2080        0        0        0
 794.000000      945      933        2        0      945        0      750      748      109     2089        0        0        0
 795.000000      944      932        2        0      944        0      745      743      120     2090        0        0        0
 796.000000      945      933        2        0      945        0      753      749      118     2083        0        0        0
 797.000000      956      944        2        0      956        0      754      752      128     2093        0        0        0
 798.000000      951      939        2        0      951        0      752      748      103     2088        0        0        0
 799.000000      953      941        2        0      953        0      753      751      117     2072        0        0        0
 800.000000      931      931        1        0      931        0      746      745      114     2081        0        0        0
 801.000000      934      934        1        0      934        0      748      743      118     2108        0        0        0
 802.000000      933      933        1        0      933        0      756      753      116     2102        0        0        0
 803.000000      943      931        2        0      943        0      756      751      118     2084        0        0        0
 804.000000      953      941        2        0      953        0      750      748      109     2099        0        0        0
 805.000000      957      933        2        0      957        0      730      727      117     2082        0        0        0
 806.000000      957      933        2        0      957        0      751      748      119     2086        0        0        0
 807.000000      966      942        2        0      966        0      747      742      122     2111        0        0        0
 808.000000      965      941        2        0      965        0      759      755      116     2099        0        0        0
 809.000000      967      943        2        0      967        0      738      733      132     2103        0        0        0
 810.000000      963      939        2        0      963        0      749      747      108     2120        0        0        0
 811.000000      964      940        2        0      964        0      756      751      132     2094        0        0        0
 812.000000      957      933        2        0      957        0      749      746      126     2099        0        0        0
 813.000000      964      940        2        0      964        0      751      748      121     2106        0        0        0
 814.000000      957      933        2        0      957        0      739      735      133     2082        0        0        0
 815.000000      954      942        2        0      954        0      758      751      115     2094        0        0        0
 816.000000      945      933        2        0      945        0      743      741      132     2091        0        0        0
 817.000000      965      941        2        0      965        0      723      718      128     2084        0        0        0
 818.000000      932      932        1        0      932        0      760      760      105     2106        0        0        0
 819.000000      932      932        1        0      932        0      746      743      124     2086        0        0        0
 820.000000      931      931        1        0      931        0      733      730      121     2080        0        0        0
 821.000000      952      940        2        0      952        0      749      748      112     2087        0        0        0
 822.000000      947      935        2        0      947        0      750      747      115     2072        0        0        0
 823.000000      943      931        2        0      943        0      752      751      112     2083        0        0        0
 824.000000      954      930        2        0      954        0      734      733      122     2082        0        0        0
 825.000000      959      935        2        0      959        0      753      750      110     2083        0        0        0
 826.000000      948      923        2        0      948        0      740      740      119     2082        0        0        0
 827.000000      961      936        2        0      961        0      738      736      130     2116        0        0        0
 828.000000      933      933        1        0      933        0      743      740      123     2101        0        0        0
 829.000000      928      928        1        0      928        0      750      745      123     2082        0        0        0
 830.000000      921      921        1        0      921        0      739      735      119     2069        0        0        0
 831.000000      955      930        2        0      955        0      749      744      117     2079        0        0        0
 832.000000      949      924        2        0      949        0      756      752      114     2094        0        0        0
 833.000000      946      921        2        0      946        0      751      743      117     2096        0        0        0
 834.000000      966      928        3        0      966        0      745      743      120     2117        0        0        0
 835.000000      955      930        2        0      955        0      746      741      131     2094        0        0        0
 836.000000      962      937        2        0      962        0      759      754      125     2096        0        0        0
 837.000000      959      932        2        0      959        0      754      750      109     2081        0        0        0
 838.000000      940      928        2        0      940        0      744      742      121     2096        0        0        0
 839.000000      945      933        2        0      945        0      755      751      116     2099        0        0        0
 840.000000      946      934        2        0      946        0      750      747      118     2091        0        0        0
 841.000000      947      935        2        0      947        0      748      748      114     2103        0        0        0
 842.000000      951      951        1        0      951        0      748      745      113     2084        0        0        0
 843.000000      953      941        2        0      953        0      754      752      119     2084        0        0        0
 844.000000      947      935        2        0      947        0      752      749      116     2105        0        0        0
 845.000000      954      942        2        0      954        0      744      739      116     2112        0        0        0
 846.000000      945      933        2        0      945        0      749      744      125     2095        0        0        0
 847.000000      948      936        2        0      948        0      748      740      121     2087        0        0        0
 848.000000      955      955        1        0      955        0      759      753      127     2106        0        0        0
 849.000000      940      940        1        0      940        0      750      747      119     2092        0        0        0
 850.000000      946      934        2        0      946        0      747      744      115     2110        0        0        0
 851.000000      956      956        1        0      956        0      751      748      117     2097        0        0        0
 852.000000      956      944        2        0      956        0      733      730      131     2105        0        0        0
 853.000000      977      953        2        0      977        0      750      746      116     2094        0        0        0
 854.000000      941      929        2        0      941        0      754      752      122     2070        0        0        0
 855.000000      962      950        2        0      962        0      749      747      112     2073        0        0        0
 856.000000      963      951        2        0      963        0      746      738      121     2080        0        0        0
 857.000000      970      958        2        0      970        0      764      764      117     2091        0        0        0
 858.000000      970      958        2        0      970        0      746      741      123     2099        0        0        0
 859.000000      972      960        2        0      972        0      744      738      132     2082        0        0        0
 860.000000      964      952        2        0      964        0      753      749      120     2075        0        0        0
 861.000000      966      954        2        0      966        0      745      743      124     2086        0        0        0
 862.000000      951      951        1        0      951        0      745      740      119     2067        0        0        0
 863.000000      950      950        1        0      950        0      741      739      123     2072        0        0        0
 864.000000      958      958        1        0      958        0      763      757      120     2088        0        0        0
 865.000000      950      950        1        0      950        0      751      749      117     2092        0        0        0
 866.000000      953      953        1        0      953        0      736      733      117     2094        0        0        0
 867.000000      953      941        2        0      953        0      749      743      116     2077        0        0        0
 868.000000      952      940        2        0      952        0      743      740      111     2063        0        0        0
 869.000000      955      943        2        0      955        0      759      756      104     2080        0        0        0
 870.000000      936      936        1        0      936        0      744      739      125     2069        0        0        0
 871.000000      945      945        1        0      945        0      747      746      107     2097        0        0        0
 872.000000      950      950        1        0      950        0      757      754      108     2099        0        0        0
 873.000000      945      945        1        0      945        0      756      752      119     2106        0        0        0
 874.000000      948      948        1        0      948        0      736      732      111     2111        0        0        0
 875.000000      954      954        1        0      954        0      750      748      117     2094        0        0        0
 876.000000      946      946        1        0      946        0      751      749      119     2086        0        0        0
 877.000000      948      948        1        0      948        0      758      757      110     2095        0        0        0
 878.000000      954      954        1        0      954        0      746      744      114     2112        0        0        0
 879.000000      944      944        1        0      944        0      760      757      114     2101        0        0        0
 880.000000      953      953        1        0      953        0      763      762      106     2108        0        0        0
 881.000000      958      958        1        0      958        0      761      757      125     2112        0        0        0
 882.000000      956      956        1        0      956        0      736      733      121     2103        0        0        0
 883.000000      949      949        1        0      949        0      738      732      127     2106        0        0        0
 884.000000      952      952        1        0      952        0      743      735      138     2105        0        0        0
 885.000000      944      944        1        0      944        0      740      733      144     2080        0        0        0
 886.000000      953      953        1        0      953        0      732      727      134     2103        0        0        0
 887.000000      941      941        1        0      941        0      755      748      123     2099        0        0        0
 888.000000      932      932        1        0      932        0      744      739      116     2111        0        0        0
 889.000000      941      941        1        0      941        0      760      750      122     2104        0        0        0
 890.000000      938      938        1        0      938        0      754      747      121     2098        0        0        0
 891.000000      947      947        1        0      947        0      745      739      134     2107        0        0        0
 892.000000      940      940        1        0      940        0      757      751      121     2116        0        0        0
 893.000000      942      942        1        0      942        0      755      752      114     2077        0        0        0
 894.000000      953      953        1        0      953        0      752      748      115     2089        0        0        0
 895.000000      947      947        1        0      947        0      739      736      137     2090        0        0        0
 896.000000      950      950        1        0      950        0      754      749      122     2115        0        0        0
 897.000000      944      944        1        0      944        0      753      747      122     2102        0        0        0
 898.000000      949      949        1        0      949        0      744      735      127     2086        0        0        0
 899.000000      961      961        1        0      961        0      751      748      126     2107        0        0        0
 900.000000      950      950        1        0      950        0      760      754      118     2085        0        0        0
 901.000000      941      941        1        0      941        0      751      746      114     2106        0        0        0
 902.000000      942      942        1        0      942        0      757      753      108     2115        0        0        0
 903.000000      938      938        1        0      938        0      753      749      121     2130        0        0        0
 904.000000      952      952        1        0      952        0      759      754      129     2097        0        0        0
 905.000000      937      937        1        0      937        0      746      743      110     2111        0        0        0
 906.000000      948      948        1        0      948        0      739      738      127     2108        0        0        0
 907.000000      935      935        1        0      935        0      753      750      117     2096        0        0        0
 908.000000      946      946        1        0      946        0      741      737      134     2092        0        0        0
 909.000000      955      955        1        0      955        0      738      731      125     2124        0        0        0
 910.000000      961      961        1        0      961        0      756      745      117     2117        0        0        0
 911.000000      948      948        1        0      948        0      754      746      117     2113        0        0        0
 912.000000      941      941        1        0      941        0      752      745      122     2112        0        0        0
 913.000000      946      946        1        0      946        0      757      752      118     2111        0        0        0
 914.000000      961      961        1        0      961        0      761      754      117     2133        0        0        0
 915.000000      950      950        1        0      950        0      744      739      114     2137        0        0        0
 916.000000      940      940        1        0      940        0      761      754      128     2128        0        0        0
 917.000000      938      938        1        0      938        0      760      755      121     2124        0        0        0
 918.000000      935      935        1        0      935        0      756      746      129     2125        0        0        0
 919.000000      950      950        1        0      950        0      758      756      116     2118        0        0        0
 920.000000      946      946        1        0      946        0      771      766      112     2147        0        0        0
 921.000000      945      945        1        0      945        0      762      757      112     2123        0        0        0
 922.000000      933      933        1        0      933        0      753      748      125     2125        0        0        0
 923.000000      932      932        1        0      932        0      758      752      123     2123        0        0        0
 924.000000      939      939        1        0      939        0      762      757      117     2127        0        0        0
 925.000000      941      941        1        0      941        0      764      761      109     2133        0        0        0
 926.000000      947      947        1        0      947        0      756      755      111     2121        0        0        0
 927.000000      943      943        1        0      943        0      750      745      117     2102        0        0        0
 928.000000      959      959        1        0      959        0      768      761      118     2110        0        0        0
 929.000000      957      957        1        0      957        0      737      736      111     2144        0        0        0
 930.000000      943      943        1        0      943        0      747      744      117     2135        0        0        0
 931.000000      967      955        2        0      967        0      751      745      114     2107        0        0        0
 932.000000      950      950        1        0      950        0      756      751      123     2127        0        0        0
 933.000000      936      936        1        0      936        0      749      744      127     2119        0        0        0
 934.000000      952      952        1        0      952        0      758      756      121     2122        0        0        0
 935.000000      946      946        1        0      946        0      769      766      118     2128        0        0        0
 936.000000      974      974        1        0      974        0      747      744      120     2119        0        0        0
 937.000000      946      946        1        0      946        0      752      750      132     2117        0        0        0
 938.000000      951      951        1        0      951        0      759      756      124     2103        0        0        0
 939.000000      944      944        1        0      944        0      757      756      115     2110        0        0        0
 940.000000      949      949        1        0      949        0      757      751      123     2117        0        0        0
 941.000000      948      948        1        0      948        0      755      751      121     2123        0        0        0
 942.000000      943      943        1        0      943        0      758      755      122     2100        0        0        0
 943.000000      946      946        1        0      946        0      758      755      104     2107        0        0        0
 944.000000      952      952        1        0      952        0      749      746      126     2152        0        0        0
 945.000000      943      943        1        0      943        0      747      743      120     2146        0        0        0
 946.000000      945      945        1        0      945        0      763      760      128     2141        0        0        0
 947.000000      947      947        1        0      947        0      767      765      113     2126        0        0        0
 948.000000      966      966        1        0      966        0      754      752      112     2125        0        0        0
 949.000000      963      963        1        0      963        0      764      762      113     2127        0        0        0
 950.000000      966      966        1        0      966        0      757      753      124     2124        0        0        0
 951.000000      949      937        2        0      949        0      757      755      113     2104        0        0        0
 952.000000      933      933        1        0      933        0      754      754      116     2092        0        0        0
 953.000000      953      941        2        0      953        0      760      757      120     2125        0        0        0
 954.000000      935      935        1        0      935        0      753      751      121     2116        0        0        0
 955.000000      936      936        1        0      936        0      760      757      116     2095        0        0        0
 956.000000      938      938        1        0      938        0      757      753      114     2086        0        0        0
 957.000000      943      943        1        0      943        0      757      752      124     2083        0        0        0
 958.000000      939      939        1        0      939        0      760      758      124     2096        0        0        0
 959.000000      944      944        1        0      944        0      753      749      125     2120        0        0        0
 960.000000      943      943        1        0      943        0      750      749      126     2108        0        0        0
 961.000000      944      944        1        0      944        0      753      749      117     2117        0        0        0
 962.000000      945      945        1        0      945        0      757      751      122     2095        0        0        0
 963.000000      944      944        1        0      944        0      744      741      126     2082        0        0        0
 964.000000      955      943        2        0      955        0      751      747      119     2102        0        0        0
 965.000000      974      962        2        0      974        0      753      748      129     2123        0        0        0
 966.000000      940      940        1        0      940        0      756      752      119     2118        0        0        0
 967.000000      940      940        1        0      940        0      764      764      113     2120        0        0        0
 968.000000      937      937        1        0      937        0      751      751      112     2134        0        0        0
 969.000000      941      941        1        0      941        0      763      758      120     2082        0        0        0
 970.000000      937      937        1        0      937        0      752      751      114     2116        0        0        0
 971.000000      939      939        1        0      939        0      764      759      117     2102        0        0        0
 972.000000      940      940        1        0      940        0      756      752      111     2104        0        0        0
 973.000000      934      934        1        0      934        0      756      753      120     2121        0        0        0
 974.000000      959      959        1       14      945        0      766      762      112     2112        0        0        0
 975.000000      945      945        1        0      945        0      774      770      103     2120        0        0        0
 976.000000      935      935        1        0      935        0      759      757      112     2134        0        0        0
 977.000000      942      942        1        0      942        0      775      771      113     2102        0        0        0
 978.000000      941      941        1        0      941        0      756      750      111     2107        0        0        0
 979.000000      938      938        1        0      938        0      760      759      115     2108        0        0        0
 980.000000      940      940        1        0      940        0      776      768      117     2115        0        0        0
 981.000000      936      936        1        0      936        0      768      762      125     2094        0        0        0
 982.000000      947      947        1        0      947        0      752      749      120     2109        0        0        0
 983.000000      939      939        1        0      939        0      764      760      112     2095        0        0        0
 984.000000      936      936        1        0      936        0      772      769      106     2084        0        0        0
 985.000000      952      952        1        0      952        0      765      763      119     2126        0        0        0
 986.000000      940      940        1        0      940        0      751      747      127     2104        0        0        0
 987.000000      937      937        1        0      937        0      752      749      119     2120        0        0        0
 988.000000      937      937        1        0      937        0      760      758      121     2129        0        0        0
 989.000000      940      940        1        0      940        0      756      755      108     2117        0        0        0
 990.000000      939      939        1        0      939        0      755      752      111     2091        0        0        0
 991.000000      940      940        1        0      940        0      763      758      114     2125        0        0        0
 992.000000      937      937        1        0      937        0      771      764      115     2117        0        0        0
 993.000000      938      938        1        0      938        0      762      757      121     2114        0        0        0
 994.000000      937      937        1        0      937        0      760      758      112     2118        0        0        0
 995.000000      945      945        1        0      945        0      766      763      105     2135        0        0        0
 996.000000      947      947        1        0      947        0      767      758      118     2120        0        0        0
 997.000000      946      946        1        0      946        0      757      753      113     2120        0        0        0
 998.000000      945      945        1        0      945        0      769      767      124     2105        0        0        0
 999.000000      947      947        1        0      947        0      756      754      122     2122        0        0        0
 1000.000000      962      950        2        0      962        0      750      748      120     2121        0        0        0
 1001.000000      959      947        2        0      959        0      762      759      117     2121        0        0        0
 1002.000000      960      948        2        0      960        0      764      760      112     2114        0        0        0
 1003.000000      955      943        2        0      955        0      747      747      129     2114        0        0        0
 1004.000000      959      947        2        0      959        0      758      757      120     2114        0        0        0
 1005.000000      959      947        2        0      959        0      747      744      124     2105        0        0        0
 1006.000000      958      946        2        0      958        0      763      760      120     2105        0        0        0
 1007.000000      958      946        2        0      958        0      745      739      137     2102        0        0        0
 1008.000000      956      944        2        0      956        0      750      746      125     2108        0        0        0
 1009.000000      945      945        1        0      945        0      743      741      129     2092        0        0        0
 1010.000000      948      948        1        0      948        0      758      754      111     2105        0        0        0
 1011.000000      948      948        1        0      948        0      751      748      123     2110        0        0        0
 1012.000000      948      948        1        0      948        0      762      758      107     2106        0        0        0
 1013.000000      939      939        1        0      939        0      762      757      115     2095        0        0        0
 1014.000000      950      950        1        0      950        0      766      762      119     2084        0        0        0
 1015.000000      946      946        1        0      946        0      758      757      134     2091        0        0        0
 1016.000000      943      943        1        0      943        0      744      741      119     2082        0        0        0
 1017.000000      942      942        1        0      942        0      743      736      130     2075        0        0        0
 1018.000000      945      945        1        0      945        0      749      746      123     2092        0        0        0
 1019.000000      946      946        1        0      946        0      753      749      123     2114        0        0        0
 1020.000000      946      946        1        0      946        0      766      758      120     2104        0        0        0
 1021.000000      947      947        1        0      947        0      772      769      109     2102        0        0        0
 1022.000000      953      953        1        0      953        0      766      762      118     2125        0        0        0
 1023.000000      947      947        1        0      947        0      753      752      113     2123        0        0        0
 1024.000000      946      946        1        0      946        0      760      758      115     2102        0        0        0
 1025.000000      947      947        1        0      947        0      773      766      117     2106        0        0        0
 1026.000000      946      946        1        0      946        0      766      763      113     2120        0        0        0
 1027.000000      941      941        1        0      941        0      765      761      117     2085        0        0        0
 1028.000000      957      957        1        0      957        0      755      750      119     2116        0        0        0
 1029.000000      947      947        1        0      947        0      753      752      122     2114        0        0        0
 1030.000000      939      939        1        0      939        0      754      750      121     2108        0        0        0
 1031.000000      947      947        1        0      947        0      769      763      123     2090        0        0        0
 1032.000000      941      941        1        0      941        0      759      757      120     2099        0        0        0
 1033.000000      939      939        1        0      939        0      757      756      118     2108        0        0        0
 1034.000000      949      949        1        0      949        0      763      756      117     2123        0        0        0
 1035.000000      946      946        1        0      946        0      757      754      131     2110        0        0        0
 1036.000000      944      944        1        0      944        0      758      753      128     2119        0        0        0
 1037.000000      944      944        1        0      944        0      765      763      121     2115        0        0        0
 1038.000000      930      930        1        0      930        0      749      747      113     2104        0        0        0
 1039.000000      938      938        1        0      938        0      756      753      117     2102        0        0        0
 1040.000000      947      947        1        0      947        0      768      763      125     2121        0        0        0
 1041.000000      940      940        1        0      940        0      759      756      116     2128        0        0        0
 1042.000000      947      947        1        0      947        0      763      759      123     2121        0        0        0
 1043.000000      941      941        1        0      941        0      766      764      118     2131        0        0        0
 1044.000000      951      951        1        0      951        0      765      762      121     2115        0        0        0
 1045.000000      945      945        1        0      945        0      779      777      112     2125        0        0        0
 1046.000000      950      950        1        0      950        0      770      765      113     2127        0        0        0
 1047.000000      940      940        1        0      940        0      754      753      120     2133        0        0        0
 1048.000000      950      950        1        0      950        0      767      763      107     2130        0        0        0
 1049.000000      940      940        1        0      940        0      760      755      110     2131        0        0        0
 1050.000000      965      965        1        0      965        0      765      761      113     2116        0        0        0
 1051.000000      950      950        1        0      950        0      750      749      122     2120        0        0        0
 1052.000000      949      949        1        0      949        0      769      762      128     2133        0        0        0
 1053.000000      954      954        1        0      954        0      767      764      119     2111        0        0        0
 1054.000000      949      949        1        0      949        0      765      761      121     2128        0        0        0
 1055.000000      949      949        1        0      949        0      764      761      110     2109        0        0        0
 1056.000000      952      952        1        0      952        0      772      766      115     2137        0        0        0
 1057.000000      940      940        1        0      940        0      748      744      119     2132        0        0        0
 1058.000000      940      940        1        0      940        0      757      755      122     2118        0        0        0
 1059.000000      942      942        1        0      942        0      748      747      118     2132        0        0        0
 1060.000000      937      937        1        0      937        0      759      756      113     2145        0        0        0
 1061.000000      938      938        1        0      938        0      759      755      127     2115        0        0        0
 1062.000000      938      938        1        0      938        0      761      760      111     2108        0        0        0
 1063.000000      940      940        1        0      940        0      770      764      112     2108        0        0        0
 1064.000000      941      941        1        0      941        0      761      757      124     2125        0        0        0
 1065.000000      940      940        1        0      940        0      773      770      117     2126        0        0        0
 1066.000000      937      937        1        0      937        0      765      760      121     2128        0        0        0
 1067.000000      944      944        1        0      944        0      762      758      125     2112        0        0        0
 1068.000000      946      946        1        0      946        0      749      748      124     2141        0        0        0
 1069.000000      946      946        1        0      946        0      760      758      124     2114        0        0        0
 1070.000000      945      945        1        0      945        0      769      767      128     2125        0        0        0
 1071.000000      945      945        1        0      945        0      759      758      117     2148        0        0        0
 1072.000000      939      939        1        0      939        0      757      754      130     2139        0        0        0
 1073.000000      943      943        1        0      943        0      755      753      123     2121        0        0        0
 1074.000000      945      945        1        0      945        0      763      758      121     2127        0        0        0
 1075.000000      939      939        1        0      939        0      739      737      140     2133        0        0        0
 1076.000000      941      941        1        0      941        0      764      762      123     2108        0        0        0
 1077.000000      937      937        1        0      937        0      777      769      127     2128        0        0        0
 1078.000000      939      939        1        0      939        0      760      757      102     2112        0        0        0
 1079.000000      945      945        1        0      945        0      754      751      125     2110        0        0        0
 1080.000000      944      944        1        0      944        0      758      757      111     2120        0        0        0
 1081.000000      945      945        1        0      945        0      758      756      125     2122        0        0        0
 1082.000000      943      943        1        0      943        0      761      756      122     2085        0        0        0
 1083.000000      947      947        1        0      947        0      765      764      117     2109        0        0        0
 1084.000000      958      941        2       17      941        0      777      770      110     2087        0        0        0
 1085.000000      941      941        1        0      941        0      754      754      107     2098        0        0        0
 1086.000000      954      954        1        0      954        0      750      749      117     2100        0        0        0
 1087.000000      952      952        1        0      952        0      757      756      121     2098        0        0        0
 1088.000000      938      938        1        0      938        0      767      764      117     2118        0        0        0
 1089.000000      941      941        1        0      941        0      747      744      123     2102        0        0        0
 1090.000000      945      945        1        0      945        0      773      768      111     2108        0        0        0
 1091.000000      941      941        1        0      941        0      756      753      135     2092        0        0        0
 1092.000000      949      949        1        0      949        0      756      754      119     2107        0        0        0
 1093.000000      946      946        1        0      946        0      762      759      123     2109        0        0        0
 1094.000000      945      945        1        0      945        0      761      757      113     2093        0        0        0
 1095.000000      939      939        1        0      939        0      754      748      115     2107        0        0        0
 1096.000000      943      943        1        0      943        0      767      764      114     2122        0        0        0
 1097.000000      948      948        1        0      948        0      765      765      108     2096        0        0        0
 1098.000000      943      943        1        0      943        0      764      758      119     2093        0        0        0
 1099.000000      941      941        1        0      941        0      764      757      133     2122        0        0        0
 1100.000000      946      946        1        0      946        0      776      772      117     2112        0        0        0
 1101.000000      946      946        1        0      946        0      760      755      119     2090        0        0        0
 1102.000000      939      939        1        0      939        0      750      748      134     2094        0        0        0
 1103.000000      940      940        1        0      940        0      763      759      122     2104        0        0        0
 1104.000000      937      937        1        0      937        0      754      751      124     2091        0        0        0
 1105.000000      935      935        1        0      935        0      751      743      142     2076        0        0        0
 1106.000000      948      948        1        0      948        0      750      747      125     2086        0        0        0
 1107.000000      944      944        1        0      944        0      755      753      122     2092        0        0        0
 1108.000000      948      948        1        0      948        0      752      744      127     2100        0        0        0
 1109.000000      944      944        1        0      944        0      744      741      132     2108        0        0        0
 1110.000000      950      950        1        0      950        0      743      742      129     2099        0        0        0
 1111.000000      952      952        1        0      952        0      751      748      121     2101        0        0        0
 1112.000000      936      936        1        0      936        0      747      744      130     2080        0        0        0
 1113.000000      930      930        1        0      930        0      748      745      118     2071        0        0        0
 1114.000000      924      924        1        0      924        0      734      732      121     2088        0        0        0
 1115.000000      936      936        1        0      936        0      745      741      130     2074        0        0        0
 1116.000000      941      941        1        0      941        0      750      749      124     2093        0        0        0
 1117.000000      944      944        1        0      944        0      746      742      124     2089        0        0        0
 1118.000000      937      937        1        0      937        0      746      740      126     2082        0        0        0
 1119.000000      932      932        1        0      932        0      753      748      116     2083        0        0        0
 1120.000000      933      933        1        0      933        0      738      735      123     2090        0        0        0
 1121.000000      933      933        1        0      933        0      749      745      126     2081        0        0        0
 1122.000000      943      943        1        0      943        0      744      743      127     2105        0        0        0
 1123.000000      933      933        1        0      933        0      744      741      132     2076        0        0        0
 1124.000000      931      931        1        0      931        0      746      745      128     2112        0        0        0
 1125.000000      934      934        1        0      934        0      742      741      128     2113        0        0        0
 1126.000000      942      942        1        0      942        0      752      749      125     2103        0        0        0
 1127.000000      939      939        1        0      939        0      754      751      127     2111        0        0        0
 1128.000000      938      938        1        0      938        0      749      745      128     2115        0        0        0
 1129.000000      956      944        2        0      956        0      747      741      120     2101        0        0        0
 1130.000000      933      933        1        0      933        0      742      736      137     2112        0        0        0
 1131.000000      936      936        1        0      936        0      754      750      116     2087        0        0        0
 1132.000000      939      939        1        0      939        0      745      740      126     2112        0        0        0
 1133.000000      942      942        1        0      942        0      749      746      109     2118        0        0        0
 1134.000000      954      954        1        0      954        0      747      744      119     2102        0        0        0
 1135.000000      932      932        1        0      932        0      756      749      117     2065        0        0        0
 1136.000000      921      921        1        0      921        0      741      734      130     2086        0        0        0
 1137.000000      931      931        1        0      931        0      750      742      123     2075        0        0        0
 1138.000000      932      932        1        0      932        0      757      753      129     2103        0        0        0
 1139.000000      932      932        1        0      932        0      751      743      132     2068        0        0        0
 1140.000000      947      935        2        0      947        0      751      748      118     2063        0        0        0
 1141.000000      933      933        1        0      933        0      751      747      125     2059        0        0        0
 1142.000000      946      934        2        0      946        0      739      738      124     2074        0        0        0
 1143.000000      937      937        1        0      937        0      757      752      133     2075        0        0        0
 1144.000000      948      936        2        0      948        0      735      733      128     2062        0        0        0
 1145.000000      948      936        2        0      948        0      739      736      121     2082        0        0        0
 1146.000000      947      935        2        0      947        0      743      742      125     2077        0        0        0
 1147.000000      952      940        2        0      952        0      737      733      129     2074        0        0        0
 1148.000000      954      942        2        0      954        0      744      742      123     2096        0        0        0
 1149.000000      947      935        2        0      947        0      750      747      124     2086        0        0        0
 1150.000000      950      938        2        0      950        0      739      738      121     2080        0        0        0
 1151.000000      936      936        1        0      936        0      738      737      122     2077        0        0        0
 1152.000000      922      922        1        0      922        0      743      742      125     2082        0        0        0
 1153.000000      928      928        1        0      928        0      752      744      141     2069        0        0        0
 1154.000000      923      923        1        0      923        0      753      746      119     2073        0        0        0
 1155.000000      921      921        1        0      921        0      743      736      136     2086        0        0        0
 1156.000000      920      920        1        0      920        0      744      738      123     2071        0        0        0
 1157.000000      928      928        1        0      928        0      752      744      122     2082        0        0        0
 1158.000000      922      922        1        0      922        0      746      739      123     2100        0        0        0
 1159.000000      922      922        1        0      922        0      744      738      134     2089        0        0        0
 1160.000000      920      920        1        0      920        0      737      736      119     2097        0        0        0
 1161.000000      925      925        1        0      925        0      743      739      116     2091        0        0        0
 1162.000000      920      920        1        0      920        0      764      757      127     2098        0        0        0
 1163.000000      922      922        1        0      922        0      745      739      129     2097        0        0        0
 1164.000000      920      920        1        0      920        0      750      745      123     2083        0        0        0
 1165.000000      936      936        1        0      936        0      734      730      133     2108        0        0        0
 1166.000000      937      937        1        0      937        0      739      734      123     2108        0        0        0
 1167.000000      922      922        1        0      922        0      747      744      101     2090        0        0        0
 1168.000000      922      922        1        0      922        0      750      747      124     2079        0        0        0
 1169.000000      934      934        1        0      934        0      756      754      119     2119        0        0        0
 1170.000000      934      934        1        0      934        0      748      744      127     2081        0        0        0
 1171.000000      920      920        1        0      920        0      760      756      120     2101        0        0        0
 1172.000000      932      932        1        0      932        0      752      747      121     2096        0        0        0
 1173.000000      932      932        1        0      932        0      761      754      123     2092        0        0        0
 1174.000000      921      921        1        0      921        0      743      741      118     2112        0        0        0
 1175.000000      920      920        1        0      920        0      749      744      121     2120        0        0        0
 1176.000000      926      926        1        0      926        0      749      742      127     2128        0        0        0
 1177.000000      923      923        1        0      923        0      743      737      121     2144        0        0        0
 1178.000000      921      921        1        0      921        0      751      747      116     2117        0        0        0
 1179.000000      912      912        1        0      912        0      748      745      131     2128        0        0        0
 1180.000000      921      921        1        0      921        0      746      742      127     2107        0        0        0
 1181.000000      922      922        1        0      922        0      747      745      131     2130        0        0        0
 1182.000000      921      921        1        0      921        0      754      751      125     2122        0        0        0
 1183.000000      931      931        1        0      931        0      745      740      131     2129        0        0        0
 1184.000000      943      928        2       15      928        0      748      745      128     2117        0        0        0
 1185.000000      935      935        1        0      935        0      737      731      129     2116        0        0        0
 1186.000000      912      912        1        0      912        0      756      751      117     2094        0        0        0
 1187.000000      921      921        1        0      921        0      754      752      124     2112        0        0        0
 1188.000000      921      921        1        0      921        0      761      757      112     2094        0        0        0
 1189.000000      936      936        1       15      921        0      741      738      130     2098        0        0        0
 1190.000000      935      935        1       14      921        0      753      750      124     2108        0        0        0
 1191.000000      945      945        1       14      931        0      747      743      121     2107        0        0        0
 1192.000000      954      954        1       15      939        0      759      752      128     2103        0        0        0
 1193.000000      922      922        1        0      922        0      756      749      134     2104        0        0        0
 1194.000000      926      926        1        0      926        0      752      748      126     2108        0        0        0
 1195.000000      953      941        2       14      939        0      755      751      133     2119        0        0        0
 1196.000000      917      917        1        0      917        0      754      749      131     2146        0        0        0
 1197.000000      909      909        1        0      909        0      744      741      128     2123        0        0        0
 1198.000000      927      927        1        0      927        0      759      756      118     2110        0        0        0
 1199.000000      908      908        1        0      908        0      751      750      117     2109        0        0        0
 1200.000000      910      910        1        0      910        0      744      742      117     2117        0        0        0
 1201.000000      911      911        1        0      911        0      733      730      123     2108        0        0        0
 1202.000000      925      925        1        0      925        0      745      743      131     2114        0        0        0
 1203.000000      919      919        1        0      919        0      755      753      116     2123        0        0        0
 1204.000000      918      918        1        0      918        0      748      746      126     2118        0        0        0
 1205.000000      918      918        1        0      918        0      753      748      126     2115        0        0        0
 1206.000000      919      919        1        0      919        0      759      756      122     2106        0        0        0
 1207.000000      920      920        1        0      920        0      763      757      119     2114        0        0        0
 1208.000000      920      920        1        0      920        0      764      758      112     2124        0        0        0
 1209.000000      918      918        1        0      918        0      770      766      117     2122        0        0        0
 1210.000000      919      919        1        0      919        0      757      751      120     2106        0        0        0
 1211.000000      920      920        1        0      920        0      756      753      121     2134        0        0        0
 1212.000000      910      910        1        0      910        0      758      756      117     2118        0        0        0
 1213.000000      910      910        1        0      910        0      755      751      129     2107        0        0        0
 1214.000000      910      910        1        0      910        0      753      749       98     2109        0        0        0
 1215.000000      910      910        1        0      910        0      748      746      122     2110        0        0        0
 1216.000000      910      910        1        0      910        0      749      749      125     2110        0        0        0
 1217.000000      924      924        1        0      924        0      762      759      122     2129        0        0        0
 1218.000000      924      924        1        0      924        0      765      759      126     2145        0        0        0
 1219.000000      924      924        1        0      924        0      752      749      126     2132        0        0        0
 1220.000000      925      925        1        0      925        0      745      745      128     2109        0        0        0
 1221.000000      925      925        1        0      925        0      748      744      125     2116        0        0        0
 1222.000000      924      924        1        0      924        0      757      757      123     2120        0        0        0
 1223.000000      927      927        1        0      927        0      744      742      126     2135        0        0        0
 1224.000000      924      924        1        0      924        0      751      750      137     2121        0        0        0
 1225.000000      919      919        1        0      919        0      743      742      118     2113        0        0        0
 1226.000000      924      924        1        0      924        0      754      752      119     2128        0        0        0
 1227.000000      923      923        1        0      923        0      749      743      114     2121        0        0        0
 1228.000000      923      923        1        0      923        0      744      738      129     2131        0        0        0
 1229.000000      922      922        1        0      922        0      763      760      115     2104        0        0        0
 1230.000000      921      921        1        0      921        0      750      746      114     2100        0        0        0
 1231.000000      933      933        1        0      933        0      754      753      110     2107        0        0        0
 1232.000000      942      942        1        0      942        0      753      748      125     2131        0        0        0
 1233.000000      917      917        1        0      917        0      751      748      116     2131        0        0        0
 1234.000000      917      917        1        0      917        0      740      740      134     2121        0        0        0
 1235.000000      909      909        1        0      909        0      753      749      112     2118        0        0        0
 1236.000000      909      909        1        0      909        0      740      738      129     2101        0        0        0
 1237.000000      909      909        1        0      909        0      753      749      125     2100        0        0        0
 1238.000000      914      914        1        0      914        0      752      750      112     2101        0        0        0
 1239.000000      909      909        1        0      909        0      742      741      114     2104        0        0        0
 1240.000000      909      909        1        0      909        0      744      741      120     2124        0        0        0
 1241.000000      909      909        1        0      909        0      745      741      117     2100        0        0        0
 1242.000000      909      909        1        0      909        0      744      740      113     2133        0        0        0
 1243.000000      912      912        1        0      912        0      740      738      127     2132        0        0        0
 1244.000000      920      920        1        0      920        0      741      734      115     2136        0        0        0
 1245.000000      909      909        1        0      909        0      739      733      125     2133        0        0        0
 1246.000000      915      915        1        0      915        0      734      729      128     2131        0        0        0
 1247.000000      916      916        1        0      916        0      754      752      109     2136        0        0        0
 1248.000000      928      928        1        0      928        0      742      738      126     2128        0        0        0
 1249.000000      933      933        1        0      933        0      748      745      130     2131        0        0        0
 1250.000000      921      921        1        0      921        0      753      751      123     2116        0        0        0
 1251.000000      925      925        1        0      925        0      739      737      132     2119        0        0        0
 1252.000000      910      910        1        0      910        0      750      747      114     2105        0        0        0
 1253.000000      929      929        1        0      929        0      751      747      112     2114        0        0        0
 1254.000000      920      920        1        0      920        0      737      737      131     2115        0        0        0
 1255.000000      919      919        1        0      919        0      728      727      111     2101        0        0        0
 1256.000000      930      930        1        0      930        0      743      742      107     2128        0        0        0
 1257.000000      927      927        1        0      927        0      739      735      126     2108        0        0        0
 1258.000000      920      920        1        0      920        0      728      727      119     2136        0        0        0
 1259.000000      920      920        1        0      920        0      740      738      112     2125        0        0        0
 1260.000000      920      920        1        0      920        0      742      741      120     2137        0        0        0
 1261.000000      916      916        1        0      916        0      740      735      128     2129        0        0        0
 1262.000000      907      907        1        0      907        0      738      736      107     2117        0        0        0
 1263.000000      907      907        1        0      907        0      743      743      111     2127        0        0        0
 1264.000000      913      913        1        0      913        0      735      729      123     2117        0        0        0
 1265.000000      926      926        1        0      926        0      738      734      121     2125        0        0        0
 1266.000000      920      920        1        0      920        0      755      750      119     2113        0        0        0
 1267.000000      922      922        1        0      922        0      757      755      115     2107        0        0        0
 1268.000000      922      922        1        0      922        0      746      744      116     2120        0        0        0
 1269.000000      922      922        1        0      922        0      745      740      118     2141        0        0        0
 1270.000000      909      909        1        0      909        0      756      752      101     2117        0        0        0
 1271.000000      922      922        1        0      922        0      742      740      129     2120        0        0        0
 1272.000000      922      922        1        0      922        0      747      743      125     2131        0        0        0
 1273.000000      922      922        1        0      922        0      739      736      129     2089        0        0        0
 1274.000000      922      922        1        0      922        0      753      748      125     2124        0        0        0
 1275.000000      940      921        2       19      921        0      745      738      133     2150        0        0        0
 1276.000000      936      922        2       14      922        0      748      747      125     2131        0        0        0
 1277.000000      922      922        1        0      922        0      748      746      119     2130        0        0        0
 1278.000000      922      922        1        0      922        0      757      752      122     2125        0        0        0
 1279.000000      922      922        1        0      922        0      746      737      132     2130        0        0        0
 1280.000000      931      931        1        0      931        0      744      739      109     2180        0        0        0
 1281.000000      933      933        1        0      933        0      755      752      123     2112        0        0        0
 1282.000000      927      927        1        0      927        0      746      744      133     2111        0        0        0
 1283.000000      928      928        1        0      928        0      752      747      123     2151        0        0        0
 1284.000000      939      939        1        0      939        0      750      748      121     2104        0        0        0
 1285.000000      937      937        1        0      937        0      755      748      137     2120        0        0        0
 1286.000000      933      933        1       11      919        3      751      744      130     2107        0        0        0
 1287.000000      924      924        1        0      924        0      735      734      135     2107        0        0        0
 1288.000000      922      922        1        0      922        0      750      746      131     2106        0        0        0
 1289.000000      922      922        1        0      922        0      751      749      131     2082        0        0        0
 1290.000000      922      922        1        0      922        0      759      755      132     2115        0        0        0
 1291.000000      922      922        1        0      922        0      751      744      131     2111        0        0        0
 1292.000000      921      921        1        0      921        0      757      753      113     2105        0        0        0
 1293.000000      928      928        1        0      928        0      753      749      114     2100        0        0        0
 1294.000000      922      922        1        0      922        0      748      742      140     2102        0        0        0
 1295.000000      923      923        1        0      923        0      740      735      133     2114        0        0        0
 1296.000000      928      928        1        0      928        0      748      743      122     2092        0        0        0
 1297.000000      922      922        1        0      922        0      763      759      126     2094        0        0        0
 1298.000000      922      922        1        0      922        0      743      739      128     2097        0        0        0
 1299.000000      938      938        1        0      938        0      765      757      135     2101        0        0        0
 1300.000000      931      931        1        0      931        0      758      753      126     2131        0        0        0
 1301.000000      931      931        1        0      931        0      742      740      114     2084        0        0        0
 1302.000000      929      929        1        0      929        0      760      755      131     2122        0        0        0
 1303.000000      941      941        1        0      941        0      755      749      127     2094        0        0        0
 1304.000000      929      929        1        0      929        0      759      754      115     2099        0        0        0
 1305.000000      929      929        1        0      929        0      744      738      117     2098        0        0        0
 1306.000000      937      937        1        0      937        0      754      745      143     2076        0        0        0
 1307.000000      937      937        1        0      937        0      749      743      130     2079        0        0        0
 1308.000000      929      929        1        0      929        0      747      739      138     2079        0        0        0
 1309.000000      929      929        1        0      929        0      756      752      118     2087        0        0        0
 1310.000000      938      938        1        0      938        0      761      756      132     2095        0        0        0
 1311.000000      929      929        1        0      929        0      747      741      134     2089        0        0        0
 1312.000000      929      929        1        0      929        0      760      755      118     2086        0        0        0
 1313.000000      933      933        1        0      933        0      758      753      137     2096        0        0        0
 1314.000000      922      922        1        0      922        0      756      756      117     2087        0        0        0
 1315.000000      929      929        1        0      929        0      746      743      120     2083        0        0        0
 1316.000000      943      943        1        0      943        0      756      753      126     2103        0        0        0
 1317.000000      946      946        1        0      946        0      752      748      119     2114        0        0        0
 1318.000000      938      938        1        0      938        0      763      759      114     2099        0        0        0
 1319.000000      927      927        1        0      927        0      760      753      129     2097        0        0        0
 1320.000000      950      950        1        0      950        0      760      758      117     2115        0        0        0
 1321.000000      941      941        1        0      941        0      768      763      126     2117        0        0        0
 1322.000000      940      940        1        0      940        0      751      748      122     2128        0        0        0
 1323.000000      947      947        1        0      947        0      764      760      125     2109        0        0        0
 1324.000000      947      947        1        0      947        0      778      774      112     2122        0        0        0
 1325.000000      951      951        1        0      951        0      769      764      110     2129        0        0        0
 1326.000000      941      941        1        0      941        0      767      762      115     2126        0        0        0
 1327.000000      946      946        1        0      946        0      756      754      123     2119        0        0        0
 1328.000000      958      958        1        0      958        0      778      773      115     2129        0        0        0
 1329.000000      934      934        1        0      934        0      767      758      110     2115        0        0        0
 1330.000000      955      955        1        0      955        0      762      757      117     2128        0        0        0
 1331.000000      965      965        1        0      965        0      769      764      126     2147        0        0        0
 1332.000000      961      961        1        0      961        0      777      772      124     2148        0        0        0
 1333.000000      966      966        1        0      966        0      773      767      123     2128        0        0        0
 1334.000000      959      959        1        0      959        0      765      762      121     2130        0        0        0
 1335.000000      963      963        1        0      963        0      771      767      120     2136        0        0        0
 1336.000000      959      959        1        0      959        0      761      753      141     2122        0        0        0
 1337.000000      958      958        1        0      958        0      765      757      131     2116        0        0        0
 1338.000000      976      976        1        0      976        0      773      770      117     2127        0        0        0
 1339.000000      958      958        1        0      958        0      774      771      126     2110        0        0        0
 1340.000000      963      963        1        0      963        0      765      759      132     2107        0        0        0
 1341.000000      959      959        1        0      959        0      761      757      123     2095        0        0        0
 1342.000000      952      952        1        0      952        0      781      777      117     2126        0        0        0
 1343.000000      960      960        1        0      960        0      757      749      125     2117        0        0        0
 1344.000000      959      959        1        0      959        0      771      761      135     2146        0        0        0
 1345.000000      959      959        1        0      959        0      767      762      135     2127        0        0        0
 1346.000000      973      973        1        0      973        0      763      758      137     2131        0        0        0
 1347.000000      959      959        1        0      959        0      760      754      127     2151        0        0        0
 1348.000000      970      970        1        0      970        0      764      755      136     2149        0        0        0
 1349.000000      970      970        1        0      970        0      766      753      137     2127        0        0        0
 1350.000000      973      973        1        0      973        0      758      751      127     2138        0        0        0
 1351.000000      967      967        1        0      967        0      761      755      128     2122        0        0        0
 1352.000000      979      979        1        0      979        0      770      763      133     2128        0        0        0
 1353.000000      968      968        1        0      968        0      767      762      125     2126        0        0        0
 1354.000000      969      969        1        0      969        0      765      756      131     2128        0        0        0
 1355.000000      982      982        1        0      982        0      768      765      129     2130        0        0        0
 1356.000000      976      976        1        0      976        0      771      764      126     2119        0        0        0
 1357.000000      978      978        1        0      978        0      780      772      132     2138        0        0        0
 1358.000000      937      937        1        0      937        0      760      752      132     2131        0        0        0
 1359.000000      945      945        1        0      945        0      762      755      122     2122        0        0        0
 1360.000000      950      950        1        0      950        0      775      771      120     2137        0        0        0
 1361.000000      950      950        1        0      950        0      756      752      119     2134        0        0        0
 1362.000000      956      956        1        0      956        0      769      765      122     2109        0        0        0
 1363.000000      949      949        1        0      949        0      773      770      121     2122        0        0        0
 1364.000000      950      950        1        0      950        0      767      763      121     2136        0        0        0
 1365.000000      956      956        1        0      956        0      773      768      123     2152        0        0        0
 1366.000000      964      950        2       14      950        0      754      750      131     2133        0        0        0
 1367.000000      944      944        1        0      944        0      765      756      127     2142        0        0        0
 1368.000000      933      933        1        0      933        0      761      755      118     2121        0        0        0
 1369.000000      949      949        1        0      949        0      756      753      118     2118        0        0        0
 1370.000000      947      947        1        0      947        0      765      756      126     2132        0        0        0
 1371.000000      947      947        1        0      947        0      758      754      119     2119        0        0        0
 1372.000000      947      947        1        0      947        0      763      757      119     2124        0        0        0
 1373.000000      946      946        1        0      946        0      768      761      124     2126        0        0        0
 1374.000000      947      947        1        0      947        0      779      771      127     2110        0        0        0
 1375.000000      955      955        1        0      955        0      767      760      118     2108        0        0        0
 1376.000000      942      942        1        0      942        0      765      763      108     2107        0        0        0
 1377.000000      948      948        1        0      948        0      765      761      123     2089        0        0        0
 1378.000000      947      947        1        0      947        0      758      754      119     2098        0        0        0
 1379.000000      944      944        1        0      944        0      768      763      131     2104        0        0        0
 1380.000000      935      935        1        0      935        0      764      758      114     2117        0        0        0
 1381.000000      952      952        1        0      952        0      754      750      125     2097        0        0        0
 1382.000000      955      955        1        0      955        0      768      764      131     2109        0        0        0
 1383.000000      933      933        1        0      933        0      766      762      122     2093        0        0        0
 1384.000000      935      935        1        0      935        0      765      760      110     2114        0        0        0
 1385.000000      939      939        1        0      939        0      756      751      119     2103        0        0        0
 1386.000000      948      948        1        0      948        0      770      764      125     2124        0        0        0
 1387.000000      936      936        1        0      936        0      760      755      129     2130        0        0        0
 1388.000000      958      958        1       17      936        5      750      747      112     2108        0        0        0
 1389.000000      941      941        1        0      941        0      765      758      126     2121        0        0        0
 1390.000000      939      939        1        0      939        0      757      754      122     2103        0        0        0
 1391.000000      943      943        1        0      943        0      761      755      119     2097        0        0        0
 1392.000000      938      938        1        0      938        0      747      744      124     2106        0        0        0
 1393.000000      938      938        1        0      938        0      764      761      121     2121        0        0        0
 1394.000000      939      939        1        0      939        0      763      758      115     2117        0        0        0
 1395.000000      939      939        1        0      939        0      764      757      125     2128        0        0        0
 1396.000000      951      951        1        0      951        0      742      738      133     2120        0        0        0
 1397.000000      935      935        1        0      935        0      753      748      128     2110        0        0        0
 1398.000000      950      950        1        0      950        0      752      748      125     2111        0        0        0
 1399.000000      943      943        1        0      943        0      734      728      112     2098        0        0        0
 1400.000000      941      941        1        0      941        0      754      753      108     2091        0        0        0
 1401.000000      939      939        1        0      939        0      750      744      132     2116        0        0        0
 1402.000000      940      940        1        0      940        0      758      754      124     2106        0        0        0
 1403.000000      939      939        1        0      939        0      741      736      118     2122        0        0        0
 1404.000000      936      936        1        0      936        0      733      732      118     2112        0        0        0
 1405.000000      933      933        1        0      933        0      755      751      115     2103        0        0        0
 1406.000000      947      947        1        0      947        0      754      747      127     2101        0        0        0
 1407.000000      941      941        1        0      941        0      762      757      119     2130        0        0        0
 1408.000000      942      942        1        0      942        0      757      749      119     2127        0        0        0
 1409.000000      942      942        1        0      942        0      757      748      126     2141        0        0        0
 1410.000000      948      948        1        0      948        0      754      748      123     2133        0        0        0
 1411.000000      940      940        1        0      940        0      760      758      106     2116        0        0        0
 1412.000000      952      952        1        0      952        0      753      747      122     2096        0        0        0
 1413.000000      946      946        1        0      946        0      766      761      116     2151        0        0        0
 1414.000000      946      946        1        0      946        0      768      759      121     2122        0        0        0
 1415.000000      943      943        1        0      943        0      766      762      112     2153        0        0        0
 1416.000000      942      942        1        0      942        0      767      761      107     2088        0        0        0
 1417.000000      945      945        1        0      945        0      747      738      122     2114        0        0        0
 1418.000000      941      941        1        0      941        0      761      756      104     2117        0        0        0
 1419.000000      941      941        1        0      941        0      760      754      126     2105        0        0        0
 1420.000000      946      946        1        0      946        0      763      761      122     2121        0        0        0
 1421.000000      942      942        1        0      942        0      764      761      125     2125        0        0        0
 1422.000000      942      942        1        0      942        0      751      745      128     2128        0        0        0
 1423.000000      941      941        1        0      941        0      744      739      128     2109        0        0        0
 1424.000000      948      948        1        0      948        0      748      741      132     2135        0        0        0
 1425.000000      946      946        1        0      946        0      755      749      122     2113        0        0        0
 1426.000000      942      942        1        0      942        0      763      759      103     2098        0        0        0
 1427.000000      943      943        1        0      943        0      744      743      119     2112        0        0        0
 1428.000000      937      937        1        0      937        0      746      743      122     2131        0        0        0
 1429.000000      946      946        1        0      946        0      758      754      116     2129        0        0        0
 1430.000000      946      946        1        0      946        0      751      747      135     2132        0        0        0
 1431.000000      942      942        1        0      942        0      740      739      129     2107        0        0        0
 1432.000000      947      947        1        0      947        0      756      751      108     2114        0        0        0
 1433.000000      944      944        1        0      944        0      760      754      112     2117        0        0        0
 1434.000000      952      952        1        0      952        0      756      748      124     2123        0        0        0
 1435.000000      971      971        1        0      953       18      756      749      128     2152        0        0        0
 1436.000000      964      964        1        0      950       14      760      756      115     2134        0        0        0
 1437.000000      977      977        1        0      963       14      760      753      113     2115        0        0        0
 1438.000000      969      969        1        0      955       14      761      756      126     2123        0        0        0
 1439.000000      970      970        1        0      955       15      751      747      117     2117        0        0        0
 1440.000000      982      982        1        0      964       18      773      765      123     2134        0        0        0
 1441.000000      969      969        1        6      955        8      765      760      107     2125        0        0        0
 1442.000000      971      971        1        6      953       12      760      757      110     2149        0        0        0
 1443.000000      977      977        1        6      959       12      764      758      109     2123        0        0        0
 1444.000000      959      959        1        6      941       12      747      745      112     2122        0        0        0
 1445.000000      973      973        1        0      959       14      757      751      125     2118        0        0        0
 1446.000000      973      973        1        0      958       15      768      763      113     2131        0        0        0
 1447.000000      975      975        1        7      956       12      762      755      123     2134        0        0        0
 1448.000000      981      981        1        3      967       11      768      762      111     2153        0        0        0
 1449.000000      978      978        1        7      964        7      761      757      112     2114        0        0        0
 1450.000000      981      981        1        6      963       12      755      750      127     2126        0        0        0
 1451.000000      974      974        1        0      959       15      759      757      111     2123        0        0        0
 1452.000000      976      976        1        6      958       12      769      762      116     2119        0        0        0
 1453.000000      980      980        1        6      962       12      768      762      125     2129        0        0        0
 1454.000000      983      983        1       14      955       14      747      740      114     2129        0        0        0
 1455.000000      979      979        1        6      961       12      757      752      112     2140        0        0        0
 1456.000000      980      980        1        6      966        8      767      763      114     2134        0        0        0
 1457.000000      976      976        1        6      958       12      758      754      118     2126        0        0        0
 1458.000000      973      973        1        0      973        0      756      750      121     2128        0        0        0
 1459.000000      980      980        1        7      965        8      746      744      117     2138        0        0        0
 1460.000000      972      972        1        0      972        0      774      771      120     2105        0        0        0
 1461.000000      965      965        1        0      965        0      773      763      119     2117        0        0        0
 1462.000000      966      966        1        0      966        0      763      760      110     2120        0        0        0
 1463.000000      960      960        1        0      960        0      777      772       99     2133        0        0        0
 1464.000000      982      982        1        0      967       15      769      762      122     2153        0        0        0
 1465.000000      971      971        1        6      953       12      765      760      120     2145        0        0        0
 1466.000000      977      977        1        6      963        8      767      762      116     2125        0        0        0
 1467.000000      941      941        1        0      941        0      763      759      120     2143        0        0        0
 1468.000000      947      947        1        0      947        0      763      762      113     2138        0        0        0
 1469.000000      959      959        1        6      945        8      758      755      120     2140        0        0        0
 1470.000000      957      957        1        9      943        5      761      758      108     2138        0        0        0
 1471.000000      960      960        1       11      945        4      753      749      124     2119        0        0        0
 1472.000000      953      953        1        0      953        0      764      761      104     2132        0        0        0
 1473.000000      955      955        1       13      937        5      761      757      119     2119        0        0        0
 1474.000000      955      955        1       11      940        4      758      754      100     2127        0        0        0
 1475.000000      958      958        1       10      944        4      758      757      106     2114        0        0        0
 1476.000000      963      963        1       13      945        5      754      748      122     2135        0        0        0
 1477.000000      958      958        1       14      940        4      756      751      129     2129        0        0        0
 1478.000000      959      959        1       13      941        5      758      756      127     2140        0        0        0
 1479.000000      957      957        1       11      943        3      769      765      113     2128        0        0        0
 1480.000000      948      948        1        0      948        0      773      771      103     2142        0        0        0
 1481.000000      962      962        1       10      948        4      755      750      121     2127        0        0        0
 1482.000000      953      953        1       11      939        3      764      760      112     2113        0        0        0
 1483.000000      960      948        2        0      960        0      781      775      108     2113        0        0        0
 1484.000000      969      969        1        9      955        5      769      766      110     2111        0        0        0
 1485.000000      958      958        1       10      944        4      758      755      109     2097        0        0        0
 1486.000000      968      968        1       10      954        4      756      752      119     2126        0        0        0
 1487.000000      964      964        1       12      946        6      763      759      113     2117        0        0        0
 1488.000000      965      965        1        9      951        5      764      763      121     2117        0        0        0
 1489.000000      967      967        1       12      949        6      751      745      129     2124        0        0        0
 1490.000000      961      961        1       10      947        4      769      766      118     2111        0        0        0
 1491.000000      956      956        1       14      938        4      750      745      118     2109        0        0        0
 1492.000000      953      953        1       11      939        3      760      759      114     2087        0        0        0
 1493.000000      965      965        1       10      951        4      750      749      104     2099        0        0        0
 1494.000000      968      968        1       12      950        6      756      755      118     2104        0        0        0
 1495.000000      966      966        1       10      951        5      769      763      114     2106        0        0        0
 1496.000000      949      937        2        0      949        0      760      757      113     2087        0        0        0
 1497.000000      960      960        1       11      945        4      768      767      105     2102        0        0        0
 1498.000000      967      967        1        9      953        5      748      744      142     2121        0        0        0
 1499.000000      963      963        1       10      949        4      747      744      126     2096        0        0        0
 1500.000000      965      965        1       11      950        4      760      757      125     2081        0        0        0
 1501.000000      965      965        1       12      947        6      752      749      105     2116        0        0        0
 1502.000000      967      967        1       12      949        6      758      752      117     2109        0        0        0
 1503.000000      968      968        1       12      950        6      754      749      124     2106        0        0        0
 1504.000000      955      943        2        0      955        0      772      765      114     2101        0        0        0
 1505.000000      967      967        1        6      953        8      770      767      113     2142        0        0        0
 1506.000000      979      979        1       10      964        5      765      759      117     2134        0        0        0
 1507.000000      970      970        1        6      955        9      757      755      109     2111        0        0        0
 1508.000000      971      971        1        5      956       10      758      753      111     2114        0        0        0
 1509.000000      962      962        1       11      947        4      760      755      120     2138        0        0        0
 1510.000000      967      967        1       10      952        5      757      755      102     2121        0        0        0
 1511.000000      958      958        1       10      944        4      763      760      109     2118        0        0        0
 1512.000000      977      977        1        9      963        5      758      754      110     2113        0        0        0
 1513.000000      971      971        1       12      953        6      765      760      111     2105        0        0        0
 1514.000000      979      979        1       12      961        6      762      758      113     2118        0        0        0
 1515.000000      964      952        2        0      964        0      757      752      113     2095        0        0        0
 1516.000000      965      965        1       14      947        4      762      759      114     2100        0        0        0
 1517.000000      970      970        1       14      952        4      768      763      106     2099        0        0        0
 1518.000000      955      955        1       10      941        4      755      752      129     2123        0        0        0
 1519.000000      943      943        1        0      943        0      770      762      113     2106        0        0        0
 1520.000000      946      946        1        0      946        0      768      766      112     2107        0        0        0
 1521.000000      948      948        1        0      948        0      767      761      115     2100        0        0        0
 1522.000000      955      955        1       12      940        3      762      756      112     2103        0        0        0
 1523.000000      955      955        1       10      941        4      760      755      123     2107        0        0        0
 1524.000000      947      947        1        0      947        0      747      741      133     2109        0        0        0
 1525.000000      960      960        1       10      946        4      758      752      115     2108        0        0        0
 1526.000000      943      943        1        0      943        0      756      752      115     2103        0        0        0
 1527.000000      949      949        1        0      949        0      768      762      125     2120        0        0        0
 1528.000000      960      960        1       11      945        4      770      764      117     2110        0        0        0
 1529.000000      961      961        1       11      946        4      769      765      118     2091        0        0        0
 1530.000000      950      950        1        0      950        0      756      755      116     2105        0        0        0
 1531.000000      940      940        1        0      940        0      753      750      109     2102        0        0        0
 1532.000000      943      943        1        0      943        0      755      751      118     2104        0        0        0
 1533.000000      942      942        1        0      942        0      744      742      122     2100        0        0        0
 1534.000000      956      956        1       11      941        4      769      761      106     2112        0        0        0
 1535.000000      970      970        1        8      955        7      766      761      106     2110        0        0        0
 1536.000000      968      968        1        8      953        7      768      767      109     2129        0        0        0
 1537.000000      968      968        1        7      954        7      766      760      126     2099        0        0        0
 1538.000000      954      954        1        0      954        0      763      758      129     2105        0        0        0
 1539.000000      955      955        1       10      940        5      769      764      104     2099        0        0        0
 1540.000000      967      967        1       10      952        5      769      764      112     2113        0        0        0
 1541.000000      960      960        1       10      946        4      774      772      102     2102        0        0        0
 1542.000000      946      946        1        0      946        0      759      754      122     2113        0        0        0
 1543.000000      954      954        1        0      954        0      758      755      119     2093        0        0        0
 1544.000000      952      952        1        0      952        0      771      767      108     2112        0        0        0
 1545.000000      953      953        1        0      953        0      774      770      104     2102        0        0        0
 1546.000000      952      952        1        0      952        0      744      743      129     2135        0        0        0
 1547.000000      945      945        1        0      945        0      763      761      115     2119        0        0        0
 1548.000000      952      952        1        0      952        0      758      753      105     2079        0        0        0
 1549.000000      954      954        1        0      954        0      767      761      117     2099        0        0        0
 1550.000000      940      940        1        0      940        0      756      752      121     2078        0        0        0
 1551.000000      967      967        1        8      952        7      777      768      122     2101        0        0        0
 1552.000000      960      960        1        7      946        7      767      765      116     2095        0        0        0
 1553.000000      952      952        1        0      952        0      762      755      129     2104        0        0        0
 1554.000000      949      949        1        0      949        0      766      760      104     2110        0        0        0
 1555.000000      960      960        1       11      945        4      780      773      112     2128        0        0        0
 1556.000000      952      952        1        0      952        0      764      762      123     2103        0        0        0
 1557.000000      947      947        1        0      947        0      759      756      114     2079        0        0        0
 1558.000000      947      947        1        0      947        0      769      767      105     2095        0        0        0
 1559.000000      947      947        1        0      947        0      771      768      109     2097        0        0        0
 1560.000000      947      947        1        0      947        0      753      748      120     2112        0        0        0
 1561.000000      963      963        1        0      963        0      769      763      117     2083        0        0        0
 1562.000000      947      947        1        0      947        0      757      748      126     2095        0        0        0
 1563.000000      947      947        1        0      947        0      764      760      110     2100        0        0        0
 1564.000000      965      965        1       12      946        7      765      763      118     2112        0        0        0
 1565.000000      959      959        1       11      945        3      769      765      118     2115        0        0        0
 1566.000000      961      961        1       11      946        4      758      754      112     2097        0        0        0
 1567.000000      951      951        1        0      951        0      754      752      115     2075        0        0        0
 1568.000000      963      963        1       12      947        4      748      745      126     2099        0        0        0
 1569.000000      956      956        1       12      940        4      765      762       96     2124        0        0        0
 1570.000000      965      965        1        7      950        8      773      771      106     2122        0        0        0
 1571.000000      962      962        1       13      946        3      763      761      115     2081        0        0        0
 1572.000000      966      966        1        0      966        0      777      773      125     2099        0        0        0
 1573.000000      961      961        1       13      945        3      769      767      107     2104        0        0        0
 1574.000000      967      967        1       13      951        3      780      776      107     2094        0        0        0
 1575.000000      952      952        1        0      952        0      774      772      122     2103        0        0        0
 1576.000000      947      947        1        0      947        0      758      755      115     2098        0        0        0
 1577.000000      946      946        1        0      946        0      766      762      112     2103        0        0        0
 1578.000000      950      950        1        0      950        0      749      746      129     2107        0        0        0
 1579.000000      961      961        1       11      947        3      755      754      120     2088        0        0        0
 1580.000000      960      960        1       13      944        3      774      769      123     2086        0        0        0
 1581.000000      963      963        1       13      947        3      775      770      123     2090        0        0        0
 1582.000000      950      950        1        0      950        0      757      752      120     2095        0        0        0
 1583.000000      964      964        1       11      948        5      748      744      130     2088        0        0        0
 1584.000000      948      948        1        0      948        0      770      767      123     2079        0        0        0
 1585.000000      963      963        1       13      947        3      770      764      125     2101        0        0        0
 1586.000000      961      961        1        0      961        0      766      762      131     2112        0        0        0
 1587.000000      969      969        1       12      954        3      767      766      124     2107        0        0        0
 1588.000000      953      953        1        0      953        0      772      771      122     2100        0        0        0
 1589.000000      965      965        1       11      951        3      772      768      126     2105        0        0        0
 1590.000000      962      962        1       11      948        3      767      763      123     2085        0        0        0
 1591.000000      962      962        1       12      947        3      763      761      120     2100        0        0        0
 1592.000000      959      959        1       12      944        3      776      771      118     2094        0        0        0
 1593.000000      964      964        1        6      950        8      763      759      121     2110        0        0        0
 1594.000000      960      960        1       13      944        3      769      764      116     2113        0        0        0
 1595.000000      967      967        1       12      952        3      774      767      125     2118        0        0        0
 1596.000000      951      951        1        0      951        0      758      755      122     2110        0        0        0
 1597.000000      961      961        1       12      946        3      768      764      110     2106        0        0        0
 1598.000000      969      969        1        0      969        0      763      757      106     2105        0        0        0
 1599.000000      954      954        1        0      954        0      769      764      126     2110        0        0        0
 1600.000000      950      950        1        0      950        0      776      771      111     2090        0        0        0
 1601.000000      947      947        1        0      947        0      771      766      108     2109        0        0        0
 1602.000000      945      945        1        0      945        0      755      754      112     2121        0        0        0
 1603.000000      939      939        1        0      939        0      758      756      112     2116        0        0        0
 1604.000000      948      948        1        0      948        0      760      757      119     2115        0        0        0
 1605.000000      950      950        1        0      950        0      759      756      122     2106        0        0        0
 1606.000000      955      955        1        0      955        0      767      763      102     2098        0        0        0
 1607.000000      945      945        1        0      945        0      765      764      100     2085        0        0        0
 1608.000000      948      948        1        0      948        0      762      758      106     2094        0        0        0
 1609.000000      946      946        1        0      946        0      762      759      103     2097        0        0        0
 1610.000000      952      952        1        0      952        0      771      766      114     2088        0        0        0
 1611.000000      949      949        1        0      949        0      765      759      122     2130        0        0        0
 1612.000000      952      952        1        0      952        0      760      757      122     2096        0        0        0
 1613.000000      965      965        1        0      965        0      774      771      102     2101        0        0        0
 1614.000000      941      941        1        0      941        0      762      760      110     2100        0        0        0
 1615.000000      949      949        1        0      949        0      762      759      118     2126        0        0        0
 1616.000000      945      945        1        0      945        0      751      748      115     2111        0        0        0
 1617.000000      945      945        1        0      945        0      768      764      113     2105        0        0        0
 1618.000000      943      943        1        0      943        0      756      752      124     2120        0        0        0
 1619.000000      939      939        1        0      939        0      753      747      131     2100        0        0        0
 1620.000000      945      945        1        0      945        0      757      754      119     2109        0        0        0
 1621.000000      948      948        1        0      948        0      769      769      117     2101        0        0        0
 1622.000000      946      946        1        0      946        0      757      756      117     2105        0        0        0
 1623.000000      951      951        1        0      951        0      761      761      112     2091        0        0        0
 1624.000000      953      953        1        0      953        0      774      771      118     2098        0        0        0
 1625.000000      948      948        1        0      948        0      765      761      117     2088        0        0        0
 1626.000000      946      946        1        0      946        0      772      770      112     2103        0        0        0
 1627.000000      947      947        1        0      947        0      760      758      128     2108        0        0        0
 1628.000000      947      947        1        0      947        0      759      756      107     2101        0        0        0
 1629.000000      942      942        1        0      942        0      758      757      109     2108        0        0        0
 1630.000000      943      943        1        0      943        0      768      766      125     2114        0        0        0
 1631.000000      937      937        1        0      937        0      749      746      118     2100        0        0        0
 1632.000000      937      937        1        0      937        0      743      739      128     2102        0        0        0
 1633.000000      936      936        1        0      936        0      742      738      117     2113        0        0        0
 1634.000000      936      936        1        0      936        0      757      755      110     2103        0        0        0
 1635.000000      937      937        1        0      937        0      755      753      103     2092        0        0        0
 1636.000000      935      935        1        0      935        0      749      746      121     2106        0        0        0
 1637.000000      940      940        1        0      940        0      744      742      111     2112        0        0        0
 1638.000000      936      936        1        0      936        0      750      746      124     2095        0        0        0
 1639.000000      942      942        1        0      942        0      735      733      114     2115        0        0        0
 1640.000000      943      943        1        0      943        0      746      744      116     2083        0        0        0
 1641.000000      940      940        1        0      940        0      751      749      119     2081        0        0        0
 1642.000000      942      942        1        0      942        0      752      749      119     2078        0        0        0
 1643.000000      940      940        1        0      940        0      751      748      114     2063        0        0        0
 1644.000000      941      941        1        0      941        0      744      741      125     2063        0        0        0
 1645.000000      943      943        1        0      943        0      757      757      104     2058        0        0        0
 1646.000000      936      936        1        0      936        0      755      750      113     2071        0        0        0
 1647.000000      939      939        1        0      939        0      761      755      126     2067        0        0        0
 1648.000000      940      940        1        0      940        0      750      744      120     2078        0        0        0
 1649.000000      939      939        1        0      939        0      752      751      121     2063        0        0        0
 1650.000000      938      938        1        0      938        0      750      746      122     2076        0        0        0
 1651.000000      939      939        1        0      939        0      746      741      130     2075        0        0        0
 1652.000000      944      944        1        0      944        0      765      759      124     2106        0        0        0
 1653.000000      939      939        1        0      939        0      746      744      113     2100        0        0        0
 1654.000000      941      941        1        0      941        0      755      752      114     2118        0        0        0
 1655.000000      947      947        1        0      947        0      747      746      112     2090        0        0        0
 1656.000000      945      945        1        0      945        0      751      751      113     2115        0        0        0
 1657.000000      949      949        1        0      949        0      747      743      126     2115        0        0        0
 1658.000000      948      948        1        0      948        0      758      756      108     2127        0        0        0
 1659.000000      947      947        1        0      947        0      755      750      129     2087        0        0        0
 1660.000000      950      950        1        0      950        0      760      756      104     2113        0        0        0
 1661.000000      948      948        1        0      948        0      757      756      117     2095        0        0        0
 1662.000000      947      947        1        0      947        0      761      760      110     2093        0        0        0
 1663.000000      945      945        1        0      945        0      756      754      129     2100        0        0        0
 1664.000000      946      946        1        0      946        0      754      751      123     2090        0        0        0
 1665.000000      945      945        1        0      945        0      756      754      112     2098        0        0        0
 1666.000000      957      945        2        0      957        0      749      746      113     2080        0        0        0
 1667.000000      963      963        1        0      963        0      735      732      125     2091        0        0        0
 1668.000000      945      945        1        0      945        0      749      745      115     2092        0        0        0
 1669.000000      945      945        1        0      945        0      757      754      121     2094        0        0        0
 1670.000000      944      944        1        0      944        0      751      748      117     2111        0        0        0
 1671.000000      945      945        1        0      945        0      748      746      114     2074        0        0        0
 1672.000000      945      945        1        0      945        0      755      751      117     2084        0        0        0
 1673.000000      946      946        1        0      946        0      750      747      119     2096        0        0        0
 1674.000000      947      947        1        0      947        0      761      757      115     2098        0        0        0
 1675.000000      941      941        1        0      941        0      739      738      120     2099        0        0        0
 1676.000000      945      945        1        0      945        0      756      752      116     2101        0        0        0
 1677.000000      943      943        1        0      943        0      749      746      114     2065        0        0        0
 1678.000000      945      945        1        0      945        0      756      753      111     2089        0        0        0
 1679.000000      941      941        1        0      941        0      756      754       99     2072        0        0        0
 1680.000000      949      949        1        0      949        0      748      743      116     2091        0        0        0
 1681.000000      946      946        1        0      946        0      755      751      112     2093        0        0        0
 1682.000000      945      945        1        0      945        0      753      749      122     2076        0        0        0
 1683.000000      952      952        1        0      952        0      751      749      120     2099        0        0        0
 1684.000000      947      947        1        0      947        0      754      753      117     2097        0        0        0
 1685.000000      940      940        1        0      940        0      742      741      118     2098        0        0        0
 1686.000000      945      945        1        0      945        0      747      747      113     2088        0        0        0
 1687.000000      947      947        1        0      947        0      742      740      108     2101        0        0        0
 1688.000000      947      947        1        0      947        0      755      751      102     2087        0        0        0
 1689.000000      960      960        1        0      960        0      751      748      108     2085        0        0        0
 1690.000000      946      946        1        0      946        0      751      747      110     2082        0        0        0
 1691.000000      947      947        1        0      947        0      761      760      112     2086        0        0        0
 1692.000000      947      947        1        0      947        0      760      757      105     2097        0        0        0
 1693.000000      947      947        1        0      947        0      753      751      121     2105        0        0        0
 1694.000000      947      947        1        0      947        0      749      743      124     2103        0        0        0
 1695.000000      947      947        1        0      947        0      756      754      109     2105        0        0        0
 1696.000000      959      959        1        0      959        0      751      748      101     2093        0        0        0
 1697.000000      943      943        1        0      943        0      742      739      120     2070        0        0        0
 1698.000000      938      938        1        0      938        0      763      760      104     2086        0        0        0
 1699.000000      942      942        1        0      942        0      751      749      119     2083        0        0        0
 1700.000000      935      935        1        0      935        0      750      746      105     2085        0        0        0
 1701.000000      935      935        1        0      935        0      765      765      106     2085        0        0        0
 1702.000000      934      934        1        0      934        0      744      739      119     2080        0        0        0
 1703.000000      940      940        1        0      940        0      746      743      116     2082        0        0        0
 1704.000000      943      943        1        0      943        0      760      758      108     2076        0        0        0
 1705.000000      943      943        1        0      943        0      759      756      110     2079        0        0        0
 1706.000000      946      946        1        0      946        0      755      754      110     2095        0        0        0
 1707.000000      943      943        1        0      943        0      752      746      121     2078        0        0        0
 1708.000000      937      937        1        0      937        0      743      741      126     2055        0        0        0
 1709.000000      943      943        1        0      943        0      749      746      122     2065        0        0        0
 1710.000000      945      945        1        0      945        0      758      752      112     2077        0        0        0
 1711.000000      953      953        1        0      953        0      755      752      111     2078        0        0        0
 1712.000000      942      942        1        0      942        0      761      758      107     2084        0        0        0
 1713.000000      937      937        1        0      937        0      759      756      112     2044        0        0        0
 1714.000000      946      946        1        0      946        0      756      754       99     2073        0        0        0
 1715.000000      943      943        1        0      943        0      750      747      114     2074        0        0        0
 1716.000000      943      943        1        0      943        0      746      743      108     2074        0        0        0
 1717.000000      949      949        1        0      949        0      748      747      113     2049        0        0        0
 1718.000000      941      941        1        0      941        0      743      741      129     2049        0        0        0
 1719.000000      941      941        1        0      941        0      736      734      119     2048        0        0        0
 1720.000000      945      945        1        0      945        0      743      741      108     2066        0        0        0
 1721.000000      938      938        1        0      938        0      742      741      111     2043        0        0        0
 1722.000000      941      941        1        0      941        0      748      743      116     2014        0        0        0
 1723.000000      948      936        2        0      948        0      737      732      120     2044        0        0        0
 1724.000000      961      949        2        0      946       15      729      728      120     2062        0        0        0
 1725.000000      946      946        1        0      931       15      746      743      110     2028        0        0        0
 1726.000000      945      945        1        0      945        0      762      757      113     2081        0        0        0
 1727.000000      940      940        1        0      940        0      743      741      106     2060        0        0        0
 1728.000000      951      939        2        0      951        0      737      736      116     2034        0        0        0
 1729.000000      943      943        1        0      943        0      742      741      114     2064        0        0        0
 1730.000000      955      943        2        0      955        0      747      744      117     2063        0        0        0
 1731.000000      943      943        1        0      943        0      741      741      118     2058        0        0        0
 1732.000000      959      947        2        0      959        0      752      750      114     2083        0        0        0
 1733.000000      964      952        2        0      964        0      745      744      120     2087        0        0        0
 1734.000000      962      950        2        0      962        0      747      746      124     2069        0        0        0
 1735.000000      953      941        2        0      953        0      747      743      129     2083        0        0        0
 1736.000000      944      944        1        0      944        0      756      751      122     2069        0        0        0
 1737.000000      963      951        2        0      963        0      751      746      118     2106        0        0        0
 1738.000000      942      942        1        0      942        0      750      746      116     2075        0        0        0
 1739.000000      955      943        2        0      955        0      744      741      130     2061        0        0        0
 1740.000000      949      949        1        0      949        0      745      744      115     2074        0        0        0
 1741.000000      969      957        2        0      969        0      741      740      113     2085        0        0        0
 1742.000000      952      952        1        0      952        0      753      750      109     2094        0        0        0
 1743.000000      965      953        2        7      951        7      762      756      119     2080        0        0        0
 1744.000000      956      944        2        7      942        7      754      751      117     2077        0        0        0
 1745.000000      963      951        2        0      963        0      746      746      113     2079        0        0        0
 1746.000000      962      950        2        0      962        0      764      762      121     2091        0        0        0
 1747.000000      964      952        2        0      964        0      759      758      118     2052        0        0        0
 1748.000000      959      947        2        0      959        0      740      739      116     2091        0        0        0
 1749.000000      947      947        1        0      947        0      749      745      124     2074        0        0        0
 1750.000000      958      946        2        0      958        0      767      762      114     2087        0        0        0
 1751.000000      960      948        2        0      960        0      753      751      122     2076        0        0        0
 1752.000000      960      948        2        0      960        0      748      744      127     2085        0        0        0
 1753.000000      959      947        2        0      959        0      762      759      127     2076        0        0        0
 1754.000000      958      946        2        0      958        0      762      758      108     2094        0        0        0
 1755.000000      968      956        2        0      968        0      756      751      123     2089        0        0        0
 1756.000000      963      951        2        0      963        0      746      740      137     2061        0        0        0
 1757.000000      969      969        1        0      969        0      756      754      124     2101        0        0        0
 1758.000000      977      965        2        0      977        0      753      747      130     2083        0        0        0
 1759.000000      969      969        1        0      969        0      742      738      124     2082        0        0        0
 1760.000000      971      959        2        0      971        0      751      744      135     2079        0        0        0
 1761.000000      978      966        2        0      978        0      758      753      126     2069        0        0        0
 1762.000000      953      953        1        0      953        0      756      754      123     2074        0        0        0
 1763.000000      961      949        2        0      961        0      757      753      125     2084        0        0        0
 1764.000000      943      943        1        0      943        0      757      753      117     2079        0        0        0
 1765.000000      959      947        2        0      959        0      740      738      119     2079        0        0        0
 1766.000000      958      946        2        0      958        0      742      741      122     2083        0        0        0
 1767.000000      953      953        1        0      953        0      757      756      116     2080        0        0        0
 1768.000000      956      944        2        0      956        0      756      754      108     2088        0        0        0
 1769.000000      956      956        1        0      956        0      755      754      117     2081        0        0        0
 1770.000000      964      952        2        0      964        0      742      738      127     2065        0        0        0
 1771.000000      974      962        2        0      974        0      759      755      118     2076        0        0        0
 1772.000000      954      954        1        0      954        0      753      749      132     2069        0        0        0
 1773.000000      958      958        1        0      958        0      750      746      119     2076        0        0        0
 1774.000000      977      965        2        0      977        0      748      745      130     2092        0        0        0
 1775.000000      972      960        2        0      972        0      751      744      130     2092        0        0        0
 1776.000000      970      970        1        0      970        0      747      743      120     2091        0        0        0
 1777.000000      977      965        2        0      977        0      756      752      125     2071        0        0        0
 1778.000000      950      950        1        0      950        0      745      741      125     2074        0        0        0
 1779.000000      948      948        1        0      948        0      749      744      108     2054        0        0        0
 1780.000000      945      933        2        0      945        0      747      744      120     2072        0        0        0
 1781.000000      956      944        2        0      956        0      747      747      116     2051        0        0        0
 1782.000000      944      944        1        0      944        0      748      746      123     2064        0        0        0
 1783.000000      928      928        1        0      928        0      748      747      117     2060        0        0        0
 1784.000000      932      932        1        0      932        0      751      750      122     2079        0        0        0
 1785.000000      938      938        1        0      938        0      740      738      126     2087        0        0        0
 1786.000000      932      932        1        0      932        0      747      745      122     2060        0        0        0
 1787.000000      935      935        1        0      935        0      752      749      106     2066        0        0        0
 1788.000000      947      935        2        0      947        0      749      749      120     2073        0        0        0
 1789.000000      952      940        2        0      952        0      751      749      111     2080        0        0        0
 1790.000000      952      940        2        0      952        0      754      752      122     2069        0        0        0
 1791.000000      979      956        2        0      979        0      755      753      115     2106        0        0        0
 1792.000000      941      941        1        0      941        0      745      743      119     2086        0        0        0
 1793.000000      958      958        1        0      958        0      759      757      112     2085        0        0        0
 1794.000000      944      944        1        0      944        0      745      743      120     2052        0        0        0
 1795.000000      935      935        1        0      935        0      752      747      113     2076        0        0        0
 1796.000000      934      934        1        0      934        0      746      742      107     2076        0        0        0
 1797.000000      938      938        1        0      938        0      748      746      112     2091        0        0        0
 1798.000000      945      945        1        0      945        0      748      744      119     2060        0        0        0
 1799.000000      947      947        1        0      947        0      758      752      126     2064        0        0        0
 1800.000000      947      947        1        0      947        0      768      764      118     2070        0        0        0
 1801.000000      946      946        1        0      946        0      751      749      125     2068        0        0        0
 1802.000000      944      944        1        0      944        0      756      753      116     2075        0        0        0
 1803.000000      941      941        1        0      941        0      750      747      119     2079        0        0        0
 1804.000000      942      942        1        0      942        0      750      747      122     2090        0        0        0
 1805.000000      943      943        1        0      943        0      758      753      119     2076        0        0        0
 1806.000000      946      946        1        0      946        0      748      744      111     2101        0        0        0
 1807.000000      943      943        1        0      943        0      762      757      124     2094        0        0        0
 1808.000000      938      938        1        0      938        0      752      744      121     2086        0        0        0
 1809.000000      938      938        1        0      938        0      759      754      131     2098        0        0        0
 1810.000000      950      938        2        0      950        0      750      743      136     2075        0        0        0
 1811.000000      939      939        1        0      939        0      755      748      126     2084        0        0        0
 1812.000000      950      950        1        0      950        0      747      743      131     2119        0        0        0
 1813.000000      939      939        1        0      939        0      740      733      133     2104        0        0        0
 1814.000000      940      940        1        0      940        0      749      742      143     2109        0        0        0
 1815.000000      940      940        1        0      940        0      755      752      129     2088        0        0        0
 1816.000000      960      948        2        0      960        0      748      745      128     2115        0        0        0
 1817.000000      947      947        1        0      947        0      756      750      116     2104        0        0        0
 1818.000000      953      953        1        0      953        0      757      752      120     2104        0        0        0
 1819.000000      941      941        1        0      941        0      749      745      135     2089        0        0        0
 1820.000000      941      941        1        0      941        0      763      754      130     2100        0        0        0
 1821.000000      950      950        1        0      950        0      745      738      138     2105        0        0        0
 1822.000000      941      941        1        0      941        0      753      746      129     2110        0        0        0
 1823.000000      941      941        1        0      941        0      764      758      107     2118        0        0        0
 1824.000000      942      942        1        0      942        0      754      751      122     2088        0        0        0
 1825.000000      967      946        2        0      967        0      752      751      123     2111        0        0        0
 1826.000000      936      936        1        0      936        0      749      745      129     2096        0        0        0
 1827.000000      944      944        1        0      944        0      750      748      123     2113        0        0        0
 1828.000000      946      946        1        0      946        0      760      758      124     2111        0        0        0
 1829.000000      927      927        1        0      927        0      746      741      133     2119        0        0        0
 1830.000000      933      933        1        0      933        0      728      723      127     2092        0        0        0
 1831.000000      927      927        1        0      927        0      756      753      117     2128        0        0        0
 1832.000000      955      955        1        0      955        0      745      743      123     2104        0        0        0
 1833.000000      943      943        1        0      943        0      750      743      135     2083        0        0        0
 1834.000000      932      932        1        0      932        0      754      751      118     2097        0        0        0
 1835.000000      966      954        2        0      966        0      756      752      123     2103        0        0        0
 1836.000000      944      944        1        0      944        0      741      741      119     2099        0        0        0
 1837.000000      946      946        1        0      946        0      744      742      123     2081        0        0        0
 1838.000000      951      939        2        0      951        0      749      747      118     2080        0        0        0
 1839.000000      953      953        1        0      953        0      761      757      113     2086        0        0        0
 1840.000000      955      941        2       14      941        0      742      737      127     2084        0        0        0
 1841.000000      947      947        1        0      947        0      750      746      124     2101        0        0        0
 1842.000000      971      959        2        0      971        0      747      740      137     2095        0        0        0
 1843.000000      958      958        1        0      958        0      753      751      120     2121        0        0        0
 1844.000000      962      962        1        0      962        0      747      743      120     2115        0        0        0
 1845.000000      954      954        1        0      954        0      748      746      124     2101        0        0        0
 1846.000000      953      953        1        0      953        0      753      751      119     2109        0        0        0
 1847.000000      957      957        1        0      957        0      753      749      123     2108        0        0        0
 1848.000000      961      961        1        0      961        0      759      753      136     2118        0        0        0
 1849.000000      965      965        1        0      965        0      758      754      127     2110        0        0        0
 1850.000000      952      952        1        0      952        0      755      751      132     2101        0        0        0
 1851.000000      974      974        1        0      974        0      759      752      137     2121        0        0        0
 1852.000000      957      957        1        0      957        0      755      753      124     2101        0        0        0
 1853.000000      956      956        1        0      956        0      751      747      121     2100        0        0        0
 1854.000000      953      953        1        0      953        0      754      750      118     2090        0        0        0
 1855.000000      945      945        1        0      945        0      754      750      114     2100        0        0        0
 1856.000000      950      950        1        0      950        0      752      749      118     2103        0        0        0
 1857.000000      947      947        1        0      932       15      761      755      122     2107        0        0        0
 1858.000000      951      951        1        0      951        0      763      761      111     2123        0        0        0
 1859.000000      946      946        1        0      946        0      750      747      130     2096        0        0        0
 1860.000000      944      944        1        0      944        0      748      742      129     2088        0        0        0
 1861.000000      951      951        1        0      951        0      757      753      127     2118        0        0        0
 1862.000000      952      952        1        0      952        0      759      751      117     2090        0        0        0
 1863.000000      952      952        1        0      937       15      752      745      133     2114        0        0        0
 1864.000000      951      951        1        0      936       15      745      743      135     2107        0        0        0
 1865.000000      949      949        1        0      934       15      744      742      113     2131        0        0        0
 1866.000000      951      951        1        0      951        0      749      747      117     2126        0        0        0
 1867.000000      943      943        1        0      943        0      747      744      137     2115        0        0        0
 1868.000000      953      953        1        0      953        0      757      756      119     2105        0        0        0
 1869.000000      958      958        1        0      958        0      759      759      116     2123        0        0        0
 1870.000000      955      955        1        0      955        0      759      757      128     2119        0        0        0
 1871.000000      957      957        1        0      957        0      759      757      122     2121        0        0        0
 1872.000000      954      954        1        0      954        0      759      757      130     2092        0        0        0
 1873.000000      951      951        1        0      951        0      752      747      134     2105        0        0        0
 1874.000000      948      948        1        0      948        0      766      762      135     2129        0        0        0
 1875.000000      978      978        1        0      978        0      765      760      122     2129        0        0        0
 1876.000000      967      967        1        0      967        0      766      762      128     2115        0        0        0
 1877.000000      963      963        1        0      963        0      762      761      129     2110        0        0        0
 1878.000000      955      955        1        0      955        0      770      765      128     2101        0        0        0
 1879.000000      957      957        1        0      957        0      765      764      118     2132        0        0        0
 1880.000000      952      952        1        0      952        0      755      752      136     2119        0        0        0
 1881.000000      939      939        1        0      939        0      750      748      118     2120        0        0        0
 1882.000000      941      941        1        0      941        0      749      743      123     2109        0        0        0
 1883.000000      960      960        1        0      960        0      768      765      123     2119        0        0        0
 1884.000000      952      952        1        0      952        0      761      757      127     2117        0        0        0
 1885.000000      968      968        1        0      968        0      756      753      107     2120        0        0        0
 1886.000000      967      967        1        0      967        0      772      771      118     2120        0        0        0
 1887.000000      955      943        2        0      955        0      756      754      118     2114        0        0        0
 1888.000000      960      960        1        0      960        0      772      769      117     2109        0        0        0
 1889.000000      960      948        2        0      960        0      756      750      133     2120        0        0        0
 1890.000000      958      946        2        0      958        0      758      754      124     2084        0        0        0
 1891.000000      960      960        1        0      960        0      750      747      127     2122        0        0        0
 1892.000000      960      960        1        0      960        0      763      756      130     2127        0        0        0
 1893.000000      960      960        1        0      960        0      743      739      135     2108        0        0        0
 1894.000000      961      961        1        0      961        0      753      748      134     2129        0        0        0
 1895.000000      965      965        1        0      965        0      741      740      136     2117        0        0        0
 1896.000000      950      950        1        0      950        0      753      750      125     2111        0        0        0
 1897.000000      956      956        1        0      956        0      757      753      117     2105        0        0        0
 1898.000000      949      937        2        0      949        0      757      754      123     2111        0        0        0
 1899.000000      952      940        2        0      952        0      763      760      107     2104        0        0        0
 1900.000000      949      937        2        0      949        0      767      763      116     2132        0        0        0
 1901.000000      950      950        1        0      950        0      752      749      136     2148        0        0        0
 1902.000000      942      942        1        0      942        0      752      747      112     2132        0        0        0
 1903.000000      945      945        1        0      945        0      761      759      110     2135        0        0        0
 1904.000000      946      946        1        0      946        0      753      746      124     2122        0        0        0
 1905.000000      952      952        1        0      952        0      746      745      128     2137        0        0        0
 1906.000000      955      955        1        0      955        0      766      761      125     2128        0        0        0
 1907.000000      952      952        1        0      952        0      765      761      123     2115        0        0        0
 1908.000000      944      944        1        0      944        0      748      746      120     2132        0        0        0
 1909.000000      954      942        2        0      954        0      746      742      126     2113        0        0        0
 1910.000000      942      942        1        0      942        0      761      757      113     2093        0        0        0
 1911.000000      941      941        1        0      941        0      758      749      128     2091        0        0        0
 1912.000000      959      947        2        0      959        0      755      750      126     2095        0        0        0
 1913.000000      950      950        1        0      950        0      759      748      133     2114        0        0        0
 1914.000000      958      946        2        0      958        0      757      754      123     2105        0        0        0
 1915.000000      948      948        1        0      948        0      767      765      117     2131        0        0        0
 1916.000000      947      947        1        0      947        0      762      759      135     2133        0        0        0
 1917.000000      954      954        1        0      954        0      770      766      135     2129        0        0        0
 1918.000000      960      948        2        0      960        0      764      764      121     2134        0        0        0
 1919.000000      950      950        1        0      950        0      763      761      124     2138        0        0        0
 1920.000000      940      940        1        0      940        0      757      755      132     2145        0        0        0
 1921.000000      956      956        1        0      956        0      757      751      124     2156        0        0        0
 1922.000000      956      956        1        0      956        0      759      754      127     2137        0        0        0
 1923.000000      950      950        1        0      950        0      756      749      126     2126        0        0        0
 1924.000000      956      956        1        0      956        0      750      748      118     2135        0        0        0
 1925.000000      954      954        1        0      954        0      744      740      141     2108        0        0        0
 1926.000000      954      954        1        0      939       15      755      752      131     2117        0        0        0
 1927.000000      969      957        2        0      955       14      748      744      123     2116        0        0        0
 1928.000000      992      980        2        0      977       15      764      756      124     2125        0        0        0
 1929.000000      969      957        2        0      969        0      760      749      124     2111        0        0        0
 1930.000000      954      954        1        0      954        0      751      747      141     2134        0        0        0
 1931.000000      954      954        1        0      954        0      756      754      132     2107        0        0        0
 1932.000000      954      954        1        0      954        0      759      752      131     2101        0        0        0
 1933.000000      951      951        1        0      951        0      751      746      134     2092        0        0        0
 1934.000000      955      955        1        0      955        0      766      758      136     2132        0        0        0
 1935.000000      956      956        1        0      956        0      750      743      135     2101        0        0        0
 1936.000000      983      983        1        0      983        0      763      757      122     2107        0        0        0
 1937.000000      958      958        1        0      958        0      772      767      132     2109        0        0        0
 1938.000000      958      958        1        0      958        0      762      757      135     2139        0        0        0
 1939.000000      979      979        1        0      979        0      768      762      125     2122        0        0        0
 1940.000000      954      954        1        0      954        0      764      760      125     2128        0        0        0
 1941.000000      952      952        1        0      952        0      769      761      140     2128        0        0        0
 1942.000000      965      950        2       15      950        0      768      761      148     2136        0        0        0
 1943.000000      972      957        2       15      957        0      760      752      131     2138        0        0        0
 1944.000000      967      952        2       15      952        0      771      762      149     2146        0        0        0
 1945.000000      967      967        1        0      967        0      765      762      133     2123        0        0        0
 1946.000000      973      958        2       15      958        0      759      751      138     2117        0        0        0
 1947.000000      980      965        2       15      965        0      762      753      134     2117        0        0        0
 1948.000000      975      960        2       15      960        0      749      747      139     2103        0        0        0
 1949.000000      970      955        2       15      955        0      754      750      137     2113        0        0        0
 1950.000000      985      985        1        0      985        0      756      752      139     2111        0        0        0
 1951.000000      957      942        2       15      942        0      758      751      128     2109        0        0        0
 1952.000000      956      941        2       15      941        0      747      745      129     2079        0        0        0
 1953.000000      953      938        2       15      938        0      755      750      128     2082        0        0        0
 1954.000000      955      940        2       15      940        0      746      743      124     2092        0        0        0
 1955.000000      937      937        1        0      937        0      770      763      132     2096        0        0        0
 1956.000000      961      946        2       15      946        0      760      753      138     2101        0        0        0
 1957.000000      955      940        2       15      940        0      772      766      134     2116        0        0        0
 1958.000000      960      945        2       15      945        0      758      752      132     2129        0        0        0
 1959.000000      952      937        2       15      937        0      762      754      128     2111        0        0        0
 1960.000000      954      939        2       15      939        0      755      749      136     2128        0        0        0
 1961.000000      953      938        2       15      938        0      743      736      119     2128        0        0        0
 1962.000000      953      938        2       15      938        0      767      760      132     2131        0        0        0
 1963.000000      966      966        1        0      966        0      757      751      131     2108        0        0        0
 1964.000000      956      941        2       15      941        0      759      751      127     2087        0        0        0
 1965.000000      953      938        2       15      938        0      750      742      135     2090        0        0        0
 1966.000000      953      938        2       15      938        0      771      763      123     2121        0        0        0
 1967.000000      975      961        2       14      961        0      747      742      121     2116        0        0        0
 1968.000000      984      969        2       15      969        0      753      744      139     2117        0        0        0
 1969.000000      952      937        2       15      937        0      756      750      131     2094        0        0        0
 1970.000000      937      937        1        0      937        0      762      754      125     2093        0        0        0
 1971.000000      953      938        2       15      938        0      763      757      135     2111        0        0        0
 1972.000000      955      940        2       15      940        0      759      750      141     2121        0        0        0
 1973.000000      968      940        3       15      953        0      749      744      137     2121        0        0        0
 1974.000000      953      938        2       15      938        0      760      754      136     2114        0        0        0
 1975.000000      966      951        2       15      951        0      766      757      137     2125        0        0        0
 1976.000000      945      945        1        0      945        0      763      754      139     2126        0        0        0
 1977.000000      969      969        1        0      969        0      771      762      137     2103        0        0        0
 1978.000000      982      967        2       15      967        0      760      754      125     2115        0        0        0
 1979.000000      938      938        1        0      938        0      760      756      141     2114        0        0        0
 1980.000000      987      972        2       15      972        0      768      763      127     2114        0        0        0
 1981.000000      995      966        3       29      966        0      767      763      125     2131        0        0        0
 1982.000000      976      961        2       15      961        0      758      754      130     2120        0        0        0
 1983.000000      955      941        2       14      941        0      764      762      122     2119        0        0        0
 1984.000000      941      941        1        0      941        0      750      747      119     2123        0        0        0
 1985.000000      938      938        1        0      938        0      764      759      137     2095        0        0        0
 1986.000000      943      943        1        0      943        0      756      751      125     2093        0        0        0
 1987.000000      939      939        1        0      939        0      765      760      117     2092        0        0        0
 1988.000000      936      936        1        0      936        0      765      760      111     2107        0        0        0
 1989.000000      942      942        1        0      942        0      749      747      122     2102        0        0        0
 1990.000000      961      941        2        8      947        6      778      774      120     2112        0        0        0
 1991.000000      959      945        2       14      945        0      765      761      125     2125        0        0        0
 1992.000000      942      942        1        0      942        0      763      760      136     2121        0        0        0
 1993.000000      950      938        2        0      950        0      760      757      132     2118        0        0        0
 1994.000000      970      970        1        0      970        0      763      760      123     2093        0        0        0
 1995.000000      965      945        2        8      951        6      760      754      156     2114        0        0        0
 1996.000000      942      942        1        4      927       11      757      748      142     2088        0        0        0
 1997.000000      940      940        1        0      940        0      770      767      133     2116        0        0        0
 1998.000000      939      939        1        0      939        0      776      772      130     2123        0        0        0
 1999.000000      941      941        1        0      941        0      762      758      125     2097        0        0        0
 2000.000000      947      947        1        0      947        0      766      761      127     2102        0        0        0
 2001.000000      944      944        1        0      944        0      779      772      124     2118        0        0        0
 2002.000000      942      942        1        0      942        0      761      756      132     2094        0        0        0
 2003.000000      945      945        1        0      945        0      753      750      130     2121        0        0        0
 2004.000000      944      944        1        0      944        0      765      761      108     2120        0        0        0
 2005.000000      945      945        1        0      945        0      764      763      116     2135        0        0        0
 2006.000000      943      943        1        0      943        0      766      762      126     2137        0        0        0
 2007.000000      945      945        1        0      945        0      764      755      140     2142        0        0        0
 2008.000000      928      928        1        0      928        0      770      763      128     2137        0        0        0
 2009.000000      943      943        1        0      943        0      761      759      129     2111        0        0        0
 2010.000000      951      951        1        0      951        0      758      756      130     2143        0        0        0
 2011.000000      959      959        1        0      959        0      770      769      131     2135        0        0        0
 2012.000000      944      944        1        0      944        0      760      753      129     2124        0        0        0
 2013.000000      949      949        1        0      949        0      767      765      129     2121        0        0        0
 2014.000000      939      939        1        0      939        0      758      755      118     2105        0        0        0
 2015.000000      944      944        1        0      944        0      775      771      109     2136        0        0        0
 2016.000000      969      969        1       21      948        0      763      763      112     2141        0        0        0
 2017.000000      951      951        1        0      951        0      765      763      128     2103        0        0        0
 2018.000000      958      958        1       15      943        0      767      763      128     2113        0        0        0
 2019.000000      946      946        1        0      946        0      765      760      116     2109        0        0        0
 2020.000000      949      949        1        0      949        0      768      766      138     2123        0        0        0
 2021.000000      943      943        1        0      943        0      759      756      130     2125        0        0        0
 2022.000000      940      940        1        0      940        0      762      757      139     2123        0        0        0
 2023.000000      963      963        1       20      943        0      768      765      132     2125        0        0        0
 2024.000000      960      960        1       20      940        0      762      757      133     2109        0        0        0
 2025.000000      946      946        1        0      946        0      768      764      125     2139        0        0        0
 2026.000000      952      952        1        0      952        0      759      757      124     2107        0        0        0
 2027.000000      943      943        1        0      943        0      769      764      143     2106        0        0        0
 2028.000000      958      958        1        0      958        0      763      758      137     2109        0        0        0
 2029.000000      946      946        1        0      946        0      759      751      135     2091        0        0        0
 2030.000000      955      955        1        0      955        0      768      766      120     2117        0        0        0
 2031.000000      954      954        1        0      954        0      777      773      119     2114        0        0        0
 2032.000000      948      948        1        0      948        0      771      766      123     2093        0        0        0
 2033.000000      955      955        1        0      955        0      755      752      146     2102        0        0        0
 2034.000000      954      954        1        0      954        0      759      756      125     2104        0        0        0
 2035.000000      962      962        1        0      962        0      773      769      124     2115        0        0        0
 2036.000000      962      962        1        0      962        0      769      763      124     2116        0        0        0
 2037.000000      969      955        2       14      955        0      771      763      132     2116        0        0        0
 2038.000000      973      959        2       14      959        0      753      748      137     2097        0        0        0
 2039.000000      973      959        2       14      959        0      761      758      125     2141        0        0        0
 2040.000000      963      949        2       14      949        0      776      770      132     2126        0        0        0
 2041.000000      961      947        2       14      947        0      772      766      122     2141        0        0        0
 2042.000000      950      950        1        0      950        0      766      765      112     2099        0        0        0
 2043.000000      952      952        1        0      952        0      757      755      116     2121        0        0        0
 2044.000000      965      951        2       14      951        0      769      765      115     2116        0        0        0
 2045.000000      951      951        1        0      951        0      745      740      133     2129        0        0        0
 2046.000000      949      949        1        0      949        0      758      755      119     2124        0        0        0
 2047.000000      950      950        1        0      950        0      765      758      123     2154        0        0        0
 2048.000000      951      951        1        0      951        0      759      754      132     2141        0        0        0
 2049.000000      954      954        1        0      954        0      762      760      117     2126        0        0        0
 2050.000000      959      959        1        0      959        0      756      755      125     2123        0        0        0
 2051.000000      953      953        1        0      953        0      761      755      126     2142        0        0        0
 2052.000000      958      958        1       10      944        4      747      741      129     2126        0        0        0
 2053.000000      950      950        1        0      950        0      759      753      120     2105        0        0        0
 2054.000000      950      950        1        0      950        0      758      756      128     2119        0        0        0
 2055.000000      948      948        1        0      948        0      763      762      121     2110        0        0        0
 2056.000000      961      961        1        0      961        0      757      755      130     2122        0        0        0
 2057.000000      965      965        1        0      965        0      746      740      140     2112        0        0        0
 2058.000000      949      949        1        0      949        0      759      759      131     2120        0        0        0
 2059.000000      949      949        1        0      949        0      763      759      116     2135        0        0        0
 2060.000000      949      949        1        0      949        0      765      760      125     2108        0        0        0
 2061.000000      958      958        1        0      958        0      763      762      130     2115        0        0        0
 2062.000000      955      955        1        0      955        0      772      770      116     2120        0        0        0
 2063.000000      945      945        1        0      945        0      760      756      113     2133        0        0        0
 2064.000000      958      958        1        0      958        0      774      769      122     2133        0        0        0
 2065.000000      943      943        1        0      943        0      771      768      112     2135        0        0        0
 2066.000000      950      950        1        0      950        0      751      747      146     2093        0        0        0
 2067.000000      948      948        1        0      948        0      774      772      119     2113        0        0        0
 2068.000000      963      963        1        0      963        0      771      764      126     2140        0        0        0
 2069.000000      941      941        1        0      941        0      761      754      127     2120        0        0        0
 2070.000000      939      939        1        0      939        0      750      744      127     2128        0        0        0
 2071.000000      940      940        1        0      940        0      760      758      129     2115        0        0        0
 2072.000000      942      942        1        0      942        0      760      757      124     2115        0        0        0
 2073.000000      942      942        1        0      942        0      750      748      132     2131        0        0        0
 2074.000000      939      939        1        0      939        0      754      749      128     2111        0        0        0
 2075.000000      935      935        1        0      935        0      751      745      115     2115        0        0        0
 2076.000000      948      948        1        0      948        0      767      764      125     2114        0        0        0
 2077.000000      945      945        1        0      945        0      760      754      133     2133        0        0        0
 2078.000000      941      941        1        0      941        0      766      764      121     2135        0        0        0
 2079.000000      944      944        1        0      944        0      780      776      129     2113        0        0        0
 2080.000000      940      940        1        0      940        0      762      756      139     2121        0        0        0
 2081.000000      941      941        1        0      941        0      766      759      126     2107        0        0        0
 2082.000000      956      956        1        0      956        0      769      766      139     2109        0        0        0
 2083.000000      944      944        1        0      944        0      748      746      131     2116        0        0        0
 2084.000000      936      936        1        0      936        0      751      746      121     2105        0        0        0
 2085.000000      939      939        1        0      939        0      762      755      130     2109        0        0        0
 2086.000000      951      951        1        0      951        0      763      758      124     2118        0        0        0
 2087.000000      950      950        1        0      950        0      756      753      128     2127        0        0        0
 2088.000000      947      947        1        0      947        0      764      759      114     2114        0        0        0
 2089.000000      955      955        1        0      955        0      769      766      143     2126        0        0        0
 2090.000000      951      951        1        0      951        0      766      764      115     2114        0        0        0
 2091.000000      948      948        1        0      948        0      769      767      136     2128        0        0        0
 2092.000000      954      954        1        0      954        0      755      751      124     2139        0        0        0
 2093.000000      951      951        1        0      951        0      761      760      120     2129        0        0        0
 2094.000000      952      952        1        0      952        0      762      760      125     2125        0        0        0
 2095.000000      958      958        1        0      958        0      757      753      114     2100        0        0        0
 2096.000000      954      954        1        0      954        0      752      750      118     2082        0        0        0
 2097.000000      955      955        1        0      955        0      754      749      118     2119        0        0        0
 2098.000000      955      955        1        0      955        0      774      773      124     2113        0        0        0
 2099.000000      953      953        1        0      953        0      762      759      141     2105        0        0        0
 2100.000000      954      954        1        0      954        0      769      766      118     2123        0        0        0
 2101.000000      957      957        1        0      957        0      771      770      113     2102        0        0        0
 2102.000000      957      957        1        0      957        0      768      768      117     2098        0        0        0
 2103.000000      953      953        1        0      953        0      746      741      134     2107        0        0        0
 2104.000000      940      940        1        0      940        0      754      750      128     2099        0        0        0
 2105.000000      941      941        1        0      941        0      761      756      122     2105        0        0        0
 2106.000000      944      944        1        0      944        0      748      745      137     2108        0        0        0
 2107.000000      940      940        1        0      940        0      763      760      119     2103        0        0        0
 2108.000000      959      959        1        0      959        0      748      744      129     2095        0        0        0
 2109.000000      941      941        1        0      941        0      757      754      114     2121        0        0        0
 2110.000000      941      941        1        0      941        0      762      760      120     2105        0        0        0
 2111.000000      941      941        1        0      941        0      760      758      124     2110        0        0        0
 2112.000000      944      944        1        0      944        0      766      763      117     2120        0        0        0
 2113.000000      941      941        1        0      941        0      758      755      128     2112        0        0        0
 2114.000000      943      943        1        0      943        0      757      755      130     2117        0        0        0
 2115.000000      946      946        1        0      946        0      768      764      118     2101        0        0        0
 2116.000000      949      949        1        0      949        0      760      757      134     2110        0        0        0
 2117.000000      944      944        1        0      944        0      749      744      132     2127        0        0        0
 2118.000000      949      949        1        0      949        0      750      747      139     2114        0        0        0
 2119.000000      950      950        1        0      950        0      760      754      130     2114        0        0        0
 2120.000000      958      958        1        0      958        0      754      749      128     2097        0        0        0
 2121.000000      957      957        1        0      957        0      748      746      122     2105        0        0        0
 2122.000000      954      954        1        0      954        0      741      739      120     2104        0        0        0
 2123.000000      954      954        1        0      954        0      751      748      132     2120        0        0        0
 2124.000000      957      957        1        0      957        0      760      756      128     2106        0        0        0
 2125.000000      972      972        1        0      972        0      756      752      122     2114        0        0        0
 2126.000000      959      959        1        0      959        0      749      748      126     2109        0        0        0
 2127.000000      964      964        1        0      964        0      765      759      111     2100        0        0        0
 2128.000000      957      957        1        0      957        0      746      741      124     2097        0        0        0
 2129.000000      954      954        1        0      954        0      733      730      122     2124        0        0        0
 2130.000000      955      955        1        0      955        0      742      739      127     2104        0        0        0
 2131.000000      960      960        1        0      960        0      740      738      121     2106        0        0        0
 2132.000000      954      954        1        0      954        0      746      743      132     2100        0        0        0
 2133.000000      954      954        1        0      954        0      754      752      121     2124        0        0        0
 2134.000000      957      957        1        0      957        0      763      758      108     2111        0        0        0
 2135.000000      954      954        1        0      954        0      750      744      119     2133        0        0        0
 2136.000000      961      961        1        0      961        0      738      735      128     2113        0        0        0
 2137.000000      949      949        1        0      949        0      747      742      127     2117        0        0        0
 2138.000000      952      952        1        0      952        0      747      747      117     2104        0        0        0
 2139.000000      957      957        1        0      957        0      748      747      114     2149        0        0        0
 2140.000000      952      952        1        0      952        0      751      748      125     2121        0        0        0
 2141.000000      961      961        1        0      961        0      754      751      121     2106        0        0        0
 2142.000000      960      960        1        0      960        0      757      754      127     2115        0        0        0
 2143.000000      955      955        1        0      955        0      755      750      124     2118        0        0        0
 2144.000000      957      957        1        0      957        0      740      737      122     2125        0        0        0
 2145.000000      966      966        1        0      966        0      755      752      132     2134        0        0        0
 2146.000000      957      957        1        0      957        0      747      745      122     2122        0        0        0
 2147.000000      967      967        1        0      967        0      767      764      115     2126        0        0        0
 2148.000000      957      957        1        0      957        0      760      760      120     2137        0        0        0
 2149.000000      949      949        1        0      949        0      760      755      117     2121        0        0        0
 2150.000000      957      957        1        0      957        0      745      742      124     2105        0        0        0
 2151.000000      960      960        1        0      960        0      741      739      130     2109        0        0        0
 2152.000000      952      952        1        0      952        0      759      752      133     2091        0        0        0
 2153.000000      974      974        1        0      974        0      749      743      147     2136        0        0        0
 2154.000000      976      976        1       19      957        0      759      756      136     2117        0        0        0
 2155.000000      945      945        1        0      945        0      748      745      126     2126        0        0        0
 2156.000000      971      971        1       15      956        0      754      748      133     2110        0        0        0
 2157.000000      956      956        1       14      942        0      758      755      125     2117        0        0        0
 2158.000000      966      966        1        0      966        0      751      748      134     2138        0        0        0
 2159.000000      960      960        1        0      960        0      758      750      134     2152        0        0        0
 2160.000000      977      977        1       18      959        0      755      744      123     2129        0        0        0
 2161.000000      981      981        1       19      962        0      759      750      122     2140        0        0        0
 2162.000000      964      964        1        0      964        0      765      756      124     2135        0        0        0
 2163.000000      965      965        1        0      965        0      757      755      134     2117        0        0        0
 2164.000000      970      970        1       19      951        0      755      750      126     2145        0        0        0
 2165.000000      974      974        1       14      960        0      750      749      122     2134        0        0        0
 2166.000000      960      960        1       14      946        0      753      749      123     2132        0        0        0
 2167.000000      961      961        1        0      961        0      743      741      137     2148        0        0        0
 2168.000000      967      967        1        0      967        0      746      744      124     2138        0        0        0
 2169.000000      970      970        1       14      956        0      742      739      136     2121        0        0        0
 2170.000000      952      952        1        0      952        0      753      749      129     2141        0        0        0
 2171.000000      953      953        1        0      953        0      755      748      128     2114        0        0        0
 2172.000000      965      965        1       14      951        0      727      720      125     2119        0        0        0
 2173.000000      962      962        1       19      943        0      745      741      125     2133        0        0        0
 2174.000000      969      969        1        0      969        0      742      742      124     2133        0        0        0
 2175.000000      965      965        1        0      965        0      744      740      131     2124        0        0        0
 2176.000000      956      956        1        0      956        0      750      745      125     2100        0        0        0
 2177.000000      959      959        1        0      959        0      757      750      127     2127        0        0        0
 2178.000000      957      957        1        0      957        0      751      750      130     2130        0        0        0
 2179.000000      974      974        1        0      974        0      743      737      133     2136        0        0        0
 2180.000000      953      953        1        0      953        0      759      754      127     2104        0        0        0
 2181.000000      964      964        1        0      964        0      755      748      124     2111        0        0        0
 2182.000000      969      969        1        0      969        0      745      741      135     2104        0        0        0
 2183.000000      964      964        1        0      964        0      748      744      125     2111        0        0        0
 2184.000000      965      965        1        0      965        0      753      748      139     2119        0        0        0
 2185.000000      970      970        1        0      970        0      743      740      141     2117        0        0        0
 2186.000000      962      962        1        0      962        0      737      731      143     2119        0        0        0
 2187.000000      977      977        1        0      977        0      754      748      141     2109        0        0        0
 2188.000000      978      978        1        0      978        0      759      756      131     2124        0        0        0
 2189.000000      978      978        1        0      978        0      741      740      133     2112        0        0        0
 2190.000000      983      983        1        0      983        0      748      746      123     2114        0        0        0
 2191.000000      999      999        1        0      999        0      747      742      140     2116        0        0        0
 2192.000000      976      976        1        0      976        0      756      755      136     2111        0        0        0
 2193.000000      988      988        1        0      988        0      737      736      148     2121        0        0        0
 2194.000000      972      972        1        0      972        0      755      751      146     2127        0        0        0
 2195.000000     1005     1005        1        0     1005        0      756      751      127     2124        0        0        0
 2196.000000      980      980        1        0      980        0      751      747      125     2141        0        0        0
 2197.000000      976      976        1        0      976        0      753      750      130     2139        0        0        0
 2198.000000      963      963        1        0      963        0      762      760      121     2124        0        0        0
 2199.000000      971      971        1        0      971        0      748      744      134     2102        0        0        0
 2200.000000      976      976        1        0      976        0      754      750      129     2129        0        0        0
 2201.000000      975      975        1        0      975        0      769      766      121     2129        0        0        0
 2202.000000      971      971        1        0      971        0      761      754      140     2118        0        0        0
 2203.000000      975      975        1        0      975        0      752      747      127     2109        0        0        0
 2204.000000      973      973        1        0      973        0      765      764      125     2108        0        0        0
 2205.000000      974      974        1        0      974        0      753      749      124     2086        0        0        0
 2206.000000      973      973        1        0      973        0      748      744      132     2108        0        0        0
 2207.000000      970      970        1        0      970        0      751      743      138     2086        0        0        0
 2208.000000      984      971        2        0      984        0      749      745      128     2099        0        0        0
 2209.000000      999      999        1        0      999        0      754      750      130     2097        0        0        0
 2210.000000      976      963        2        0      976        0      746      740      126     2117        0        0        0
 2211.000000      991      960        3       18      973        0      744      742      144     2103        0        0        0
 2212.000000      971      971        1        0      971        0      745      739      141     2114        0        0        0
 2213.000000      968      968        1        0      968        0      747      741      149     2086        0        0        0
 2214.000000      972      972        1        0      972        0      760      756      123     2088        0        0        0
 2215.000000      949      949        1        0      949        0      743      738      125     2089        0        0        0
 2216.000000      966      966        1        0      966        0      742      733      144     2094        0        0        0
 2217.000000      967      967        1        0      967        0      751      744      139     2114        0        0        0
 2218.000000      982      982        1        0      982        0      760      750      114     2133        0        0        0
 2219.000000      990      990        1        0      990        0      754      751      136     2134        0        0        0
 2220.000000      978      978        1        0      978        0      748      741      136     2118        0        0        0
 2221.000000      971      971        1        0      971        0      742      737      135     2117        0        0        0
 2222.000000      969      969        1        0      969        0      744      741      124     2112        0        0        0
 2223.000000      973      973        1        0      973        0      750      749      135     2134        0        0        0
 2224.000000      972      972        1        0      972        0      745      733      127     2096        0        0        0
 2225.000000      970      970        1        0      970        0      753      749      140     2116        0        0        0
 2226.000000      958      958        1        0      958        0      756      749      129     2112        0        0        0
 2227.000000      974      974        1        0      974        0      752      749      125     2140        0        0        0
 2228.000000      976      976        1        0      976        0      763      760      122     2144        0        0        0
 2229.000000      975      975        1        0      975        0      750      743      132     2106        0        0        0
 2230.000000      976      976        1        0      976        0      764      761      130     2124        0        0        0
 2231.000000      970      970        1        0      970        0      753      750      129     2092        0        0        0
 2232.000000      968      968        1        0      968        0      757      750      130     2110        0        0        0
 2233.000000      956      956        1        0      956        0      749      743      134     2109        0        0        0
 2234.000000      967      967        1        0      967        0      750      746      122     2117        0        0        0
 2235.000000      969      969        1        0      969        0      760      753      136     2132        0        0        0
 2236.000000      996      996        1        0      996        0      759      756      132     2110        0        0        0
 2237.000000      973      973        1        0      973        0      756      750      123     2130        0        0        0
 2238.000000      971      971        1        0      971        0      772      764      117     2125        0        0        0
 2239.000000      968      968        1        0      968        0      756      752      127     2121        0        0        0
 2240.000000      969      969        1        0      969        0      767      763      133     2122        0        0        0
 2241.000000      969      969        1        0      969        0      756      750      135     2113        0        0        0
 2242.000000      972      972        1        0      972        0      764      755      145     2138        0        0        0
 2243.000000      976      976        1        0      976        0      752      749      137     2119        0        0        0
 2244.000000      977      977        1        0      977        0      760      756      139     2115        0        0        0
 2245.000000      946      946        1        0      946        0      755      754      122     2101        0        0        0
 2246.000000      972      972        1        0      972        0      759      756      133     2117        0        0        0
 2247.000000      957      957        1        0      957        0      771      768      125     2128        0        0        0
 2248.000000      961      961        1        0      961        0      756      750      139     2118        0        0        0
 2249.000000      964      964        1        0      964        0      757      754      133     2134        0        0        0
 2250.000000      978      978        1        0      978        0      755      749      139     2138        0        0        0
 2251.000000      972      972        1        0      972        0      749      747      137     2132        0        0        0
 2252.000000      972      972        1        0      972        0      741      739      125     2132        0        0        0
 2253.000000      993      975        2       18      975        0      772      767      130     2162        0        0        0
 2254.000000      988      970        2       18      970        0      750      743      134     2138        0        0        0
 2255.000000      955      955        1        0      955        0      759      756      127     2125        0        0        0
 2256.000000      950      950        1        0      950        0      764      759      128     2162        0        0        0
 2257.000000      944      944        1        0      944        0      757      752      136     2127        0        0        0
 2258.000000      962      962        1        0      962        0      758      754      124     2141        0        0        0
 2259.000000      961      961        1        0      961        0      748      747      126     2121        0        0        0
 2260.000000      962      962        1        0      962        0      750      743      146     2143        0        0        0
 2261.000000      952      952        1        0      952        0      750      745      133     2125        0        0        0
 2262.000000      970      970        1        0      970        0      747      744      138     2122        0        0        0
 2263.000000      967      967        1        0      967        0      764      759      121     2138        0        0        0
 2264.000000      987      987        1        0      987        0      764      755      136     2155        0        0        0
 2265.000000      977      977        1        0      977        0      765      761      138     2149        0        0        0
 2266.000000      976      976        1        0      976        0      772      768      130     2139        0        0        0
 2267.000000      982      982        1        0      982        0      757      751      154     2146        0        0        0
 2268.000000      986      986        1        0      986        0      768      766      136     2153        0        0        0
 2269.000000      964      964        1        0      964        0      764      763      129     2144        0        0        0
 2270.000000      980      980        1        0      980        0      769      765      139     2155        0        0        0
 2271.000000      982      982        1        0      982        0      759      755      130     2153        0        0        0
 2272.000000     1000      982        2       18      982        0      764      760      125     2171        0        0        0
 2273.000000      986      986        1        0      986        0      762      760      116     2155        0        0        0
 2274.000000      973      973        1        0      973        0      761      758      117     2147        0        0        0
 2275.000000      977      977        1        0      977        0      761      758      118     2157        0        0        0
 2276.000000      982      982        1        0      982        0      755      752      129     2157        0        0        0
 2277.000000      968      968        1        0      968        0      764      762      126     2166        0        0        0
 2278.000000      963      963        1        0      963        0      745      742      129     2140        0        0        0
 2279.000000      966      966        1        0      966        0      755      752      128     2151        0        0        0
 2280.000000      969      969        1        0      969        0      763      762      122     2155        0        0        0
 2281.000000      980      980        1        0      980        0      757      754      137     2129        0        0        0
 2282.000000      970      970        1        0      970        0      762      760      126     2164        0        0        0
 2283.000000      978      978        1        0      978        0      771      768      122     2151        0        0        0
 2284.000000      972      972        1        0      972        0      757      754      125     2198        0        0        0
 2285.000000      979      979        1        0      979        0      759      757      122     2155        0        0        0
 2286.000000      968      968        1        0      968        0      754      751      133     2147        0        0        0
 2287.000000      969      969        1        0      969        0      768      765      140     2162        0        0        0
 2288.000000      971      971        1        0      971        0      748      747      115     2127        0        0        0
 2289.000000      972      972        1        0      972        0      772      770      132     2143        0        0        0
 2290.000000      970      970        1        0      970        0      764      761      130     2132        0        0        0
 2291.000000      968      968        1        0      968        0      757      756      122     2115        0        0        0
 2292.000000      951      951        1        0      951        0      770      766      127     2126        0        0        0
 2293.000000      947      947        1        0      947        0      758      754      118     2128        0        0        0
 2294.000000      964      964        1        0      964        0      747      746      124     2115        0        0        0
 2295.000000      981      981        1        0      981        0      749      747      147     2157        0        0        0
 2296.000000      969      969        1        0      969        0      768      766      123     2141        0        0        0
 2297.000000      973      973        1        0      973        0      757      755      131     2143        0        0        0
 2298.000000      968      968        1        0      968        0      759      759      143     2144        0        0        0
 2299.000000      972      972        1        0      972        0      750      748      130     2155        0        0        0
 2300.000000      968      968        1        0      968        0      750      748      148     2139        0        0        0
 2301.000000      968      968        1        0      968        0      758      756      124     2131        0        0        0
 2302.000000      970      970        1        0      970        0      748      746      131     2145        0        0        0
 2303.000000      943      943        1        0      943        0      754      752      124     2130        0        0        0
 2304.000000      965      965        1        0      965        0      745      744      138     2152        0        0        0
 2305.000000      967      967        1        0      967        0      760      754      117     2150        0        0        0
 2306.000000      957      957        1        0      957        0      751      744      127     2142        0        0        0
 2307.000000      948      948        1        0      948        0      743      739      132     2111        0        0        0
 2308.000000      952      952        1        0      952        0      764      763      125     2152        0        0        0
 2309.000000      979      979        1        0      979        0      768      765      132     2130        0        0        0
 2310.000000      979      979        1        0      979        0      761      759      136     2132        0        0        0
 2311.000000      978      978        1        0      978        0      764      762      119     2147        0        0        0
 2312.000000      977      977        1        0      977        0      761      759      129     2137        0        0        0
 2313.000000      980      980        1        0      980        0      757      755      132     2136        0        0        0
 2314.000000      961      961        1        0      961        0      768      764      131     2135        0        0        0
 2315.000000      964      964        1        0      964        0      758      756      125     2139        0        0        0
 2316.000000      953      953        1        0      953        0      764      763      124     2139        0        0        0
 2317.000000      953      953        1        0      953        0      767      765      123     2123        0        0        0
 2318.000000      966      953        2        0      966        0      770      768      122     2135        0        0        0
 2319.000000      954      954        1        0      954        0      758      756      123     2118        0        0        0
 2320.000000      954      954        1        0      954        0      766      763      116     2111        0        0        0
 2321.000000      949      949        1        0      949        0      772      769      116     2105        0        0        0
 2322.000000      962      962        1        0      962        0      757      754      125     2119        0        0        0
 2323.000000      966      966        1        0      966        0      741      738      132     2112        0        0        0
 2324.000000      949      949        1        0      949        0      757      753      129     2119        0        0        0
 2325.000000      956      956        1        0      956        0      772      767      126     2118        0        0        0
 2326.000000      956      956        1        0      956        0      777      774      110     2104        0        0        0
 2327.000000      970      958        2        0      970        0      760      759      126     2135        0        0        0
 2328.000000      956      956        1        0      956        0      761      758      129     2115        0        0        0
 2329.000000      956      956        1        0      956        0      766      763      132     2123        0        0        0
 2330.000000      950      950        1        0      950        0      757      756      120     2122        0        0        0
 2331.000000      950      950        1        0      950        0      771      763      140     2131        0        0        0
 2332.000000      974      974        1        0      974        0      773      771      122     2136        0        0        0
 2333.000000      972      972        1        0      972        0      782      779      127     2129        0        0        0
 2334.000000      959      959        1        0      959        0      779      776      119     2132        0        0        0
 2335.000000      957      957        1        0      957        0      764      760      128     2109        0        0        0
 2336.000000      962      962        1        0      962        0      787      786      107     2142        0        0        0
 2337.000000      980      980        1        0      980        0      785      781      118     2154        0        0        0
 2338.000000      969      969        1        0      969        0      765      760      133     2148        0        0        0
 2339.000000      966      966        1        0      966        0      778      776      131     2119        0        0        0
 2340.000000      964      964        1        0      964        0      749      744      139     2117        0        0        0
 2341.000000      956      956        1        0      956        0      771      764      120     2121        0        0        0
 2342.000000      956      956        1        0      956        0      776      773      118     2123        0        0        0
 2343.000000      962      962        1        0      962        0      777      771      118     2132        0        0        0
 2344.000000      957      957        1        0      957        0      775      773      122     2143        0        0        0
 2345.000000      962      962        1        0      962        0      766      763      133     2133        0        0        0
 2346.000000      960      960        1        0      960        0      761      759      125     2111        0        0        0
 2347.000000      960      960        1        0      960        0      761      761      119     2117        0        0        0
 2348.000000      962      962        1        0      962        0      770      767      115     2121        0        0        0
 2349.000000      955      955        1        0      955        0      766      763      125     2115        0        0        0
 2350.000000      961      961        1        0      961        0      766      763      118     2138        0        0        0
 2351.000000      960      960        1        0      960        0      764      756      139     2114        0        0        0
 2352.000000      961      961        1        0      961        0      781      776      115     2145        0        0        0
 2353.000000      961      961        1        0      961        0      770      762      129     2111        0        0        0
 2354.000000      959      959        1        0      959        0      767      764      136     2144        0        0        0
 2355.000000      961      961        1        0      961        0      771      764      132     2124        0        0        0
 2356.000000      961      961        1        0      961        0      764      762      127     2132        0        0        0
 2357.000000      960      960        1        0      960        0      774      773      121     2152        0        0        0
 2358.000000      960      960        1        0      960        0      774      772      119     2147        0        0        0
 2359.000000      956      956        1        0      956        0      778      778      115     2143        0        0        0
 2360.000000      948      948        1        0      948        0      782      778      120     2144        0        0        0
 2361.000000      963      951        2        0      963        0      759      754      130     2154        0        0        0
 2362.000000      958      958        1        0      958        0      772      771      123     2159        0        0        0
 2363.000000      958      958        1        0      958        0      760      758      131     2164        0        0        0
 2364.000000      957      957        1        0      957        0      766      764      122     2136        0        0        0
 2365.000000      972      972        1        0      972        0      763      762      120     2131        0        0        0
 2366.000000      965      965        1        0      965        0      756      752      129     2133        0        0        0
 2367.000000      960      960        1        0      960        0      763      759      134     2123        0        0        0
 2368.000000      956      956        1        0      956        0      769      767      124     2149        0        0        0
 2369.000000      956      956        1        0      956        0      756      754      123     2144        0        0        0
 2370.000000      950      950        1        0      950        0      763      760      126     2140        0        0        0
 2371.000000      977      977        1        0      977        0      761      754      122     2155        0        0        0
 2372.000000      980      980        1        0      980        0      772      767      131     2148        0        0        0
 2373.000000      975      975        1        0      975        0      765      757      129     2173        0        0        0
 2374.000000      975      975        1        0      975        0      774      768      138     2148        0        0        0
 2375.000000      974      974        1        0      974        0      770      764      137     2135        0        0        0
 2376.000000      978      978        1        0      978        0      765      758      140     2150        0        0        0
 2377.000000      969      969        1        0      969        0      769      763      134     2139        0        0        0
 2378.000000      973      973        1        0      973        0      758      752      144     2178        0        0        0
 2379.000000      985      985        1        0      985        0      769      764      139     2132        0        0        0
 2380.000000      982      982        1        0      982        0      775      771      123     2139        0        0        0
 2381.000000      981      981        1        0      981        0      762      760      121     2127        0        0        0
 2382.000000      993      993        1        0      993        0      771      765      132     2121        0        0        0
 2383.000000      973      973        1        0      973        0      764      764      126     2112        0        0        0
 2384.000000      973      973        1        0      973        0      776      770      123     2122        0        0        0
 2385.000000      981      981        1        0      981        0      772      770      130     2127        0        0        0
 2386.000000      981      981        1        0      981        0      756      755      134     2121        0        0        0
 2387.000000      990      990        1       14      976        0      769      767      118     2127        0        0        0
 2388.000000      978      978        1        0      978        0      791      787      125     2147        0        0        0
 2389.000000      985      985        1        0      985        0      779      777      125     2146        0        0        0
 2390.000000      982      982        1        0      982        0      774      769      137     2160        0        0        0
 2391.000000     1013     1013        1       14      999        0      768      766      130     2129        0        0        0
 2392.000000     1008     1008        1       14      994        0      775      769      135     2140        0        0        0
 2393.000000      983      983        1        0      983        0      765      761      135     2152        0        0        0
 2394.000000      978      978        1        0      978        0      767      761      131     2167        0        0        0
 2395.000000      977      977        1        0      977        0      769      764      140     2146        0        0        0
 2396.000000      979      979        1        0      979        0      788      783      127     2132        0        0        0
 2397.000000      979      979        1        0      979        0      782      775      133     2130        0        0        0
 2398.000000      979      979        1        0      979        0      760      757      125     2127        0        0        0
 2399.000000      983      983        1        0      983        0      764      760      128     2149        0        0        0
 2400.000000      982      982        1        0      982        0      771      764      129     2161        0        0        0
 2401.000000      997      997        1       14      983        0      761      758      118     2153        0        0        0
 2402.000000      980      980        1        0      980        0      772      769      129     2114        0        0        0
 2403.000000      975      975        1        0      975        0      763      754      148     2159        0        0        0
 2404.000000     1009     1009        1       15      994        0      782      774      136     2151        0        0        0
 2405.000000      989      989        1        0      989        0      770      764      138     2141        0        0        0
 2406.000000      965      965        1        0      965        0      764      757      132     2127        0        0        0
 2407.000000     1000     1000        1        0     1000        0      769      764      126     2146        0        0        0
 2408.000000      995      995        1        0      995        0      780      776      135     2165        0        0        0
 2409.000000      994      994        1        0      994        0      775      770      129     2136        0        0        0
 2410.000000      985      985        1        0      985        0      770      763      130     2144        0        0        0
 2411.000000      997      997        1        0      997        0      771      765      140     2155        0        0        0
 2412.000000      996      996        1        0      996        0      785      779      131     2128        0        0        0
 2413.000000      975      975        1        0      975        0      790      784      142     2152        0        0        0
 2414.000000      985      985        1        0      985        0      771      768      128     2145        0        0        0
 2415.000000      994      994        1        0      994        0      771      768      131     2150        0        0        0
 2416.000000      996      996        1        0      996        0      778      774      124     2133        0        0        0
 2417.000000      971      971        1        0      971        0      767      764      118     2121        0        0        0
 2418.000000      973      973        1        0      973        0      775      771      131     2120        0        0        0
 2419.000000      970      970        1        0      970        0      776      773      120     2146        0        0        0
 2420.000000      971      971        1        0      971        0      779      774      128     2119        0        0        0
 2421.000000      972      972        1        0      972        0      777      775      111     2118        0        0        0
 2422.000000      965      965        1        0      965        0      773      769      118     2106        0        0        0
 2423.000000      975      975        1        0      975        0      778      776      117     2119        0        0        0
 2424.000000      970      970        1        0      970        0      783      776      114     2124        0        0        0
 2425.000000      993      993        1        0      993        0      776      774      118     2105        0        0        0
 2426.000000      995      995        1        0      995        0      792      788      122     2144        0        0        0
 2427.000000     1010     1010        1        0     1010        0      779      777      119     2125        0        0        0
 2428.000000     1001     1001        1        0     1001        0      779      771      132     2123        0        0        0
 2429.000000      977      977        1        0      977        0      770      768      122     2123        0        0        0
 2430.000000      981      981        1        0      981        0      774      772      120     2111        0        0        0
 2431.000000      978      978        1        0      978        0      771      767      122     2105        0        0        0
 2432.000000      982      982        1        0      982        0      783      778      127     2119        0        0        0
 2433.000000      977      977        1        0      977        0      777      771      125     2105        0        0        0
 2434.000000     1008     1008        1        0     1008        0      788      785      118     2123        0        0        0
 2435.000000      973      973        1        0      973        0      760      759      119     2093        0        0        0
 2436.000000      974      974        1        0      974        0      776      768      123     2119        0        0        0
 2437.000000      981      981        1        0      981        0      773      772      126     2130        0        0        0
 2438.000000      975      975        1        0      975        0      778      776      125     2117        0        0        0
 2439.000000      987      987        1        0      987        0      775      772      116     2124        0        0        0
 2440.000000      977      977        1        0      977        0      767      762      129     2120        0        0        0
 2441.000000      980      980        1        0      980        0      792      790      117     2148        0        0        0
 2442.000000      983      983        1        0      983        0      790      788      122     2135        0        0        0
 2443.000000      983      983        1        0      983        0      786      785      105     2122        0        0        0
 2444.000000     1007     1007        1        0     1007        0      765      763      127     2159        0        0        0
 2445.000000     1005     1005        1        0     1005        0      779      777      126     2123        0        0        0
 2446.000000      981      981        1        0      981        0      769      766      128     2115        0        0        0
 2447.000000      986      986        1        0      986        0      766      761      133     2134        0        0        0
 2448.000000     1000     1000        1        0     1000        0      777      775      128     2137        0        0        0
 2449.000000      997      997        1        0      997        0      776      773      115     2154        0        0        0
 2450.000000      989      989        1        0      989        0      785      780      128     2149        0        0        0
 2451.000000      992      992        1        0      992        0      773      769      140     2148        0        0        0
 2452.000000      986      986        1        0      986        0      758      754      137     2147        0        0        0
 2453.000000     1004     1004        1        0     1004        0      777      776      123     2149        0        0        0
 2454.000000      993      993        1        0      993        0      761      756      140     2148        0        0        0
 2455.000000      997      997        1        0      997        0      773      768      136     2173        0        0        0
 2456.000000      994      994        1        0      994        0      786      785      121     2137        0        0        0
 2457.000000     1003     1003        1        0     1003        0      779      777      134     2160        0        0        0
 2458.000000      989      989        1        0      989        0      777      774      115     2159        0        0        0
 2459.000000      992      992        1        0      992        0      765      762      131     2152        0        0        0
 2460.000000     1022     1022        1        0     1022        0      773      770      119     2170        0        0        0
 2461.000000      990      990        1        0      990        0      784      782      129     2170        0        0        0
 2462.000000     1013     1013        1        0     1013        0      766      761      131     2167        0        0        0
 2463.000000      990      990        1        0      990        0      773      770      115     2135        0        0        0
 2464.000000      990      990        1        0      990        0      780      777      131     2118        0        0        0
 2465.000000      992      992        1        0      992        0      789      788      120     2145        0        0        0
 2466.000000      998      998        1        0      998        0      772      770      130     2128        0        0        0
 2467.000000     1010     1010        1        0     1010        0      772      769      132     2153        0        0        0
 2468.000000     1011     1011        1        0     1011        0      781      778      116     2166        0        0        0
 2469.000000      989      989        1        0      989        0      764      761      127     2150        0        0        0
 2470.000000      986      986        1        0      986        0      766      764      122     2146        0        0        0
 2471.000000      991      991        1        0      991        0      773      770      124     2139        0        0        0
 2472.000000     1004     1004        1        0     1004        0      782      780      120     2137        0        0        0
 2473.000000     1001     1001        1        0     1001        0      774      769      125     2145        0        0        0
 2474.000000      991      991        1        0      991        0      790      788      118     2146        0        0        0
 2475.000000     1033     1033        1        0     1033        0      791      788      102     2164        0        0        0
 2476.000000     1017     1017        1        0     1017        0      781      773      119     2134        0        0        0
 2477.000000     1017     1017        1        0     1017        0      776      772      127     2146        0        0        0
 2478.000000     1042     1042        1        0     1042        0      780      776      109     2163        0        0        0
 2479.000000     1018     1018        1        0     1018        0      781      777      121     2145        0        0        0
 2480.000000     1032     1032        1        0     1032        0      778      772      124     2150        0        0        0
 2481.000000     1028     1028        1        0     1028        0      785      783      120     2133        0        0        0
 2482.000000     1033     1033        1        0     1033        0      786      782      118     2139        0        0        0
 2483.000000     1017     1017        1        0     1017        0      775      769      141     2138        0        0        0
 2484.000000     1037     1037        1        0     1037        0      777      774      131     2148        0        0        0
 2485.000000     1040     1040        1        0     1040        0      777      773      128     2145        0        0        0
 2486.000000     1006     1006        1        0     1006        0      772      770      124     2128        0        0        0
 2487.000000     1030     1030        1        0     1030        0      789      786      110     2137        0        0        0
 2488.000000     1027     1027        1        0     1027        0      789      787      118     2143        0        0        0
 2489.000000     1000     1000        1        0     1000        0      772      771      123     2165        0        0        0
 2490.000000     1037     1037        1        3     1022       12      773      771      121     2155        0        0        0
 2491.000000     1016     1016        1        0     1016        0      768      765      129     2137        0        0        0
 2492.000000     1026     1026        1       10     1010        6      788      782      123     2153        0        0        0
 2493.000000      996      996        1        0      996        0      779      778      114     2155        0        0        0
 2494.000000     1003     1003        1        0     1003        0      774      772      112     2137        0        0        0
 2495.000000      997      997        1        0      997        0      764      761      123     2144        0        0        0
 2496.000000      997      997        1        0      997        0      769      764      127     2139        0        0        0
 2497.000000     1005     1005        1        0     1005        0      767      765      132     2159        0        0        0
 2498.000000     1004     1004        1        0     1004        0      773      769      125     2141        0        0        0
 2499.000000     1002     1002        1        0     1002        0      783      782      115     2132        0        0        0
 2500.000000     1009     1009        1        0     1009        0      777      774      115     2155        0        0        0
 2501.000000      997      997        1        0      997        0      780      774      117     2150        0        0        0
 2502.000000      997      997        1        0      997        0      786      785      121     2134        0        0        0
 2503.000000     1004     1004        1        0     1004        0      791      790      118     2129        0        0        0
 2504.000000     1005     1005        1        0     1005        0      788      786      129     2152        0        0        0
 2505.000000     1006     1006        1        0     1006        0      783      781      127     2152        0        0        0
 2506.000000     1005     1005        1        0     1005        0      777      776      119     2155        0        0        0
 2507.000000     1009     1009        1        0     1009        0      790      788      123     2161        0        0        0
 2508.000000     1015     1015        1        0     1015        0      776      774      117     2145        0        0        0
 2509.000000     1002     1002        1        0     1002        0      772      768      124     2122        0        0        0
 2510.000000      989      989        1        0      989        0      779      777      120     2119        0        0        0
 2511.000000      997      997        1        0      997        0      774      771      120     2152        0        0        0
 2512.000000      998      998        1        0      998        0      771      769      125     2175        0        0        0
 2513.000000     1009     1009        1        0     1009        0      777      775      126     2157        0        0        0
 2514.000000     1004     1004        1        0     1004        0      761      758      122     2131        0        0        0
 2515.000000     1012     1012        1        0     1012        0      776      772      123     2132        0        0        0
 2516.000000     1005     1005        1        0     1005        0      785      784      108     2144        0        0        0
 2517.000000      997      997        1        0      997        0      776      773      132     2171        0        0        0
 2518.000000      994      994        1        0      994        0      770      767      129     2184        0        0        0
 2519.000000      997      997        1        0      997        0      791      791      124     2141        0        0        0
 2520.000000      993      993        1        0      993        0      785      784      117     2164        0        0        0
 2521.000000      996      996        1        0      996        0      779      779      121     2156        0        0        0
 2522.000000      999      999        1        0      999        0      784      781      128     2140        0        0        0
 2523.000000     1001     1001        1        0     1001        0      771      768      128     2140        0        0        0
 2524.000000      997      997        1        0      997        0      768      766      129     2138        0        0        0
 2525.000000      992      992        1        0      992        0      783      778      118     2141        0        0        0
 2526.000000     1002     1002        1        0     1002        0      782      778      125     2118        0        0        0
 2527.000000     1009     1009        1        0     1009        0      784      780      131     2146        0        0        0
 2528.000000     1008     1008        1        0     1008        0      786      779      132     2118        0        0        0
 2529.000000     1018     1018        1        0     1018        0      772      766      140     2143        0        0        0
 2530.000000      996      996        1        0      996        0      762      761      139     2139        0        0        0
 2531.000000      994      994        1        0      994        0      762      758      123     2140        0        0        0
 2532.000000      996      996        1        0      996        0      767      765      132     2116        0        0        0
 2533.000000      998      998        1        0      998        0      782      776      131     2134        0        0        0
 2534.000000      999      999        1        0      999        0      765      759      131     2153        0        0        0
 2535.000000      996      996        1        0      996        0      773      769      122     2130        0        0        0
 2536.000000     1006     1006        1        0     1006        0      780      774      136     2168        0        0        0
 2537.000000      998      998        1        0      998        0      782      775      122     2159        0        0        0
 2538.000000      991      991        1        0      991        0      765      758      126     2137        0        0        0
 2539.000000      989      989        1        0      989        0      787      782      132     2163        0        0        0
 2540.000000     1002     1002        1        0     1002        0      779      775      125     2164        0        0        0
 2541.000000      993      993        1        0      993        0      782      780      115     2128        0        0        0
 2542.000000      993      993        1        0      993        0      772      766      127     2145        0        0        0
 2543.000000      986      986        1        0      986        0      780      776      129     2127        0        0        0
 2544.000000      984      984        1        0      984        0      781      777      110     2133        0        0        0
 2545.000000      989      989        1        0      989        0      777      771      129     2152        0        0        0
 2546.000000      989      989        1        0      989        0      784      782      122     2151        0        0        0
 2547.000000      992      992        1        0      992        0      768      766      133     2127        0        0        0
 2548.000000      989      989        1        0      989        0      779      777      125     2146        0        0        0
 2549.000000      986      986        1        0      986        0      777      774      107     2112        0        0        0
 2550.000000      986      986        1        0      986        0      775      773      122     2141        0        0        0
 2551.000000      987      987        1        0      987        0      772      771      125     2133        0        0        0
 2552.000000      999      999        1        0      999        0      764      762      137     2146        0        0        0
 2553.000000      987      987        1        0      987        0      775      773      128     2138        0        0        0
 2554.000000      993      993        1        0      993        0      788      785      119     2150        0        0        0
 2555.000000      988      988        1        0      988        0      779      777      136     2151        0        0        0
 2556.000000      985      985        1        0      985        0      785      782      121     2151        0        0        0
 2557.000000      989      989        1        0      989        0      776      773      115     2145        0        0        0
 2558.000000      991      991        1        0      991        0      779      774      137     2159        0        0        0
 2559.000000      985      985        1        0      985        0      774      772      127     2145        0        0        0
 2560.000000      991      991        1        0      991        0      788      785      112     2158        0        0        0
 2561.000000      992      992        1        0      992        0      785      781      125     2136        0        0        0
 2562.000000     1001     1001        1        0     1001        0      786      782      113     2148        0        0        0
 2563.000000      991      991        1        0      991        0      794      789      124     2146        0        0        0
 2564.000000      994      994        1        0      994        0      781      771      126     2160        0        0        0
 2565.000000      995      995        1        0      995        0      782      777      124     2150        0        0        0
 2566.000000     1007     1007        1        0     1007        0      772      771      130     2147        0        0        0
 2567.000000      994      994        1        0      994        0      781      777      117     2157        0        0        0
 2568.000000      999      999        1        0      999        0      779      778      132     2145        0        0        0
 2569.000000      995      995        1        0      995        0      784      781      126     2145        0        0        0
 2570.000000     1005     1005        1        0     1005        0      778      774      124     2142        0        0        0
 2571.000000      999      999        1        0      999        0      782      779      119     2163        0        0        0
 2572.000000     1002     1002        1        0     1002        0      788      782      120     2142        0        0        0
 2573.000000     1006     1006        1        0     1006        0      790      790      119     2167        0        0        0
 2574.000000     1008     1008        1        4      994       10      795      791      122     2158        0        0        0
 2575.000000     1023     1023        1        3     1009       11      776      772      125     2164        0        0        0
 2576.000000     1005     1005        1        4      991       10      793      790      121     2156        0        0        0
 2577.000000     1037     1037        1        4     1023       10      790      789      127     2154        0        0        0
 2578.000000     1008     1008        1        4      994       10      787      786      113     2138        0        0        0
 2579.000000     1015     1015        1        4     1001       10      785      779      129     2132        0        0        0
 2580.000000     1016     1016        1        4     1002       10      795      794      114     2157        0        0        0
 2581.000000     1012     1012        1        0     1012        0      796      793      118     2185        0        0        0
 2582.000000     1009     1009        1        4      995       10      790      786      116     2156        0        0        0
 2583.000000     1009     1009        1        4      995       10      789      787      127     2159        0        0        0
 2584.000000     1007     1007        1        4      993       10      785      783      120     2147        0        0        0
 2585.000000     1012     1012        1        4      998       10      785      782      120     2154        0        0        0
 2586.000000     1008     1008        1        0     1008        0      786      781      138     2148        0        0        0
 2587.000000     1024     1024        1        4     1010       10      794      792      124     2145        0        0        0
 2588.000000     1030     1030        1        4     1016       10      804      801      113     2171        0        0        0
 2589.000000     1027     1027        1        4     1013       10      787      785      121     2144        0        0        0
 2590.000000     1025     1011        2        4     1011       10      791      788      126     2172        0        0        0
 2591.000000     1036     1023        2        4     1022       10      795      793      136     2168        0        0        0
 2592.000000     1053     1053        1        4     1039       10      796      792      121     2174        0        0        0
 2593.000000     1055     1055        1        4     1041       10      792      790      124     2176        0        0        0
 2594.000000     1010     1010        1        4      996       10      787      783      120     2151        0        0        0
 2595.000000     1025     1025        1        4     1011       10      778      776      133     2176        0        0        0
 2596.000000     1036     1022        2        4     1022       10      791      785      127     2172        0        0        0
 2597.000000     1038     1025        2        4     1024       10      786      783      128     2175        0        0        0
 2598.000000     1024     1024        1        4     1010       10      786      783      119     2172        0        0        0
 2599.000000     1019     1019        1        4     1005       10      792      787      125     2157        0        0        0
 2600.000000     1032     1018        2       18     1004       10      797      792      133     2175        0        0        0
 2601.000000     1037     1037        1        4     1023       10      793      789      131     2179        0        0        0
 2602.000000     1016     1016        1        4     1002       10      790      785      137     2184        0        0        0
 2603.000000     1035     1023        2        4     1021       10      788      783      130     2181        0        0        0
 2604.000000     1017     1005        2        4     1003       10      777      775      128     2161        0        0        0
 2605.000000     1024     1012        2        4     1010       10      793      786      133     2160        0        0        0
 2606.000000     1026     1014        2        4     1012       10      797      790      136     2167        0        0        0
 2607.000000     1025     1013        2        4     1011       10      792      787      114     2165        0        0        0
 2608.000000     1015     1003        2        4     1001       10      793      790      120     2165        0        0        0
 2609.000000      999      999        1        4      985       10      789      783      133     2160        0        0        0
 2610.000000     1015     1003        2        4     1001       10      775      768      141     2156        0        0        0
 2611.000000     1026     1014        2        4     1012       10      791      787      122     2170        0        0        0
 2612.000000     1031     1031        1        4     1017       10      787      782      124     2155        0        0        0
 2613.000000     1003     1003        1        4      989       10      792      789      120     2165        0        0        0
 2614.000000     1019     1019        1        4     1005       10      770      769      137     2164        0        0        0
 2615.000000     1014     1014        1        4     1000       10      784      782      128     2169        0        0        0
 2616.000000     1028     1028        1        4     1014       10      781      777      137     2189        0        0        0
 2617.000000     1040     1040        1        4     1026       10      778      777      135     2182        0        0        0
 2618.000000     1042     1042        1        4     1028       10      797      795      126     2176        0        0        0
 2619.000000     1024     1024        1        4     1010       10      783      777      119     2150        0        0        0
 2620.000000      998      998        1        4      984       10      778      775      127     2168        0        0        0
 2621.000000     1013     1013        1        4      999       10      791      786      136     2173        0        0        0
 2622.000000      996      996        1        4      982       10      782      779      145     2171        0        0        0
 2623.000000      987      987        1        0      987        0      773      767      132     2172        0        0        0
 2624.000000     1023     1023        1        4     1009       10      781      775      126     2179        0        0        0
 2625.000000     1015     1015        1        4     1001       10      792      784      119     2188        0        0        0
 2626.000000     1053     1053        1        4     1039       10      778      775      130     2189        0        0        0
 2627.000000     1045     1045        1        4     1031       10      791      789      122     2166        0        0        0
 2628.000000     1049     1049        1        4     1035       10      789      782      137     2185        0        0        0
 2629.000000     1044     1044        1        4     1030       10      783      779      129     2173        0        0        0
 2630.000000     1053     1053        1        4     1039       10      799      794      125     2173        0        0        0
 2631.000000     1035     1035        1        4     1021       10      812      808      128     2175        0        0        0
 2632.000000     1036     1036        1        4     1022       10      793      792      127     2196        0        0        0
 2633.000000     1033     1033        1        4     1019       10      786      782      129     2198        0        0        0
 2634.000000     1041     1041        1        4     1027       10      771      770      137     2178        0        0        0
 2635.000000     1054     1054        1       18     1026       10      794      791      120     2176        0        0        0
 2636.000000     1044     1044        1        4     1030       10      788      783      130     2183        0        0        0
 2637.000000     1047     1047        1        4     1033       10      798      794      122     2171        0        0        0
 2638.000000     1028     1028        1        4     1014       10      782      781      124     2159        0        0        0
 2639.000000     1044     1044        1        0     1044        0      787      783      130     2165        0        0        0
 2640.000000     1047     1047        1        4     1033       10      785      777      131     2176        0        0        0
 2641.000000     1027     1027        1        4     1013       10      788      778      145     2179        0        0        0
 2642.000000     1023     1023        1        4     1009       10      769      764      123     2168        0        0        0
 2643.000000     1036     1036        1        4     1022       10      793      789      128     2162        0        0        0
 2644.000000     1031     1031        1        4     1017       10      781      778      135     2166        0        0        0
 2645.000000     1031     1031        1        4     1017       10      793      788      130     2166        0        0        0
 2646.000000     1040     1040        1        4     1026       10      795      791      120     2165        0        0        0
 2647.000000     1027     1027        1        4     1013       10      795      791      135     2173        0        0        0
 2648.000000     1029     1029        1        4     1015       10      792      790      127     2176        0        0        0
 2649.000000     1041     1041        1        4     1027       10      786      778      129     2145        0        0        0
 2650.000000     1043     1043        1        4     1029       10      787      784      136     2187        0        0        0
 2651.000000     1030     1030        1        4     1016       10      790      789      130     2179        0        0        0
 2652.000000     1017     1017        1        4     1003       10      784      782      124     2167        0        0        0
 2653.000000     1023     1023        1        4     1009       10      784      780      123     2161        0        0        0
 2654.000000     1022     1022        1        4     1008       10      783      779      120     2184        0        0        0
 2655.000000     1019     1019        1        4     1005       10      785      782      125     2165        0        0        0
 2656.000000     1028     1028        1        4     1014       10      791      786      133     2165        0        0        0
 2657.000000     1021     1021        1        4     1007       10      792      788      126     2164        0        0        0
 2658.000000     1017     1017        1        4     1003       10      781      778      129     2182        0        0        0
 2659.000000     1018     1018        1        4     1004       10      788      783      136     2199        0        0        0
 2660.000000     1019     1019        1        4     1005       10      782      778      129     2169        0        0        0
 2661.000000     1019     1019        1        4     1005       10      789      785      133     2164        0        0        0
 2662.000000     1017     1017        1        4     1003       10      782      780      138     2165        0        0        0
 2663.000000     1041     1041        1        3     1027       11      799      795      116     2187        0        0        0
 2664.000000     1016     1016        1        0     1016        0      782      776      137     2194        0        0        0
 2665.000000     1021     1021        1        4     1007       10      782      776      131     2169        0        0        0
 2666.000000     1019     1019        1        4     1005       10      782      780      126     2175        0        0        0
 2667.000000     1017     1017        1        4     1003       10      802      797      120     2180        0        0        0
 2668.000000     1025     1025        1        4     1011       10      794      790      132     2162        0        0        0
 2669.000000     1018     1018        1        4     1004       10      785      783      124     2183        0        0        0
 2670.000000     1018     1018        1        4     1004       10      793      791      131     2152        0        0        0
 2671.000000     1019     1019        1        4     1005       10      798      793      119     2174        0        0        0
 2672.000000     1019     1019        1        4     1005       10      793      789      133     2171        0        0        0
 2673.000000     1020     1020        1        4     1006       10      796      791      126     2161        0        0        0
 2674.000000      998      998        1        4      984       10      800      796      112     2163        0        0        0
 2675.000000     1030     1030        1        4     1016       10      790      782      137     2170        0        0        0
 2676.000000     1020     1020        1        4     1006       10      800      793      124     2177        0        0        0
 2677.000000     1020     1020        1        4     1006       10      800      796      132     2164        0        0        0
 2678.000000     1019     1019        1        4     1005       10      791      786      137     2182        0        0        0
 2679.000000     1020     1020        1        4     1006       10      795      790      137     2152        0        0        0
 2680.000000     1009     1009        1        4      995       10      798      792      137     2176        0        0        0
 2681.000000     1013     1013        1        4      999       10      779      773      152     2201        0        0        0
 2682.000000     1020     1020        1        4     1006       10      802      796      142     2172        0        0        0
 2683.000000     1030     1030        1        4     1016       10      798      791      147     2179        0        0        0
 2684.000000     1028     1028        1        4     1014       10      797      794      124     2186        0        0        0
 2685.000000     1032     1032        1        4     1018       10      783      780      131     2182        0        0        0
 2686.000000     1049     1036        2        4     1035       10      799      796      126     2154        0        0        0
 2687.000000     1024     1024        1        4     1010       10      770      764      140     2161        0        0        0
 2688.000000     1031     1031        1        4     1017       10      802      797      118     2159        0        0        0
 2689.000000     1022     1022        1        4     1008       10      793      789      130     2169        0        0        0
 2690.000000     1031     1031        1        4     1017       10      783      778      138     2157        0        0        0
 2691.000000     1030     1030        1        4     1016       10      803      798      117     2164        0        0        0
 2692.000000     1033     1033        1        4     1019       10      804      799      134     2150        0        0        0
 2693.000000     1029     1029        1        4     1015       10      803      797      120     2150        0        0        0
 2694.000000     1036     1036        1        4     1022       10      793      788      125     2144        0        0        0
 2695.000000     1025     1025        1        4     1011       10      789      782      128     2162        0        0        0
 2696.000000     1039     1039        1        0     1039        0      790      785      126     2161        0        0        0
 2697.000000     1017     1017        1        4     1003       10      807      801      137     2137        0        0        0
 2698.000000     1021     1021        1        4     1007       10      789      788      126     2139        0        0        0
 2699.000000     1020     1020        1        4     1006       10      790      784      117     2133        0        0        0
 2700.000000     1020     1020        1        4     1006       10      798      792      120     2128        0        0        0
 2701.000000     1019     1019        1        4     1005       10      788      783      131     2117        0        0        0
 2702.000000     1037     1037        1        0     1037        0      789      785      116     2141        0        0        0
 2703.000000     1042     1042        1        3     1028       11      791      788      130     2126        0        0        0
 2704.000000     1039     1039        1        4     1025       10      786      782      116     2133        0        0        0
 2705.000000     1043     1043        1        4     1029       10      778      777      124     2133        0        0        0
 2706.000000     1051     1051        1        3     1037       11      776      773      127     2147        0        0        0
 2707.000000     1049     1049        1        3     1035       11      780      775      131     2153        0        0        0
 2708.000000     1043     1043        1        4     1029       10      791      789      129     2138        0        0        0
 2709.000000     1047     1047        1        3     1033       11      777      776      123     2151        0        0        0
 2710.000000     1050     1050        1        3     1036       11      777      775      132     2152        0        0        0
 2711.000000     1021     1021        1        4     1007       10      799      797      121     2168        0        0        0
 2712.000000     1022     1022        1        4     1008       10      808      804      125     2168        0        0        0
 2713.000000     1019     1019        1        0     1019        0      787      785      131     2143        0        0        0
 2714.000000     1017     1017        1        0     1017        0      800      795      137     2119        0        0        0
 2715.000000     1034     1034        1        0     1020       14      797      796      113     2162        0        0        0
 2716.000000     1029     1029        1        0     1029        0      788      787      137     2159        0        0        0
 2717.000000     1023     1023        1        0     1023        0      772      767      125     2129        0        0        0
 2718.000000     1026     1026        1        0     1026        0      796      793      136     2151        0        0        0
 2719.000000     1045     1045        1        0     1045        0      781      781      124     2137        0        0        0
 2720.000000     1039     1039        1        3     1025       11      790      787      123     2142        0        0        0
 2721.000000     1021     1021        1        0     1021        0      788      783      130     2147        0        0        0
 2722.000000     1051     1051        1        0     1051        0      790      787      113     2149        0        0        0
 2723.000000     1051     1051        1        4     1037       10      786      782      125     2148        0        0        0
 2724.000000     1014     1014        1        0     1014        0      799      794      123     2144        0        0        0
 2725.000000     1029     1029        1        3     1015       11      790      789      117     2172        0        0        0
 2726.000000     1016     1016        1        0     1016        0      786      781      138     2179        0        0        0
 2727.000000     1017     1017        1        3     1003       11      794      793      119     2188        0        0        0
 2728.000000     1021     1021        1        3     1007       11      794      792      130     2169        0        0        0
 2729.000000     1017     1017        1        3     1003       11      785      781      129     2167        0        0        0
 2730.000000     1019     1019        1        4     1005       10      789      785      137     2168        0        0        0
 2731.000000     1016     1016        1        0     1016        0      779      776      134     2166        0        0        0
 2732.000000     1021     1021        1        3     1007       11      788      787      123     2199        0        0        0
 2733.000000     1031     1031        1        4     1017       10      793      790      131     2174        0        0        0
 2734.000000     1019     1019        1        0     1005       14      785      779      118     2194        0        0        0
 2735.000000     1023     1023        1        4     1009       10      795      790      122     2189        0        0        0
 2736.000000     1026     1026        1        0     1012       14      793      787      132     2195        0        0        0
 2737.000000     1026     1026        1        3     1012       11      792      787      124     2161        0        0        0
 2738.000000     1020     1020        1        5     1005       10      792      788      122     2135        0        0        0
 2739.000000     1019     1019        1        0     1019        0      791      789      129     2163        0        0        0
 2740.000000     1019     1019        1        0     1019        0      792      788      117     2151        0        0        0
 2741.000000     1017     1017        1        0     1017        0      794      790      120     2170        0        0        0
 2742.000000     1017     1017        1        0     1017        0      783      777      133     2168        0        0        0
 2743.000000     1033     1033        1       15     1018        0      783      779      135     2167        0        0        0
 2744.000000     1021     1021        1        0     1021        0      781      777      132     2154        0        0        0
 2745.000000     1025     1025        1        4     1010       11      799      791      127     2178        0        0        0
 2746.000000     1020     1020        1        0     1020        0      785      779      141     2192        0        0        0
 2747.000000     1012     1012        1        4      998       10      777      770      143     2181        0        0        0
 2748.000000     1006     1006        1        0     1006        0      788      780      133     2191        0        0        0
 2749.000000     1019     1019        1        0     1019        0      805      797      127     2189        0        0        0
 2750.000000     1029     1029        1        0     1029        0      791      782      129     2185        0        0        0
 2751.000000     1015     1015        1        0     1015        0      788      783      141     2185        0        0        0
 2752.000000     1022     1022        1        0     1022        0      786      778      136     2180        0        0        0
 2753.000000     1012     1012        1        0     1012        0      773      769      136     2181        0        0        0
 2754.000000     1008     1008        1        0     1008        0      777      772      138     2170        0        0        0
 2755.000000     1008     1008        1        0     1008        0      783      779      126     2173        0        0        0
 2756.000000     1007     1007        1        0     1007        0      780      775      138     2173        0        0        0
 2757.000000     1010     1010        1        0     1010        0      784      777      129     2168        0        0        0
 2758.000000     1001     1001        1        0     1001        0      777      774      132     2160        0        0        0
 2759.000000     1001     1001        1        0     1001        0      783      774      148     2176        0        0        0
 2760.000000     1003     1003        1        0     1003        0      790      786      131     2139        0        0        0
 2761.000000     1009     1009        1        0     1009        0      799      793      112     2158        0        0        0
 2762.000000     1006     1006        1        0     1006        0      793      785      126     2162        0        0        0
 2763.000000     1008     1008        1        0     1008        0      777      775      137     2176        0        0        0
 2764.000000     1003     1003        1        0     1003        0      781      780      134     2154        0        0        0
 2765.000000     1017     1017        1        0     1017        0      773      770      123     2185        0        0        0
 2766.000000     1018     1018        1        0     1018        0      778      775      140     2164        0        0        0
 2767.000000     1017     1017        1        0     1017        0      792      786      138     2167        0        0        0
 2768.000000     1018     1018        1        0     1018        0      787      783      123     2161        0        0        0
 2769.000000     1023     1023        1        0     1023        0      790      787      140     2189        0        0        0
 2770.000000     1007     1007        1        0     1007        0      799      793      130     2169        0        0        0
 2771.000000     1019     1019        1        0     1019        0      793      790      127     2159        0        0        0
 2772.000000     1024     1024        1        0     1024        0      782      775      134     2167        0        0        0
 2773.000000     1021     1021        1        0     1021        0      787      786      132     2162        0        0        0
 2774.000000     1043     1043        1        0     1043        0      786      782      133     2161        0        0        0
 2775.000000     1029     1029        1        0     1029        0      791      785      127     2180        0        0        0
 2776.000000     1039     1039        1        0     1039        0      789      783      123     2166        0        0        0
 2777.000000     1044     1044        1        0     1044        0      790      783      141     2178        0        0        0
 2778.000000     1032     1032        1        0     1032        0      779      776      121     2144        0        0        0
 2779.000000     1021     1021        1        0     1021        0      789      785      138     2182        0        0        0
 2780.000000     1040     1040        1        0     1040        0      784      776      133     2190        0        0        0
 2781.000000     1068     1068        1        0     1068        0      795      787      145     2188        0        0        0
 2782.000000     1041     1041        1        0     1041        0      791      786      131     2202        0        0        0
 2783.000000     1050     1050        1        0     1050        0      773      770      154     2176        0        0        0
 2784.000000     1034     1034        1        0     1034        0      786      780      136     2173        0        0        0
 2785.000000     1053     1053        1        0     1053        0      794      785      132     2199        0        0        0
 2786.000000     1082     1082        1       17     1064        1      789      782      135     2197        0        0        0
 2787.000000     1049     1049        1        0     1049        0      784      779      138     2174        0        0        0
 2788.000000     1046     1046        1        0     1046        0      797      792      119     2160        0        0        0
 2789.000000     1048     1048        1        0     1048        0      796      790      137     2194        0        0        0
 2790.000000     1046     1046        1        0     1046        0      797      790      136     2177        0        0        0
 2791.000000     1041     1041        1        0     1041        0      781      770      139     2166        0        0        0
 2792.000000     1047     1047        1        0     1047        0      801      792      123     2174        0        0        0
 2793.000000     1056     1056        1        0     1056        0      789      783      136     2172        0        0        0
 2794.000000     1055     1055        1        0     1055        0      783      778      124     2173        0        0        0
 2795.000000     1038     1038        1        0     1038        0      796      788      144     2183        0        0        0
 2796.000000     1047     1047        1        0     1047        0      798      789      136     2169        0        0        0
 2797.000000     1043     1043        1        0     1043        0      797      787      148     2175        0        0        0
 2798.000000     1041     1041        1        0     1041        0      793      785      131     2159        0        0        0
 2799.000000     1048     1048        1        0     1048        0      789      781      137     2197        0        0        0
 2800.000000     1051     1051        1        0     1051        0      786      781      137     2172        0        0        0
 2801.000000     1039     1039        1        0     1039        0      791      785      130     2150        0        0        0
 2802.000000     1040     1040        1        0     1040        0      789      784      126     2163        0        0        0
 2803.000000     1032     1032        1        0     1032        0      793      785      135     2182        0        0        0
 2804.000000     1017     1017        1        0     1017        0      796      792      131     2152        0        0        0
 2805.000000     1028     1028        1        0     1028        0      790      785      121     2166        0        0        0
 2806.000000     1019     1019        1        0     1019        0      786      777      117     2156        0        0        0
 2807.000000     1026     1026        1        0     1026        0      786      781      126     2146        0        0        0
 2808.000000     1040     1040        1        0     1040        0      786      777      136     2184        0        0        0
 2809.000000     1033     1033        1        0     1033        0      783      777      134     2177        0        0        0
 2810.000000     1043     1043        1        0     1043        0      796      792      128     2184        0        0        0
 2811.000000     1034     1034        1        0     1034        0      785      783      123     2137        0        0        0
 2812.000000     1036     1036        1        0     1036        0      789      785      130     2164        0        0        0
 2813.000000     1034     1034        1        0     1034        0      797      790      140     2181        0        0        0
 2814.000000     1035     1035        1        0     1035        0      795      790      132     2164        0        0        0
 2815.000000     1035     1035        1        0     1035        0      788      784      130     2170        0        0        0
 2816.000000     1038     1038        1        0     1038        0      777      773      129     2178        0        0        0
 2817.000000     1035     1035        1        0     1035        0      799      794      139     2159        0        0        0
 2818.000000     1037     1037        1        0     1037        0      802      799      119     2151        0        0        0
 2819.000000     1043     1043        1        0     1043        0      789      787      130     2157        0        0        0
 2820.000000     1037     1037        1        0     1037        0      787      781      131     2159        0        0        0
 2821.000000     1057     1057        1        0     1057        0      772      768      150     2170        0        0        0
 2822.000000     1051     1051        1        0     1051        0      797      789      141     2165        0        0        0
 2823.000000     1058     1058        1        0     1058        0      795      788      123     2167        0        0        0
 2824.000000     1054     1054        1        0     1054        0      811      809      140     2188        0        0        0
 2825.000000     1059     1059        1        0     1059        0      802      799      130     2192        0        0        0
 2826.000000     1052     1052        1        0     1038       14      799      793      133     2194        0        0        0
 2827.000000     1064     1064        1        0     1064        0      799      792      138     2196        0        0        0
 2828.000000     1047     1047        1        0     1047        0      799      795      132     2181        0        0        0
 2829.000000     1055     1055        1        0     1055        0      793      789      145     2209        0        0        0
 2830.000000     1066     1066        1        0     1052       14      782      777      143     2206        0        0        0
 2831.000000     1066     1066        1        0     1066        0      790      781      143     2202        0        0        0
 2832.000000     1069     1069        1        0     1069        0      797      793      136     2193        0        0        0
 2833.000000     1066     1066        1        0     1066        0      797      789      142     2191        0        0        0
 2834.000000     1054     1054        1        0     1054        0      813      805      140     2217        0        0        0
 2835.000000     1054     1054        1        0     1054        0      796      791      131     2202        0        0        0
 2836.000000     1074     1074        1        0     1074        0      800      792      152     2201        0        0        0
 2837.000000     1064     1064        1        0     1064        0      806      801      126     2200        0        0        0
 2838.000000     1041     1041        1        0     1041        0      794      788      146     2235        0        0        0
 2839.000000     1064     1064        1        0     1064        0      799      792      127     2217        0        0        0
 2840.000000     1064     1064        1        0     1064        0      807      801      134     2216        0        0        0
 2841.000000     1088     1088        1        0     1088        0      806      803      145     2197        0        0        0
 2842.000000     1070     1070        1        0     1070        0      798      794      146     2208        0        0        0
 2843.000000     1068     1068        1        0     1068        0      800      791      143     2196        0        0        0
 2844.000000     1052     1052        1        0     1052        0      807      802      123     2169        0        0        0
 2845.000000     1067     1067        1        0     1067        0      797      793      141     2211        0        0        0
 2846.000000     1061     1061        1        0     1061        0      802      795      138     2203        0        0        0
 2847.000000     1067     1055        2        0     1067        0      797      792      129     2214        0        0        0
 2848.000000     1055     1055        1        0     1055        0      817      813      135     2219        0        0        0
 2849.000000     1051     1051        1        0     1051        0      799      792      147     2203        0        0        0
 2850.000000     1042     1042        1        0     1042        0      806      798      131     2217        0        0        0
 2851.000000     1062     1062        1        0     1062        0      819      813      137     2212        0        0        0
 2852.000000     1065     1065        1        0     1065        0      815      815      147     2224        0        0        0
 2853.000000     1085     1085        1        0     1085        0      825      822      144     2229        0        0        0
 2854.000000     1071     1071        1        0     1071        0      816      811      135     2198        0        0        0
 2855.000000     1073     1073        1        0     1073        0      810      805      141     2182        0        0        0
 2856.000000     1071     1071        1        0     1071        0      803      796      151     2197        0        0        0
 2857.000000     1071     1071        1        0     1071        0      818      816      129     2205        0        0        0
 2858.000000     1058     1058        1        0     1058        0      799      795      135     2201        0        0        0
 2859.000000     1065     1065        1        0     1065        0      814      806      139     2213        0        0        0
 2860.000000     1056     1056        1        0     1056        0      821      817      136     2176        0        0        0
 2861.000000     1071     1071        1        0     1071        0      808      801      139     2230        0        0        0
 2862.000000     1085     1072        2        0     1085        0      822      816      127     2234        0        0        0
 2863.000000     1075     1075        1        0     1075        0      806      802      122     2215        0        0        0
 2864.000000     1066     1066        1        0     1066        0      803      798      138     2219        0        0        0
 2865.000000     1078     1066        2        0     1078        0      808      798      132     2197        0        0        0
 2866.000000     1080     1080        1        0     1080        0      819      809      140     2213        0        0        0
 2867.000000     1078     1078        1        0     1078        0      818      810      136     2208        0        0        0
 2868.000000     1085     1085        1        0     1085        0      811      805      122     2205        0        0        0
 2869.000000     1074     1074        1        0     1074        0      810      809      147     2198        0        0        0
 2870.000000     1087     1087        1        0     1087        0      801      796      137     2200        0        0        0
 2871.000000     1083     1083        1        0     1069       14      815      810      148     2196        0        0        0
 2872.000000     1071     1071        1        0     1071        0      819      818      124     2192        0        0        0
 2873.000000     1096     1096        1        0     1096        0      799      794      130     2198        0        0        0
 2874.000000     1076     1076        1        0     1076        0      821      815      136     2221        0        0        0
 2875.000000     1073     1073        1        0     1073        0      814      805      136     2198        0        0        0
 2876.000000     1060     1060        1        0     1060        0      809      806      133     2220        0        0        0
 2877.000000     1079     1079        1        0     1079        0      815      807      128     2202        0        0        0
 2878.000000     1095     1095        1        0     1095        0      833      829      123     2215        0        0        0
 2879.000000     1084     1084        1        0     1084        0      834      829      129     2207        0        0        0
 2880.000000     1095     1083        2        0     1095        0      798      794      146     2197        0        0        0
 2881.000000     1100     1100        1        0     1100        0      816      809      138     2198        0        0        0
 2882.000000     1058     1058        1        0     1058        0      802      799      142     2188        0        0        0
 2883.000000     1102     1102        1        0     1102        0      794      788      131     2190        0        0        0
 2884.000000     1111     1111        1        0     1111        0      814      811      142     2206        0        0        0
 2885.000000     1108     1108        1        0     1108        0      807      802      142     2195        0        0        0
 2886.000000     1099     1087        2        0     1099        0      822      811      141     2180        0        0        0
 2887.000000     1100     1100        1        0     1100        0      813      807      140     2177        0        0        0
 2888.000000     1100     1100        1        0     1100        0      803      793      138     2188        0        0        0
 2889.000000     1094     1094        1        0     1094        0      818      811      122     2214        0        0        0
 2890.000000     1094     1094        1        0     1094        0      819      813      137     2219        0        0        0
 2891.000000     1083     1083        1        0     1083        0      802      796      140     2211        0        0        0
 2892.000000     1093     1093        1        0     1093        0      809      804      147     2233        0        0        0
 2893.000000     1092     1092        1        0     1092        0      800      791      164     2212        0        0        0
 2894.000000     1097     1097        1        0     1097        0      808      804      146     2204        0        0        0
 2895.000000     1107     1107        1        0     1107        0      809      803      148     2205        0        0        0
 2896.000000     1098     1098        1        0     1098        0      806      804      139     2209        0        0        0
 2897.000000     1101     1101        1        0     1101        0      811      803      137     2231        0        0        0
 2898.000000     1100     1100        1        0     1100        0      800      796      134     2220        0        0        0
 2899.000000     1094     1094        1        0     1094        0      821      816      131     2223        0        0        0
 2900.000000     1095     1095        1        0     1095        0      813      810      121     2216        0        0        0
 2901.000000     1093     1093        1        0     1093        0      813      811      124     2199        0        0        0
 2902.000000     1067     1067        1        0     1067        0      811      803      140     2212        0        0        0
 2903.000000     1083     1083        1        0     1083        0      798      795      146     2201        0        0        0
 2904.000000     1081     1081        1        0     1081        0      813      808      142     2196        0        0        0
 2905.000000     1089     1089        1        0     1089        0      822      816      146     2205        0        0        0
 2906.000000     1096     1096        1        0     1096        0      818      811      146     2215        0        0        0
 2907.000000     1102     1102        1        0     1102        0      812      807      125     2224        0        0        0
 2908.000000     1098     1098        1        0     1098        0      806      798      139     2193        0        0        0
 2909.000000     1093     1093        1        0     1093        0      803      798      151     2184        0        0        0
 2910.000000     1099     1099        1        0     1099        0      808      798      126     2182        0        0        0
 2911.000000     1100     1100        1        0     1100        0      819      812      142     2200        0        0        0
 2912.000000     1103     1103        1        0     1103        0      818      813      137     2178        0        0        0
 2913.000000     1101     1101        1        0     1101        0      799      790      147     2201        0        0        0
 2914.000000     1094     1094        1        0     1094        0      805      795      138     2157        0        0        0
 2915.000000     1101     1101        1        0     1101        0      803      797      133     2183        0        0        0
 2916.000000     1089     1089        1        0     1089        0      813      802      134     2191        0        0        0
 2917.000000     1083     1083        1        0     1083        0      795      791      137     2185        0        0        0
 2918.000000     1084     1084        1        0     1084        0      808      803      136     2196        0        0        0
 2919.000000     1082     1082        1        0     1082        0      797      791      141     2206        0        0        0
 2920.000000     1074     1074        1        0     1074        0      821      818      132     2195        0        0        0
 2921.000000     1080     1080        1        3     1066       11      817      813      135     2184        0        0        0
 2922.000000     1073     1073        1        0     1073        0      796      791      146     2189        0        0        0
 2923.000000     1079     1079        1        0     1065       14      808      806      128     2181        0        0        0
 2924.000000     1073     1073        1        0     1073        0      806      796      152     2179        0        0        0
 2925.000000     1033     1033        1        0     1033        0      794      790      137     2198        0        0        0
 2926.000000     1080     1080        1        0     1080        0      804      803      139     2194        0        0        0
 2927.000000     1070     1070        1        0     1070        0      803      797      130     2191        0        0        0
 2928.000000     1090     1090        1        4     1075       11      800      797      141     2191        0        0        0
 2929.000000     1067     1067        1        0     1067        0      805      800      135     2199        0        0        0
 2930.000000     1081     1081        1        0     1065       16      803      798      154     2211        0        0        0
 2931.000000     1085     1085        1        0     1071       14      800      795      138     2218        0        0        0
 2932.000000     1081     1081        1        0     1081        0      802      794      130     2201        0        0        0
 2933.000000     1093     1093        1        0     1093        0      801      797      124     2187        0        0        0
 2934.000000     1077     1077        1        0     1077        0      809      801      139     2194        0        0        0
 2935.000000     1079     1079        1        0     1079        0      791      783      145     2175        0        0        0
 2936.000000     1087     1087        1        0     1087        0      806      795      121     2177        0        0        0
 2937.000000     1088     1088        1        3     1074       11      814      811      124     2184        0        0        0
 2938.000000     1073     1073        1        0     1073        0      804      800      130     2188        0        0        0
 2939.000000     1104     1104        1        0     1104        0      803      798      128     2202        0        0        0
 2940.000000     1078     1078        1        0     1078        0      819      813      138     2211        0        0        0
 2941.000000     1086     1086        1        0     1086        0      813      810      131     2193        0        0        0
 2942.000000     1035     1035        1        0     1035        0      790      787      149     2199        0        0        0
 2943.000000     1043     1043        1        0     1043        0      795      790      137     2196        0        0        0
 2944.000000     1040     1040        1        0     1040        0      790      785      134     2207        0        0        0
 2945.000000     1043     1031        2        0     1043        0      805      799      134     2202        0        0        0
 2946.000000     1051     1039        2        0     1051        0      812      804      145     2204        0        0        0
 2947.000000     1048     1036        2        0     1048        0      801      798      133     2194        0        0        0
 2948.000000     1091     1091        1        0     1076       15      817      810      143     2212        0        0        0
 2949.000000     1058     1046        2        0     1058        0      804      793      147     2201        0        0        0
 2950.000000     1087     1087        1        0     1087        0      831      823      123     2191        0        0        0
 2951.000000     1057     1045        2        0     1057        0      816      811      137     2214        0        0        0
 2952.000000     1077     1077        1        0     1077        0      809      803      137     2209        0        0        0
 2953.000000     1079     1079        1        0     1079        0      820      819      138     2206        0        0        0
 2954.000000     1090     1090        1        0     1090        0      813      807      129     2221        0        0        0
 2955.000000     1075     1075        1        0     1075        0      817      813      131     2194        0        0        0
 2956.000000     1097     1097        1        0     1097        0      819      815      127     2225        0        0        0
 2957.000000     1062     1062        1        0     1062        0      799      798      134     2195        0        0        0
 2958.000000     1064     1064        1        0     1064        0      807      804      132     2181        0        0        0
 2959.000000     1083     1083        1        0     1083        0      817      814      131     2195        0        0        0
 2960.000000     1081     1081        1        0     1081        0      819      812      138     2199        0        0        0
 2961.000000     1073     1073        1        0     1073        0      818      804      149     2191        0        0        0
 2962.000000     1097     1097        1        0     1082       15      821      818      136     2215        0        0        0
 2963.000000     1092     1092        1        0     1092        0      818      811      141     2208        0        0        0
 2964.000000     1087     1087        1        0     1087        0      812      808      131     2189        0        0        0
 2965.000000     1075     1075        1        0     1075        0      810      803      143     2180        0        0        0
 2966.000000     1065     1065        1        0     1065        0      807      804      142     2194        0        0        0
 2967.000000     1093     1093        1       13     1079        1      815      812      123     2213        0        0        0
 2968.000000     1151     1151        1       13     1137        1      819      817      136     2214        0        0        0
 2969.000000     1126     1126        1       13     1112        1      822      818      135     2219        0        0        0
 2970.000000     1104     1104        1       13     1090        1      814      807      137     2202        0        0        0
 2971.000000     1091     1091        1        0     1091        0      811      801      135     2204        0        0        0
 2972.000000     1081     1081        1        0     1081        0      813      810      137     2186        0        0        0
 2973.000000     1080     1080        1        0     1080        0      810      807      134     2207        0        0        0
 2974.000000     1072     1072        1        0     1072        0      809      804      136     2195        0        0        0
 2975.000000     1092     1092        1        0     1092        0      821      815      125     2188        0        0        0
 2976.000000     1084     1084        1        0     1084        0      819      816      124     2193        0        0        0
 2977.000000     1077     1077        1        0     1077        0      820      812      141     2199        0        0        0
 2978.000000     1069     1069        1        0     1069        0      807      806      141     2207        0        0        0
 2979.000000     1086     1086        1        0     1086        0      823      813      157     2195        0        0        0
 2980.000000     1079     1079        1        0     1079        0      819      814      149     2193        0        0        0
 2981.000000     1079     1079        1        0     1079        0      827      824      135     2226        0        0        0
 2982.000000     1079     1079        1        0     1079        0      824      819      142     2208        0        0        0
 2983.000000     1096     1096        1        0     1096        0      817      814      130     2228        0        0        0
 2984.000000     1083     1083        1        0     1083        0      833      830      126     2220        0        0        0
 2985.000000     1085     1085        1        0     1085        0      814      810      136     2209        0        0        0
 2986.000000     1093     1093        1        0     1093        0      826      824      119     2213        0        0        0
 2987.000000     1107     1107        1        0     1107        0      828      824      127     2222        0        0        0
 2988.000000     1102     1102        1        0     1102        0      826      824      134     2225        0        0        0
 2989.000000     1102     1102        1        0     1102        0      825      820      140     2229        0        0        0
 2990.000000     1101     1101        1        0     1101        0      820      817      134     2224        0        0        0
 2991.000000     1095     1095        1        0     1095        0      822      819      141     2208        0        0        0
 2992.000000     1089     1089        1        0     1089        0      827      819      126     2221        0        0        0
 2993.000000     1091     1091        1        0     1091        0      821      814      135     2217        0        0        0
 2994.000000     1111     1111        1        0     1111        0      834      830      135     2214        0        0        0
 2995.000000     1092     1092        1        0     1092        0      815      811      147     2206        0        0        0
 2996.000000     1104     1104        1        0     1104        0      821      812      150     2215        0        0        0
 2997.000000     1100     1100        1        0     1100        0      819      816      142     2217        0        0        0
 2998.000000     1088     1088        1        0     1088        0      819      816      130     2203        0        0        0
 2999.000000     1107     1107        1        3     1093       11      821      815      128     2239        0        0        0
 3000.000000     1116     1116        1        3     1102       11      814      808      143     2239        0        0        0
 3001.000000     1114     1114        1        3     1100       11      819      816      141     2233        0        0        0
 3002.000000     1095     1095        1        3     1081       11      834      826      142     2222        0        0        0
 3003.000000     1102     1102        1        0     1102        0      822      816      145     2225        0        0        0
 3004.000000     1086     1086        1        0     1086        0      823      817      122     2213        0        0        0
 3005.000000     1063     1063        1        0     1063        0      818      816      143     2206        0        0        0
 3006.000000     1080     1080        1        0     1080        0      830      824      136     2209        0        0        0
 3007.000000     1058     1058        1        0     1058        0      819      815      123     2218        0        0        0
 3008.000000     1077     1077        1        0     1077        0      823      819      132     2242        0        0        0
 3009.000000     1051     1051        1        0     1051        0      822      816      132     2208        0        0        0
 3010.000000     1065     1065        1        0     1065        0      839      836      129     2206        0        0        0
 3011.000000     1079     1079        1        0     1079        0      832      826      139     2220        0        0        0
 3012.000000     1072     1072        1        0     1072        0      818      816      124     2226        0        0        0
 3013.000000     1067     1067        1        0     1067        0      834      832      135     2228        0        0        0
 3014.000000     1063     1063        1        0     1063        0      825      820      133     2215        0        0        0
 3015.000000     1069     1069        1        0     1069        0      823      816      133     2233        0        0        0
 3016.000000     1074     1074        1        0     1074        0      837      830      132     2239        0        0        0
 3017.000000     1075     1075        1        0     1075        0      817      808      148     2225        0        0        0
 3018.000000     1063     1063        1        0     1063        0      830      827      130     2203        0        0        0
 3019.000000     1063     1063        1        0     1063        0      834      829      124     2220        0        0        0
 3020.000000     1069     1069        1        0     1069        0      829      823      131     2231        0        0        0
 3021.000000     1088     1088        1       13     1074        1      822      816      136     2228        0        0        0
 3022.000000     1074     1074        1       14     1060        0      819      815      145     2227        0        0        0
 3023.000000     1063     1063        1        0     1063        0      817      814      123     2213        0        0        0
 3024.000000     1077     1063        2       14     1063        0      818      814      139     2218        0        0        0
 3025.000000     1079     1079        1        0     1079        0      831      827      130     2248        0        0        0
 3026.000000     1066     1066        1        0     1066        0      834      831      135     2224        0        0        0
 3027.000000     1060     1060        1        0     1060        0      813      810      136     2252        0        0        0
 3028.000000     1062     1062        1        0     1062        0      823      819      128     2229        0        0        0
 3029.000000     1081     1081        1        0     1081        0      825      819      135     2225        0        0        0
 3030.000000     1089     1089        1        0     1089        0      819      811      148     2232        0        0        0
 3031.000000     1078     1078        1        0     1078        0      826      820      124     2236        0        0        0
 3032.000000     1075     1075        1        0     1075        0      834      829      126     2240        0        0        0
 3033.000000     1070     1070        1        0     1070        0      817      811      129     2245        0        0        0
 3034.000000     1057     1057        1        0     1057        0      805      796      137     2218        0        0        0
 3035.000000     1057     1057        1        0     1057        0      832      826      130     2225        0        0        0
 3036.000000     1054     1054        1        0     1054        0      831      821      139     2206        0        0        0
 3037.000000     1070     1056        2       14     1056        0      814      806      142     2228        0        0        0
 3038.000000     1070     1056        2       14     1056        0      821      817      141     2216        0        0        0
 3039.000000     1058     1058        1        0     1058        0      822      815      130     2219        0        0        0
 3040.000000     1078     1064        2       14     1064        0      822      818      142     2232        0        0        0
 3041.000000     1059     1045        2       14     1045        0      805      800      154     2210        0        0        0
 3042.000000     1053     1053        1        0     1053        0      813      803      146     2209        0        0        0
 3043.000000     1075     1061        2       14     1061        0      812      805      144     2235        0        0        0
 3044.000000     1075     1061        2       14     1061        0      827      821      132     2229        0        0        0
 3045.000000     1085     1071        2       14     1071        0      825      817      136     2207        0        0        0
 3046.000000     1080     1080        1        0     1080        0      812      809      144     2223        0        0        0
 3047.000000     1064     1064        1        0     1064        0      823      815      145     2217        0        0        0
 3048.000000     1057     1057        1        0     1057        0      830      823      137     2216        0        0        0
 3049.000000     1050     1050        1        0     1050        0      821      813      130     2208        0        0        0
 3050.000000     1082     1082        1        0     1082        0      820      812      146     2214        0        0        0
 3051.000000     1078     1078        1        0     1078        0      813      805      133     2219        0        0        0
 3052.000000     1055     1055        1        0     1055        0      814      808      137     2216        0        0        0
 3053.000000     1052     1052        1        0     1052        0      812      807      133     2206        0        0        0
 3054.000000     1063     1063        1        0     1063        0      820      816      158     2211        0        0        0
 3055.000000     1051     1051        1        0     1051        0      808      802      133     2201        0        0        0
 3056.000000     1055     1055        1        0     1055        0      820      817      138     2207        0        0        0
 3057.000000     1051     1051        1        0     1051        0      808      802      151     2219        0        0        0
 3058.000000     1061     1061        1        0     1061        0      808      807      130     2226        0        0        0
 3059.000000     1061     1061        1        0     1061        0      813      808      144     2200        0        0        0
 3060.000000     1056     1056        1        0     1056        0      801      795      145     2208        0        0        0
 3061.000000     1058     1058        1        0     1058        0      821      816      122     2210        0        0        0
 3062.000000     1067     1067        1        0     1067        0      811      805      142     2236        0        0        0
 3063.000000     1086     1086        1        0     1086        0      822      814      140     2200        0        0        0
 3064.000000     1074     1074        1        0     1074        0      809      799      121     2232        0        0        0
 3065.000000     1062     1062        1        0     1062        0      808      804      126     2197        0        0        0
 3066.000000     1061     1061        1        0     1061        0      815      812      131     2216        0        0        0
 3067.000000     1067     1067        1        0     1067        0      807      803      133     2213        0        0        0
 3068.000000     1050     1050        1        0     1050        0      811      809      119     2196        0        0        0
 3069.000000     1063     1063        1        0     1063        0      802      795      131     2205        0        0        0
 3070.000000     1049     1049        1        0     1049        0      814      807      131     2174        0        0        0
 3071.000000     1045     1045        1        0     1045        0      800      798      145     2207        0        0        0
 3072.000000     1053     1053        1        0     1053        0      802      797      150     2200        0        0        0
 3073.000000     1061     1061        1        0     1061        0      818      809      139     2220        0        0        0
 3074.000000     1057     1057        1        0     1057        0      803      798      141     2200        0        0        0
 3075.000000     1049     1049        1        0     1049        0      812      804      134     2212        0        0        0
 3076.000000     1044     1044        1        0     1044        0      821      811      133     2211        0        0        0
 3077.000000     1060     1060        1        0     1060        0      797      794      126     2185        0        0        0
 3078.000000     1048     1048        1        0     1048        0      799      789      126     2163        0        0        0
 3079.000000     1058     1058        1        0     1058        0      795      791      136     2204        0        0        0
 3080.000000     1047     1047        1        0     1047        0      806      798      131     2203        0        0        0
 3081.000000     1048     1048        1        0     1048        0      800      794      143     2198        0        0        0
 3082.000000     1039     1039        1        0     1039        0      808      806      128     2208        0        0        0
 3083.000000     1039     1039        1        0     1039        0      794      791      133     2191        0        0        0
 3084.000000     1039     1039        1        0     1039        0      805      804      132     2195        0        0        0
 3085.000000     1045     1033        2        0     1045        0      782      775      145     2198        0        0        0
 3086.000000     1050     1050        1        0     1050        0      790      787      132     2176        0        0        0
 3087.000000     1041     1041        1        0     1041        0      810      806      128     2179        0        0        0
 3088.000000     1038     1038        1        0     1038        0      815      811      124     2186        0        0        0
 3089.000000     1039     1039        1        0     1039        0      803      798      130     2190        0        0        0
 3090.000000     1039     1039        1        0     1039        0      805      796      135     2201        0        0        0
 3091.000000     1029     1029        1        0     1029        0      800      793      131     2229        0        0        0
 3092.000000     1054     1042        2        0     1054        0      819      815      121     2223        0        0        0
 3093.000000     1056     1044        2        0     1056        0      818      815      134     2238        0        0        0
 3094.000000     1034     1034        1        0     1034        0      806      797      137     2236        0        0        0
 3095.000000     1050     1038        2        0     1050        0      814      809      125     2212        0        0        0
 3096.000000     1044     1044        1        0     1044        0      803      799      131     2201        0        0        0
 3097.000000     1035     1035        1        0     1035        0      813      813      108     2193        0        0        0
 3098.000000     1041     1041        1        0     1041        0      817      814      126     2194        0        0        0
 3099.000000     1045     1045        1        0     1045        0      812      808      126     2214        0        0        0
 3100.000000     1042     1042        1        0     1042        0      808      805      128     2200        0        0        0
 3101.000000     1035     1035        1        0     1035        0      826      823      130     2213        0        0        0
 3102.000000     1049     1049        1       13     1035        1      818      814      112     2208        0        0        0
 3103.000000     1041     1041        1        0     1041        0      805      803      128     2210        0        0        0
 3104.000000     1037     1037        1        0     1037        0      823      819      128     2234        0        0        0
 3105.000000     1048     1048        1        0     1048        0      802      798      147     2222        0        0        0
 3106.000000     1047     1047        1        0     1047        0      828      823      129     2200        0        0        0
 3107.000000     1033     1033        1        0     1033        0      824      820      129     2210        0        0        0
 3108.000000     1052     1052        1        0     1052        0      814      812      113     2236        0        0        0
 3109.000000     1030     1030        1        0     1030        0      819      813      141     2212        0        0        0
 3110.000000     1031     1031        1        0     1031        0      814      810      136     2208        0        0        0
 3111.000000     1031     1031        1        0     1031        0      819      812      131     2225        0        0        0
 3112.000000     1029     1029        1        0     1029        0      817      812      119     2218        0        0        0
 3113.000000     1023     1023        1        0     1023        0      801      799      136     2203        0        0        0
 3114.000000     1015     1015        1        0     1015        0      802      796      136     2193        0        0        0
 3115.000000     1029     1029        1        0     1029        0      805      803      134     2226        0        0        0
 3116.000000     1029     1029        1        0     1029        0      814      810      125     2188        0        0        0
 3117.000000     1035     1035        1        0     1035        0      806      803      127     2207        0        0        0
 3118.000000     1039     1039        1        0     1039        0      813      810      129     2218        0        0        0
 3119.000000     1039     1039        1        0     1039        0      826      823      110     2206        0        0        0
 3120.000000     1040     1040        1        0     1040        0      816      807      131     2222        0        0        0
 3121.000000     1037     1037        1        0     1037        0      815      808      136     2178        0        0        0
 3122.000000     1052     1052        1        0     1052        0      818      815      127     2166        0        0        0
 3123.000000     1054     1054        1        0     1054        0      814      810      131     2193        0        0        0
 3124.000000     1031     1031        1        0     1031        0      822      817      127     2184        0        0        0
 3125.000000     1034     1034        1        0     1034        0      817      814      127     2192        0        0        0
 3126.000000     1021     1021        1        0     1021        0      819      815      114     2199        0        0        0
 3127.000000     1035     1035        1        0     1035        0      809      804      125     2194        0        0        0
 3128.000000     1035     1035        1        0     1035        0      797      795      135     2182        0        0        0
 3129.000000     1034     1034        1        0     1034        0      822      820      118     2179        0        0        0
 3130.000000     1037     1037        1        0     1037        0      808      805      122     2182        0        0        0
 3131.000000     1041     1041        1        0     1041        0      822      820      125     2178        0        0        0
 3132.000000     1041     1041        1        0     1041        0      800      798      120     2174        0        0        0
 3133.000000     1034     1034        1        0     1034        0      810      806      126     2191        0        0        0
 3134.000000     1040     1040        1        0     1040        0      813      808      111     2178        0        0        0
 3135.000000     1040     1040        1        0     1040        0      806      803      126     2179        0        0        0
 3136.000000     1027     1027        1        0     1027        0      802      798      134     2176        0        0        0
 3137.000000     1034     1034        1        0     1034        0      811      806      133     2174        0        0        0
 3138.000000     1039     1039        1        0     1039        0      794      790      145     2154        0        0        0
 3139.000000     1039     1039        1        0     1039        0      808      802      128     2169        0        0        0
 3140.000000     1036     1036        1        0     1036        0      805      802      123     2155        0        0        0
 3141.000000     1036     1036        1        0     1036        0      807      802      122     2193        0        0        0
 3142.000000     1039     1039        1        0     1039        0      794      789      136     2165        0        0        0
 3143.000000     1037     1037        1        0     1037        0      792      789      134     2163        0        0        0
 3144.000000     1042     1042        1        0     1042        0      810      806      129     2159        0        0        0
 3145.000000     1042     1042        1        0     1042        0      818      817      125     2152        0        0        0
 3146.000000     1042     1042        1        0     1042        0      811      803      120     2156        0        0        0
 3147.000000     1035     1035        1        0     1035        0      807      802      120     2150        0        0        0
 3148.000000     1037     1037        1        0     1037        0      807      805      108     2183        0        0        0
 3149.000000     1038     1038        1        0     1038        0      809      807      104     2165        0        0        0
 3150.000000     1031     1031        1        0     1031        0      816      813      120     2168        0        0        0
 3151.000000     1032     1032        1        0     1032        0      815      812      126     2178        0        0        0
 3152.000000     1031     1031        1        0     1031        0      819      815      138     2177        0        0        0
 3153.000000     1033     1033        1        0     1033        0      795      790      135     2165        0        0        0
 3154.000000     1049     1049        1        0     1049        0      807      801      130     2162        0        0        0
 3155.000000     1030     1030        1        0     1030        0      809      805      121     2180        0        0        0
 3156.000000     1034     1034        1        0     1034        0      821      815      123     2170        0        0        0
 3157.000000     1032     1032        1        0     1032        0      804      799      128     2162        0        0        0
 3158.000000     1030     1030        1        0     1030        0      813      807      123     2175        0        0        0
 3159.000000     1030     1030        1        0     1030        0      816      811      125     2173        0        0        0
 3160.000000     1030     1030        1        0     1030        0      800      798      125     2164        0        0        0
 3161.000000     1031     1031        1        0     1031        0      801      798      125     2182        0        0        0
 3162.000000     1032     1032        1        0     1032        0      807      802      126     2184        0        0        0
 3163.000000     1031     1031        1        0     1031        0      809      805      120     2161        0        0        0
 3164.000000     1030     1030        1        0     1030        0      819      814      129     2183        0        0        0
 3165.000000     1036     1036        1        0     1036        0      811      809      122     2165        0        0        0
 3166.000000     1042     1042        1        0     1042        0      819      814      128     2166        0        0        0
 3167.000000     1031     1031        1        0     1031        0      812      810      126     2153        0        0        0
 3168.000000     1042     1042        1        0     1042        0      810      805      130     2162        0        0        0
 3169.000000     1045     1045        1        0     1045        0      816      810      127     2145        0        0        0
 3170.000000     1013     1013        1        0     1013        0      810      807      130     2155        0        0        0
 3171.000000     1047     1047        1        0     1047        0      818      814      123     2176        0        0        0
 3172.000000     1042     1042        1        0     1042        0      805      802      149     2162        0        0        0
 3173.000000     1046     1046        1        0     1046        0      812      808      113     2160        0        0        0
 3174.000000     1045     1045        1        0     1045        0      807      801      133     2163        0        0        0
 3175.000000     1042     1042        1        0     1042        0      822      819      120     2127        0        0        0
 3176.000000     1031     1031        1        0     1031        0      805      802      135     2183        0        0        0
 3177.000000     1033     1033        1        0     1033        0      800      796      134     2167        0        0        0
 3178.000000     1043     1043        1        0     1043        0      816      812      121     2157        0        0        0
 3179.000000     1033     1033        1        0     1033        0      832      827      112     2172        0        0        0
 3180.000000     1034     1034        1        0     1034        0      813      808      128     2150        0        0        0
 3181.000000     1033     1033        1        0     1033        0      820      816      102     2162        0        0        0
 3182.000000     1050     1050        1        0     1050        0      804      801      118     2149        0        0        0
 3183.000000     1043     1043        1        0     1043        0      792      791      123     2134        0        0        0
 3184.000000     1043     1043        1        0     1043        0      806      804      111     2135        0        0        0
 3185.000000     1044     1044        1        0     1044        0      809      803      125     2156        0        0        0
 3186.000000     1046     1046        1        0     1046        0      811      809      114     2153        0        0        0
 3187.000000     1039     1039        1        0     1039        0      801      799      127     2146        0        0        0
 3188.000000     1038     1038        1        0     1038        0      818      812      130     2157        0        0        0
 3189.000000     1035     1035        1        0     1035        0      808      806      118     2163        0        0        0
 3190.000000     1037     1037        1        0     1037        0      800      795      131     2176        0        0        0
 3191.000000     1037     1037        1        0     1037        0      789      788      128     2153        0        0        0
 3192.000000     1021     1021        1        0     1021        0      799      796      110     2152        0        0        0
 3193.000000     1047     1047        1        0     1047        0      800      797      119     2160        0        0        0
 3194.000000     1045     1045        1        0     1045        0      803      802      124     2185        0        0        0
 3195.000000     1043     1043        1        0     1043        0      803      801      117     2178        0        0        0
 3196.000000     1031     1031        1        0     1031        0      788      786      131     2174        0        0        0
 3197.000000     1043     1043        1        0     1043        0      803      801      124     2181        0        0        0
 3198.000000     1038     1038        1        0     1038        0      784      781      122     2158        0        0        0
 3199.000000     1043     1043        1        0     1043        0      789      786      132     2140        0        0        0
 3200.000000     1054     1054        1        0     1054        0      799      793      144     2179        0        0        0
 3201.000000     1042     1042        1        0     1042        0      809      807      137     2172        0        0        0
 3202.000000     1044     1044        1        0     1044        0      790      786      131     2167        0        0        0
 3203.000000     1044     1044        1        0     1044        0      803      800      141     2152        0        0        0
 3204.000000     1044     1044        1        0     1044        0      802      796      127     2166        0        0        0
 3205.000000     1051     1051        1        0     1051        0      798      794      129     2167        0        0        0
 3206.000000     1032     1032        1        0     1032        0      792      786      149     2174        0        0        0
 3207.000000     1037     1037        1        0     1037        0      805      798      128     2176        0        0        0
 3208.000000     1022     1022        1        0     1022        0      806      798      120     2158        0        0        0
 3209.000000     1038     1038        1        0     1038        0      804      796      146     2165        0        0        0
 3210.000000     1037     1037        1        0     1037        0      809      804      137     2164        0        0        0
 3211.000000     1057     1057        1        0     1057        0      791      786      138     2176        0        0        0
 3212.000000     1048     1048        1        0     1048        0      795      789      115     2160        0        0        0
 3213.000000     1048     1048        1        0     1048        0      795      790      133     2174        0        0        0
 3214.000000     1047     1047        1        0     1047        0      799      793      135     2174        0        0        0
 3215.000000     1043     1043        1        0     1043        0      792      786      136     2157        0        0        0
 3216.000000     1054     1054        1        0     1054        0      797      794      122     2174        0        0        0
 3217.000000     1048     1048        1        0     1048        0      805      799      132     2148        0        0        0
 3218.000000     1048     1048        1        0     1048        0      784      779      146     2157        0        0        0
 3219.000000     1047     1047        1        0     1047        0      810      805      143     2182        0        0        0
 3220.000000     1063     1051        2        0     1063        0      790      786      151     2187        0        0        0
 3221.000000     1046     1046        1        0     1046        0      797      792      148     2175        0        0        0
 3222.000000     1071     1059        2        0     1071        0      792      785      137     2192        0        0        0
 3223.000000     1056     1044        2        0     1056        0      794      789      139     2188        0        0        0
 3224.000000     1054     1042        2        0     1054        0      786      783      146     2184        0        0        0
 3225.000000     1048     1048        1        0     1048        0      796      793      123     2159        0        0        0
 3226.000000     1054     1042        2        0     1054        0      785      780      140     2190        0        0        0
 3227.000000     1055     1043        2        0     1055        0      796      792      133     2170        0        0        0
 3228.000000     1039     1027        2        0     1039        0      797      792      141     2201        0        0        0
 3229.000000     1047     1047        1        0     1047        0      797      795      133     2191        0        0        0
 3230.000000     1070     1058        2        0     1070        0      798      792      141     2182        0        0        0
 3231.000000     1043     1043        1        0     1043        0      792      787      147     2153        0        0        0
 3232.000000     1055     1043        2        0     1055        0      797      791      132     2170        0        0        0
 3233.000000     1060     1060        1        0     1060        0      797      793      143     2159        0        0        0
 3234.000000     1022     1022        1        0     1022        0      786      783      143     2167        0        0        0
 3235.000000     1023     1023        1        0     1023        0      803      793      131     2165        0        0        0
 3236.000000     1038     1038        1        0     1038        0      796      792      131     2145        0        0        0
 3237.000000     1066     1054        2        0     1066        0      789      785      132     2149        0        0        0
 3238.000000     1050     1038        2        0     1050        0      796      790      141     2165        0        0        0
 3239.000000     1073     1061        2        0     1073        0      788      781      127     2153        0        0        0
 3240.000000     1049     1037        2        0     1049        0      790      785      128     2137        0        0        0
 3241.000000     1052     1040        2        0     1052        0      792      787      141     2151        0        0        0
 3242.000000     1069     1057        2        0     1069        0      798      797      126     2129        0        0        0
 3243.000000     1053     1041        2        0     1053        0      803      801      126     2142        0        0        0
 3244.000000     1048     1036        2        0     1048        0      810      806      141     2147        0        0        0
 3245.000000     1034     1034        1        0     1034        0      788      782      131     2165        0        0        0
 3246.000000     1047     1035        2        0     1047        0      787      781      132     2158        0        0        0
 3247.000000     1046     1034        2        0     1046        0      790      784      129     2144        0        0        0
 3248.000000     1046     1046        1        0     1046        0      798      789      135     2165        0        0        0
 3249.000000     1054     1042        2        0     1054        0      803      803      122     2160        0        0        0
 3250.000000     1041     1041        1        0     1041        0      799      795      138     2153        0        0        0
 3251.000000     1053     1041        2        0     1053        0      797      791      130     2132        0        0        0
 3252.000000     1040     1040        1        0     1040        0      794      790      142     2158        0        0        0
 3253.000000     1050     1050        1        0     1050        0      798      792      134     2166        0        0        0
 3254.000000     1042     1042        1        0     1042        0      800      792      133     2162        0        0        0
 3255.000000     1055     1043        2        0     1055        0      802      798      138     2166        0        0        0
 3256.000000     1034     1034        1        0     1034        0      798      796      136     2157        0        0        0
 3257.000000     1042     1042        1        0     1042        0      794      792      142     2176        0        0        0
 3258.000000     1034     1034        1        0     1034        0      795      792      117     2176        0        0        0
 3259.000000     1043     1043        1        0     1043        0      792      789      126     2165        0        0        0
 3260.000000     1049     1049        1        0     1049        0      809      801      141     2167        0        0        0
 3261.000000     1029     1029        1        0     1029        0      809      806      117     2173        0        0        0
 3262.000000     1038     1038        1        0     1038        0      793      789      126     2158        0        0        0
 3263.000000     1027     1027        1        0     1027        0      801      796      138     2175        0        0        0
 3264.000000     1024     1024        1        0     1024        0      800      796      130     2182        0        0        0
 3265.000000     1021     1021        1        0     1021        0      803      796      130     2195        0        0        0
 3266.000000     1021     1021        1        0     1021        0      784      780      128     2170        0        0        0
 3267.000000     1024     1024        1        0     1024        0      786      781      135     2173        0        0        0
 3268.000000     1039     1039        1        0     1039        0      779      775      133     2178        0        0        0
 3269.000000     1033     1033        1        0     1033        0      785      780      124     2176        0        0        0
 3270.000000     1011     1011        1        0     1011        0      784      779      131     2166        0        0        0
 3271.000000     1034     1034        1        0     1034        0      785      783      135     2157        0        0        0
 3272.000000     1028     1028        1        0     1028        0      796      794      133     2143        0        0        0
 3273.000000     1019     1019        1        0     1019        0      779      775      130     2154        0        0        0
 3274.000000     1045     1045        1        0     1045        0      790      786      126     2169        0        0        0
 3275.000000     1035     1035        1        0     1035        0      792      791      126     2165        0        0        0
 3276.000000     1038     1038        1        0     1038        0      801      794      128     2174        0        0        0
 3277.000000     1033     1033        1        0     1033        0      786      781      131     2175        0        0        0
 3278.000000     1041     1041        1        0     1041        0      773      769      122     2186        0        0        0
 3279.000000     1035     1035        1        0     1035        0      796      793      132     2169        0        0        0
 3280.000000     1020     1020        1        0     1020        0      786      782      113     2165        0        0        0
 3281.000000     1026     1026        1        0     1026        0      791      787      126     2174        0        0        0
 3282.000000     1026     1026        1        0     1026        0      807      799      133     2170        0        0        0
 3283.000000     1028     1028        1        0     1028        0      788      785      126     2184        0        0        0
 3284.000000     1032     1032        1        0     1032        0      786      780      132     2178        0        0        0
 3285.000000     1029     1029        1        0     1029        0      791      790      132     2185        0        0        0
 3286.000000     1028     1028        1        0     1028        0      787      782      129     2165        0        0        0
 3287.000000     1026     1026        1        0     1026        0      804      800      130     2168        0        0        0
 3288.000000     1031     1031        1        0     1031        0      793      792      130     2177        0        0        0
 3289.000000     1030     1030        1        0     1030        0      788      782      130     2144        0        0        0
 3290.000000     1034     1034        1        0     1034        0      786      780      123     2179        0        0        0
 3291.000000     1027     1027        1        0     1027        0      783      781      138     2157        0        0        0
 3292.000000     1031     1031        1        0     1031        0      796      791      123     2169        0        0        0
 3293.000000     1032     1032        1        0     1032        0      794      788      131     2169        0        0        0
 3294.000000     1035     1035        1        0     1035        0      794      790      121     2162        0        0        0
 3295.000000     1035     1035        1        0     1035        0      796      791      123     2168        0        0        0
 3296.000000     1040     1040        1        0     1040        0      788      783      140     2183        0        0        0
 3297.000000     1033     1033        1        0     1033        0      789      784      124     2180        0        0        0
 3298.000000     1052     1052        1        0     1052        0      796      793      128     2207        0        0        0
 3299.000000     1029     1029        1        0     1029        0      791      783      131     2188        0        0        0
 3300.000000     1031     1031        1        0     1031        0      800      795      132     2197        0        0        0
 3301.000000     1037     1037        1        0     1037        0      799      792      132     2190        0        0        0
 3302.000000     1037     1037        1        0     1037        0      793      787      135     2173        0        0        0
 3303.000000     1033     1033        1        0     1033        0      795      788      128     2193        0        0        0
 3304.000000     1025     1025        1        0     1025        0      794      788      132     2189        0        0        0
 3305.000000     1027     1027        1        0     1027        0      791      789      121     2166        0        0        0
 3306.000000     1021     1021        1        0     1021        0      790      788      113     2151        0        0        0
 3307.000000     1024     1024        1        0     1024        0      793      788      120     2162        0        0        0
 3308.000000     1036     1036        1        0     1036        0      797      794      137     2163        0        0        0
 3309.000000     1038     1038        1        0     1038        0      796      791      130     2183        0        0        0
 3310.000000     1035     1035        1        0     1035        0      784      778      143     2178        0        0        0
 3311.000000     1045     1045        1        0     1045        0      796      793      121     2197        0        0        0
 3312.000000     1037     1037        1        0     1037        0      799      795      127     2167        0        0        0
 3313.000000     1043     1043        1        0     1043        0      786      781      134     2185        0        0        0
 3314.000000     1048     1048        1        0     1048        0      795      790      121     2174        0        0        0
 3315.000000     1044     1044        1        0     1044        0      782      779      121     2181        0        0        0
 3316.000000     1042     1042        1        0     1042        0      791      787      128     2169        0        0        0
 3317.000000     1039     1039        1        0     1039        0      798      789      127     2173        0        0        0
 3318.000000     1039     1039        1        0     1039        0      780      775      147     2178        0        0        0
 3319.000000     1039     1039        1        0     1039        0      807      802      118     2197        0        0        0
 3320.000000     1039     1039        1        0     1039        0      810      806      121     2173        0        0        0
 3321.000000     1025     1025        1        0     1025        0      811      799      143     2174        0        0        0
 3322.000000     1042     1042        1        0     1042        0      802      797      130     2181        0        0        0
 3323.000000     1037     1037        1        0     1037        0      803      801      128     2189        0        0        0
 3324.000000     1036     1036        1        0     1036        0      784      779      127     2166        0        0        0
 3325.000000     1041     1041        1        0     1041        0      787      784      126     2189        0        0        0
 3326.000000     1058     1058        1        0     1058        0      800      797      121     2190        0        0        0
 3327.000000     1041     1041        1        0     1041        0      775      763      143     2184        0        0        0
 3328.000000     1037     1037        1        0     1037        0      788      783      137     2172        0        0        0
 3329.000000     1036     1036        1        0     1036        0      800      798      130     2192        0        0        0
 3330.000000     1040     1040        1        0     1040        0      809      800      132     2191        0        0        0
 3331.000000     1049     1049        1        0     1049        0      814      807      122     2182        0        0        0
 3332.000000     1038     1038        1        0     1038        0      800      797      140     2187        0        0        0
 3333.000000     1019     1019        1        0     1019        0      793      788      135     2199        0        0        0
 3334.000000     1019     1019        1        0     1019        0      792      787      129     2176        0        0        0
 3335.000000     1030     1030        1        0     1030        0      785      783      130     2184        0        0        0
 3336.000000     1034     1034        1        0     1034        0      789      782      131     2180        0        0        0
 3337.000000     1032     1032        1        0     1032        0      797      795      136     2192        0        0        0
 3338.000000     1040     1040        1        0     1040        0      811      807      111     2197        0        0        0
 3339.000000     1039     1039        1        0     1039        0      806      801      125     2206        0        0        0
 3340.000000     1029     1029        1        0     1029        0      797      793      128     2205        0        0        0
 3341.000000     1034     1034        1        0     1034        0      794      787      134     2193        0        0        0
 3342.000000     1041     1041        1        0     1041        0      797      793      133     2210        0        0        0
 3343.000000     1044     1044        1        0     1044        0      810      801      139     2192        0        0        0
 3344.000000     1045     1045        1        0     1045        0      789      787      138     2192        0        0        0
 3345.000000     1035     1035        1        0     1035        0      800      795      140     2201        0        0        0
 3346.000000     1041     1041        1        0     1041        0      789      785      127     2212        0        0        0
 3347.000000     1042     1042        1        0     1042        0      793      790      135     2204        0        0        0
 3348.000000     1054     1054        1        0     1054        0      792      786      144     2217        0        0        0
 3349.000000     1038     1038        1        0     1038        0      786      784      140     2211        0        0        0
 3350.000000     1037     1037        1        0     1037        0      784      783      128     2183        0        0        0
 3351.000000     1038     1038        1        0     1038        0      794      790      126     2206        0        0        0
 3352.000000     1024     1024        1        0     1024        0      796      789      144     2186        0        0        0
 3353.000000     1034     1034        1        0     1034        0      791      786      134     2190        0        0        0
 3354.000000     1035     1035        1        0     1035        0      778      777      132     2194        0        0        0
 3355.000000     1056     1056        1        0     1056        0      803      799      117     2209        0        0        0
 3356.000000     1037     1037        1        0     1037        0      793      792      129     2182        0        0        0
 3357.000000     1031     1031        1        0     1031        0      793      789      121     2210        0        0        0
 3358.000000     1032     1032        1        0     1032        0      784      783      128     2192        0        0        0
 3359.000000     1032     1032        1        0     1032        0      782      776      127     2195        0        0        0
 3360.000000     1032     1032        1        0     1032        0      784      781      138     2209        0        0        0
 3361.000000     1040     1040        1        0     1040        0      792      790      130     2171        0        0        0
 3362.000000     1043     1043        1        0     1043        0      804      797      128     2191        0        0        0
 3363.000000     1037     1037        1        0     1037        0      793      788      138     2178        0        0        0
 3364.000000     1038     1038        1        0     1038        0      788      785      131     2161        0        0        0
 3365.000000     1038     1038        1        0     1038        0      794      789      123     2188        0        0        0
 3366.000000     1042     1042        1        0     1042        0      789      784      133     2190        0        0        0
 3367.000000     1042     1042        1        0     1042        0      794      790      129     2190        0        0        0
 3368.000000     1036     1036        1        0     1036        0      794      788      122     2182        0        0        0
 3369.000000     1043     1043        1        0     1043        0      785      778      153     2179        0        0        0
 3370.000000     1037     1037        1        0     1037        0      788      782      132     2183        0        0        0
 3371.000000     1047     1047        1        0     1047        0      780      778      127     2177        0        0        0
 3372.000000     1078     1078        1        0     1078        0      800      794      134     2163        0        0        0
 3373.000000     1045     1045        1        0     1045        0      803      798      117     2174        0        0        0
 3374.000000     1052     1052        1        0     1052        0      791      783      135     2169        0        0        0
 3375.000000     1027     1027        1        0     1027        0      798      794      132     2179        0        0        0
 3376.000000     1051     1051        1        0     1051        0      800      798      134     2172        0        0        0
 3377.000000     1037     1037        1        0     1037        0      795      791      124     2181        0        0        0
 3378.000000     1035     1035        1        0     1035        0      805      801      129     2176        0        0        0
 3379.000000     1041     1041        1        0     1041        0      803      798      133     2184        0        0        0
 3380.000000     1043     1043        1        0     1043        0      787      784      137     2169        0        0        0
 3381.000000     1042     1042        1        0     1042        0      800      794      134     2181        0        0        0
 3382.000000     1062     1062        1        0     1062        0      802      795      131     2162        0        0        0
 3383.000000     1044     1044        1        0     1044        0      802      797      129     2197        0        0        0
 3384.000000     1041     1041        1        0     1041        0      797      789      138     2198        0        0        0
 3385.000000     1033     1033        1        0     1033        0      802      796      129     2177        0        0        0
 3386.000000     1034     1034        1        0     1034        0      796      792      134     2182        0        0        0
 3387.000000     1033     1033        1        0     1033        0      798      791      135     2194        0        0        0
 3388.000000     1043     1043        1        0     1043        0      807      802      145     2189        0        0        0
 3389.000000     1045     1045        1        0     1045        0      806      803      126     2193        0        0        0
 3390.000000     1049     1049        1        0     1049        0      789      787      142     2189        0        0        0
 3391.000000     1044     1044        1        0     1044        0      783      774      131     2170        0        0        0
 3392.000000     1047     1047        1        0     1047        0      818      815      133     2198        0        0        0
 3393.000000     1041     1041        1        0     1041        0      790      784      136     2209        0        0        0
 3394.000000     1047     1047        1        0     1047        0      799      796      131     2176        0        0        0
 3395.000000     1034     1034        1        0     1034        0      781      775      147     2177        0        0        0
 3396.000000     1037     1037        1        0     1037        0      795      788      136     2194        0        0        0
 3397.000000     1043     1043        1        0     1043        0      797      792      138     2186        0        0        0
 3398.000000     1048     1048        1        0     1048        0      799      792      129     2211        0        0        0
 3399.000000     1039     1039        1        0     1039        0      796      793      145     2217        0        0        0
 3400.000000     1041     1041        1        0     1041        0      808      805      121     2197        0        0        0
 3401.000000     1040     1040        1        0     1040        0      788      784      136     2180        0        0        0
 3402.000000     1039     1039        1        0     1039        0      790      785      120     2216        0        0        0
 3403.000000     1038     1038        1        0     1038        0      794      787      125     2165        0        0        0
 3404.000000     1031     1031        1        0     1031        0      782      775      131     2179        0        0        0
 3405.000000     1029     1029        1        0     1029        0      781      775      136     2179        0        0        0
 3406.000000     1036     1036        1        0     1036        0      795      790      130     2167        0        0        0
 3407.000000     1038     1038        1        0     1038        0      787      781      135     2177        0        0        0
 3408.000000     1038     1038        1        0     1038        0      782      778      127     2188        0        0        0
 3409.000000     1032     1032        1        0     1032        0      787      784      137     2184        0        0        0
 3410.000000     1040     1040        1        0     1040        0      784      779      126     2195        0        0        0
 3411.000000     1040     1040        1        0     1040        0      786      776      127     2197        0        0        0
 3412.000000     1047     1047        1        9     1032        6      785      781      123     2196        0        0        0
 3413.000000     1036     1036        1        0     1036        0      801      791      128     2207        0        0        0
 3414.000000     1036     1036        1        0     1036        0      781      774      125     2176        0        0        0
 3415.000000     1023     1023        1        0     1023        0      786      778      116     2183        0        0        0
 3416.000000     1036     1036        1        0     1036        0      787      781      125     2198        0        0        0
 3417.000000     1047     1047        1        0     1047        0      784      776      128     2189        0        0        0
 3418.000000     1019     1019        1        0     1019        0      802      797      117     2167        0        0        0
 3419.000000     1031     1031        1        0     1031        0      789      786      109     2191        0        0        0
 3420.000000     1031     1031        1        0     1031        0      791      785      136     2190        0        0        0
 3421.000000     1026     1026        1        0     1026        0      797      791      126     2186        0        0        0
 3422.000000     1023     1023        1        0     1023        0      787      785      119     2182        0        0        0
 3423.000000     1015     1015        1        0     1015        0      792      791      121     2184        0        0        0
 3424.000000     1020     1020        1        0     1020        0      790      787      117     2185        0        0        0
 3425.000000     1032     1032        1        0     1032        0      794      793      114     2180        0        0        0
 3426.000000     1033     1033        1        0     1033        0      800      796      126     2188        0        0        0
 3427.000000     1039     1039        1        0     1039        0      793      789      120     2184        0        0        0
 3428.000000     1052     1052        1        0     1052        0      782      778      121     2178        0        0        0
 3429.000000     1056     1056        1        0     1056        0      799      795      120     2203        0        0        0
 3430.000000     1057     1057        1        0     1057        0      803      801      119     2212        0        0        0
 3431.000000     1033     1033        1        0     1033        0      780      776      118     2212        0        0        0
 3432.000000     1037     1037        1        0     1037        0      789      786      114     2184        0        0        0
 3433.000000     1059     1059        1        0     1059        0      801      797      116     2178        0        0        0
 3434.000000     1048     1048        1        0     1048        0      793      790      110     2185        0        0        0
 3435.000000     1042     1042        1        0     1042        0      788      784      123     2188        0        0        0
 3436.000000     1039     1039        1        0     1039        0      791      786      124     2174        0        0        0
 3437.000000     1047     1047        1        0     1047        0      805      799      115     2171        0        0        0
 3438.000000     1039     1039        1        0     1039        0      797      794      108     2192        0        0        0
 3439.000000     1046     1046        1        0     1046        0      801      795      119     2156        0        0        0
 3440.000000     1023     1023        1        0     1023        0      798      791      116     2149        0        0        0
 3441.000000     1036     1036        1        0     1036        0      790      789      108     2152        0        0        0
 3442.000000     1040     1040        1        0     1040        0      793      788      120     2157        0        0        0
 3443.000000     1034     1034        1        0     1034        0      791      786      104     2181        0        0        0
 3444.000000     1043     1043        1        0     1043        0      797      790      114     2183        0        0        0
 3445.000000     1034     1034        1        0     1034        0      794      786      120     2173        0        0        0
 3446.000000     1043     1043        1        0     1043        0      799      796      125     2166        0        0        0
 3447.000000     1032     1032        1        0     1032        0      794      789      121     2158        0        0        0
 3448.000000     1036     1036        1        0     1036        0      792      790      126     2168        0        0        0
 3449.000000     1032     1032        1        0     1032        0      804      802      116     2191        0        0        0
 3450.000000     1041     1041        1        0     1041        0      791      790      116     2186        0        0        0
 3451.000000     1043     1043        1        0     1043        0      798      797      113     2169        0        0        0
 3452.000000     1041     1041        1        0     1041        0      791      790      133     2163        0        0        0
 3453.000000     1031     1031        1        0     1031        0      806      802      112     2153        0        0        0
 3454.000000     1057     1057        1        0     1057        0      791      788      115     2164        0        0        0
 3455.000000     1031     1031        1        0     1031        0      787      784      127     2157        0        0        0
 3456.000000     1042     1042        1        0     1042        0      784      782      115     2157        0        0        0
 3457.000000     1042     1042        1        0     1042        0      794      791      119     2166        0        0        0
 3458.000000     1044     1044        1        0     1044        0      799      792      120     2135        0        0        0
 3459.000000     1047     1047        1        0     1047        0      804      800      115     2143        0        0        0
 3460.000000     1039     1039        1        0     1039        0      796      795      111     2147        0        0        0
 3461.000000     1054     1054        1        0     1054        0      798      796      132     2166        0        0        0
 3462.000000     1036     1036        1        0     1036        0      804      801      131     2152        0        0        0
 3463.000000     1048     1048        1        0     1048        0      801      800      128     2154        0        0        0
 3464.000000     1051     1051        1        0     1051        0      794      790      131     2174        0        0        0
 3465.000000     1049     1049        1        0     1049        0      804      795      131     2172        0        0        0
 3466.000000     1045     1045        1        0     1045        0      796      791      119     2146        0        0        0
 3467.000000     1044     1044        1        0     1044        0      805      805      123     2161        0        0        0
 3468.000000     1048     1048        1        0     1048        0      800      796      124     2161        0        0        0
 3469.000000     1062     1062        1        0     1062        0      805      801      129     2172        0        0        0
 3470.000000     1059     1059        1        0     1059        0      812      808      127     2157        0        0        0
 3471.000000     1059     1059        1        0     1059        0      808      801      129     2167        0        0        0
 3472.000000     1046     1046        1        0     1046        0      781      780      136     2151        0        0        0
 3473.000000     1045     1045        1        0     1045        0      802      798      113     2142        0        0        0
 3474.000000     1044     1044        1        0     1044        0      792      789      108     2158        0        0        0
 3475.000000     1031     1031        1        0     1031        0      802      795      122     2137        0        0        0
 3476.000000     1046     1046        1        0     1046        0      798      790      128     2142        0        0        0
 3477.000000     1046     1046        1        0     1046        0      802      793      118     2160        0        0        0
 3478.000000     1045     1045        1        0     1045        0      798      794      112     2143        0        0        0
 3479.000000     1048     1048        1        0     1048        0      813      809      118     2168        0        0        0
 3480.000000     1050     1050        1        0     1050        0      794      787      132     2154        0        0        0
 3481.000000     1051     1051        1        0     1051        0      795      790      132     2168        0        0        0
 3482.000000     1051     1051        1        0     1051        0      806      803      128     2162        0        0        0
 3483.000000     1050     1050        1        0     1050        0      807      803      118     2154        0        0        0
 3484.000000     1050     1050        1        0     1050        0      807      802      126     2162        0        0        0
 3485.000000     1050     1050        1        0     1050        0      799      792      113     2159        0        0        0
 3486.000000     1047     1047        1        0     1047        0      804      800      118     2162        0        0        0
 3487.000000     1037     1037        1        0     1037        0      797      795      123     2155        0        0        0
 3488.000000     1045     1045        1        0     1045        0      802      798      126     2173        0        0        0
 3489.000000     1051     1051        1        0     1051        0      807      805      114     2172        0        0        0
 3490.000000     1048     1048        1        0     1048        0      797      795      118     2148        0        0        0
 3491.000000     1045     1045        1        0     1045        0      799      797      128     2147        0        0        0
 3492.000000     1058     1058        1        0     1058        0      802      798      130     2161        0        0        0
 3493.000000     1041     1041        1        0     1041        0      789      786      131     2178        0        0        0
 3494.000000     1052     1052        1        0     1052        0      787      787      128     2182        0        0        0
 3495.000000     1048     1048        1        0     1048        0      794      786      121     2175        0        0        0
 3496.000000     1040     1040        1        0     1040        0      800      795      118     2172        0        0        0
 3497.000000     1041     1041        1        0     1041        0      798      792      128     2172        0        0        0
 3498.000000     1041     1041        1        0     1041        0      809      806      119     2166        0        0        0
 3499.000000     1041     1041        1        0     1041        0      806      805      123     2188        0        0        0
 3500.000000     1044     1044        1        0     1044        0      799      792      119     2182        0        0        0
 3501.000000     1040     1040        1        0     1040        0      787      785      120     2176        0        0        0
 3502.000000     1040     1040        1        0     1040        0      804      800      114     2164        0        0        0
 3503.000000     1049     1049        1        0     1049        0      818      812      113     2162        0        0        0
 3504.000000     1048     1048        1        0     1048        0      797      796      118     2186        0        0        0
 3505.000000     1042     1042        1        0     1042        0      797      796      114     2175        0        0        0
 3506.000000     1047     1047        1        0     1047        0      784      781      120     2172        0        0        0
 3507.000000     1035     1035        1        0     1035        0      789      787      113     2151        0        0        0
 3508.000000     1040     1040        1        0     1040        0      804      802      106     2151        0        0        0
 3509.000000     1037     1037        1        0     1037        0      797      795      124     2181        0        0        0
 3510.000000     1043     1043        1        0     1043        0      810      805      108     2182        0        0        0
 3511.000000     1049     1049        1        0     1049        0      797      791      107     2164        0        0        0
 3512.000000     1030     1030        1        0     1030        0      802      800      115     2160        0        0        0
 3513.000000     1032     1032        1        0     1032        0      792      792      132     2165        0        0        0
 3514.000000     1030     1030        1        0     1030        0      807      807      122     2166        0        0        0
 3515.000000     1030     1030        1        0     1030        0      784      779      142     2172        0        0        0
 3516.000000     1030     1030        1        0     1030        0      791      787      115     2166        0        0        0
 3517.000000     1042     1042        1        0     1042        0      809      804      121     2173        0        0        0
 3518.000000     1040     1040        1        0     1040        0      801      795      108     2171        0        0        0
 3519.000000     1039     1039        1        0     1039        0      804      803      111     2170        0        0        0
 3520.000000     1045     1045        1        0     1045        0      809      802      123     2168        0        0        0
 3521.000000     1043     1043        1        0     1043        0      795      792      124     2177        0        0        0
 3522.000000     1047     1047        1        0     1047        0      797      795      122     2156        0        0        0
 3523.000000     1049     1049        1        0     1049        0      798      791      132     2155        0        0        0
 3524.000000     1058     1058        1        0     1058        0      807      804      115     2161        0        0        0
 3525.000000     1046     1046        1        0     1046        0      801      798      117     2166        0        0        0
 3526.000000     1048     1048        1        0     1048        0      809      806      115     2184        0        0        0
 3527.000000     1048     1048        1        0     1048        0      806      803      109     2168        0        0        0
 3528.000000     1047     1047        1        0     1047        0      801      797      119     2168        0        0        0
 3529.000000     1056     1056        1        0     1056        0      810      808      116     2153        0        0        0
 3530.000000     1041     1041        1        0     1041        0      789      788      107     2146        0        0        0
 3531.000000     1052     1052        1        0     1052        0      791      788      111     2162        0        0        0
 3532.000000     1052     1052        1        0     1052        0      806      803      108     2146        0        0        0
 3533.000000     1045     1045        1        0     1045        0      784      777      119     2166        0        0        0
 3534.000000     1026     1026        1        0     1026        0      801      796      112     2133        0        0        0
 3535.000000     1040     1040        1        0     1040        0      789      785      106     2145        0        0        0
 3536.000000     1037     1037        1        0     1037        0      785      780      119     2141        0        0        0
 3537.000000     1039     1039        1        0     1039        0      793      790      102     2164        0        0        0
 3538.000000     1045     1045        1        0     1045        0      789      787      112     2166        0        0        0
 3539.000000     1047     1047        1        0     1047        0      779      778      118     2167        0        0        0
 3540.000000     1042     1042        1        0     1042        0      784      782      110     2153        0        0        0
 3541.000000     1038     1038        1        0     1038        0      802      797      119     2174        0        0        0
 3542.000000     1042     1042        1        0     1042        0      778      774      122     2163        0        0        0
 3543.000000     1040     1040        1        0     1040        0      792      790      107     2184        0        0        0
 3544.000000     1044     1044        1        0     1044        0      794      788      117     2171        0        0        0
 3545.000000     1047     1035        2        0     1047        0      785      785      124     2167        0        0        0
 3546.000000     1036     1023        2        0     1036        0      782      780      109     2154        0        0        0
 3547.000000     1037     1037        1        0     1037        0      785      781      114     2180        0        0        0
 3548.000000     1026     1026        1        0     1026        0      796      792      114     2177        0        0        0
 3549.000000     1015     1015        1        0     1015        0      773      771      123     2172        0        0        0
 3550.000000     1034     1034        1        0     1034        0      786      785      117     2169        0        0        0
 3551.000000     1038     1038        1        0     1038        0      794      792      116     2154        0        0        0
 3552.000000     1033     1033        1        0     1033        0      794      790      117     2155        0        0        0
 3553.000000     1014     1014        1        0     1014        0      793      789      124     2154        0        0        0
 3554.000000     1015     1015        1        0     1015        0      792      788      131     2167        0        0        0
 3555.000000     1022     1022        1        0     1022        0      794      791      109     2167        0        0        0
 3556.000000     1009     1009        1        0     1009        0      800      795      113     2168        0        0        0
 3557.000000     1022     1022        1        0     1022        0      789      784      122     2167        0        0        0
 3558.000000     1034     1034        1        0     1034        0      792      786      128     2184        0        0        0
 3559.000000     1035     1035        1        0     1035        0      790      787      117     2187        0        0        0
 3560.000000     1025     1025        1        0     1025        0      802      800      105     2161        0        0        0
 3561.000000     1020     1020        1        0     1020        0      798      795      115     2173        0        0        0
 3562.000000     1018     1018        1        0     1018        0      806      799      117     2171        0        0        0
 3563.000000     1035     1035        1        0     1035        0      792      788      124     2193        0        0        0
 3564.000000     1018     1018        1        0     1018        0      792      787      134     2165        0        0        0
 3565.000000     1017     1017        1        0     1017        0      802      800      125     2172        0        0        0
 3566.000000     1017     1017        1        0     1017        0      816      813      113     2166        0        0        0
 3567.000000     1038     1038        1        0     1038        0      800      796      112     2191        0        0        0
 3568.000000     1009     1009        1        0     1009        0      803      802      114     2179        0        0        0
 3569.000000     1025     1025        1        0     1025        0      808      805      114     2170        0        0        0
 3570.000000     1016     1016        1        0     1016        0      789      785      116     2170        0        0        0
 3571.000000     1013     1013        1        0     1013        0      797      793      115     2167        0        0        0
 3572.000000     1024     1024        1        0     1024        0      808      802      116     2178        0        0        0
 3573.000000     1017     1017        1        0     1017        0      784      782      122     2172        0        0        0
 3574.000000     1017     1017        1        0     1017        0      792      790      114     2176        0        0        0
 3575.000000     1020     1020        1        0     1020        0      797      794      111     2140        0        0        0
 3576.000000     1035     1035        1        0     1035        0      788      784      125     2152        0        0        0
 3577.000000     1039     1039        1        0     1039        0      796      792      106     2162        0        0        0
 3578.000000     1031     1031        1        0     1031        0      814      813      118     2170        0        0        0
 3579.000000     1036     1036        1        0     1036        0      805      803      110     2199        0        0        0
 3580.000000     1034     1034        1        0     1034        0      793      790      120     2172        0        0        0
 3581.000000     1021     1021        1        0     1021        0      799      795      132     2187        0        0        0
 3582.000000     1050     1050        1        0     1050        0      801      798      125     2185        0        0        0
 3583.000000     1020     1020        1        0     1020        0      809      804      122     2170        0        0        0
 3584.000000     1024     1024        1        0     1024        0      813      811      108     2187        0        0        0
 3585.000000     1018     1018        1        0     1018        0      807      805      116     2170        0        0        0
 3586.000000     1029     1029        1        0     1029        0      816      813      108     2170        0        0        0
 3587.000000     1037     1037        1        0     1037        0      811      808      127     2182        0        0        0
 3588.000000     1020     1020        1        0     1020        0      809      806      113     2190        0        0        0
 3589.000000     1017     1017        1        0     1017        0      807      804      111     2169        0        0        0
 3590.000000     1015     1015        1        0     1015        0      793      790      108     2161        0        0        0
 3591.000000     1030     1030        1        0     1030        0      794      790      106     2169        0        0        0
 3592.000000     1044     1044        1        0     1044        0      805      802      108     2191        0        0        0
 3593.000000     1018     1018        1        0     1018        0      804      802      112     2174        0        0        0
 3594.000000     1026     1026        1        0     1026        0      815      811      107     2179        0        0        0
 3595.000000     1026     1026        1        0     1026        0      806      798      126     2146        0        0        0
 3596.000000     1026     1026        1        0     1026        0      797      792      123     2178        0        0        0
 3597.000000     1010     1010        1        0     1010        0      789      782      120     2161        0        0        0
 3598.000000     1028     1028        1        0     1028        0      808      803      129     2177        0        0        0
 3599.000000     1019     1019        1        0     1019        0      800      799      132     2190        0        0        0
 3600.000000     1022     1022        1        0     1022        0      799      795      121     2168        0        0        0
 3601.000000     1019     1019        1        0     1019        0      818      811      133     2176        0        0        0
 3602.000000     1015     1015        1        0     1015        0      797      793      128     2173        0        0        0
 3603.000000     1019     1019        1        0     1019        0      808      800      128     2168        0        0        0
 3604.000000     1021     1021        1        0     1021        0      812      810      121     2181        0        0        0
 3605.000000     1021     1021        1        0     1021        0      808      802      125     2184        0        0        0
 3606.000000     1038     1038        1        0     1038        0      812      810      106     2176        0        0        0
 3607.000000     1045     1045        1        0     1045        0      817      809      125     2179        0        0        0
 3608.000000     1075     1075        1        9     1061        5      818      816      112     2202        0        0        0
 3609.000000     1043     1043        1        0     1043        0      818      811      118     2182        0        0        0
 3610.000000     1035     1035        1        0     1035        0      817      812      123     2174        0        0        0
 3611.000000     1052     1052        1        0     1052        0      808      804      117     2181        0        0        0
 3612.000000     1035     1035        1        9     1021        5      824      821      118     2201        0        0        0
 3613.000000     1028     1028        1        0     1028        0      809      805      121     2194        0        0        0
 3614.000000     1026     1026        1        0     1026        0      816      814      117     2172        0        0        0
 3615.000000     1010     1010        1        0     1010        0      826      823      108     2195        0        0        0
 3616.000000     1031     1031        1        0     1031        0      820      819      118     2198        0        0        0
 3617.000000     1022     1022        1        0     1022        0      803      797      116     2186        0        0        0
 3618.000000     1010     1010        1        0     1010        0      813      809      128     2174        0        0        0
 3619.000000     1014     1014        1        0     1014        0      814      809      116     2169        0        0        0
 3620.000000     1051     1051        1       12     1032        7      808      804      117     2178        0        0        0
 3621.000000     1022     1022        1        0     1022        0      806      803      129     2175        0        0        0
 3622.000000     1031     1031        1        0     1031        0      815      813      120     2175        0        0        0
 3623.000000     1014     1014        1        0     1014        0      816      810      114     2183        0        0        0
 3624.000000     1035     1035        1        0     1035        0      810      807      118     2183        0        0        0
 3625.000000     1044     1044        1        0     1044        0      805      802      122     2184        0        0        0
 3626.000000     1041     1041        1        0     1041        0      827      824      112     2195        0        0        0
 3627.000000     1048     1048        1        0     1048        0      822      816      124     2176        0        0        0
 3628.000000     1044     1044        1        0     1044        0      829      826      112     2175        0        0        0
 3629.000000     1047     1047        1        0     1047        0      819      817      116     2174        0        0        0
 3630.000000     1045     1045        1        0     1045        0      821      819      127     2170        0        0        0
 3631.000000     1040     1040        1        0     1040        0      818      815      110     2182        0        0        0
 3632.000000     1046     1046        1        0     1046        0      824      821      120     2188        0        0        0
 3633.000000     1036     1036        1        0     1036        0      822      818      106     2178        0        0        0
 3634.000000     1036     1036        1        0     1036        0      810      806      114     2179        0        0        0
 3635.000000     1040     1040        1        0     1040        0      811      809      116     2186        0        0        0
 3636.000000     1039     1039        1        0     1039        0      818      816      114     2179        0        0        0
 3637.000000     1042     1042        1        0     1042        0      826      820      118     2170        0        0        0
 3638.000000     1042     1042        1        0     1042        0      813      810      116     2192        0        0        0
 3639.000000     1045     1045        1        0     1045        0      816      813      126     2208        0        0        0
 3640.000000     1041     1041        1        0     1041        0      827      823      131     2193        0        0        0
 3641.000000     1032     1032        1        0     1032        0      811      805      135     2195        0        0        0
 3642.000000     1042     1042        1        0     1042        0      800      796      134     2174        0        0        0
 3643.000000     1044     1044        1        0     1044        0      817      810      133     2198        0        0        0
 3644.000000     1049     1049        1        0     1049        0      811      809      124     2179        0        0        0
 3645.000000     1050     1050        1        0     1050        0      816      812      122     2172        0        0        0
 3646.000000     1042     1042        1        0     1042        0      828      824      126     2202        0        0        0
 3647.000000     1044     1044        1        0     1044        0      819      813      121     2187        0        0        0
 3648.000000     1029     1029        1        0     1029        0      824      816      122     2184        0        0        0
 3649.000000     1035     1035        1        0     1035        0      823      814      117     2182        0        0        0
 3650.000000     1036     1036        1        0     1036        0      806      800      128     2181        0        0        0
 3651.000000     1040     1040        1        0     1040        0      821      810      126     2160        0        0        0
 3652.000000     1026     1026        1        0     1026        0      819      815      122     2163        0        0        0
 3653.000000     1041     1041        1        0     1041        0      811      808      126     2177        0        0        0
 3654.000000     1049     1049        1        0     1049        0      801      796      134     2191        0        0        0
 3655.000000     1031     1031        1        0     1031        0      814      810      113     2192        0        0        0
 3656.000000     1033     1033        1        0     1033        0      821      817      114     2164        0        0        0
 3657.000000     1033     1033        1        0     1033        0      809      804      114     2182        0        0        0
 3658.000000     1041     1041        1        0     1041        0      824      821      125     2177        0        0        0
 3659.000000     1026     1026        1        0     1026        0      798      793      126     2175        0        0        0
 3660.000000     1036     1036        1        0     1036        0      814      807      117     2174        0        0        0
 3661.000000     1037     1037        1        0     1037        0      820      820      120     2193        0        0        0
 3662.000000     1034     1034        1        0     1034        0      818      808      129     2171        0        0        0
 3663.000000     1035     1035        1        0     1035        0      829      827      113     2171        0        0        0
 3664.000000     1022     1022        1        0     1022        0      809      802      115     2176        0        0        0
 3665.000000     1029     1029        1        0     1029        0      806      801      135     2193        0        0        0
 3666.000000     1024     1024        1        0     1024        0      806      802      124     2208        0        0        0
 3667.000000     1031     1031        1        0     1031        0      815      814      148     2210        0        0        0
 3668.000000     1052     1052        1        0     1052        0      803      800      126     2193        0        0        0
 3669.000000     1028     1028        1        0     1028        0      818      815      134     2208        0        0        0
 3670.000000     1025     1025        1        0     1025        0      817      817      133     2182        0        0        0
 3671.000000     1048     1048        1        0     1048        0      827      820      137     2210        0        0        0
 3672.000000     1028     1028        1        0     1028        0      816      813      116     2192        0        0        0
 3673.000000     1023     1023        1        0     1023        0      812      807      127     2192        0        0        0
 3674.000000     1038     1038        1        0     1038        0      804      802      135     2203        0        0        0
 3675.000000     1042     1042        1        0     1042        0      820      814      147     2187        0        0        0
 3676.000000     1043     1043        1        0     1043        0      810      808      126     2199        0        0        0
 3677.000000     1036     1036        1        0     1036        0      803      794      136     2205        0        0        0
 3678.000000     1050     1050        1        0     1050        0      821      817      112     2229        0        0        0
 3679.000000     1041     1041        1        0     1041        0      818      814      125     2196        0        0        0
 3680.000000     1057     1057        1        0     1057        0      821      817      127     2216        0        0        0
 3681.000000     1069     1069        1        0     1069        0      820      817      113     2230        0        0        0
 3682.000000     1046     1046        1        0     1046        0      815      814      118     2213        0        0        0
 3683.000000     1041     1041        1        0     1041        0      819      811      133     2221        0        0        0
 3684.000000     1050     1050        1        0     1050        0      810      803      142     2221        0        0        0
 3685.000000     1052     1052        1        0     1052        0      820      815      126     2218        0        0        0
 3686.000000     1050     1050        1        0     1050        0      809      805      133     2216        0        0        0
 3687.000000     1040     1040        1        0     1040        0      821      818      125     2230        0        0        0
 3688.000000     1037     1037        1        0     1037        0      810      808      126     2201        0        0        0
 3689.000000     1031     1031        1        0     1031        0      810      807      118     2202        0        0        0
 3690.000000     1044     1044        1        0     1044        0      820      816      117     2217        0        0        0
 3691.000000     1046     1046        1        0     1046        0      826      825      106     2216        0        0        0
 3692.000000     1056     1056        1        0     1056        0      815      809      125     2201        0        0        0
 3693.000000     1045     1045        1        0     1045        0      799      790      135     2185        0        0        0
 3694.000000     1045     1045        1        0     1045        0      812      809      124     2199        0        0        0
 3695.000000     1045     1045        1        0     1045        0      812      805      137     2186        0        0        0
 3696.000000     1040     1040        1        0     1040        0      816      812      139     2190        0        0        0
 3697.000000     1046     1046        1        0     1046        0      823      821      125     2180        0        0        0
 3698.000000     1033     1033        1        0     1033        0      807      801      136     2160        0        0        0
 3699.000000     1049     1049        1        0     1049        0      815      811      125     2174        0        0        0
 3700.000000     1038     1038        1        0     1038        0      827      823      132     2200        0        0        0
 3701.000000     1036     1036        1        0     1036        0      838      836       97     2168        0        0        0
 3702.000000     1039     1039        1        0     1039        0      829      827      120     2186        0        0        0
 3703.000000     1044     1044        1        0     1044        0      822      817      128     2191        0        0        0
 3704.000000     1042     1042        1        0     1042        0      828      825      116     2213        0        0        0
 3705.000000     1035     1035        1        0     1035        0      829      825      126     2191        0        0        0
 3706.000000     1035     1035        1        0     1035        0      818      813      123     2175        0        0        0
 3707.000000     1032     1032        1        0     1032        0      826      824      120     2173        0        0        0
 3708.000000     1045     1045        1        0     1045        0      829      827      112     2192        0        0        0
 3709.000000     1037     1037        1        0     1037        0      824      821      124     2182        0        0        0
 3710.000000     1036     1036        1        0     1036        0      832      830      124     2193        0        0        0
 3711.000000     1035     1035        1        0     1035        0      832      829      128     2189        0        0        0
 3712.000000     1035     1035        1        0     1035        0      828      823      121     2180        0        0        0
 3713.000000     1041     1041        1        0     1041        0      834      831      121     2185        0        0        0
 3714.000000     1047     1047        1        0     1047        0      834      832      119     2211        0        0        0
 3715.000000     1027     1027        1        0     1027        0      824      819      131     2193        0        0        0
 3716.000000     1034     1034        1        0     1034        0      824      821      115     2194        0        0        0
 3717.000000     1031     1031        1        0     1031        0      832      830      108     2222        0        0        0
 3718.000000     1034     1034        1        0     1034        0      821      818      117     2213        0        0        0
 3719.000000     1043     1043        1        0     1043        0      827      823      117     2187        0        0        0
 3720.000000     1038     1038        1        0     1038        0      823      819      124     2201        0        0        0
 3721.000000     1036     1036        1        0     1036        0      843      840      123     2215        0        0        0
 3722.000000     1036     1036        1        0     1036        0      820      818      128     2200        0        0        0
 3723.000000     1036     1036        1        0     1036        0      823      821      130     2195        0        0        0
 3724.000000     1032     1032        1        0     1032        0      835      832      125     2187        0        0        0
 3725.000000     1036     1036        1        0     1036        0      834      831      119     2187        0        0        0
 3726.000000     1038     1038        1        0     1038        0      828      823      126     2221        0        0        0
 3727.000000     1046     1046        1        0     1046        0      820      816      126     2199        0        0        0
 3728.000000     1031     1031        1        0     1031        0      814      812      139     2197        0        0        0
 3729.000000     1031     1031        1        0     1031        0      816      811      125     2203        0        0        0
 3730.000000     1023     1023        1        0     1023        0      835      833      122     2199        0        0        0
 3731.000000     1017     1017        1        0     1017        0      821      818      128     2173        0        0        0
 3732.000000     1020     1020        1        0     1020        0      814      810      140     2183        0        0        0
 3733.000000     1031     1031        1        0     1031        0      813      806      151     2196        0        0        0
 3734.000000     1031     1031        1        0     1031        0      832      830      115     2219        0        0        0
 3735.000000     1038     1038        1        0     1038        0      842      840      121     2189        0        0        0
 3736.000000     1024     1024        1        0     1024        0      841      839      124     2200        0        0        0
 3737.000000     1025     1025        1        0     1025        0      819      815      123     2194        0        0        0
 3738.000000     1027     1027        1        0     1027        0      833      831      123     2202        0        0        0
 3739.000000     1023     1023        1        0     1023        0      820      811      131     2183        0        0        0
 3740.000000     1016     1016        1        0     1016        0      828      821      149     2181        0        0        0
 3741.000000     1026     1026        1        0     1026        0      827      824      122     2193        0        0        0
 3742.000000     1028     1028        1        0     1028        0      820      812      128     2201        0        0        0
 3743.000000     1027     1027        1        0     1027        0      825      823      126     2196        0        0        0
 3744.000000     1026     1026        1        0     1026        0      820      816      128     2202        0        0        0
 3745.000000     1039     1039        1        0     1039        0      829      829      112     2207        0        0        0
 3746.000000     1036     1036        1        0     1036        0      821      819      127     2215        0        0        0
 3747.000000     1037     1037        1        0     1037        0      822      818      131     2211        0        0        0
 3748.000000     1038     1038        1        0     1038        0      828      826      124     2210        0        0        0
 3749.000000     1025     1025        1        0     1025        0      833      831      137     2185        0        0        0
 3750.000000     1035     1035        1        0     1035        0      839      835      120     2189        0        0        0
 3751.000000     1033     1033        1        0     1033        0      823      820      125     2153        0        0        0
 3752.000000     1031     1031        1        0     1031        0      827      822      129     2211        0        0        0
 3753.000000     1033     1033        1        0     1033        0      807      805      123     2190        0        0        0
 3754.000000     1029     1029        1        0     1029        0      821      817      112     2194        0        0        0
 3755.000000     1041     1041        1        0     1041        0      832      826      135     2202        0        0        0
 3756.000000     1034     1034        1        0     1034        0      835      832      110     2191        0        0        0
 3757.000000     1034     1034        1        0     1034        0      824      822      125     2201        0        0        0
 3758.000000     1037     1037        1        0     1037        0      826      826      124     2216        0        0        0
 3759.000000     1033     1033        1        0     1033        0      835      832      123     2188        0        0        0
 3760.000000     1036     1036        1        0     1036        0      827      825      114     2209        0        0        0
 3761.000000     1034     1034        1        0     1034        0      817      814      124     2212        0        0        0
 3762.000000     1040     1040        1        0     1040        0      829      828      122     2224        0        0        0
 3763.000000     1030     1030        1        0     1030        0      815      812      132     2203        0        0        0
 3764.000000     1031     1031        1        0     1031        0      827      823      125     2200        0        0        0
 3765.000000     1036     1036        1        0     1036        0      828      824      124     2207        0        0        0
 3766.000000     1033     1033        1        0     1033        0      834      830      126     2218        0        0        0
 3767.000000     1034     1034        1        0     1034        0      819      815      127     2207        0        0        0
 3768.000000     1023     1023        1        0     1023        0      824      822      132     2194        0        0        0
 3769.000000     1024     1024        1        0     1024        0      833      829      114     2192        0        0        0
 3770.000000     1027     1027        1        0     1027        0      823      822      109     2182        0        0        0
 3771.000000     1023     1023        1        0     1023        0      839      837      121     2184        0        0        0
 3772.000000     1029     1029        1        0     1029        0      830      827      134     2207        0        0        0
 3773.000000     1034     1034        1        0     1034        0      828      824      130     2201        0        0        0
 3774.000000     1018     1018        1        0     1018        0      831      827      138     2204        0        0        0
 3775.000000     1018     1018        1        0     1018        0      817      814      126     2209        0        0        0
 3776.000000     1024     1024        1        0     1024        0      827      821      120     2241        0        0        0
 3777.000000     1019     1019        1        0     1019        0      835      826      127     2234        0        0        0
 3778.000000     1033     1033        1        0     1033        0      829      826      124     2232        0        0        0
 3779.000000     1039     1039        1        0     1039        0      833      828      119     2215        0        0        0
 3780.000000     1023     1023        1        0     1023        0      836      833      122     2223        0        0        0
 3781.000000     1027     1027        1        0     1027        0      840      834      127     2235        0        0        0
 3782.000000     1024     1024        1        0     1024        0      826      822      126     2212        0        0        0
 3783.000000     1026     1026        1        0     1026        0      835      831      130     2217        0        0        0
 3784.000000     1038     1038        1        0     1038        0      831      828      111     2232        0        0        0
 3785.000000     1029     1029        1        0     1029        0      817      813      123     2224        0        0        0
 3786.000000     1030     1030        1        0     1030        0      831      828      113     2226        0        0        0
 3787.000000     1027     1027        1        0     1027        0      827      823      126     2215        0        0        0
 3788.000000     1031     1031        1        0     1031        0      828      826      116     2215        0        0        0
 3789.000000     1038     1038        1        0     1038        0      813      807      138     2207        0        0        0
 3790.000000     1033     1033        1        0     1033        0      832      831      114     2189        0        0        0
 3791.000000     1042     1042        1        0     1042        0      831      827      130     2200        0        0        0
 3792.000000     1028     1028        1        0     1028        0      809      807      135     2205        0        0        0
 3793.000000     1021     1021        1        0     1021        0      822      818      131     2181        0        0        0
 3794.000000     1029     1029        1        0     1029        0      832      828      113     2218        0        0        0
 3795.000000     1022     1022        1        0     1022        0      835      832      123     2196        0        0        0
 3796.000000     1029     1029        1        0     1029        0      830      827      124     2192        0        0        0
 3797.000000     1046     1046        1        0     1046        0      842      836      115     2199        0        0        0
 3798.000000     1036     1036        1        0     1036        0      832      829      124     2207        0        0        0
 3799.000000     1037     1037        1        0     1037        0      841      839      120     2185        0        0        0
 3800.000000     1054     1054        1        0     1054        0      814      813      126     2194        0        0        0
 3801.000000     1041     1041        1        0     1041        0      834      830      121     2198        0        0        0
 3802.000000     1032     1032        1        0     1032        0      828      827      122     2211        0        0        0
 3803.000000     1033     1033        1        0     1033        0      826      824      118     2217        0        0        0
 3804.000000     1032     1032        1        0     1032        0      828      821      134     2215        0        0        0
 3805.000000     1032     1032        1        0     1032        0      836      833      126     2235        0        0        0
 3806.000000     1033     1033        1        0     1033        0      841      836      126     2220        0        0        0
 3807.000000     1033     1033        1        0     1033        0      837      836      134     2205        0        0        0
 3808.000000     1032     1032        1        0     1032        0      812      809      123     2208        0        0        0
 3809.000000     1037     1037        1        0     1037        0      832      829      135     2201        0        0        0
 3810.000000     1037     1037        1        0     1037        0      839      834      124     2210        0        0        0
 3811.000000     1043     1043        1        0     1043        0      834      832      131     2216        0        0        0
 3812.000000     1036     1036        1        0     1036        0      821      818      125     2193        0        0        0
 3813.000000     1036     1036        1        0     1036        0      831      825      137     2208        0        0        0
 3814.000000     1036     1036        1        0     1036        0      821      818      136     2196        0        0        0
 3815.000000     1036     1036        1        0     1036        0      826      820      126     2208        0        0        0
 3816.000000     1051     1038        2        0     1051        0      827      820      147     2191        0        0        0
 3817.000000     1060     1048        2        0     1060        0      839      833      112     2207        0        0        0
 3818.000000     1039     1039        1        0     1039        0      831      828      114     2205        0        0        0
 3819.000000     1048     1048        1        0     1048        0      832      830      119     2188        0        0        0
 3820.000000     1046     1046        1        0     1046        0      835      831      127     2207        0        0        0
 3821.000000     1051     1051        1        0     1051        0      821      818      126     2201        0        0        0
 3822.000000     1036     1036        1        0     1036        0      838      830      127     2210        0        0        0
 3823.000000     1036     1036        1        0     1036        0      826      823      122     2240        0        0        0
 3824.000000     1050     1050        1        0     1050        0      829      825      123     2199        0        0        0
 3825.000000     1041     1041        1        0     1041        0      828      822      125     2201        0        0        0
 3826.000000     1031     1031        1        0     1031        0      838      835      113     2206        0        0        0
 3827.000000     1037     1037        1        0     1037        0      834      831      134     2211        0        0        0
 3828.000000     1041     1041        1        0     1041        0      836      834      110     2194        0        0        0
 3829.000000     1057     1057        1        0     1057        0      828      821      132     2225        0        0        0
 3830.000000     1042     1042        1        0     1042        0      831      830      114     2209        0        0        0
 3831.000000     1045     1045        1        0     1045        0      829      826      115     2194        0        0        0
 3832.000000     1045     1045        1        0     1045        0      838      836      118     2191        0        0        0
 3833.000000     1054     1054        1        0     1054        0      830      827      126     2201        0        0        0
 3834.000000     1054     1054        1        0     1054        0      829      827      112     2190        0        0        0
 3835.000000     1039     1039        1        0     1039        0      824      822      126     2192        0        0        0
 3836.000000     1032     1032        1        0     1032        0      819      818      131     2191        0        0        0
 3837.000000     1041     1041        1        0     1041        0      823      819      120     2226        0        0        0
 3838.000000     1041     1041        1        0     1041        0      830      828      112     2216        0        0        0
 3839.000000     1048     1036        2        0     1048        0      831      829      117     2204        0        0        0
 3840.000000     1034     1034        1        0     1034        0      832      830      113     2210        0        0        0
 3841.000000     1033     1033        1        0     1033        0      826      821      121     2211        0        0        0
 3842.000000     1023     1023        1        0     1023        0      821      819      121     2198        0        0        0
 3843.000000     1051     1051        1        0     1051        0      837      834      122     2213        0        0        0
 3844.000000     1039     1039        1        0     1039        0      832      828      111     2207        0        0        0
 3845.000000     1044     1044        1        0     1044        0      842      834      116     2199        0        0        0
 3846.000000     1051     1038        2        0     1051        0      827      825      127     2194        0        0        0
 3847.000000     1035     1035        1        0     1035        0      821      817      130     2202        0        0        0
 3848.000000     1045     1045        1        0     1045        0      828      823      118     2209        0        0        0
 3849.000000     1047     1047        1        0     1047        0      835      832      124     2224        0        0        0
 3850.000000     1049     1049        1        0     1049        0      820      819      124     2223        0        0        0
 3851.000000     1047     1047        1        0     1047        0      827      824      122     2238        0        0        0
 3852.000000     1037     1037        1        0     1037        0      826      820      140     2212        0        0        0
 3853.000000     1055     1055        1        0     1055        0      827      826      116     2233        0        0        0
 3854.000000     1055     1055        1        0     1055        0      828      823      139     2223        0        0        0
 3855.000000     1075     1075        1        0     1075        0      817      813      128     2228        0        0        0
 3856.000000     1046     1046        1        0     1046        0      828      825      128     2234        0        0        0
 3857.000000     1045     1045        1        0     1045        0      817      816      131     2222        0        0        0
 3858.000000     1038     1038        1        0     1038        0      824      822      114     2245        0        0        0
 3859.000000     1068     1068        1        0     1068        0      817      812      128     2222        0        0        0
 3860.000000     1044     1044        1        0     1044        0      819      813      140     2239        0        0        0
 3861.000000     1056     1056        1        0     1056        0      823      819      129     2227        0        0        0
 3862.000000     1041     1041        1        0     1041        0      827      822      139     2254        0        0        0
 3863.000000     1073     1073        1        0     1073        0      827      824      125     2245        0        0        0
 3864.000000     1067     1067        1        0     1067        0      834      831      134     2246        0        0        0
 3865.000000     1052     1052        1        0     1052        0      854      847      118     2260        0        0        0
 3866.000000     1065     1065        1        0     1065        0      832      830      117     2249        0        0        0
 3867.000000     1045     1045        1        0     1045        0      835      832      125     2247        0        0        0
 3868.000000     1045     1045        1        0     1045        0      830      825      129     2230        0        0        0
 3869.000000     1041     1041        1        0     1041        0      824      821      120     2263        0        0        0
 3870.000000     1043     1043        1        0     1043        0      804      797      134     2238        0        0        0
 3871.000000     1046     1046        1        0     1046        0      823      819      125     2226        0        0        0
 3872.000000     1042     1042        1        0     1042        0      835      829      124     2223        0        0        0
 3873.000000     1067     1067        1        0     1067        0      829      826      116     2253        0        0        0
 3874.000000     1049     1049        1        0     1049        0      836      833      126     2207        0        0        0
 3875.000000     1041     1041        1        0     1041        0      832      827      129     2207        0        0        0
 3876.000000     1038     1038        1        0     1038        0      840      837      121     2239        0        0        0
 3877.000000     1040     1040        1        0     1040        0      830      824      132     2220        0        0        0
 3878.000000     1048     1048        1        0     1048        0      840      833      124     2244        0        0        0
 3879.000000     1049     1049        1        0     1049        0      838      832      137     2235        0        0        0
 3880.000000     1058     1058        1        0     1058        0      830      827      122     2233        0        0        0
 3881.000000     1065     1065        1        0     1065        0      840      834      123     2229        0        0        0
 3882.000000     1063     1063        1        0     1063        0      828      824      125     2246        0        0        0
 3883.000000     1055     1055        1        0     1055        0      848      840      140     2234        0        0        0
 3884.000000     1056     1056        1        0     1056        0      829      824      128     2267        0        0        0
 3885.000000     1054     1054        1        0     1054        0      836      833      136     2250        0        0        0
 3886.000000     1058     1058        1        0     1058        0      843      836      130     2233        0        0        0
 3887.000000     1066     1066        1        0     1066        0      847      841      131     2245        0        0        0
 3888.000000     1067     1067        1        0     1067        0      844      842      135     2256        0        0        0
 3889.000000     1061     1061        1        0     1061        0      835      831      141     2247        0        0        0
 3890.000000     1062     1062        1        0     1062        0      833      827      140     2240        0        0        0
 3891.000000     1064     1064        1        0     1064        0      838      838      112     2263        0        0        0
 3892.000000     1063     1063        1        0     1063        0      842      841      116     2240        0        0        0
 3893.000000     1064     1064        1        0     1064        0      840      834      132     2259        0        0        0
 3894.000000     1066     1066        1        0     1066        0      835      831      131     2260        0        0        0
 3895.000000     1062     1062        1        0     1062        0      840      837      135     2239        0        0        0
 3896.000000     1063     1063        1        0     1063        0      843      842      122     2228        0        0        0
 3897.000000     1050     1050        1        0     1050        0      846      839      140     2247        0        0        0
 3898.000000     1063     1063        1        0     1063        0      832      828      140     2240        0        0        0
 3899.000000     1054     1054        1        0     1054        0      838      832      126     2243        0        0        0
 3900.000000     1063     1063        1        0     1063        0      828      824      133     2248        0        0        0
 3901.000000     1063     1063        1        0     1063        0      835      831      120     2246        0        0        0
 3902.000000     1061     1061        1        0     1061        0      833      829      122     2228        0        0        0
 3903.000000     1064     1064        1        0     1064        0      842      839      129     2254        0        0        0
 3904.000000     1062     1062        1        0     1062        0      845      844      129     2247        0        0        0
 3905.000000     1079     1079        1       15     1064        0      854      847      146     2237        0        0        0
 3906.000000     1069     1069        1        0     1069        0      847      844      142     2253        0        0        0
 3907.000000     1062     1062        1        0     1062        0      838      832      138     2252        0        0        0
 3908.000000     1062     1062        1        0     1062        0      833      831      141     2247        0        0        0
 3909.000000     1059     1059        1        0     1059        0      835      829      129     2253        0        0        0
 3910.000000     1077     1077        1       15     1062        0      835      832      132     2246        0        0        0
 3911.000000     1062     1062        1        0     1062        0      837      833      133     2240        0        0        0
 3912.000000     1062     1062        1        0     1062        0      837      834      126     2215        0        0        0
 3913.000000     1064     1064        1        0     1064        0      836      833      129     2249        0        0        0
 3914.000000     1063     1063        1        0     1063        0      823      820      145     2230        0        0        0
 3915.000000     1075     1075        1        0     1075        0      832      826      118     2266        0        0        0
 3916.000000     1076     1076        1        0     1076        0      831      828      140     2249        0        0        0
 3917.000000     1062     1062        1        0     1062        0      830      826      138     2254        0        0        0
 3918.000000     1062     1062        1        0     1062        0      822      819      134     2225        0        0        0
 3919.000000     1065     1065        1        0     1065        0      833      828      135     2240        0        0        0
 3920.000000     1060     1060        1        0     1060        0      820      817      141     2238        0        0        0
 3921.000000     1061     1061        1        0     1061        0      833      830      138     2231        0        0        0
 3922.000000     1075     1075        1        0     1075        0      838      835      131     2228        0        0        0
 3923.000000     1076     1076        1        0     1076        0      811      808      132     2219        0        0        0
 3924.000000     1077     1077        1        0     1077        0      844      837      139     2262        0        0        0
 3925.000000     1068     1068        1        0     1068        0      818      814      157     2243        0        0        0
 3926.000000     1079     1079        1        0     1079        0      833      827      141     2224        0        0        0
 3927.000000     1061     1061        1        0     1061        0      840      836      134     2205        0        0        0
 3928.000000     1057     1057        1        0     1057        0      816      814      130     2202        0        0        0
 3929.000000     1075     1075        1        0     1075        0      829      821      143     2203        0        0        0
 3930.000000     1051     1051        1        0     1051        0      827      822      134     2208        0        0        0
 3931.000000     1046     1046        1        0     1046        0      839      835      121     2183        0        0        0
 3932.000000     1069     1069        1        0     1069        0      840      838      129     2222        0        0        0
 3933.000000     1048     1048        1        0     1048        0      843      841      129     2201        0        0        0
 3934.000000     1081     1081        1        0     1081        0      822      820      124     2219        0        0        0
 3935.000000     1085     1085        1        0     1085        0      818      815      137     2229        0        0        0
 3936.000000     1056     1056        1        0     1056        0      828      821      135     2235        0        0        0
 3937.000000     1049     1049        1        0     1049        0      833      830      125     2224        0        0        0
 3938.000000     1047     1047        1        0     1047        0      828      824      150     2238        0        0        0
 3939.000000     1037     1037        1        0     1037        0      834      829      137     2204        0        0        0
 3940.000000     1044     1044        1        0     1044        0      834      829      137     2192        0        0        0
 3941.000000     1051     1051        1        0     1051        0      832      830      130     2201        0        0        0
 3942.000000     1047     1047        1        0     1047        0      829      823      139     2217        0        0        0
 3943.000000     1049     1049        1        0     1049        0      817      813      139     2217        0        0        0
 3944.000000     1050     1050        1        0     1050        0      829      826      129     2224        0        0        0
 3945.000000     1055     1055        1        0     1055        0      829      825      132     2224        0        0        0
 3946.000000     1052     1052        1        0     1052        0      840      834      128     2212        0        0        0
 3947.000000     1050     1050        1        0     1050        0      828      826      132     2220        0        0        0
 3948.000000     1059     1059        1        0     1059        0      844      838      128     2235        0        0        0
 3949.000000     1063     1063        1        0     1063        0      841      838      130     2245        0        0        0
 3950.000000     1066     1066        1        0     1066        0      839      834      128     2242        0        0        0
 3951.000000     1050     1050        1        0     1050        0      837      831      127     2217        0        0        0
 3952.000000     1067     1067        1        0     1067        0      847      843      126     2223        0        0        0
 3953.000000     1059     1059        1        0     1059        0      835      833      127     2223        0        0        0
 3954.000000     1050     1050        1        0     1050        0      835      830      156     2179        0        0        0
 3955.000000     1059     1059        1        0     1059        0      844      837      126     2215        0        0        0
 3956.000000     1058     1058        1        0     1058        0      836      835      131     2213        0        0        0
 3957.000000     1053     1053        1        0     1053        0      832      830      123     2215        0        0        0
 3958.000000     1061     1061        1        0     1061        0      824      820      139     2220        0        0        0
 3959.000000     1055     1055        1        0     1055        0      833      830      129     2230        0        0        0
 3960.000000     1061     1061        1        0     1061        0      832      831      138     2240        0        0        0
 3961.000000     1050     1050        1        0     1050        0      845      839      139     2247        0        0        0
 3962.000000     1058     1058        1        0     1058        0      830      827      155     2229        0        0        0
 3963.000000     1054     1054        1        0     1054        0      839      832      141     2224        0        0        0
 3964.000000     1060     1060        1        0     1060        0      837      834      124     2211        0        0        0
 3965.000000     1058     1058        1        0     1058        0      849      845      121     2223        0        0        0
 3966.000000     1058     1058        1        0     1058        0      843      840      136     2245        0        0        0
 3967.000000     1055     1055        1        0     1055        0      845      841      132     2248        0        0        0
 3968.000000     1053     1053        1        0     1053        0      832      828      126     2249        0        0        0
 3969.000000     1059     1059        1        0     1059        0      836      834      137     2244        0        0        0
 3970.000000     1064     1064        1        0     1064        0      844      839      137     2268        0        0        0
 3971.000000     1060     1060        1        0     1060        0      841      839      129     2241        0        0        0
 3972.000000     1054     1054        1        0     1054        0      845      839      138     2245        0        0        0
 3973.000000     1055     1055        1        0     1055        0      835      834      132     2239        0        0        0
 3974.000000     1063     1063        1        0     1063        0      839      834      124     2267        0        0        0
 3975.000000     1057     1057        1        0     1057        0      846      842      125     2241        0        0        0
 3976.000000     1062     1062        1        0     1062        0      843      841      130     2261        0        0        0
 3977.000000     1058     1058        1        0     1058        0      840      839      116     2235        0        0        0
 3978.000000     1058     1058        1        0     1058        0      852      847      125     2238        0        0        0
 3979.000000     1060     1060        1        0     1060        0      843      837      132     2237        0        0        0
 3980.000000     1082     1070        2        0     1082        0      843      840      140     2262        0        0        0
 3981.000000     1060     1060        1        0     1060        0      838      836      136     2241        0        0        0
 3982.000000     1068     1068        1        0     1068        0      845      840      132     2255        0        0        0
 3983.000000     1064     1064        1        0     1064        0      851      847      134     2244        0        0        0
 3984.000000     1065     1065        1        0     1065        0      841      839      138     2220        0        0        0
 3985.000000     1069     1069        1        0     1069        0      838      835      138     2226        0        0        0
 3986.000000     1070     1070        1        0     1070        0      859      855      121     2238        0        0        0
 3987.000000     1070     1070        1        0     1070        0      851      843      135     2229        0        0        0
 3988.000000     1064     1064        1        0     1064        0      855      850      132     2242        0        0        0
 3989.000000     1064     1064        1        0     1064        0      838      830      163     2240        0        0        0
 3990.000000     1070     1070        1        0     1070        0      859      855      141     2240        0        0        0
 3991.000000     1069     1069        1        0     1069        0      861      856      136     2243        0        0        0
 3992.000000     1069     1069        1        0     1069        0      869      866      118     2238        0        0        0
 3993.000000     1071     1071        1        0     1071        0      865      857      134     2244        0        0        0
 3994.000000     1073     1073        1        0     1073        0      839      835      142     2234        0        0        0
 3995.000000     1063     1063        1        0     1063        0      838      835      152     2242        0        0        0
 3996.000000     1058     1058        1        0     1058        0      847      844      135     2260        0        0        0
 3997.000000     1069     1069        1        0     1069        0      844      841      127     2283        0        0        0
 3998.000000     1063     1063        1        0     1063        0      845      837      139     2256        0        0        0
 3999.000000     1070     1070        1        0     1070        0      851      843      142     2236        0        0        0
 4000.000000     1069     1069        1        0     1069        0      851      848      138     2247        0        0        0
 4001.000000     1068     1068        1        0     1068        0      863      854      130     2248        0        0        0
 4002.000000     1072     1072        1        0     1072        0      848      842      130     2238        0        0        0
 4003.000000     1069     1069        1        0     1069        0      848      844      151     2249        0        0        0
 4004.000000     1074     1074        1        0     1074        0      831      828      145     2256        0        0        0
 4005.000000     1078     1078        1        0     1078        0      846      844      112     2279        0        0        0
 4006.000000     1072     1072        1        0     1072        0      846      843      122     2250        0        0        0
 4007.000000     1074     1074        1        0     1074        0      849      845      126     2233        0        0        0
 4008.000000     1079     1079        1        0     1079        0      867      862      117     2244        0        0        0
 4009.000000     1070     1070        1        0     1070        0      849      845      129     2249        0        0        0
 4010.000000     1079     1067        2        0     1079        0      856      852      136     2249        0        0        0
 4011.000000     1084     1072        2        0     1084        0      848      845      127     2256        0        0        0
 4012.000000     1075     1063        2        0     1075        0      845      838      136     2243        0        0        0
 4013.000000     1075     1063        2        0     1075        0      851      845      129     2229        0        0        0
 4014.000000     1083     1071        2        0     1083        0      847      841      135     2237        0        0        0
 4015.000000     1076     1064        2        0     1076        0      855      852      124     2240        0        0        0
 4016.000000     1075     1063        2        0     1075        0      841      835      140     2234        0        0        0
 4017.000000     1076     1064        2        0     1076        0      848      838      136     2233        0        0        0
 4018.000000     1075     1063        2        0     1075        0      851      844      130     2228        0        0        0
 4019.000000     1075     1063        2        0     1075        0      841      837      140     2252        0        0        0
 4020.000000     1076     1064        2        0     1076        0      838      836      142     2239        0        0        0
 4021.000000     1063     1063        1        0     1063        0      846      843      127     2247        0        0        0
 4022.000000     1063     1063        1        0     1063        0      847      841      138     2249        0        0        0
 4023.000000     1063     1063        1        0     1063        0      838      831      131     2256        0        0        0
 4024.000000     1064     1064        1        0     1064        0      864      859      126     2257        0        0        0
 4025.000000     1063     1063        1        0     1063        0      849      844      125     2248        0        0        0
 4026.000000     1063     1063        1        0     1063        0      841      837      134     2248        0        0        0
 4027.000000     1060     1060        1        0     1060        0      863      857      128     2227        0        0        0
 4028.000000     1060     1060        1        0     1060        0      859      851      142     2227        0        0        0
 4029.000000     1077     1077        1        0     1077        0      853      850      124     2224        0        0        0
 4030.000000     1080     1080        1        0     1080        0      844      837      134     2239        0        0        0
 4031.000000     1059     1059        1        0     1059        0      856      850      123     2234        0        0        0
 4032.000000     1060     1060        1        0     1060        0      854      847      132     2232        0        0        0
 4033.000000     1059     1059        1        0     1059        0      841      836      134     2246        0        0        0
 4034.000000     1074     1062        2        0     1074        0      841      836      123     2218        0        0        0
 4035.000000     1058     1058        1        0     1058        0      852      845      138     2235        0        0        0
 4036.000000     1072     1060        2        0     1072        0      840      836      136     2220        0        0        0
 4037.000000     1070     1058        2        0     1070        0      857      851      128     2216        0        0        0
 4038.000000     1071     1059        2        0     1071        0      847      842      130     2236        0        0        0
 4039.000000     1070     1058        2        0     1070        0      838      833      138     2238        0        0        0
 4040.000000     1068     1056        2        0     1068        0      850      843      131     2225        0        0        0
 4041.000000     1069     1057        2        0     1069        0      833      830      135     2229        0        0        0
 4042.000000     1068     1056        2        0     1068        0      839      836      126     2219        0        0        0
 4043.000000     1083     1071        2        0     1083        0      848      843      129     2241        0        0        0
 4044.000000     1053     1041        2        0     1053        0      822      817      140     2224        0        0        0
 4045.000000     1068     1056        2        0     1068        0      814      809      135     2238        0        0        0
 4046.000000     1077     1065        2        0     1077        0      833      829      123     2214        0        0        0
 4047.000000     1069     1057        2        0     1069        0      834      832      126     2255        0        0        0
 4048.000000     1062     1050        2        0     1062        0      830      826      124     2201        0        0        0
 4049.000000     1066     1054        2        0     1066        0      842      841      122     2215        0        0        0
 4050.000000     1081     1069        2        0     1081        0      829      821      126     2227        0        0        0
 4051.000000     1087     1075        2        0     1087        0      840      835      123     2238        0        0        0
 4052.000000     1067     1055        2        0     1067        0      829      825      140     2223        0        0        0
 4053.000000     1060     1048        2        0     1060        0      831      827      136     2227        0        0        0
 4054.000000     1063     1051        2        0     1063        0      839      838      121     2223        0        0        0
 4055.000000     1082     1082        1        0     1082        0      851      848      130     2245        0        0        0
 4056.000000     1073     1061        2        0     1073        0      846      843      118     2231        0        0        0
 4057.000000     1065     1053        2        0     1065        0      849      845      125     2230        0        0        0
 4058.000000     1083     1071        2        0     1083        0      837      835      122     2260        0        0        0
 4059.000000     1056     1056        1        0     1056        0      842      840      122     2245        0        0        0
 4060.000000     1083     1071        2        0     1083        0      841      836      131     2246        0        0        0
 4061.000000     1068     1056        2        0     1068        0      848      842      129     2245        0        0        0
 4062.000000     1057     1057        1        0     1057        0      835      834      125     2240        0        0        0
 4063.000000     1043     1043        1        0     1043        0      836      833      130     2225        0        0        0
 4064.000000     1054     1054        1        0     1054        0      842      839      128     2246        0        0        0
 4065.000000     1062     1050        2        0     1062        0      847      841      117     2258        0        0        0
 4066.000000     1055     1043        2        0     1055        0      835      831      123     2236        0        0        0
 4067.000000     1044     1044        1        0     1044        0      840      835      130     2225        0        0        0
 4068.000000     1069     1057        2        0     1069        0      831      825      137     2234        0        0        0
 4069.000000     1058     1058        1        0     1058        0      840      837      120     2256        0        0        0
 4070.000000     1071     1059        2        0     1071        0      829      827      140     2241        0        0        0
 4071.000000     1069     1057        2        0     1069        0      841      838      125     2258        0        0        0
 4072.000000     1054     1042        2        0     1054        0      840      838      120     2239        0        0        0
 4073.000000     1073     1061        2        0     1073        0      840      833      123     2256        0        0        0
 4074.000000     1054     1054        1        0     1054        0      833      829      122     2238        0        0        0
 4075.000000     1062     1050        2        0     1062        0      845      838      126     2236        0        0        0
 4076.000000     1054     1054        1        0     1054        0      843      840      108     2238        0        0        0
 4077.000000     1062     1050        2        0     1062        0      857      852      123     2254        0        0        0
 4078.000000     1056     1056        1        0     1056        0      850      843      149     2239        0        0        0
 4079.000000     1068     1056        2        0     1068        0      843      838      118     2248        0        0        0
 4080.000000     1047     1047        1        0     1047        0      847      842      125     2267        0        0        0
 4081.000000     1066     1054        2        0     1066        0      843      837      126     2236        0        0        0
 4082.000000     1067     1055        2        0     1067        0      849      844      129     2253        0        0        0
 4083.000000     1066     1054        2        0     1066        0      847      844      136     2239        0        0        0
 4084.000000     1081     1069        2        0     1081        0      852      847      129     2247        0        0        0
 4085.000000     1064     1052        2        0     1064        0      846      841      129     2239        0        0        0
 4086.000000     1066     1054        2        0     1066        0      852      846      122     2245        0        0        0
 4087.000000     1068     1056        2        0     1068        0      836      833      137     2244        0        0        0
 4088.000000     1065     1053        2        0     1065        0      843      834      132     2244        0        0        0
 4089.000000     1068     1056        2        0     1068        0      836      830      120     2236        0        0        0
 4090.000000     1065     1053        2        0     1065        0      847      843      127     2257        0        0        0
 4091.000000     1059     1047        2        0     1059        0      846      841      126     2233        0        0        0
 4092.000000     1063     1051        2        0     1063        0      838      835      128     2240        0        0        0
 4093.000000     1050     1050        1        0     1050        0      845      835      126     2224        0        0        0
 4094.000000     1056     1044        2        0     1056        0      848      844      123     2255        0        0        0
 4095.000000     1059     1047        2        0     1059        0      840      837      123     2234        0        0        0
 4096.000000     1061     1049        2        0     1061        0      840      836      140     2238        0        0        0
 4097.000000     1056     1044        2        0     1056        0      842      839      138     2243        0        0        0
 4098.000000     1054     1042        2        0     1054        0      849      842      136     2264        0        0        0
 4099.000000     1050     1038        2        0     1050        0      828      822      148     2240        0        0        0
 4100.000000     1043     1043        1        0     1043        0      841      837      133     2246        0        0        0
 4101.000000     1061     1049        2        0     1061        0      843      838      126     2246        0        0        0
 4102.000000     1077     1065        2        0     1077        0      854      849      119     2227        0        0        0
 4103.000000     1075     1063        2        0     1075        0      854      851      137     2257        0        0        0
 4104.000000     1073     1061        2        0     1073        0      849      843      133     2239        0        0        0
 4105.000000     1068     1056        2        0     1068        0      853      849      131     2253        0        0        0
 4106.000000     1072     1060        2        0     1072        0      843      841      134     2242        0        0        0
 4107.000000     1072     1060        2        0     1072        0      839      835      126     2232        0        0        0
 4108.000000     1067     1055        2        0     1067        0      847      846      127     2231        0        0        0
 4109.000000     1067     1055        2        0     1067        0      844      839      131     2235        0        0        0
 4110.000000     1069     1057        2        0     1069        0      849      847      119     2229        0        0        0
 4111.000000     1068     1056        2        0     1068        0      848      844      125     2248        0        0        0
 4112.000000     1071     1059        2        0     1071        0      833      829      131     2237        0        0        0
 4113.000000     1075     1063        2        0     1075        0      841      836      133     2219        0        0        0
 4114.000000     1072     1060        2        0     1072        0      844      841      139     2244        0        0        0
 4115.000000     1068     1056        2        0     1068        0      843      840      131     2232        0        0        0
 4116.000000     1079     1079        1        0     1079        0      843      834      131     2239        0        0        0
 4117.000000     1070     1070        1        0     1070        0      849      843      149     2228        0        0        0
 4118.000000     1062     1050        2        0     1062        0      841      839      125     2237        0        0        0
 4119.000000     1073     1073        1        0     1073        0      840      835      141     2219        0        0        0
 4120.000000     1074     1074        1        0     1074        0      837      832      132     2244        0        0        0
 4121.000000     1072     1072        1        0     1072        0      833      830      142     2217        0        0        0
 4122.000000     1071     1071        1        0     1071        0      840      836      130     2223        0        0        0
 4123.000000     1077     1077        1        0     1077        0      833      830      135     2212        0        0        0
 4124.000000     1072     1072        1        0     1072        0      833      828      128     2223        0        0        0
 4125.000000     1091     1091        1        0     1091        0      852      848      142     2211        0        0        0
 4126.000000     1062     1050        2        0     1062        0      833      827      142     2215        0        0        0
 4127.000000     1066     1066        1        0     1066        0      852      845      125     2184        0        0        0
 4128.000000     1064     1052        2        0     1064        0      863      858      132     2211        0        0        0
 4129.000000     1063     1063        1        0     1063        0      839      836      139     2238        0        0        0
 4130.000000     1072     1072        1        0     1072        0      856      849      126     2207        0        0        0
 4131.000000     1074     1074        1        0     1074        0      850      846      122     2231        0        0        0
 4132.000000     1073     1073        1        0     1073        0      831      825      137     2222        0        0        0
 4133.000000     1065     1053        2        0     1065        0      840      837      124     2217        0        0        0
 4134.000000     1073     1073        1        0     1073        0      849      845      118     2210        0        0        0
 4135.000000     1055     1055        1        0     1055        0      839      835      120     2203        0        0        0
 4136.000000     1062     1062        1        0     1062        0      838      833      131     2210        0        0        0
 4137.000000     1098     1098        1        0     1098        0      845      837      146     2234        0        0        0
 4138.000000     1074     1074        1        0     1074        0      840      837      136     2213        0        0        0
 4139.000000     1072     1072        1        0     1072        0      836      834      121     2203        0        0        0
 4140.000000     1082     1082        1        0     1082        0      839      833      133     2218        0        0        0
 4141.000000     1064     1052        2        0     1064        0      849      845      123     2228        0        0        0
 4142.000000     1071     1071        1        0     1071        0      846      840      132     2218        0        0        0
 4143.000000     1070     1070        1        0     1070        0      836      823      135     2206        0        0        0
 4144.000000     1059     1059        1        0     1059        0      843      840      131     2218        0        0        0
 4145.000000     1060     1060        1        0     1060        0      849      846      126     2208        0        0        0
 4146.000000     1059     1059        1        0     1059        0      842      839      147     2223        0        0        0
 4147.000000     1059     1059        1        0     1059        0      828      821      134     2208        0        0        0
 4148.000000     1059     1059        1        0     1059        0      824      818      153     2213        0        0        0
 4149.000000     1059     1059        1        0     1059        0      836      832      142     2200        0        0        0
 4150.000000     1060     1060        1        0     1060        0      823      821      144     2212        0        0        0
 4151.000000     1069     1069        1        0     1069        0      858      849      129     2220        0        0        0
 4152.000000     1062     1062        1        0     1062        0      831      827      129     2226        0        0        0
 4153.000000     1068     1068        1        0     1068        0      838      832      128     2220        0        0        0
 4154.000000     1068     1068        1        0     1068        0      848      844      129     2229        0        0        0
 4155.000000     1068     1068        1        0     1068        0      840      834      133     2218        0        0        0
 4156.000000     1069     1069        1        0     1069        0      840      833      127     2227        0        0        0
 4157.000000     1066     1066        1        0     1066        0      836      831      133     2218        0        0        0
 4158.000000     1068     1068        1        0     1068        0      847      841      134     2224        0        0        0
 4159.000000     1056     1056        1        0     1056        0      845      842      115     2220        0        0        0
 4160.000000     1066     1066        1        0     1066        0      837      831      133     2215        0        0        0
 4161.000000     1067     1055        2        0     1067        0      837      833      130     2225        0        0        0
 4162.000000     1074     1074        1        0     1074        0      840      833      128     2192        0        0        0
 4163.000000     1085     1065        2        0     1085        0      835      829      128     2230        0        0        0
 4164.000000     1081     1081        1        9     1066        6      833      826      141     2214        0        0        0
 4165.000000     1064     1064        1        0     1064        0      839      832      127     2205        0        0        0
 4166.000000     1078     1078        1        8     1064        6      833      829      142     2203        0        0        0
 4167.000000     1080     1080        1        8     1066        6      850      846      120     2205        0        0        0
 4168.000000     1075     1075        1        8     1061        6      841      835      134     2204        0        0        0
 4169.000000     1070     1070        1        8     1056        6      836      831      136     2209        0        0        0
 4170.000000     1070     1070        1        8     1056        6      827      822      135     2208        0        0        0
 4171.000000     1078     1078        1        9     1063        6      837      835      126     2211        0        0        0
 4172.000000     1079     1079        1        0     1079        0      843      837      114     2216        0        0        0
 4173.000000     1073     1073        1        0     1073        0      859      855      124     2214        0        0        0
 4174.000000     1075     1075        1        0     1075        0      847      842      130     2217        0        0        0
 4175.000000     1067     1067        1        0     1067        0      834      830      124     2192        0        0        0
 4176.000000     1072     1072        1        0     1072        0      837      831      134     2212        0        0        0
 4177.000000     1077     1077        1        0     1077        0      852      847      118     2216        0        0        0
 4178.000000     1085     1085        1        0     1085        0      839      832      133     2220        0        0        0
 4179.000000     1084     1084        1        0     1084        0      833      829      144     2208        0        0        0
 4180.000000     1075     1075        1        0     1075        0      830      828      134     2230        0        0        0
 4181.000000     1067     1047        2        0     1067        0      844      842      126     2231        0        0        0
 4182.000000     1070     1070        1        0     1070        0      834      829      132     2232        0        0        0
 4183.000000     1058     1058        1        0     1058        0      826      822      128     2220        0        0        0
 4184.000000     1069     1069        1        0     1069        0      828      825      134     2211        0        0        0
 4185.000000     1067     1067        1        0     1067        0      832      830      132     2216        0        0        0
 4186.000000     1052     1052        1        0     1052        0      825      819      132     2217        0        0        0
 4187.000000     1053     1053        1        0     1053        0      821      818      145     2179        0        0        0
 4188.000000     1051     1051        1        0     1051        0      820      816      138     2190        0        0        0
 4189.000000     1077     1077        1        0     1077        0      837      833      135     2226        0        0        0
 4190.000000     1074     1074        1        0     1074        0      823      819      128     2207        0        0        0
 4191.000000     1073     1073        1        0     1073        0      826      819      141     2199        0        0        0
 4192.000000     1070     1070        1        0     1070        0      832      825      115     2203        0        0        0
 4193.000000     1072     1072        1        0     1072        0      837      832      129     2209        0        0        0
 4194.000000     1073     1073        1        0     1073        0      848      843      116     2221        0        0        0
 4195.000000     1077     1077        1        0     1077        0      816      808      151     2234        0        0        0
 4196.000000     1072     1072        1        0     1072        0      819      814      138     2209        0        0        0
 4197.000000     1076     1076        1        0     1076        0      832      828      117     2204        0        0        0
 4198.000000     1077     1077        1        0     1077        0      845      843      110     2201        0        0        0
 4199.000000     1078     1078        1        0     1078        0      846      841      139     2226        0        0        0
 4200.000000     1058     1058        1        0     1058        0      838      834      138     2216        0        0        0
 4201.000000     1083     1083        1        0     1083        0      840      837      124     2189        0        0        0
 4202.000000     1067     1047        2        0     1067        0      842      840      122     2207        0        0        0
 4203.000000     1071     1059        2        0     1071        0      844      840      122     2203        0        0        0
 4204.000000     1078     1066        2        0     1078        0      848      847      112     2201        0        0        0
 4205.000000     1071     1059        2        0     1071        0      851      848      131     2191        0        0        0
 4206.000000     1066     1054        2        0     1066        0      848      843      139     2212        0        0        0
 4207.000000     1075     1063        2        0     1075        0      835      829      137     2221        0        0        0
 4208.000000     1071     1059        2        0     1071        0      831      828      132     2223        0        0        0
 4209.000000     1071     1059        2        0     1071        0      852      848      133     2198        0        0        0
 4210.000000     1090     1090        1        0     1090        0      842      836      133     2220        0        0        0
 4211.000000     1096     1096        1        0     1096        0      849      841      129     2219        0        0        0
 4212.000000     1094     1094        1        0     1094        0      842      836      136     2200        0        0        0
 4213.000000     1092     1092        1        0     1092        0      846      844      127     2221        0        0        0
 4214.000000     1098     1098        1        0     1098        0      844      838      123     2206        0        0        0
 4215.000000     1090     1090        1        0     1090        0      848      843      131     2212        0        0        0
 4216.000000     1111     1111        1        0     1111        0      843      838      129     2225        0        0        0
 4217.000000     1092     1092        1        0     1092        0      829      822      124     2204        0        0        0
 4218.000000     1085     1085        1        0     1085        0      847      842      129     2218        0        0        0
 4219.000000     1099     1099        1        0     1099        0      839      834      140     2222        0        0        0
 4220.000000     1095     1095        1        0     1095        0      843      838      131     2233        0        0        0
 4221.000000     1072     1060        2        0     1072        0      842      837      145     2209        0        0        0
 4222.000000     1069     1057        2        0     1069        0      839      836      125     2181        0        0        0
 4223.000000     1074     1062        2        0     1074        0      838      835      130     2202        0        0        0
 4224.000000     1070     1058        2        0     1070        0      848      844      136     2216        0        0        0
 4225.000000     1060     1048        2        0     1060        0      842      836      142     2231        0        0        0
 4226.000000     1071     1059        2        0     1071        0      828      819      147     2213        0        0        0
 4227.000000     1068     1056        2        0     1068        0      846      845      120     2210        0        0        0
 4228.000000     1086     1086        1        0     1086        0      835      826      148     2215        0        0        0
 4229.000000     1069     1057        2        0     1069        0      839      835      138     2197        0        0        0
 4230.000000     1078     1066        2        0     1078        0      845      841      134     2199        0        0        0
 4231.000000     1058     1058        1        0     1058        0      831      830      133     2203        0        0        0
 4232.000000     1076     1076        1        0     1076        0      851      846      130     2196        0        0        0
 4233.000000     1088     1088        1        0     1088        0      847      845      129     2214        0        0        0
 4234.000000     1082     1082        1        0     1082        0      841      834      137     2193        0        0        0
 4235.000000     1105     1105        1        0     1105        0      852      848      135     2216        0        0        0
 4236.000000     1093     1093        1        0     1093        0      854      845      137     2223        0        0        0
 4237.000000     1098     1098        1        0     1098        0      848      839      139     2213        0        0        0
 4238.000000     1092     1092        1        0     1092        0      851      846      125     2203        0        0        0
 4239.000000     1099     1099        1        0     1099        0      850      843      133     2219        0        0        0
 4240.000000     1104     1104        1        0     1104        0      842      837      141     2229        0        0        0
 4241.000000     1111     1111        1        0     1111        0      846      842      137     2216        0        0        0
 4242.000000     1106     1106        1        0     1106        0      841      839      129     2215        0        0        0
 4243.000000     1105     1105        1        0     1105        0      834      831      130     2182        0        0        0
 4244.000000     1079     1079        1        0     1079        0      844      841      126     2205        0        0        0
 4245.000000     1100     1100        1        0     1100        0      846      845      129     2195        0        0        0
 4246.000000     1096     1096        1        0     1096        0      844      841      126     2186        0        0        0
 4247.000000     1098     1098        1        0     1098        0      845      838      137     2187        0        0        0
 4248.000000     1087     1087        1        0     1087        0      828      823      140     2218        0        0        0
 4249.000000     1093     1093        1        0     1093        0      845      840      135     2196        0        0        0
 4250.000000     1096     1096        1        0     1096        0      842      839      121     2204        0        0        0
 4251.000000     1094     1094        1        0     1094        0      863      857      134     2213        0        0        0
 4252.000000     1092     1092        1        0     1092        0      832      826      147     2207        0        0        0
 4253.000000     1094     1094        1        0     1094        0      833      828      142     2221        0        0        0
 4254.000000     1094     1094        1        0     1094        0      831      829      140     2190        0        0        0
 4255.000000     1092     1092        1        0     1092        0      837      833      129     2219        0        0        0
 4256.000000     1084     1084        1        0     1084        0      855      853      125     2225        0        0        0
 4257.000000     1101     1101        1        0     1101        0      834      831      132     2212        0        0        0
 4258.000000     1100     1100        1        0     1100        0      846      841      133     2222        0        0        0
 4259.000000     1102     1102        1        0     1102        0      842      836      145     2213        0        0        0
 4260.000000     1102     1102        1        0     1102        0      823      818      146     2196        0        0        0
 4261.000000     1102     1102        1        0     1102        0      840      834      128     2196        0        0        0
 4262.000000     1100     1100        1        0     1100        0      831      827      140     2206        0        0        0
 4263.000000     1102     1102        1        0     1102        0      854      848      138     2197        0        0        0
 4264.000000     1103     1103        1        0     1103        0      851      845      144     2182        0        0        0
 4265.000000     1092     1092        1        0     1092        0      844      837      138     2231        0        0        0
 4266.000000     1096     1096        1        0     1096        0      838      836      134     2232        0        0        0
 4267.000000     1082     1082        1        0     1082        0      853      846      126     2228        0        0        0
 4268.000000     1096     1096        1        0     1096        0      847      846      133     2218        0        0        0
 4269.000000     1084     1084        1        0     1084        0      844      836      140     2238        0        0        0
 4270.000000     1084     1084        1        0     1084        0      853      849      115     2215        0        0        0
 4271.000000     1088     1088        1        0     1088        0      841      834      136     2212        0        0        0
 4272.000000     1088     1088        1        0     1088        0      849      840      140     2213        0        0        0
 4273.000000     1102     1102        1        0     1102        0      846      840      149     2232        0        0        0
 4274.000000     1089     1089        1        0     1089        0      847      842      128     2207        0        0        0
 4275.000000     1094     1094        1        0     1094        0      848      844      127     2213        0        0        0
 4276.000000     1085     1085        1        0     1085        0      841      838      130     2210        0        0        0
 4277.000000     1084     1084        1        0     1084        0      839      835      127     2211        0        0        0
 4278.000000     1088     1088        1        0     1088        0      841      840      127     2227        0        0        0
 4279.000000     1078     1078        1        0     1078        0      837      833      122     2236        0        0        0
 4280.000000     1087     1087        1        0     1087        0      841      838      125     2213        0        0        0
 4281.000000     1091     1091        1        0     1091        0      841      834      127     2230        0        0        0
 4282.000000     1103     1103        1        0     1103        0      835      833      122     2244        0        0        0
 4283.000000     1083     1083        1        0     1083        0      846      839      139     2214        0        0        0
 4284.000000     1083     1083        1        0     1083        0      832      827      126     2220        0        0        0
 4285.000000     1091     1091        1        0     1091        0      837      835      133     2221        0        0        0
 4286.000000     1090     1090        1        0     1090        0      833      829      118     2238        0        0        0
 4287.000000     1096     1096        1        0     1096        0      834      829      144     2239        0        0        0
 4288.000000     1080     1080        1        0     1080        0      839      835      127     2234        0        0        0
 4289.000000     1102     1102        1        0     1102        0      838      835      139     2222        0        0        0
 4290.000000     1092     1092        1        0     1092        0      834      830      134     2200        0        0        0
 4291.000000     1081     1081        1        0     1081        0      835      831      133     2222        0        0        0
 4292.000000     1078     1078        1        0     1078        0      841      837      152     2212        0        0        0
 4293.000000     1088     1088        1        0     1088        0      846      837      137     2221        0        0        0
 4294.000000     1073     1073        1        0     1073        0      843      840      131     2215        0        0        0
 4295.000000     1078     1078        1        0     1078        0      833      828      129     2241        0        0        0
 4296.000000     1091     1091        1        0     1091        0      838      833      141     2230        0        0        0
 4297.000000     1109     1109        1        0     1109        0      833      826      159     2245        0        0        0
 4298.000000     1102     1102        1        0     1102        0      848      843      137     2230        0        0        0
 4299.000000     1098     1098        1        0     1098        0      844      839      124     2257        0        0        0
 4300.000000     1105     1105        1        0     1105        0      849      839      146     2242        0        0        0
 4301.000000     1097     1097        1        0     1097        0      832      830      120     2225        0        0        0
 4302.000000     1103     1103        1        0     1103        0      832      824      126     2241        0        0        0
 4303.000000     1102     1102        1        0     1102        0      842      839      134     2246        0        0        0
 4304.000000     1102     1102        1        0     1102        0      832      824      136     2223        0        0        0
 4305.000000     1099     1099        1        0     1099        0      836      833      137     2224        0        0        0
 4306.000000     1108     1108        1        0     1108        0      840      833      135     2232        0        0        0
 4307.000000     1111     1111        1        0     1111        0      832      829      137     2221        0        0        0
 4308.000000     1112     1112        1        0     1112        0      835      830      144     2227        0        0        0
 4309.000000     1096     1096        1        0     1096        0      831      824      141     2236        0        0        0
 4310.000000     1109     1109        1        0     1109        0      830      826      140     2230        0        0        0
 4311.000000     1095     1095        1        0     1095        0      844      837      135     2235        0        0        0
 4312.000000     1099     1099        1        0     1099        0      840      834      139     2219        0        0        0
 4313.000000     1108     1108        1       11     1093        4      843      840      142     2235        0        0        0
 4314.000000     1106     1106        1        0     1106        0      838      831      136     2221        0        0        0
 4315.000000     1100     1100        1        0     1100        0      834      830      138     2196        0        0        0
 4316.000000     1103     1103        1        0     1103        0      839      834      128     2237        0        0        0
 4317.000000     1105     1105        1        0     1105        0      834      827      139     2218        0        0        0
 4318.000000     1111     1111        1        0     1111        0      833      829      149     2206        0        0        0
 4319.000000     1098     1098        1        0     1098        0      847      842      149     2236        0        0        0
 4320.000000     1103     1103        1        0     1103        0      850      841      137     2214        0        0        0
 4321.000000     1109     1109        1        0     1109        0      845      834      142     2205        0        0        0
 4322.000000     1109     1109        1        0     1109        0      843      838      131     2210        0        0        0
 4323.000000     1100     1100        1        0     1100        0      838      834      142     2224        0        0        0
 4324.000000     1106     1106        1        0     1106        0      847      841      130     2220        0        0        0
 4325.000000     1110     1110        1        0     1110        0      848      841      138     2209        0        0        0
 4326.000000     1109     1109        1        0     1109        0      839      834      160     2227        0        0        0
 4327.000000     1112     1112        1        0     1112        0      845      843      128     2211        0        0        0
 4328.000000     1110     1110        1        0     1110        0      852      843      143     2222        0        0        0
 4329.000000     1108     1108        1        0     1108        0      846      841      138     2217        0        0        0
 4330.000000     1100     1100        1        0     1100        0      829      827      128     2212        0        0        0
 4331.000000     1090     1090        1        0     1090        0      840      829      141     2207        0        0        0
 4332.000000     1096     1096        1        0     1096        0      836      829      137     2203        0        0        0
 4333.000000     1099     1099        1        0     1099        0      846      835      132     2198        0        0        0
 4334.000000     1104     1104        1        0     1104        0      848      843      129     2204        0        0        0
 4335.000000     1118     1118        1        0     1118        0      849      844      137     2205        0        0        0
 4336.000000     1103     1103        1        0     1103        0      834      829      120     2202        0        0        0
 4337.000000     1131     1117        2       14     1117        0      851      847      141     2213        0        0        0
 4338.000000     1116     1116        1        0     1116        0      853      843      145     2220        0        0        0
 4339.000000     1120     1120        1        0     1120        0      845      839      152     2235        0        0        0
 4340.000000     1109     1109        1        0     1109        0      854      845      126     2197        0        0        0
 4341.000000     1110     1110        1        0     1110        0      839      833      132     2226        0        0        0
 4342.000000     1103     1103        1        0     1103        0      840      835      128     2230        0        0        0
 4343.000000     1107     1107        1        0     1107        0      834      829      134     2215        0        0        0
 4344.000000     1112     1112        1        0     1112        0      847      837      130     2228        0        0        0
 4345.000000     1126     1126        1        0     1126        0      840      834      144     2214        0        0        0
 4346.000000     1117     1117        1        0     1117        0      846      842      131     2220        0        0        0
 4347.000000     1128     1128        1        0     1128        0      835      830      143     2241        0        0        0
 4348.000000     1141     1141        1        0     1141        0      855      844      131     2221        0        0        0
 4349.000000     1136     1136        1        0     1136        0      843      838      129     2243        0        0        0
 4350.000000     1127     1127        1        0     1127        0      843      838      140     2218        0        0        0
 4351.000000     1136     1136        1        0     1136        0      828      820      139     2223        0        0        0
 4352.000000     1132     1132        1        0     1132        0      846      839      133     2219        0        0        0
 4353.000000     1135     1135        1        0     1135        0      853      844      140     2223        0        0        0
 4354.000000     1142     1142        1        0     1142        0      853      842      145     2245        0        0        0
 4355.000000     1131     1131        1        0     1131        0      844      837      131     2238        0        0        0
 4356.000000     1129     1129        1        0     1129        0      829      827      141     2221        0        0        0
 4357.000000     1111     1111        1        0     1111        0      832      825      135     2224        0        0        0
 4358.000000     1133     1133        1        0     1133        0      847      838      148     2231        0        0        0
 4359.000000     1110     1110        1        0     1110        0      843      832      146     2218        0        0        0
 4360.000000     1132     1132        1        0     1132        0      851      843      143     2248        0        0        0
 4361.000000     1145     1145        1        0     1145        0      860      854      135     2249        0        0        0
 4362.000000     1138     1138        1        0     1138        0      850      840      150     2216        0        0        0
 4363.000000     1143     1143        1        0     1143        0      855      847      133     2249        0        0        0
 4364.000000     1148     1148        1        0     1148        0      852      845      151     2230        0        0        0
 4365.000000     1139     1139        1        0     1139        0      843      836      144     2225        0        0        0
 4366.000000     1137     1137        1        0     1137        0      852      843      138     2230        0        0        0
 4367.000000     1137     1137        1        0     1137        0      850      844      145     2240        0        0        0
 4368.000000     1120     1120        1        0     1120        0      844      837      136     2248        0        0        0
 4369.000000     1141     1141        1        0     1141        0      870      864      138     2259        0        0        0
 4370.000000     1124     1124        1        0     1124        0      851      846      126     2241        0        0        0
 4371.000000     1132     1132        1        0     1132        0      865      859      130     2262        0        0        0
 4372.000000     1131     1131        1        0     1131        0      859      850      132     2257        0        0        0
 4373.000000     1117     1117        1        0     1117        0      860      852      141     2253        0        0        0
 4374.000000     1125     1125        1        0     1125        0      840      834      146     2247        0        0        0
 4375.000000     1128     1128        1        0     1128        0      851      845      136     2240        0        0        0
 4376.000000     1123     1123        1        0     1123        0      860      851      142     2255        0        0        0
 4377.000000     1128     1128        1        0     1128        0      854      847      133     2261        0        0        0
 4378.000000     1126     1126        1        0     1126        0      860      854      133     2277        0        0        0
 4379.000000     1117     1117        1        0     1117        0      864      856      125     2262        0        0        0
 4380.000000     1104     1104        1        0     1104        0      851      837      141     2256        0        0        0
 4381.000000     1114     1114        1        0     1114        0      845      837      142     2249        0        0        0
 4382.000000     1115     1115        1        0     1115        0      835      822      137     2254        0        0        0
 4383.000000     1120     1108        2        0     1120        0      863      852      132     2254        0        0        0
 4384.000000     1118     1118        1        0     1118        0      855      851      134     2272        0        0        0
 4385.000000     1115     1115        1        0     1115        0      848      842      140     2248        0        0        0
 4386.000000     1121     1121        1        0     1121        0      857      845      139     2231        0        0        0
 4387.000000     1127     1127        1        0     1127        0      851      841      141     2213        0        0        0
 4388.000000     1118     1118        1        0     1118        0      837      830      143     2215        0        0        0
 4389.000000     1112     1112        1        0     1112        0      849      843      118     2220        0        0        0
 4390.000000     1122     1122        1        0     1122        0      851      845      126     2226        0        0        0
 4391.000000     1110     1110        1        0     1110        0      831      824      137     2243        0        0        0
 4392.000000     1100     1100        1        0     1100        0      833      826      146     2214        0        0        0
 4393.000000     1102     1102        1        0     1102        0      846      840      125     2206        0        0        0
 4394.000000     1110     1110        1        0     1110        0      850      844      125     2219        0        0        0
 4395.000000     1110     1110        1       11     1096        3      851      848      134     2232        0        0        0
 4396.000000     1109     1109        1        0     1109        0      861      854      145     2248        0        0        0
 4397.000000     1142     1142        1       15     1124        3      840      837      134     2238        0        0        0
 4398.000000     1129     1129        1       15     1111        3      849      839      147     2237        0        0        0
 4399.000000     1125     1125        1       15     1107        3      868      862      136     2239        0        0        0
 4400.000000     1125     1125        1       15     1107        3      853      849      146     2236        0        0        0
 4401.000000     1130     1130        1       15     1112        3      858      852      136     2253        0        0        0
 4402.000000     1123     1123        1       15     1105        3      856      849      146     2249        0        0        0
 4403.000000     1133     1133        1       15     1115        3      849      844      124     2245        0        0        0
 4404.000000     1137     1137        1       15     1119        3      846      835      142     2249        0        0        0
 4405.000000     1112     1112        1       17     1094        1      840      832      141     2230        0        0        0
 4406.000000     1110     1110        1       17     1092        1      869      866      124     2246        0        0        0
 4407.000000     1113     1113        1       15     1095        3      858      850      142     2247        0        0        0
 4408.000000     1113     1113        1       15     1095        3      875      870      129     2225        0        0        0
 4409.000000     1107     1107        1       11     1093        3      875      865      134     2257        0        0        0
 4410.000000     1118     1118        1       15     1100        3      851      847      142     2262        0        0        0
 4411.000000     1131     1131        1       15     1113        3      866      860      122     2263        0        0        0
 4412.000000     1123     1123        1       15     1105        3      851      842      132     2268        0        0        0
 4413.000000     1125     1125        1       15     1107        3      866      860      133     2280        0        0        0
 4414.000000     1134     1134        1       17     1116        1      871      865      124     2252        0        0        0
 4415.000000     1136     1136        1       15     1118        3      858      852      143     2261        0        0        0
 4416.000000     1138     1138        1       15     1120        3      855      847      131     2274        0        0        0
 4417.000000     1131     1131        1       15     1113        3      844      842      135     2254        0        0        0
 4418.000000     1117     1117        1       14     1099        4      847      842      138     2261        0        0        0
 4419.000000     1123     1123        1       15     1105        3      842      837      138     2244        0        0        0
 4420.000000     1121     1121        1       15     1103        3      859      855      129     2243        0        0        0
 4421.000000     1118     1118        1       15     1100        3      861      855      132     2240        0        0        0
 4422.000000     1131     1131        1       15     1113        3      855      849      128     2244        0        0        0
 4423.000000     1111     1076        2       15     1093        3      848      845      129     2249        0        0        0
 4424.000000     1145     1145        1       14     1127        4      846      842      125     2236        0        0        0
 4425.000000     1116     1116        1       15     1098        3      848      843      137     2236        0        0        0
 4426.000000     1088     1088        1       15     1070        3      847      844      121     2227        0        0        0
 4427.000000     1106     1106        1       15     1088        3      849      844      129     2229        0        0        0
 4428.000000     1087     1087        1       15     1069        3      850      845      128     2244        0        0        0
 4429.000000     1099     1099        1       15     1081        3      849      845      126     2217        0        0        0
 4430.000000     1108     1108        1        0     1108        0      859      854      131     2260        0        0        0
 4431.000000     1124     1124        1       17     1106        1      847      839      129     2235        0        0        0
 4432.000000     1131     1131        1       14     1113        4      843      837      129     2237        0        0        0
 4433.000000     1126     1126        1       17     1108        1      837      824      133     2230        0        0        0
 4434.000000     1129     1129        1       17     1111        1      857      853      128     2269        0        0        0
 4435.000000     1138     1138        1       15     1120        3      850      841      142     2233        0        0        0
 4436.000000     1132     1132        1       17     1114        1      866      857      132     2255        0        0        0
 4437.000000     1135     1135        1       15     1117        3      859      849      132     2256        0        0        0
 4438.000000     1131     1131        1       15     1113        3      849      843      128     2240        0        0        0
 4439.000000     1130     1130        1       15     1112        3      839      831      140     2229        0        0        0
 4440.000000     1120     1120        1       15     1102        3      843      836      133     2237        0        0        0
 4441.000000     1131     1131        1       17     1113        1      857      851      131     2244        0        0        0
 4442.000000     1133     1133        1       13     1119        1      845      837      127     2227        0        0        0
 4443.000000     1128     1128        1       17     1110        1      827      822      138     2232        0        0        0
 4444.000000     1125     1125        1       18     1107        0      840      834      131     2232        0        0        0
 4445.000000     1100     1100        1       18     1082        0      833      824      131     2230        0        0        0
 4446.000000     1080     1080        1        0     1080        0      842      838      117     2219        0        0        0
 4447.000000     1113     1113        1       24     1089        0      849      845      119     2244        0        0        0
 4448.000000     1103     1103        1       14     1089        0      846      839      127     2247        0        0        0
 4449.000000     1085     1085        1        0     1085        0      862      859      118     2230        0        0        0
 4450.000000     1068     1068        1        0     1068        0      841      837      123     2228        0        0        0
 4451.000000     1105     1105        1       23     1082        0      851      846      125     2232        0        0        0
 4452.000000     1080     1080        1        0     1080        0      825      824      134     2242        0        0        0
 4453.000000     1098     1098        1       18     1080        0      855      849      119     2237        0        0        0
 4454.000000     1102     1102        1       17     1084        1      833      831      136     2247        0        0        0
 4455.000000     1086     1086        1        0     1086        0      853      847      125     2238        0        0        0
 4456.000000     1087     1087        1        0     1087        0      830      826      136     2236        0        0        0
 4457.000000     1110     1110        1        0     1110        0      848      846      124     2262        0        0        0
 4458.000000     1094     1094        1        0     1094        0      844      839      138     2231        0        0        0
 4459.000000     1107     1107        1       14     1093        0      842      839      134     2232        0        0        0
 4460.000000     1087     1087        1        0     1087        0      849      848      133     2232        0        0        0
 4461.000000     1109     1109        1       14     1095        0      841      835      127     2238        0        0        0
 4462.000000     1102     1102        1       14     1088        0      844      837      136     2246        0        0        0
 4463.000000     1099     1099        1        0     1099        0      836      832      133     2232        0        0        0
 4464.000000     1083     1083        1        0     1083        0      847      846      130     2228        0        0        0
 4465.000000     1100     1100        1       14     1086        0      860      852      126     2234        0        0        0
 4466.000000     1104     1104        1       14     1090        0      838      834      125     2237        0        0        0
 4467.000000     1105     1105        1       14     1091        0      848      843      125     2214        0        0        0
 4468.000000     1085     1085        1        0     1085        0      833      830      122     2220        0        0        0
 4469.000000     1089     1089        1        0     1089        0      835      831      130     2214        0        0        0
 4470.000000     1096     1096        1        0     1096        0      862      858      118     2215        0        0        0
 4471.000000     1102     1102        1        0     1102        0      853      852      117     2262        0        0        0
 4472.000000     1096     1096        1        0     1096        0      862      857      124     2246        0        0        0
 4473.000000     1119     1119        1        0     1119        0      854      850      122     2248        0        0        0
 4474.000000     1121     1121        1        0     1121        0      852      848      122     2249        0        0        0
 4475.000000     1116     1116        1        0     1116        0      852      851      126     2249        0        0        0
 4476.000000     1101     1101        1        0     1101        0      855      852      118     2221        0        0        0
 4477.000000     1106     1106        1        0     1106        0      844      842      130     2216        0        0        0
 4478.000000     1097     1097        1        0     1097        0      842      837      132     2234        0        0        0
 4479.000000     1104     1104        1        0     1104        0      846      843      121     2226        0        0        0
 4480.000000     1112     1112        1        0     1112        0      849      848      118     2234        0        0        0
 4481.000000     1110     1110        1        0     1110        0      850      844      132     2263        0        0        0
 4482.000000     1107     1107        1        0     1107        0      855      854      132     2254        0        0        0
 4483.000000     1087     1087        1        0     1087        0      853      852      118     2232        0        0        0
 4484.000000     1086     1086        1        0     1086        0      860      856      116     2225        0        0        0
 4485.000000     1090     1090        1        0     1090        0      845      842      129     2231        0        0        0
 4486.000000     1088     1088        1        0     1088        0      832      830      118     2221        0        0        0
 4487.000000     1092     1092        1        0     1092        0      836      829      126     2219        0        0        0
 4488.000000     1086     1086        1        0     1086        0      835      832      134     2233        0        0        0
 4489.000000     1078     1078        1        0     1078        0      840      839      133     2209        0        0        0
 4490.000000     1080     1080        1        0     1080        0      854      845      122     2236        0        0        0
 4491.000000     1081     1081        1        0     1081        0      857      854      133     2222        0        0        0
 4492.000000     1084     1084        1        0     1084        0      850      849      130     2246        0        0        0
 4493.000000     1093     1093        1        0     1093        0      859      850      137     2236        0        0        0
 4494.000000     1078     1078        1        0     1078        0      850      848      131     2242        0        0        0
 4495.000000     1096     1096        1        0     1096        0      858      855      130     2266        0        0        0
 4496.000000     1095     1095        1        0     1095        0      851      847      136     2245        0        0        0
 4497.000000     1101     1101        1        0     1101        0      856      854      137     2252        0        0        0
 4498.000000     1106     1106        1        0     1106        0      852      848      127     2243        0        0        0
 4499.000000     1102     1102        1        0     1102        0      858      853      133     2223        0        0        0
 4500.000000     1087     1087        1        0     1087        0      858      854      131     2246        0        0        0
 4501.000000     1104     1104        1        0     1104        0      848      844      130     2259        0        0        0
 4502.000000     1100     1100        1        0     1100        0      870      862      136     2246        0        0        0
 4503.000000     1126     1126        1        0     1126        0      863      857      122     2260        0        0        0
 4504.000000     1098     1098        1        0     1098        0      852      846      128     2255        0        0        0
 4505.000000     1110     1110        1        0     1110        0      858      849      120     2269        0        0        0
 4506.000000     1091     1091        1        0     1091        0      860      859      133     2267        0        0        0
 4507.000000     1105     1105        1        0     1105        0      858      852      143     2275        0        0        0
 4508.000000     1096     1096        1        0     1096        0      855      848      123     2273        0        0        0
 4509.000000     1112     1112        1       14     1098        0      856      854      133     2273        0        0        0
 4510.000000     1121     1121        1       13     1107        1      846      838      135     2279        0        0        0
 4511.000000     1123     1123        1       21     1096        6      854      846      137     2272        0        0        0
 4512.000000     1105     1093        2        0     1105        0      860      855      135     2265        0        0        0
 4513.000000     1107     1095        2        0     1107        0      852      849      136     2294        0        0        0
 4514.000000     1122     1110        2        0     1122        0      864      852      131     2283        0        0        0
 4515.000000     1125     1100        2       13     1111        1      867      862      135     2264        0        0        0
 4516.000000     1117     1117        1        0     1117        0      857      845      130     2246        0        0        0
 4517.000000     1128     1128        1       16     1106        6      856      849      142     2266        0        0        0
 4518.000000     1139     1115        2       12     1125        2      874      868      123     2262        0        0        0
 4519.000000     1125     1125        1       20     1099        6      861      853      133     2267        0        0        0
 4520.000000     1119     1105        2       14     1105        0      844      840      146     2247        0        0        0
 4521.000000     1100     1088        2        0     1100        0      854      846      138     2259        0        0        0
 4522.000000     1089     1077        2        0     1089        0      854      852      149     2246        0        0        0
 4523.000000     1117     1117        1        0     1117        0      845      842      128     2266        0        0        0
 4524.000000     1115     1090        2       13     1101        1      868      865      120     2249        0        0        0
 4525.000000     1110     1098        2        0     1110        0      859      854      134     2257        0        0        0
 4526.000000     1106     1094        2        0     1106        0      865      860      123     2268        0        0        0
 4527.000000     1114     1102        2        0     1114        0      847      843      148     2273        0        0        0
 4528.000000     1083     1071        2        0     1083        0      854      852      123     2232        0        0        0
 4529.000000     1088     1088        1        0     1088        0      862      858      114     2256        0        0        0
 4530.000000     1085     1085        1        0     1085        0      855      850      127     2233        0        0        0
 4531.000000     1097     1097        1        0     1097        0      850      846      125     2235        0        0        0
 4532.000000     1091     1091        1        0     1091        0      846      842      131     2249        0        0        0
 4533.000000     1108     1094        2       14     1094        0      853      850      119     2272        0        0        0
 4534.000000     1097     1097        1        0     1097        0      857      855      130     2260        0        0        0
 4535.000000     1093     1093        1        0     1093        0      855      854      133     2266        0        0        0
 4536.000000     1118     1104        2       14     1104        0      863      860      125     2256        0        0        0
 4537.000000     1100     1100        1        0     1100        0      854      849      133     2242        0        0        0
 4538.000000     1085     1085        1        0     1085        0      859      856      115     2252        0        0        0
 4539.000000     1092     1092        1        0     1092        0      842      839      122     2259        0        0        0
 4540.000000     1112     1112        1        0     1112        0      837      834      120     2233        0        0        0
 4541.000000     1080     1080        1        0     1080        0      845      843      116     2248        0        0        0
 4542.000000     1093     1093        1        0     1093        0      848      844      128     2236        0        0        0
 4543.000000     1086     1086        1        0     1086        0      849      847      127     2248        0        0        0
 4544.000000     1099     1085        2       14     1085        0      836      830      141     2264        0        0        0
 4545.000000     1076     1076        1       18     1058        0      838      831      123     2253        0        0        0
 4546.000000     1076     1062        2       14     1062        0      847      838      145     2262        0        0        0
 4547.000000     1084     1070        2       14     1070        0      851      847      122     2236        0        0        0
 4548.000000     1061     1061        1        0     1061        0      840      834      133     2245        0        0        0
 4549.000000     1064     1064        1        0     1064        0      827      824      135     2271        0        0        0
 4550.000000     1062     1062        1        0     1062        0      846      843      128     2240        0        0        0
 4551.000000     1070     1070        1        0     1070        0      846      838      137     2254        0        0        0
 4552.000000     1066     1066        1        0     1066        0      840      833      140     2246        0        0        0
 4553.000000     1079     1079        1        0     1079        0      850      843      129     2249        0        0        0
 4554.000000     1079     1079        1        0     1079        0      859      856      126     2262        0        0        0
 4555.000000     1076     1076        1        0     1076        0      850      844      128     2247        0        0        0
 4556.000000     1074     1074        1        0     1074        0      851      845      127     2247        0        0        0
 4557.000000     1058     1058        1        0     1058        0      849      847      121     2256        0        0        0
 4558.000000     1064     1064        1        0     1064        0      848      844      123     2260        0        0        0
 4559.000000     1032     1032        1        0     1032        0      825      822      133     2235        0        0        0
 4560.000000     1069     1069        1        0     1069        0      850      845      129     2240        0        0        0
 4561.000000     1064     1064        1        0     1064        0      841      833      135     2258        0        0        0
 4562.000000     1070     1070        1        0     1070        0      833      832      127     2253        0        0        0
 4563.000000     1068     1068        1        0     1068        0      824      821      126     2241        0        0        0
 4564.000000     1066     1066        1        0     1066        0      840      832      138     2236        0        0        0
 4565.000000     1081     1081        1        0     1081        0      842      839      134     2244        0        0        0
 4566.000000     1083     1083        1        0     1083        0      841      836      119     2259        0        0        0
 4567.000000     1079     1079        1        0     1079        0      842      838      125     2237        0        0        0
 4568.000000     1071     1071        1        0     1071        0      844      839      121     2247        0        0        0
 4569.000000     1078     1078        1        0     1078        0      822      816      156     2240        0        0        0
 4570.000000     1095     1083        2        0     1095        0      843      839      126     2271        0        0        0
 4571.000000     1069     1069        1        0     1069        0      832      829      130     2240        0        0        0
 4572.000000     1077     1077        1        0     1077        0      834      831      116     2255        0        0        0
 4573.000000     1085     1085        1        0     1085        0      853      848      117     2250        0        0        0
 4574.000000     1083     1083        1        0     1083        0      836      831      130     2241        0        0        0
 4575.000000     1082     1082        1        0     1082        0      828      823      131     2239        0        0        0
 4576.000000     1071     1071        1        0     1071        0      844      841      121     2240        0        0        0
 4577.000000     1082     1082        1        0     1082        0      838      834      127     2225        0        0        0
 4578.000000     1077     1077        1        0     1077        0      841      835      133     2285        0        0        0
 4579.000000     1091     1091        1        0     1091        0      856      854      124     2250        0        0        0
 4580.000000     1089     1089        1        0     1089        0      850      848      117     2236        0        0        0
 4581.000000     1074     1074        1        0     1074        0      829      823      137     2217        0        0        0
 4582.000000     1076     1076        1        0     1076        0      866      862      116     2251        0        0        0
 4583.000000     1089     1089        1        0     1089        0      858      857      128     2228        0        0        0
 4584.000000     1086     1086        1        0     1086        0      846      845      124     2250        0        0        0
 4585.000000     1091     1091        1        0     1091        0      852      850      119     2235        0        0        0
 4586.000000     1087     1087        1        0     1087        0      861      857      128     2229        0        0        0
 4587.000000     1095     1095        1        0     1095        0      847      845      134     2243        0        0        0
 4588.000000     1089     1089        1        0     1089        0      846      843      129     2250        0        0        0
 4589.000000     1082     1082        1        0     1082        0      861      859      119     2226        0        0        0
 4590.000000     1086     1086        1        0     1086        0      847      845      118     2257        0        0        0
 4591.000000     1096     1096        1        0     1096        0      851      849      117     2247        0        0        0
 4592.000000     1100     1100        1        0     1100        0      837      835      114     2240        0        0        0
 4593.000000     1086     1086        1        0     1086        0      831      826      130     2212        0        0        0
 4594.000000     1088     1088        1        0     1088        0      854      850      126     2228        0        0        0
 4595.000000     1082     1082        1        0     1082        0      845      840      125     2239        0        0        0
 4596.000000     1095     1095        1        0     1095        0      844      842      131     2251        0        0        0
 4597.000000     1082     1082        1        0     1082        0      850      850      114     2220        0        0        0
 4598.000000     1105     1105        1        0     1105        0      838      835      122     2229        0        0        0
 4599.000000     1078     1078        1        0     1078        0      855      852      113     2222        0        0        0
 4600.000000     1075     1075        1        0     1075        0      846      843      122     2223        0        0        0
 4601.000000     1073     1073        1        0     1073        0      849      847      119     2220        0        0        0
 4602.000000     1093     1093        1        0     1093        0      847      846      116     2236        0        0        0
 4603.000000     1077     1077        1        0     1077        0      841      836      118     2252        0        0        0
 4604.000000     1103     1103        1        0     1103        0      838      833      123     2242        0        0        0
 4605.000000     1077     1077        1        0     1077        0      850      847      118     2227        0        0        0
 4606.000000     1101     1089        2        0     1101        0      841      837      113     2231        0        0        0
 4607.000000     1071     1071        1        0     1071        0      854      852      109     2221        0        0        0
 4608.000000     1084     1084        1        0     1084        0      849      846      127     2238        0        0        0
 4609.000000     1070     1070        1        0     1070        0      838      833      125     2208        0        0        0
 4610.000000     1080     1080        1        0     1080        0      844      840      113     2218        0        0        0
 4611.000000     1075     1075        1        0     1075        0      840      838      108     2247        0        0        0
 4612.000000     1085     1073        2        0     1085        0      855      851      110     2220        0        0        0
 4613.000000     1087     1075        2        0     1087        0      846      842      127     2227        0        0        0
 4614.000000     1087     1075        2        0     1087        0      847      845      116     2219        0        0        0
 4615.000000     1069     1069        1        0     1069        0      846      845      122     2218        0        0        0
 4616.000000     1067     1067        1        0     1067        0      835      833      119     2232        0        0        0
 4617.000000     1061     1061        1        0     1061        0      852      851      118     2238        0        0        0
 4618.000000     1073     1061        2        0     1073        0      837      833      120     2230        0        0        0
 4619.000000     1075     1063        2        0     1075        0      849      846      113     2229        0        0        0
 4620.000000     1089     1077        2        0     1089        0      842      838      130     2228        0        0        0
 4621.000000     1078     1078        1        0     1078        0      852      850      115     2223        0        0        0
 4622.000000     1073     1061        2        0     1073        0      847      844      115     2242        0        0        0
 4623.000000     1067     1067        1        0     1067        0      840      834      111     2222        0        0        0
 4624.000000     1079     1079        1        0     1079        0      835      833      128     2202        0        0        0
 4625.000000     1073     1073        1        0     1073        0      851      849      117     2213        0        0        0
 4626.000000     1074     1074        1        0     1074        0      844      838      122     2200        0        0        0
 4627.000000     1058     1058        1        0     1058        0      843      838      122     2191        0        0        0
 4628.000000     1054     1054        1        0     1054        0      849      841      121     2187        0        0        0
 4629.000000     1066     1066        1        0     1066        0      841      838      118     2209        0        0        0
 4630.000000     1074     1074        1        0     1074        0      849      846      116     2217        0        0        0
 4631.000000     1061     1061        1        0     1061        0      845      845      123     2197        0        0        0
 4632.000000     1057     1057        1        0     1057        0      844      841      136     2200        0        0        0
 4633.000000     1055     1055        1        0     1055        0      844      839      128     2232        0        0        0
 4634.000000     1062     1062        1        0     1062        0      837      834      124     2211        0        0        0
 4635.000000     1053     1053        1        0     1053        0      835      827      135     2193        0        0        0
 4636.000000     1067     1067        1        0     1067        0      849      845      117     2201        0        0        0
 4637.000000     1062     1062        1        0     1062        0      855      850      120     2212        0        0        0
 4638.000000     1057     1057        1        0     1057        0      846      842      113     2208        0        0        0
 4639.000000     1063     1063        1        0     1063        0      850      848      111     2213        0        0        0
 4640.000000     1058     1058        1        0     1058        0      850      847      111     2202        0        0        0
 4641.000000     1062     1062        1        0     1062        0      845      841      115     2218        0        0        0
 4642.000000     1064     1064        1        0     1064        0      846      844      113     2174        0        0        0
 4643.000000     1065     1065        1        0     1065        0      852      846      120     2184        0        0        0
 4644.000000     1061     1061        1        0     1061        0      853      852      114     2194        0        0        0
 4645.000000     1065     1065        1        0     1065        0      834      833      123     2219        0        0        0
 4646.000000     1071     1071        1        0     1071        0      860      858      106     2198        0        0        0
 4647.000000     1066     1066        1        0     1066        0      848      844      119     2206        0        0        0
 4648.000000     1060     1060        1        0     1060        0      842      839      118     2208        0        0        0
 4649.000000     1063     1063        1        0     1063        0      848      848      126     2186        0        0        0
 4650.000000     1074     1062        2        0     1074        0      842      838      128     2220        0        0        0
 4651.000000     1068     1068        1        0     1068        0      847      842      112     2211        0        0        0
 4652.000000     1072     1060        2        0     1072        0      850      847      113     2205        0        0        0
 4653.000000     1063     1063        1        0     1063        0      851      845      124     2212        0        0        0
 4654.000000     1073     1073        1        0     1073        0      847      841      120     2216        0        0        0
 4655.000000     1106     1106        1       17     1089        0      875      870      123     2237        0        0        0
 4656.000000     1078     1078        1        0     1078        0      862      859      117     2235        0        0        0
 4657.000000     1075     1075        1        0     1075        0      862      860      120     2213        0        0        0
 4658.000000     1078     1078        1        0     1078        0      856      853      124     2246        0        0        0
 4659.000000     1084     1084        1        0     1084        0      866      861      119     2218        0        0        0
 4660.000000     1080     1080        1        0     1080        0      869      866      126     2224        0        0        0
 4661.000000     1074     1074        1        0     1074        0      844      842      127     2224        0        0        0
 4662.000000     1085     1085        1        0     1085        0      858      858      137     2217        0        0        0
 4663.000000     1080     1080        1        0     1080        0      848      846      119     2210        0        0        0
 4664.000000     1089     1089        1        0     1089        0      863      862      119     2218        0        0        0
 4665.000000     1113     1113        1       17     1096        0      856      849      131     2231        0        0        0
 4666.000000     1110     1110        1       16     1094        0      854      849      128     2240        0        0        0
 4667.000000     1091     1091        1        0     1091        0      860      856      123     2242        0        0        0
 4668.000000     1105     1105        1       16     1089        0      864      856      123     2237        0        0        0
 4669.000000     1082     1082        1        0     1082        0      854      851      142     2222        0        0        0
 4670.000000     1077     1077        1        0     1077        0      865      859      116     2199        0        0        0
 4671.000000     1069     1069        1        0     1069        0      855      849      131     2188        0        0        0
 4672.000000     1071     1071        1        0     1071        0      863      857      125     2199        0        0        0
 4673.000000     1074     1074        1        0     1074        0      854      851      120     2214        0        0        0
 4674.000000     1077     1077        1        0     1077        0      858      853      123     2211        0        0        0
 4675.000000     1068     1068        1        0     1068        0      864      859      123     2225        0        0        0
 4676.000000     1076     1076        1        0     1076        0      851      848      123     2208        0        0        0
 4677.000000     1081     1081        1        0     1081        0      847      841      126     2227        0        0        0
 4678.000000     1090     1078        2        0     1090        0      852      849      130     2217        0        0        0
 4679.000000     1089     1077        2        0     1089        0      841      834      143     2224        0        0        0
 4680.000000     1112     1112        1        0     1112        0      853      846      124     2230        0        0        0
 4681.000000     1087     1087        1        0     1087        0      852      848      128     2197        0        0        0
 4682.000000     1092     1092        1        0     1092        0      850      843      127     2224        0        0        0
 4683.000000     1088     1088        1        0     1088        0      857      852      120     2228        0        0        0
 4684.000000     1090     1090        1        0     1090        0      860      854      116     2220        0        0        0
 4685.000000     1085     1085        1        0     1085        0      865      858      126     2210        0        0        0
 4686.000000     1091     1091        1        0     1091        0      874      869      126     2251        0        0        0
 4687.000000     1091     1091        1        0     1091        0      843      837      125     2220        0        0        0
 4688.000000     1090     1090        1        0     1090        0      847      842      139     2243        0        0        0
 4689.000000     1104     1104        1        0     1104        0      850      846      134     2255        0        0        0
 4690.000000     1106     1106        1        0     1106        0      864      857      115     2236        0        0        0
 4691.000000     1100     1100        1        0     1100        0      847      842      128     2265        0        0        0
 4692.000000     1107     1107        1        0     1107        0      867      861      115     2248        0        0        0
 4693.000000     1094     1094        1        0     1094        0      863      860      115     2241        0        0        0
 4694.000000     1104     1104        1        0     1104        0      864      860      121     2241        0        0        0
 4695.000000     1088     1088        1        0     1088        0      849      846      125     2256        0        0        0
 4696.000000     1097     1097        1        0     1097        0      866      862      125     2236        0        0        0
 4697.000000     1096     1096        1        0     1096        0      859      856      123     2243        0        0        0
 4698.000000     1096     1096        1        0     1096        0      866      862      130     2222        0        0        0
 4699.000000     1094     1094        1        0     1094        0      866      861      118     2227        0        0        0
 4700.000000     1096     1096        1        0     1096        0      857      849      136     2225        0        0        0
 4701.000000     1091     1091        1        0     1091        0      870      864      117     2224        0        0        0
 4702.000000     1093     1093        1        0     1093        0      871      868      131     2212        0        0        0
 4703.000000     1062     1062        1        0     1062        0      859      856      122     2189        0        0        0
 4704.000000     1090     1090        1        0     1090        0      854      853      128     2214        0        0        0
 4705.000000     1083     1083        1        0     1083        0      862      861      116     2218        0        0        0
 4706.000000     1093     1093        1        0     1093        0      867      861      115     2217        0        0        0
 4707.000000     1089     1089        1        0     1089        0      852      848      119     2215        0        0        0
 4708.000000     1091     1091        1        0     1091        0      852      850      125     2213        0        0        0
 4709.000000     1103     1103        1        0     1103        0      854      848      130     2222        0        0        0
 4710.000000     1118     1118        1        0     1118        0      851      845      136     2222        0        0        0
 4711.000000     1097     1097        1        0     1097        0      863      860      112     2213        0        0        0
 4712.000000     1113     1113        1        0     1113        0      844      838      126     2221        0        0        0
 4713.000000     1119     1119        1        0     1119        0      848      846      118     2217        0        0        0
 4714.000000     1129     1129        1        5     1113       11      878      875      112     2247        0        0        0
 4715.000000     1110     1110        1        4     1095       11      855      851      125     2229        0        0        0
 4716.000000     1097     1097        1        4     1082       11      869      863      121     2234        0        0        0
 4717.000000     1099     1099        1        4     1084       11      867      862      133     2241        0        0        0
 4718.000000     1090     1076        2        6     1075        9      863      860      107     2242        0        0        0
 4719.000000     1085     1085        1        8     1070        7      847      846      128     2244        0        0        0
 4720.000000     1102     1089        2        6     1087        9      860      857      119     2260        0        0        0
 4721.000000     1077     1077        1        0     1077        0      848      845      115     2257        0        0        0
 4722.000000     1095     1095        1        0     1095        0      861      858      122     2250        0        0        0
 4723.000000     1102     1102        1        5     1086       11      857      849      131     2259        0        0        0
 4724.000000     1080     1080        1        0     1080        0      843      841      120     2244        0        0        0
 4725.000000     1096     1096        1        4     1081       11      853      849      123     2238        0        0        0
 4726.000000     1097     1097        1        4     1082       11      847      842      123     2229        0        0        0
 4727.000000     1098     1098        1        5     1082       11      849      847      123     2284        0        0        0
 4728.000000     1094     1094        1        5     1078       11      860      860      129     2255        0        0        0
 4729.000000     1091     1091        1        5     1075       11      863      859      118     2263        0        0        0
 4730.000000     1094     1094        1        5     1078       11      846      843      135     2266        0        0        0
 4731.000000     1084     1084        1        5     1068       11      859      856      123     2276        0        0        0
 4732.000000     1074     1074        1        0     1074        0      866      863      124     2229        0        0        0
 4733.000000     1095     1095        1        0     1095        0      863      860      127     2239        0        0        0
 4734.000000     1079     1079        1        0     1079        0      855      854      112     2251        0        0        0
 4735.000000     1075     1075        1        0     1075        0      858      856      123     2254        0        0        0
 4736.000000     1075     1075        1        0     1075        0      849      846      123     2239        0        0        0
 4737.000000     1080     1080        1        0     1080        0      859      855      121     2223        0        0        0
 4738.000000     1078     1078        1        0     1078        0      844      841      119     2236        0        0        0
 4739.000000     1079     1079        1        0     1079        0      848      845      130     2207        0        0        0
 4740.000000     1096     1096        1        0     1096        0      846      842      125     2220        0        0        0
 4741.000000     1100     1100        1        0     1100        0      857      853      121     2225        0        0        0
 4742.000000     1097     1097        1        0     1097        0      850      848      133     2217        0        0        0
 4743.000000     1087     1087        1        0     1087        0      845      840      118     2234        0        0        0
 4744.000000     1081     1081        1        0     1081        0      853      849      118     2236        0        0        0
 4745.000000     1108     1108        1        0     1108        0      839      833      142     2257        0        0        0
 4746.000000     1076     1076        1        0     1076        0      850      848      129     2250        0        0        0
 4747.000000     1084     1084        1        0     1084        0      851      845      128     2248        0        0        0
 4748.000000     1085     1085        1        0     1085        0      855      845      125     2240        0        0        0
 4749.000000     1087     1087        1        0     1087        0      867      864      127     2241        0        0        0
 4750.000000     1095     1095        1        0     1095        0      850      847      128     2232        0        0        0
 4751.000000     1085     1085        1        0     1085        0      854      849      135     2252        0        0        0
 4752.000000     1107     1107        1        0     1107        0      852      850      131     2239        0        0        0
 4753.000000     1113     1113        1        0     1113        0      879      877      128     2234        0        0        0
 4754.000000     1128     1128        1        0     1128        0      878      869      120     2254        0        0        0
 4755.000000     1114     1114        1        0     1114        0      867      862      137     2249        0        0        0
 4756.000000     1118     1118        1        0     1118        0      868      864      124     2269        0        0        0
 4757.000000     1088     1088        1        0     1088        0      856      851      137     2244        0        0        0
 4758.000000     1081     1081        1        0     1081        0      865      861      127     2254        0        0        0
 4759.000000     1135     1135        1        4     1121       10      869      863      122     2261        0        0        0
 4760.000000     1106     1106        1        0     1106        0      867      866      135     2239        0        0        0
 4761.000000     1114     1114        1        4     1100       10      863      859      128     2259        0        0        0
 4762.000000     1118     1118        1        4     1104       10      866      863      122     2259        0        0        0
 4763.000000     1119     1119        1        4     1105       10      865      862      139     2256        0        0        0
 4764.000000     1119     1119        1        4     1105       10      872      867      135     2259        0        0        0
 4765.000000     1122     1122        1        4     1108       10      865      863      125     2249        0        0        0
 4766.000000     1119     1119        1        4     1105       10      874      866      123     2256        0        0        0
 4767.000000     1139     1139        1        3     1125       11      876      874      133     2252        0        0        0
 4768.000000     1120     1120        1        4     1106       10      879      874      120     2268        0        0        0
 4769.000000     1118     1118        1        4     1104       10      879      877      132     2252        0        0        0
 4770.000000     1127     1127        1        2     1113       12      868      860      134     2234        0        0        0
 4771.000000     1133     1133        1        4     1119       10      863      856      136     2241        0        0        0
 4772.000000     1127     1127        1        0     1127        0      859      852      144     2221        0        0        0
 4773.000000     1104     1104        1        0     1104        0      847      842      141     2243        0        0        0
 4774.000000     1100     1100        1        8     1086        6      866      863      127     2247        0        0        0
 4775.000000     1094     1094        1       11     1080        3      877      870      141     2256        0        0        0
 4776.000000     1097     1097        1        8     1083        6      868      867      117     2256        0        0        0
 4777.000000     1107     1107        1        8     1093        6      866      863      135     2253        0        0        0
 4778.000000     1114     1114        1        8     1100        6      869      866      130     2269        0        0        0
 4779.000000     1110     1110        1        8     1096        6      880      875      130     2258        0        0        0
 4780.000000     1104     1104        1        8     1090        6      860      854      131     2240        0        0        0
 4781.000000     1104     1104        1        8     1090        6      860      852      141     2238        0        0        0
 4782.000000     1114     1114        1        8     1100        6      871      859      120     2248        0        0        0
 4783.000000     1111     1111        1        8     1097        6      861      858      144     2257        0        0        0
 4784.000000     1100     1100        1        8     1086        6      870      864      142     2256        0        0        0
 4785.000000     1117     1105        2        8     1103        6      863      859      135     2247        0        0        0
 4786.000000     1116     1104        2        8     1102        6      864      859      143     2263        0        0        0
 4787.000000     1098     1098        1        8     1084        6      874      870      131     2240        0        0        0
 4788.000000     1108     1108        1        8     1094        6      855      849      144     2230        0        0        0
 4789.000000     1106     1106        1        8     1092        6      873      866      132     2244        0        0        0
 4790.000000     1107     1095        2        0     1107        0      857      849      135     2264        0        0        0
 4791.000000     1149     1149        1        8     1135        6      876      869      132     2270        0        0        0
 4792.000000     1114     1102        2        8     1100        6      869      863      142     2258        0        0        0
 4793.000000     1111     1099        2        8     1097        6      871      868      134     2258        0        0        0
 4794.000000     1116     1104        2       11     1102        3      881      875      137     2246        0        0        0
 4795.000000     1093     1081        2        0     1093        0      870      864      129     2255        0        0        0
 4796.000000     1114     1102        2       11     1100        3      876      873      111     2248        0        0        0
 4797.000000     1109     1109        1        8     1095        6      873      865      138     2259        0        0        0
 4798.000000     1105     1105        1        8     1091        6      874      869      127     2245        0        0        0
 4799.000000     1108     1108        1        8     1094        6      875      868      124     2245        0        0        0
 4800.000000     1110     1110        1        8     1096        6      853      850      136     2240        0        0        0
 4801.000000     1109     1109        1        8     1095        6      860      857      133     2234        0        0        0
 4802.000000     1104     1104        1        8     1090        6      859      853      151     2226        0        0        0
 4803.000000     1103     1103        1        8     1089        6      854      848      141     2230        0        0        0
 4804.000000     1118     1106        2        8     1104        6      862      856      137     2239        0        0        0
 4805.000000     1129     1117        2        8     1115        6      876      874      137     2268        0        0        0
 4806.000000     1117     1105        2        8     1103        6      878      872      137     2254        0        0        0
 4807.000000     1119     1107        2        8     1105        6      876      870      131     2240        0        0        0
 4808.000000     1112     1100        2        8     1098        6      867      861      134     2242        0        0        0
 4809.000000     1118     1106        2        8     1104        6      875      869      129     2261        0        0        0
 4810.000000     1128     1128        1        8     1114        6      866      861      135     2251        0        0        0
 4811.000000     1114     1114        1        8     1100        6      867      862      121     2258        0        0        0
 4812.000000     1108     1108        1        8     1094        6      875      871      130     2274        0        0        0
 4813.000000     1115     1115        1        8     1101        6      868      863      143     2268        0        0        0
 4814.000000     1110     1110        1        8     1096        6      876      875      128     2268        0        0        0
 4815.000000     1137     1125        2        8     1123        6      875      872      138     2270        0        0        0
 4816.000000     1117     1117        1        8     1103        6      881      880      137     2277        0        0        0
 4817.000000     1117     1117        1        8     1103        6      881      877      134     2274        0        0        0
 4818.000000     1129     1117        2        8     1115        6      864      860      148     2286        0        0        0
 4819.000000     1137     1125        2        4     1123       10      871      870      135     2269        0        0        0
 4820.000000     1141     1129        2        8     1127        6      878      871      142     2300        0        0        0
 4821.000000     1115     1115        1        8     1101        6      885      879      138     2271        0        0        0
 4822.000000     1116     1116        1        8     1102        6      885      881      125     2265        0        0        0
 4823.000000     1134     1122        2        0     1134        0      881      872      136     2291        0        0        0
 4824.000000     1136     1124        2        8     1122        6      878      869      124     2308        0        0        0
 4825.000000     1137     1125        2        8     1123        6      875      863      140     2288        0        0        0
 4826.000000     1132     1120        2        8     1118        6      878      874      131     2296        0        0        0
 4827.000000     1136     1124        2        4     1122       10      878      872      142     2296        0        0        0
 4828.000000     1139     1127        2        0     1139        0      880      868      133     2303        0        0        0
 4829.000000     1137     1125        2        0     1137        0      868      858      128     2288        0        0        0
 4830.000000     1134     1122        2        0     1134        0      861      852      140     2300        0        0        0
 4831.000000     1131     1119        2        8     1117        6      871      867      143     2288        0        0        0
 4832.000000     1135     1123        2        8     1121        6      876      870      138     2300        0        0        0
 4833.000000     1131     1119        2        8     1117        6      865      860      146     2297        0        0        0
 4834.000000     1136     1124        2        8     1122        6      885      876      136     2314        0        0        0
 4835.000000     1126     1114        2        8     1112        6      889      883      137     2295        0        0        0
 4836.000000     1130     1118        2        8     1116        6      886      879      125     2302        0        0        0
 4837.000000     1125     1113        2        8     1111        6      866      858      155     2329        0        0        0
 4838.000000     1124     1112        2        8     1110        6      878      870      124     2302        0        0        0
 4839.000000     1130     1118        2        8     1116        6      884      880      136     2293        0        0        0
 4840.000000     1126     1114        2        8     1112        6      871      867      143     2295        0        0        0
 4841.000000     1113     1113        1        8     1099        6      870      867      142     2310        0        0        0
 4842.000000     1127     1115        2        8     1113        6      873      868      122     2298        0        0        0
 4843.000000     1126     1114        2        8     1112        6      886      881      127     2295        0        0        0
 4844.000000     1125     1113        2        8     1111        6      882      876      134     2307        0        0        0
 4845.000000     1131     1119        2        8     1117        6      882      877      133     2289        0        0        0
 4846.000000     1127     1115        2        8     1113        6      883      882      131     2286        0        0        0
 4847.000000     1136     1124        2        9     1121        6      884      879      139     2320        0        0        0
 4848.000000     1114     1114        1        8     1100        6      875      868      140     2304        0        0        0
 4849.000000     1134     1122        2        8     1120        6      886      882      126     2304        0        0        0
 4850.000000     1136     1124        2        8     1122        6      891      888      130     2303        0        0        0
 4851.000000     1133     1121        2        8     1119        6      890      883      126     2301        0        0        0
 4852.000000     1123     1111        2        8     1109        6      894      889      134     2298        0        0        0
 4853.000000     1113     1113        1        0     1113        0      878      874      125     2299        0        0        0
 4854.000000     1131     1119        2        8     1117        6      882      877      125     2290        0        0        0
 4855.000000     1135     1123        2        8     1121        6      872      869      136     2304        0        0        0
 4856.000000     1122     1122        1        8     1108        6      876      870      140     2280        0        0        0
 4857.000000     1134     1134        1        8     1120        6      874      871      130     2317        0        0        0
 4858.000000     1118     1118        1        8     1104        6      875      871      139     2281        0        0        0
 4859.000000     1116     1116        1        8     1102        6      868      863      125     2292        0        0        0
 4860.000000     1135     1123        2        8     1121        6      863      860      142     2287        0        0        0
 4861.000000     1129     1129        1        8     1115        6      872      869      120     2293        0        0        0
 4862.000000     1120     1120        1        8     1106        6      867      865      123     2265        0        0        0
 4863.000000     1117     1117        1        8     1103        6      863      856      140     2253        0        0        0
 4864.000000     1117     1117        1        8     1103        6      874      870      122     2275        0        0        0
 4865.000000     1116     1116        1        8     1102        6      880      874      139     2263        0        0        0
 4866.000000     1123     1123        1        8     1109        6      878      873      133     2247        0        0        0
 4867.000000     1118     1118        1        8     1104        6      881      873      134     2272        0        0        0
 4868.000000     1122     1122        1        8     1108        6      860      857      152     2275        0        0        0
 4869.000000     1120     1120        1        8     1106        6      874      869      142     2273        0        0        0
 4870.000000     1121     1121        1        8     1107        6      888      883      118     2261        0        0        0
 4871.000000     1128     1128        1        8     1114        6      874      870      117     2271        0        0        0
 4872.000000     1127     1127        1        8     1113        6      878      868      137     2257        0        0        0
 4873.000000     1115     1115        1        0     1115        0      879      875      140     2255        0        0        0
 4874.000000     1122     1122        1        8     1108        6      860      855      137     2268        0        0        0
 4875.000000     1119     1119        1        8     1105        6      866      859      141     2259        0        0        0
 4876.000000     1122     1122        1        8     1108        6      873      872      129     2277        0        0        0
 4877.000000     1118     1118        1        8     1104        6      871      867      141     2272        0        0        0
 4878.000000     1121     1121        1        8     1107        6      872      868      131     2296        0        0        0
 4879.000000     1133     1133        1        8     1119        6      874      869      139     2281        0        0        0
 4880.000000     1132     1132        1        8     1118        6      885      884      129     2273        0        0        0
 4881.000000     1148     1148        1        8     1134        6      876      875      136     2293        0        0        0
 4882.000000     1120     1120        1        8     1106        6      864      858      143     2273        0        0        0
 4883.000000     1128     1128        1        0     1128        0      867      867      130     2274        0        0        0
 4884.000000     1131     1131        1        0     1131        0      870      863      134     2271        0        0        0
 4885.000000     1130     1130        1        0     1130        0      867      856      145     2277        0        0        0
 4886.000000     1131     1131        1        0     1131        0      861      854      130     2269        0        0        0
 4887.000000     1129     1129        1        0     1129        0      866      859      139     2274        0        0        0
 4888.000000     1143     1143        1        0     1143        0      866      859      131     2299        0        0        0
 4889.000000     1131     1131        1        0     1131        0      872      867      135     2266        0        0        0
 4890.000000     1134     1134        1        0     1134        0      878      876      131     2288        0        0        0
 4891.000000     1130     1130        1        0     1130        0      867      860      147     2270        0        0        0
 4892.000000     1131     1131        1        0     1131        0      877      873      144     2270        0        0        0
 4893.000000     1129     1129        1        0     1129        0      867      856      146     2269        0        0        0
 4894.000000     1127     1127        1        0     1127        0      867      862      130     2254        0        0        0
 4895.000000     1135     1135        1        0     1135        0      860      854      132     2268        0        0        0
 4896.000000     1133     1133        1        0     1133        0      859      855      133     2282        0        0        0
 4897.000000     1129     1129        1        0     1129        0      857      851      136     2278        0        0        0
 4898.000000     1120     1120        1        0     1120        0      870      864      138     2254        0        0        0
 4899.000000     1130     1130        1        0     1130        0      862      857      139     2281        0        0        0
 4900.000000     1125     1125        1        0     1125        0      864      857      134     2262        0        0        0
 4901.000000     1128     1128        1        0     1128        0      869      867      137     2277        0        0        0
 4902.000000     1129     1129        1        0     1129        0      873      869      142     2272        0        0        0
 4903.000000     1126     1126        1        0     1126        0      866      860      142     2272        0        0        0
 4904.000000     1116     1116        1        0     1116        0      878      873      131     2276        0        0        0
 4905.000000     1120     1120        1        0     1120        0      869      865      134     2284        0        0        0
 4906.000000     1130     1130        1        0     1130        0      868      866      130     2259        0        0        0
 4907.000000     1123     1123        1        0     1123        0      861      855      149     2292        0        0        0
 4908.000000     1131     1131        1        0     1131        0      876      870      132     2274        0        0        0
 4909.000000     1119     1119        1        0     1119        0      857      854      140     2262        0        0        0
 4910.000000     1110     1110        1        0     1110        0      881      877      130     2245        0        0        0
 4911.000000     1130     1130        1        0     1130        0      877      868      130     2267        0        0        0
 4912.000000     1105     1105        1        0     1105        0      865      853      145     2281        0        0        0
 4913.000000     1131     1131        1        0     1131        0      877      869      140     2289        0        0        0
 4914.000000     1133     1133        1        0     1133        0      859      852      147     2301        0        0        0
 4915.000000     1128     1128        1        0     1128        0      879      870      134     2281        0        0        0
 4916.000000     1127     1127        1        0     1127        0      874      870      134     2263        0        0        0
 4917.000000     1129     1129        1        0     1129        0      863      859      137     2279        0        0        0
 4918.000000     1128     1128        1        0     1128        0      873      870      134     2280        0        0        0
 4919.000000     1124     1124        1        0     1124        0      874      870      134     2273        0        0        0
 4920.000000     1117     1117        1        0     1117        0      876      870      132     2287        0        0        0
 4921.000000     1127     1127        1        0     1127        0      871      866      132     2284        0        0        0
 4922.000000     1133     1133        1        0     1133        0      865      858      142     2284        0        0        0
 4923.000000     1146     1146        1        0     1146        0      867      865      130     2280        0        0        0
 4924.000000     1136     1136        1        0     1136        0      877      874      126     2287        0        0        0
 4925.000000     1147     1147        1        0     1147        0      851      845      135     2296        0        0        0
 4926.000000     1149     1149        1        0     1149        0      879      873      136     2291        0        0        0
 4927.000000     1131     1131        1        0     1131        0      875      872      128     2283        0        0        0
 4928.000000     1149     1149        1        0     1149        0      879      872      129     2310        0        0        0
 4929.000000     1118     1118        1        0     1118        0      877      872      133     2302        0        0        0
 4930.000000     1150     1150        1        0     1150        0      876      870      139     2309        0        0        0
 4931.000000     1130     1130        1        0     1130        0      876      873      128     2280        0        0        0
 4932.000000     1133     1133        1        0     1133        0      878      875      123     2297        0        0        0
 4933.000000     1134     1134        1        0     1134        0      885      879      133     2290        0        0        0
 4934.000000     1134     1134        1        0     1134        0      875      870      125     2279        0        0        0
 4935.000000     1132     1132        1        0     1132        0      884      879      135     2285        0        0        0
 4936.000000     1119     1119        1        0     1119        0      878      875      129     2283        0        0        0
 4937.000000     1121     1121        1        0     1121        0      865      860      138     2283        0        0        0
 4938.000000     1135     1135        1        0     1135        0      877      873      136     2286        0        0        0
 4939.000000     1130     1130        1        0     1130        0      886      880      140     2292        0        0        0
 4940.000000     1124     1124        1        0     1124        0      866      860      137     2280        0        0        0
 4941.000000     1129     1129        1        0     1129        0      869      864      142     2290        0        0        0
 4942.000000     1129     1129        1        0     1129        0      873      869      137     2290        0        0        0
 4943.000000     1128     1128        1        0     1128        0      895      890      119     2287        0        0        0
 4944.000000     1134     1134        1        0     1134        0      891      889      133     2285        0        0        0
 4945.000000     1129     1129        1        0     1129        0      875      872      129     2279        0        0        0
 4946.000000     1125     1125        1        0     1125        0      878      871      149     2277        0        0        0
 4947.000000     1148     1148        1        0     1148        0      883      878      135     2286        0        0        0
 4948.000000     1125     1125        1        0     1125        0      884      879      129     2264        0        0        0
 4949.000000     1118     1118        1        0     1118        0      880      872      126     2261        0        0        0
 4950.000000     1114     1114        1        0     1114        0      868      859      127     2259        0        0        0
 4951.000000     1144     1144        1        0     1144        0      888      885      121     2273        0        0        0
 4952.000000     1128     1128        1        0     1128        0      875      871      134     2303        0        0        0
 4953.000000     1132     1132        1        0     1132        0      870      866      129     2269        0        0        0
 4954.000000     1133     1133        1        0     1133        0      879      876      123     2298        0        0        0
 4955.000000     1124     1124        1        0     1124        0      881      873      133     2269        0        0        0
 4956.000000     1129     1129        1        0     1129        0      872      868      130     2289        0        0        0
 4957.000000     1127     1127        1        0     1127        0      881      877      134     2283        0        0        0
 4958.000000     1125     1125        1        0     1125        0      875      868      129     2274        0        0        0
 4959.000000     1118     1118        1        0     1118        0      872      868      120     2272        0        0        0
 4960.000000     1124     1124        1        0     1124        0      872      870      120     2294        0        0        0
 4961.000000     1132     1132        1        0     1132        0      862      859      134     2296        0        0        0
 4962.000000     1125     1125        1        0     1125        0      875      870      122     2267        0        0        0
 4963.000000     1128     1128        1        0     1128        0      882      871      140     2309        0        0        0
 4964.000000     1131     1131        1        0     1131        0      877      868      136     2291        0        0        0
 4965.000000     1125     1125        1        0     1125        0      875      868      132     2283        0        0        0
 4966.000000     1102     1102        1        0     1102        0      885      883      129     2278        0        0        0
 4967.000000     1133     1133        1        0     1133        0      871      867      135     2280        0        0        0
 4968.000000     1150     1150        1        0     1150        0      882      878      128     2286        0        0        0
 4969.000000     1115     1115        1        0     1115        0      885      879      117     2289        0        0        0
 4970.000000     1120     1120        1        0     1120        0      891      883      121     2270        0        0        0
 4971.000000     1116     1116        1        0     1116        0      890      884      120     2276        0        0        0
 4972.000000     1131     1131        1        0     1131        0      891      887      125     2280        0        0        0
 4973.000000     1118     1118        1        0     1118        0      882      879      129     2268        0        0        0
 4974.000000     1116     1116        1        0     1116        0      887      882      125     2248        0        0        0
 4975.000000     1120     1120        1        0     1120        0      878      875      123     2275        0        0        0
 4976.000000     1122     1122        1        0     1122        0      887      884      122     2287        0        0        0
 4977.000000     1121     1121        1        0     1121        0      891      882      125     2273        0        0        0
 4978.000000     1128     1128        1        0     1128        0      889      885      132     2270        0        0        0
 4979.000000     1126     1126        1        4     1112       10      878      877      138     2265        0        0        0
 4980.000000     1142     1142        1        0     1142        0      874      870      125     2291        0        0        0
 4981.000000     1120     1120        1        0     1120        0      885      878      126     2264        0        0        0
 4982.000000     1123     1123        1        0     1123        0      885      878      126     2266        0        0        0
 4983.000000     1119     1119        1        0     1119        0      890      887      116     2282        0        0        0
 4984.000000     1116     1116        1        0     1116        0      892      888      122     2262        0        0        0
 4985.000000     1126     1126        1        0     1126        0      876      868      136     2290        0        0        0
 4986.000000     1129     1129        1        0     1129        0      882      876      130     2272        0        0        0
 4987.000000     1136     1136        1        0     1136        0      862      860      137     2273        0        0        0
 4988.000000     1121     1121        1        0     1121        0      881      875      118     2300        0        0        0
 4989.000000     1126     1126        1        0     1126        0      878      869      141     2288        0        0        0
 4990.000000     1150     1150        1        0     1150        0      890      882      128     2277        0        0        0
 4991.000000     1140     1140        1        0     1140        0      885      880      126     2280        0        0        0
 4992.000000     1138     1138        1        0     1138        0      879      874      138     2256        0        0        0
 4993.000000     1144     1144        1        0     1144        0      869      865      126     2284        0        0        0
 4994.000000     1147     1147        1        0     1147        0      882      878      125     2280        0        0        0
 4995.000000     1116     1116        1        0     1116        0      883      879      122     2271        0        0        0
 4996.000000     1125     1125        1        0     1125        0      876      875      125     2270        0        0        0
 4997.000000     1139     1139        1        0     1139        0      874      872      127     2274        0        0        0
 4998.000000     1138     1138        1        0     1138        0      888      883      124     2261        0        0        0
 4999.000000     1126     1126        1        0     1126        0      891      883      122     2259        0        0        0
 5000.000000     1115     1115        1        0     1115        0      880      874      114     2261        0        0        0
