#! FIELDS time brine.nice brine.nmax brine.nclus brine.nic brine.nih brine.nmixed brine.chillice brine.chillmax brine.chillinterfacial brine.sixrings brine.nionice brine.nionfront brine.nionliq
 0.000000      908      908        1        0      908        0      745      744       92     1870        0       12       28
 1.000000      903      903        1        0      903        0      732      731      100     1888        0       11       29
 2.000000      903      903        1        0      903        0      730      729       90     1866        1       10       29
 3.000000      931      931        1        0      931        0      729      728       95     1907        1       11       28
 4.000000      900      900        1        0      900        0      733      733       88     1908        1       10       29
 5.000000      892      892        1        0      892        0      731      731       89     1910        0       10       30
 6.000000      934      934        1        0      934        0      714      714      100     1931        1       12       27
 7.000000      889      889        1        0      889        0      710      708       92     1900        0       12       28
 8.000000      892      892        1        0      892        0      701      699      103     1901        0       12       28
 9.000000      891      891        1        0      891        0      720      720       91     1918        0       12       28
 10.000000      894      894        1        0      894        0      715      714       92     1907        0       13       27
 11.000000      894      894        1        0      894        0      712      710      103     1934        0       12       28
 12.000000      900      900        1        0      900        0      706      704      106     1890        1       11       28
 13.000000      893      893        1        0      893        0      711      709       97     1908        0       11       29
 14.000000      900      900        1        0      900        0      712      711       97     1917        0       12       28
 15.000000      901      901        1        0      901        0      716      715      100     1939        0       12       28
 16.000000      895      895        1        0      895        0      707      707      104     1890        0       12       28
 17.000000      883      883        1        0      883        0      715      715       96     1882        0       10       30
 18.000000      890      890        1        0      890        0      695      694       96     1896        0       11       29
 19.000000      883      883        1        0      883        0      694      692      105     1894        0       10       30
 20.000000      886      886        1        0      886        0      697      694      102     1881        0        9       31
 21.000000      880      880        1        0      880        0      708      707      100     1887        0        9       31
 22.000000      889      889        1        0      889        0      702      701       88     1862        0       10       30
 23.000000      895      895        1        0      895        0      696      694       99     1906        0       12       28
 24.000000      899      899        1        0      899        0      708      707      103     1907        0       12       28
 25.000000      898      898        1        0      898        0      705      704      100     1877        0       12       28
 26.000000      905      905        1        0      905        0      701      700      104     1935        0       10       30
 27.000000      894      894        1        0      894        0      697      696      101     1927        0       12       28
 28.000000      889      889        1        0      889        0      715      711      112     1923        0       12       28
 29.000000      896      896        1        0      896        0      703      700      101     1894        0       13       27
 30.000000      903      903        1        0      903        0      701      698      110     1939        0       13       27
 31.000000      899      899        1        0      899        0      705      703      100     1943        0       12       28
 32.000000      904      904        1        0      904        0      711      708       92     1916        0       13       27
 33.000000      908      908        1        0      908        0      707      707       98     1924        1       11       28
 34.000000      915      915        1        0      915        0      704      702       99     1945        0       14       26
 35.000000      903      903        1        0      903        0      710      708      107     1914        0       13       27
 36.000000      897      897        1        0      897        0      692      690      106     1917        1       11       28
 37.000000      908      908        1        0      908        0      711      710       95     1941        0       13       27
 38.000000      900      900        1        0      900        0      693      692      104     1931        0       12       28
 39.000000      891      891        1        0      891        0      698      696       95     1905        0       12       28
 40.000000      898      898        1        0      898        0      698      697      100     1937        0       13       27
 41.000000      895      895        1        0      895        0      704      702      104     1949        0       12       28
 42.000000      895      895        1        0      895        0      692      689      104     1932        0       12       28
 43.000000      894      894        1        0      894        0      698      698      101     1936        0       11       29
 44.000000      897      897        1        0      897        0      686      684      117     1951        0       12       28
 45.000000      895      895        1        0      895        0      705      704      107     1977        0       11       29
 46.000000      903      903        1        0      903        0      698      697      107     1932        1       10       29
 47.000000      892      892        1        0      892        0      702      702      104     1933        0       11       29
 48.000000      895      895        1        0      895        0      687      687      116     1929        1       10       29
 49.000000      893      893        1        0      893        0      678      675      108     1924        1        9       30
 50.000000      893      893        1        0      893        0      690      690      116     1916        0       11       29
 51.000000      896      896        1        0      896        0      700      698      113     1920        0       12       28
 52.000000      890      890        1        0      890        0      694      692      107     1926        0       10       30
 53.000000      890      890        1        0      890        0      681      680      120     1927        0       10       30
 54.000000      888      888        1        0      888        0      701      699      116     1899        0       10       30
 55.000000      894      894        1        0      894        0      682      682      113     1949        0       11       29
 56.000000      903      903        1        0      903        0      686      684      111     1880        1       11       28
 57.000000      887      887        1        0      887        0      684      683      115     1891        0       11       29
 58.000000      890      890        1        0      890        0      683      682      110     1913        0       11       29
 59.000000      884      884        1        0      884        0      689      689      103     1915        0       11       29
 60.000000      893      893        1        0      893        0      694      693      116     1930        0       10       30
 61.000000      902      902        1        0      902        0      695      693       98     1907        1       11       28
 62.000000      916      916        1        0      916        0      696      693      118     1954        1       11       28
 63.000000      888      888        1        0      888        0      698      698      107     1913        0       10       30
 64.000000      893      893        1        0      893        0      697      693      103     1894        0        9       31
 65.000000      896      896        1        0      896        0      680      678      111     1943        0        9       31
 66.000000      887      887        1        0      887        0      696      695      114     1931        0       10       30
 67.000000      885      885        1        0      885        0      685      684      122     1932        0       10       30
 68.000000      884      884        1        0      884        0      693      691      110     1933        0       10       30
 69.000000      892      892        1        0      892        0      701      700      114     1950        0       10       30
 70.000000      896      896        1        0      896        0      703      702      110     1916        0        9       31
 71.000000      892      892        1        0      892        0      701      700      111     1932        0       10       30
 72.000000      880      880        1        0      880        0      679      675      117     1894        0        9       31
 73.000000      888      888        1        0      888        0      678      675      106     1890        0       10       30
 74.000000      889      889        1        0      889        0      691      689      114     1938        0        9       31
 75.000000      891      891        1        0      891        0      678      676      123     1924        0        9       31
 76.000000      895      895        1        0      895        0      673      672      113     1929        0        9       31
 77.000000      884      884        1        0      884        0      694      693      119     1877        0       10       30
 78.000000      886      886        1        0      886        0      693      690      107     1883        0        9       31
 79.000000      890      890        1        0      890        0      689      686      112     1882        0       10       30
 80.000000      889      889        1        0      889        0      690      689      120     1912        0        9       31
 81.000000      885      885        1        0      885        0      691      684      101     1895        0        9       31
 82.000000      884      872        2        0      884        0      688      687      100     1945        0       11       29
 83.000000      878      878        1        0      878        0      678      678      110     1926        0        7       33
 84.000000      878      878        1        0      878        0      685      683      107     1918        1        8       31
 85.000000      876      876        1        0      876        0      681      681      114     1907        0        7       33
 86.000000      884      884        1        0      884        0      683      682      109     1889        1        9       30
 87.000000      890      890        1        0      890        0      688      688      102     1915        1        9       30
 88.000000      872      872        1        0      872        0      689      688      108     1906        0        9       31
 89.000000      884      884        1        0      884        0      683      683      107     1913        0       10       30
 90.000000      882      882        1        0      882        0      688      686      114     1914        0       10       30
 91.000000      884      884        1        0      884        0      693      690      108     1928        0       10       30
 92.000000      885      885        1        0      885        0      694      691      115     1885        0       10       30
 93.000000      886      886        1        0      886        0      688      686      116     1908        0        9       31
 94.000000      898      886        2        0      898        0      701      697      106     1947        0       12       28
 95.000000      889      889        1        0      889        0      696      693      107     1951        0       10       30
 96.000000      884      884        1        0      884        0      699      697      110     1925        0       10       30
 97.000000      890      890        1        0      890        0      699      693      112     1936        0       10       30
 98.000000      887      887        1        0      887        0      693      691      119     1966        0       11       29
 99.000000      882      882        1        0      882        0      695      693      108     1921        0       10       30
 100.000000      883      883        1        0      883        0      706      704      108     1913        0        9       31
 101.000000      894      894        1        0      894        0      693      690      116     1954        0       10       30
 102.000000      883      883        1        0      883        0      698      696      103     1920        0        9       31
 103.000000      888      888        1        0      888        0      700      693      107     1930        1       10       29
 104.000000      893      893        1        0      893        0      708      704      111     1918        0       11       29
 105.000000      881      881        1        0      881        0      701      696       98     1894        0       11       29
 106.000000      887      887        1        0      887        0      704      699      111     1904        1        8       31
 107.000000      908      908        1        0      908        0      695      693      103     1927        1       13       26
 108.000000      890      890        1        0      890        0      707      701      102     1879        0       10       30
 109.000000      893      893        1        0      893        0      705      703      111     1928        0       10       30
 110.000000      887      887        1        0      887        0      708      705      106     1936        1       10       29
 111.000000      908      908        1        0      908        0      702      698      105     1898        0       12       28
 112.000000      897      897        1        0      897        0      691      689       97     1940        1       10       29
 113.000000      886      886        1        0      886        0      697      696      107     1915        0       11       29
 114.000000      896      896        1        0      896        0      704      702      101     1927        1       10       29
 115.000000      908      908        1        0      908        0      699      699      101     1929        0       11       29
 116.000000      895      895        1        0      895        0      702      699      102     1920        1        8       31
 117.000000      907      907        1        0      907        0      701      698      105     1962        1       10       29
 118.000000      904      904        1        0      904        0      706      704      106     1961        1       10       29
 119.000000      897      897        1        0      897        0      694      691      118     1940        1        9       30
 120.000000      896      896        1        0      896        0      697      694      106     1952        1       10       29
 121.000000      895      895        1        0      895        0      689      688       99     1968        1       11       28
 122.000000      899      899        1        0      899        0      701      697      117     1942        1        9       30
 123.000000      904      904        1        0      904        0      702      699      105     1967        1        9       30
 124.000000      905      905        1        0      905        0      696      695      113     1962        1       10       29
 125.000000      899      899        1        0      899        0      692      689      103     1958        0       10       30
 126.000000      894      894        1        0      894        0      705      700      119     1913        0       10       30
 127.000000      897      897        1        0      897        0      700      697      105     1950        0       12       28
 128.000000      899      899        1        0      899        0      703      699      108     1967        0       11       29
 129.000000      903      903        1        0      903        0      696      693      113     1935        0       11       29
 130.000000      903      903        1        0      903        0      704      703      107     1962        0       11       29
 131.000000      900      900        1        0      900        0      707      706      108     1979        0       11       29
 132.000000      899      899        1        0      899        0      708      706      108     1994        2        8       30
 133.000000      900      900        1        0      900        0      697      693      107     1977        1        9       30
 134.000000      898      898        1        0      898        0      719      717      101     1956        0       11       29
 135.000000      901      901        1        0      901        0      704      702      102     1955        1       10       29
 136.000000      893      893        1        0      893        0      697      694      110     1957        2        9       29
 137.000000      889      889        1        0      889        0      715      712       94     1967        0       10       30
 138.000000      893      893        1        0      893        0      709      706      100     1959        1       10       29
 139.000000      895      895        1        0      895        0      707      704      111     1957        1        9       30
 140.000000      896      896        1        0      896        0      715      714      103     1939        1       10       29
 141.000000      887      887        1        0      887        0      712      710       99     1941        0        9       31
 142.000000      896      896        1        0      896        0      714      714       99     1941        1       10       29
 143.000000      888      888        1        0      888        0      715      712       98     1932        0       10       30
 144.000000      892      892        1        0      892        0      711      711       97     1950        1        9       30
 145.000000      894      894        1        0      894        0      703      699      113     1948        1       10       29
 146.000000      896      896        1        0      896        0      708      705       97     1987        1        9       30
 147.000000      892      892        1        0      892        0      712      710      105     1984        0       11       29
 148.000000      914      914        1        0      914        0      713      708      100     1967        0       12       28
 149.000000      899      899        1        0      899        0      709      703      100     1940        2        8       30
 150.000000      909      909        1        0      909        0      726      724      106     1972        0       10       30
 151.000000      892      892        1        0      892        0      712      710       97     1966        1        9       30
 152.000000      895      895        1        0      895        0      715      713      103     1982        1        9       30
 153.000000      895      895        1        0      895        0      715      712       94     1941        0       10       30
 154.000000      909      909        1        0      909        0      717      714      109     1983        0       10       30
 155.000000      904      904        1        0      904        0      701      699      108     1980        1       10       29
 156.000000      902      902        1        0      902        0      709      706       96     2014        0       10       30
 157.000000      910      910        1        0      910        0      707      704      100     1977        0       10       30
 158.000000      902      902        1        0      902        0      720      719      105     1989        0       10       30
 159.000000      904      904        1        0      904        0      710      706      101     1977        0       11       29
 160.000000      920      920        1        0      920        0      703      703      103     1994        0       10       30
 161.000000      899      899        1        0      899        0      712      710      103     2001        0       12       28
 162.000000      908      908        1        0      908        0      705      705      111     1998        0       10       30
 163.000000      905      905        1        0      905        0      714      710      108     1983        1        9       30
 164.000000      902      902        1        0      902        0      705      703      118     1996        0       11       29
 165.000000      900      900        1        0      900        0      705      702      110     1948        1        9       30
 166.000000      917      917        1       15      902        0      696      691      115     1999        2        9       29
 167.000000      898      898        1        0      898        0      720      715      110     2013        2        8       30
 168.000000      899      899        1        0      899        0      716      712      106     1980        1        8       31
 169.000000      890      890        1        0      890        0      710      707      120     1959        0       10       30
 170.000000      908      908        1        0      908        0      715      711      105     1968        0       11       29
 171.000000      895      895        1        0      895        0      721      717      117     1997        0        9       31
 172.000000      888      888        1        0      888        0      726      720      112     1984        0        9       31
 173.000000      898      898        1        0      898        0      719      717      101     2002        1        8       31
 174.000000      887      887        1        0      887        0      714      709       99     1964        0        9       31
 175.000000      896      896        1        0      896        0      712      710      107     1987        0       10       30
 176.000000      903      903        1        0      903        0      717      714      100     1968        0        9       31
 177.000000      891      891        1        0      891        0      729      726      100     1982        0        9       31
 178.000000      902      902        1        0      902        0      722      721      118     1994        0       10       30
 179.000000      895      895        1        0      895        0      704      701      119     1997        1        9       30
 180.000000      897      897        1        0      897        0      714      710      112     1972        0        9       31
 181.000000      889      889        1        0      889        0      709      707      102     1959        0        9       31
 182.000000      894      894        1        0      894        0      711      704      123     1972        0       10       30
 183.000000      883      883        1        0      883        0      701      697      116     1960        0        9       31
 184.000000      893      893        1        0      893        0      711      708      100     1945        0       10       30
 185.000000      900      900        1        0      900        0      709      707      119     1943        0        9       31
 186.000000      890      890        1        0      890        0      708      708       99     1943        0        9       31
 187.000000      899      899        1        0      899        0      701      698      113     1962        0        9       31
 188.000000      898      898        1        0      898        0      709      703      110     1970        0       10       30
 189.000000      919      919        1        0      919        0      710      707      121     1959        0       11       29
 190.000000      895      895        1        0      895        0      722      720      106     1964        0        9       31
 191.000000      891      891        1        0      891        0      719      716      100     1950        0       10       30
 192.000000      898      898        1        0      898        0      714      712       97     1972        1        8       31
 193.000000      880      880        1        0      880        0      705      699      112     1978        1        8       31
 194.000000      881      881        1        0      881        0      697      692      108     1970        0       10       30
 195.000000      883      883        1        0      883        0      696      693      119     1914        0       10       30
 196.000000      879      879        1        0      879        0      714      710       98     1931        0        9       31
 197.000000      874      874        1        0      874        0      709      704      102     1911        1        8       31
 198.000000      873      873        1        0      873        0      706      704      107     1941        0        9       31
 199.000000      878      878        1        0      878        0      699      695      105     1936        0       10       30
 200.000000      883      883        1        0      883        0      704      703      111     1935        1        9       30
 201.000000      871      871        1        0      871        0      709      707      118     1947        0        9       31
 202.000000      893      893        1        0      893        0      710      709      107     1934        0       10       30
 203.000000      890      890        1        0      890        0      703      700      108     1966        0        9       31
 204.000000      890      890        1        0      890        0      707      705      107     1944        1        8       31
 205.000000      896      896        1        0      896        0      704      701      108     1940        1       10       29
 206.000000      898      898        1        0      898        0      709      708      100     1907        2        7       31
 207.000000      882      882        1        0      882        0      708      705      107     1969        0        9       31
 208.000000      872      872        1        0      872        0      704      699      104     1919        0        9       31
 209.000000      873      873        1        0      873        0      698      698      120     1937        1        8       31
 210.000000      878      878        1        0      878        0      707      704       98     1920        1        8       31
 211.000000      876      876        1        0      876        0      708      706       97     1936        0       10       30
 212.000000      875      875        1        0      875        0      699      697      111     1921        0        9       31
 213.000000      874      874        1        0      874        0      710      708       97     1942        0        9       31
 214.000000      886      886        1        0      886        0      690      687      105     1945        0       10       30
 215.000000      880      880        1        0      880        0      702      702      111     1939        0        9       31
 216.000000      898      898        1        0      898        0      691      690      102     1946        0        9       31
 217.000000      877      877        1        0      877        0      714      710      106     1930        1        8       31
 218.000000      880      880        1        0      880        0      697      693      112     2005        1       10       29
 219.000000      884      884        1        0      884        0      707      705      107     1934        0        9       31
 220.000000      883      883        1        0      883        0      709      705      100     1973        1        8       31
 221.000000      883      883        1        0      883        0      700      700       94     1948        0        9       31
 222.000000      892      892        1        0      892        0      708      706      115     1986        0        9       31
 223.000000      908      908        1        0      908        0      711      711      113     1970        3        7       30
 224.000000      895      895        1        0      895        0      697      696      100     1933        0       10       30
 225.000000      903      903        1        0      903        0      697      696      108     1970        1        9       30
 226.000000      910      910        1        0      910        0      701      701      109     1971        1       10       29
 227.000000      895      895        1        0      895        0      700      697      117     1945        1        9       30
 228.000000      894      894        1        0      894        0      688      686      124     1936        0        9       31
 229.000000      889      889        1        0      889        0      694      692      121     1953        0       10       30
 230.000000      880      880        1        0      880        0      695      691      108     1978        0        9       31
 231.000000      894      894        1        0      894        0      697      695      107     1954        1        8       31
 232.000000      904      904        1        0      904        0      685      683      122     1953        1        9       30
 233.000000      896      896        1        0      896        0      700      698      105     1993        1        8       31
 234.000000      895      895        1        0      895        0      702      700       98     1952        0        9       31
 235.000000      898      898        1        0      898        0      705      701      102     1969        0        9       31
 236.000000      900      900        1        0      900        0      700      699      113     1966        0       11       29
 237.000000      899      899        1        0      899        0      685      684      104     1963        1        9       30
 238.000000      900      900        1        0      900        0      715      711       97     1972        0       10       30
 239.000000      900      900        1        0      900        0      696      695      117     1928        1        8       31
 240.000000      904      904        1        0      904        0      697      694      100     1964        1        9       30
 241.000000      904      904        1        0      904        0      706      704      101     1953        0        9       31
 242.000000      899      899        1        0      899        0      700      698      117     1923        1        8       31
 243.000000      901      901        1        0      901        0      692      690      106     1919        1        9       30
 244.000000      910      910        1        0      910        0      708      707      101     1901        1       11       28
 245.000000      885      885        1        0      885        0      694      692      104     1947        0        9       31
 246.000000      898      898        1        0      898        0      703      700       99     1909        1       10       29
 247.000000      898      898        1        0      898        0      699      695      110     1953        0       10       30
 248.000000      902      902        1        0      902        0      704      703      104     1897        0        9       31
 249.000000      901      901        1        0      901        0      692      691      111     1914        0       10       30
 250.000000      897      897        1        0      897        0      702      702      106     1948        1        8       31
 251.000000      900      900        1        0      900        0      704      700      111     1954        0        9       31
 252.000000      898      898        1        0      898        0      698      697       99     1897        1        8       31
 253.000000      917      917        1        0      917        0      696      696       99     1888        1       10       29
 254.000000      906      906        1        0      906        0      696      693      122     1889        0       10       30
 255.000000      902      902        1        0      902        0      705      704      101     1909        1        8       31
 256.000000      900      900        1        0      900        0      701      699      114     1880        1        8       31
 257.000000      907      907        1        0      907        0      699      696      106     1912        1        9       30
 258.000000      901      901        1        0      901        0      700      697      113     1908        0       10       30
 259.000000      898      898        1        0      898        0      695      690      110     1909        1        9       30
 260.000000      905      905        1        0      905        0      692      690      115     1912        1        9       30
 261.000000      897      897        1        0      897        0      699      696      106     1928        1        8       31
 262.000000      876      876        1        0      876        0      688      685      116     1930        0       10       30
 263.000000      883      883        1        0      883        0      695      694      113     1934        0       10       30
 264.000000      888      888        1        0      888        0      701      701      107     1897        0        9       31
 265.000000      883      883        1        0      883        0      700      700       89     1915        0       10       30
 266.000000      896      896        1        0      896        0      697      697       95     1926        0       12       28
 267.000000      901      901        1        0      901        0      693      692      102     1900        0       10       30
 268.000000      891      891        1        0      891        0      702      699       98     1929        0        9       31
 269.000000      906      906        1        0      906        0      704      702      108     1942        0       10       30
 270.000000      911      899        2        0      911        0      687      684      114     1919        0       13       27
 271.000000      906      906        1        0      906        0      691      688      110     1921        0       11       29
 272.000000      891      891        1        0      891        0      699      698      104     1879        0       11       29
 273.000000      874      874        1        0      874        0      701      701      101     1910        0        9       31
 274.000000      867      867        1        0      867        0      696      696      102     1912        0        9       31
 275.000000      898      898        1        0      898        0      695      694      102     1938        0       11       29
 276.000000      912      912        1        0      912        0      703      702       95     1927        0       11       29
 277.000000      910      898        2        0      910        0      695      694      107     1910        0       13       27
 278.000000      897      883        2        0      897        0      686      685      102     1907        0       13       27
 279.000000      882      882        1        0      882        0      698      697       96     1930        0        9       31
 280.000000      893      893        1        0      893        0      687      686      108     1894        0       10       30
 281.000000      886      886        1        0      886        0      687      684       97     1890        0        9       31
 282.000000      902      902        1        0      902        0      690      689      106     1937        0       10       30
 283.000000      895      895        1        0      895        0      684      678      111     1929        0       10       30
 284.000000      871      871        1        0      871        0      679      678      101     1929        0        9       31
 285.000000      866      866        1        0      866        0      689      688       91     1949        1        7       32
 286.000000      877      877        1        0      877        0      688      688      100     1926        0        8       32
 287.000000      884      884        1        0      884        0      686      685      108     1959        0        8       32
 288.000000      897      897        1        0      897        0      677      676      116     1933        0       10       30
 289.000000      890      890        1        0      890        0      691      689      110     1959        0       10       30
 290.000000      891      891        1        0      891        0      694      691       98     1951        0       10       30
 291.000000      896      896        1        0      896        0      687      686      103     1952        0       10       30
 292.000000      894      881        2        0      894        0      692      691       94     1932        0       13       27
 293.000000      882      882        1        0      882        0      704      704       99     1940        0        9       31
 294.000000      890      878        2        0      890        0      688      685      107     1928        0       13       27
 295.000000      904      892        2        0      904        0      695      693      104     1919        0       13       27
 296.000000      909      897        2        0      909        0      698      697      109     1962        1       14       25
 297.000000      891      879        2        0      891        0      697      693       96     1920        0       12       28
 298.000000      892      880        2        0      892        0      695      692      108     1872        0       14       26
 299.000000      898      898        1        0      898        0      695      694      111     1952        0       13       27
 300.000000      895      883        2        0      895        0      702      700      103     1947        0       13       27
 301.000000      879      879        1        0      879        0      704      701      106     1938        0        9       31
 302.000000      879      879        1        0      879        0      697      696       95     1928        0        9       31
 303.000000      906      894        2        0      906        0      706      703       99     1960        0       15       25
 304.000000      885      885        1        0      885        0      704      701      100     1907        0        9       31
 305.000000      896      896        1        0      896        0      697      694      105     1936        0       13       27
 306.000000      882      882        1        0      882        0      701      699       94     1905        0        9       31
 307.000000      886      886        1        0      886        0      696      695      112     1907        0        9       31
 308.000000      887      887        1        0      887        0      698      696      117     1923        1        8       31
 309.000000      884      884        1        0      884        0      690      687      119     1905        0        9       31
 310.000000      883      883        1        0      883        0      705      702      105     1931        0        9       31
 311.000000      878      878        1        0      878        0      698      697       95     1898        0        9       31
 312.000000      880      880        1        0      880        0      691      687      121     1913        0       10       30
 313.000000      903      903        1        0      903        0      706      706      102     1960        1        9       30
 314.000000      899      899        1        0      899        0      696      695       99     1909        0       12       28
 315.000000      900      900        1        0      900        0      693      690      113     1914        0       11       29
 316.000000      898      898        1        0      898        0      696      692      113     1921        0       10       30
 317.000000      891      891        1        0      891        0      703      702      108     1933        2        8       30
 318.000000      906      906        1        0      906        0      697      696      107     1954        1       10       29
 319.000000      898      898        1        0      898        0      709      708       94     1932        0       10       30
 320.000000      879      879        1        0      879        0      692      691       99     1877        0        9       31
 321.000000      885      885        1        0      885        0      682      680      118     1909        0        9       31
 322.000000      879      879        1        0      879        0      700      697      104     1903        0        8       32
 323.000000      867      867        1        0      867        0      699      695      115     1902        0        8       32
 324.000000      887      887        1        0      887        0      697      696      109     1917        0        8       32
 325.000000      879      879        1        0      879        0      699      697       95     1940        0        8       32
 326.000000      887      887        1        0      887        0      700      697      115     1931        0        9       31
 327.000000      901      901        1        0      901        0      704      701      105     1945        0        9       31
 328.000000      884      884        1        0      884        0      701      698      120     1912        0       10       30
 329.000000      886      886        1        0      886        0      698      695      109     1915        1        7       32
 330.000000      882      882        1        0      882        0      696      693      112     1915        0        8       32
 331.000000      888      888        1        0      888        0      691      687      118     1920        0        8       32
 332.000000      880      880        1        0      880        0      685      680      123     1897        0        8       32
 333.000000      884      884        1        0      884        0      692      686      109     1891        0        9       31
 334.000000      881      881        1        0      881        0      710      704      105     1935        0        9       31
 335.000000      882      882        1        0      882        0      688      686      109     1896        0        9       31
 336.000000      889      889        1        0      889        0      705      703      102     1925        0        8       32
 337.000000      878      878        1        0      878        0      690      687      110     1928        0        8       32
 338.000000      891      891        1        0      891        0      698      697      106     1915        0        9       31
 339.000000      876      876        1        0      876        0      688      687      114     1901        0        8       32
 340.000000      871      871        1        0      871        0      697      694      105     1912        0       11       29
 341.000000      882      882        1        0      882        0      688      686      113     1909        0        9       31
 342.000000      870      870        1        0      870        0      706      701      106     1916        0        9       31
 343.000000      886      886        1        0      886        0      684      682      115     1942        0        9       31
 344.000000      863      863        1        0      863        0      684      679      111     1934        0        8       32
 345.000000      886      886        1        0      886        0      684      683      113     1920        0        8       32
 346.000000      891      891        1        0      891        0      686      684      106     1941        0       10       30
 347.000000      880      880        1        0      880        0      695      690      109     1951        0       11       29
 348.000000      882      882        1        0      882        0      694      694       97     1929        0       11       29
 349.000000      883      883        1        0      883        0      704      699      116     1926        1        7       32
 350.000000      888      888        1        0      888        0      685      682      119     1929        0        9       31
 351.000000      897      897        1        0      897        0      690      689      105     1925        0        9       31
 352.000000      869      869        1        0      869        0      702      701       99     1917        0        9       31
 353.000000      894      894        1        0      894        0      702      700      106     1943        0       10       30
 354.000000      876      876        1        0      876        0      695      692      102     1915        0        8       32
 355.000000      893      893        1        0      893        0      681      675      114     1912        0       11       29
 356.000000      871      871        1        0      871        0      686      683      108     1939        0        9       31
 357.000000      873      873        1        0      873        0      688      685      120     1929        1        9       30
 358.000000      867      867        1        0      867        0      684      680      115     1912        0        9       31
 359.000000      865      865        1        0      865        0      693      691      101     1918        0        9       31
 360.000000      869      869        1        0      869        0      695      693      108     1913        0        8       32
 361.000000      871      871        1        0      871        0      695      691      112     1890        0        8       32
 362.000000      890      890        1        0      890        0      700      695      105     1933        0        8       32
 363.000000      876      876        1        0      876        0      692      689      105     1910        0        9       31
 364.000000      885      885        1        0      885        0      692      686      113     1953        0       10       30
 365.000000      892      892        1        0      892        0      687      685       99     1920        0       10       30
 366.000000      903      903        1        0      903        0      689      686      110     1946        0       13       27
 367.000000      881      881        1        0      881        0      680      676      118     1943        0       10       30
 368.000000      892      892        1        0      892        0      697      692      106     1904        0        9       31
 369.000000      878      878        1        0      878        0      686      682      111     1926        0       10       30
 370.000000      865      865        1        0      865        0      697      692      119     1916        0        8       32
 371.000000      868      868        1        0      868        0      681      675      114     1914        0        8       32
 372.000000      878      878        1        0      878        0      688      682      122     1945        0        9       31
 373.000000      874      874        1        0      874        0      691      684      111     1897        0        9       31
 374.000000      892      892        1        0      892        0      687      682      122     1936        0       12       28
 375.000000      875      875        1        0      875        0      715      711      103     1956        0        9       31
 376.000000      876      876        1        0      876        0      696      693      124     1936        0        9       31
 377.000000      863      863        1        0      863        0      698      696      118     1910        0        8       32
 378.000000      893      893        1        0      893        0      686      683      134     1949        0       12       28
 379.000000      879      879        1        0      879        0      672      669      117     1911        0       10       30
 380.000000      874      874        1        0      874        0      691      687      116     1926        0       10       30
 381.000000      878      878        1        0      878        0      697      692      115     1964        0        9       31
 382.000000      904      892        2        0      904        0      704      700      111     1923        0       11       29
 383.000000      891      891        1        0      891        0      685      682      118     1880        0        9       31
 384.000000      885      885        1        0      885        0      688      686      114     1944        0        8       32
 385.000000      896      896        1        0      896        0      683      681      111     1928        0       13       27
 386.000000      872      872        1        0      872        0      692      688      117     1913        0       10       30
 387.000000      874      874        1        0      874        0      697      695      116     1941        0        9       31
 388.000000      884      884        1        0      884        0      697      693      115     1937        0        8       32
 389.000000      879      879        1        0      879        0      707      706      118     1942        0        9       31
 390.000000      874      874        1        0      874        0      696      694      113     1916        0        8       32
 391.000000      891      891        1       19      871        1      687      686      110     1942        0       10       30
 392.000000      872      872        1        0      872        0      694      694      108     1985        0       10       30
 393.000000      911      911        1       15      896        0      703      700      102     1994        0       10       30
 394.000000      890      877        2        0      890        0      706      702      112     1943        0       11       29
 395.000000      879      866        2        0      879        0      699      697      104     1949        0       12       28
 396.000000      854      854        1        0      854        0      702      698      111     1956        0        9       31
 397.000000      887      887        1        0      887        0      696      693      103     1940        0       11       29
 398.000000      874      862        2        0      874        0      695      692      119     1963        0       12       28
 399.000000      896      883        2        0      896        0      700      697      109     1945        0       13       27
 400.000000      894      881        2        0      894        0      694      692       99     1921        0       13       27
 401.000000      901      888        2        0      901        0      695      694      110     1919        0       14       26
 402.000000      916      916        1        0      916        0      702      694      113     1957        0       13       27
 403.000000      869      869        1        0      869        0      706      702      102     1943        0       10       30
 404.000000      895      882        2        0      895        0      701      699      101     1961        0       13       27
 405.000000      892      879        2        0      892        0      706      703      100     1942        0       12       28
 406.000000      881      881        1        0      881        0      687      687      101     1907        0       11       29
 407.000000      894      881        2        0      894        0      700      698      107     1918        0       12       28
 408.000000      903      890        2        0      903        0      704      699      108     1944        0       13       27
 409.000000      909      896        2        0      909        0      721      719      109     1941        0       14       26
 410.000000      904      904        1        0      904        0      703      701      107     1949        0       11       29
 411.000000      913      901        2        0      913        0      700      698       96     1927        0       13       27
 412.000000      903      891        2        0      903        0      707      704       99     1942        0       13       27
 413.000000      887      887        1        0      887        0      707      704      108     1933        0       10       30
 414.000000      912      912        1        0      912        0      717      715      104     1985        0       13       27
 415.000000      922      922        1        0      922        0      713      712       96     1918        0       13       27
 416.000000      923      923        1        0      923        0      714      709      107     1980        0       12       28
 417.000000      917      905        2        0      917        0      708      706      110     1922        0       13       27
 418.000000      913      913        1        0      913        0      716      713      103     1931        0       12       28
 419.000000      923      923        1        0      923        0      711      710      108     1937        0       12       28
 420.000000      931      931        1        0      931        0      718      715      113     1949        0       13       27
 421.000000      934      922        2        0      934        0      704      701      107     1922        0       13       27
 422.000000      941      941        1        0      941        0      705      703      115     1954        0       16       24
 423.000000      921      921        1        0      921        0      708      702      111     1950        0       13       27
 424.000000      935      923        2        0      935        0      710      708      103     1929        0       16       24
 425.000000      930      918        2        0      930        0      696      694      106     1953        0       16       24
 426.000000      933      921        2        0      933        0      695      690      123     1950        0       16       24
 427.000000      916      916        1        0      916        0      699      697      112     1965        1       10       29
 428.000000      906      906        1        0      906        0      704      701      101     1961        0       10       30
 429.000000      896      896        1        0      896        0      714      713      112     1953        0       10       30
 430.000000      911      899        2        0      911        0      699      692      124     1936        0       13       27
 431.000000      906      906        1        0      906        0      723      720      111     1959        0       10       30
 432.000000      911      911        1        0      911        0      717      713      108     1947        0       10       30
 433.000000      917      917        1        0      917        0      717      714      108     1954        0       13       27
 434.000000      891      891        1        0      891        0      702      700      112     1962        0       11       29
 435.000000      898      898        1        0      898        0      702      701      109     1969        0       11       29
 436.000000      888      888        1        0      888        0      710      705      114     1970        0       10       30
 437.000000      898      898        1        0      898        0      698      694      118     1941        0       10       30
 438.000000      913      901        2        0      913        0      715      715      106     1938        0       13       27
 439.000000      916      916        1        0      916        0      730      729       96     1922        0       13       27
 440.000000      904      904        1        0      904        0      710      709      113     1960        0       10       30
 441.000000      894      894        1        0      894        0      713      712      104     1979        0       11       29
 442.000000      936      936        1        0      936        0      703      702      112     1945        0       15       25
 443.000000      902      902        1        0      902        0      711      708      111     1934        0       11       29
 444.000000      902      902        1        0      902        0      709      707      105     1950        0       10       30
 445.000000      910      910        1        0      910        0      709      706      101     1924        0       11       29
 446.000000      911      911        1        0      911        0      700      698      107     1933        0       12       28
 447.000000      893      893        1        0      893        0      711      705      106     1917        0       11       29
 448.000000      899      899        1        0      899        0      702      699       99     1935        0       10       30
 449.000000      900      900        1        0      900        0      704      702      105     1960        0       10       30
 450.000000      910      910        1        0      910        0      704      700      107     1935        0       10       30
 451.000000      898      898        1        0      898        0      712      710       99     1906        0       10       30
 452.000000      915      915        1        0      915        0      693      692      108     1968        0       10       30
 453.000000      910      910        1        0      910        0      721      720      111     1970        0       10       30
 454.000000      906      906        1        0      906        0      710      706       96     1931        0       10       30
 455.000000      895      895        1        0      895        0      710      706      110     1939        0       10       30
 456.000000      899      899        1        0      899        0      711      707      114     1989        0       10       30
 457.000000      905      905        1        0      905        0      703      702      111     1926        0       10       30
 458.000000      918      918        1        0      918        0      699      698      115     1954        0       11       29
 459.000000      907      907        1        0      907        0      704      701      104     1929        0       11       29
 460.000000      913      913        1        0      913        0      708      706      106     1911        0       11       29
 461.000000      900      900        1        0      900        0      701      699      122     1935        1       10       29
 462.000000      900      900        1        0      900        0      695      694      125     1936        0       11       29
 463.000000      904      904        1        0      904        0      700      697      112     1929        0       11       29
 464.000000      895      895        1        0      895        0      710      707      110     1895        0       10       30
 465.000000      899      899        1        0      899        0      706      703      104     1944        0       10       30
 466.000000      904      904        1        0      904        0      700      698      120     1955        0       11       29
 467.000000      917      917        1        0      917        0      717      714      107     1951        0       11       29
 468.000000      912      912        1        0      912        0      703      702      109     1942        0       11       29
 469.000000      899      899        1        0      899        0      705      703      107     1935        0       11       29
 470.000000      915      915        1        0      915        0      707      707      113     1955        0       11       29
 471.000000      901      901        1        0      901        0      709      706      106     1931        0       11       29
 472.000000      906      906        1        0      906        0      706      705      103     1920        0       12       28
 473.000000      909      909        1        0      909        0      698      696      109     1961        0       11       29
 474.000000      897      897        1        0      897        0      706      705      113     1953        0       10       30
 475.000000      901      901        1        0      901        0      710      706      101     1937        0       10       30
 476.000000      908      908        1        0      908        0      716      712      107     1927        0       11       29
 477.000000      902      902        1        0      902        0      720      720       96     1935        0       11       29
 478.000000      909      909        1        0      909        0      717      715       98     1963        0       11       29
 479.000000      923      923        1        0      923        0      718      717      100     1943        0       12       28
 480.000000      911      911        1        0      911        0      720      717       99     1952        1       10       29
 481.000000      906      906        1        0      906        0      716      713      104     1982        0       12       28
 482.000000      917      917        1        0      917        0      718      715      110     1975        0       13       27
 483.000000      900      900        1        0      900        0      709      705      100     1948        0       10       30
 484.000000      909      909        1        0      909        0      710      710      105     1961        0       11       29
 485.000000      908      908        1        0      908        0      709      707      105     1941        1       10       29
 486.000000      907      907        1        0      907        0      716      714      103     1922        1       10       29
 487.000000      905      905        1        0      905        0      714      711      103     1951        0       10       30
 488.000000      918      918        1        0      918        0      717      714      103     1948        0       11       29
 489.000000      923      923        1        0      923        0      723      717      108     1940        0       11       29
 490.000000      913      913        1        0      913        0      704      701      105     1943        0       11       29
 491.000000      908      908        1        0      908        0      711      709      101     1919        1        9       30
 492.000000      909      909        1        0      909        0      704      697      116     1941        1        9       30
 493.000000      915      915        1        0      915        0      713      710      116     1932        0       10       30
 494.000000      907      907        1        0      907        0      697      694      112     1930        0       10       30
 495.000000      907      907        1        0      907        0      708      706       94     1928        0       10       30
 496.000000      919      919        1        0      919        0      714      711      116     1938        0       11       29
 497.000000      917      917        1        0      917        0      686      683      136     1941        0       10       30
 498.000000      913      913        1        0      913        0      708      708      105     1966        0       10       30
 499.000000      903      903        1        0      903        0      703      701      110     1915        0       10       30
 500.000000      920      920        1        0      920        0      702      700      113     1969        0       10       30
 501.000000      918      918        1        0      918        0      706      703      100     1956        0       13       27
 502.000000      916      916        1        0      916        0      702      702      109     1944        0       11       29
 503.000000      922      922        1        0      922        0      705      702      117     1931        0       12       28
 504.000000      921      921        1        0      921        0      715      715      104     1918        0       12       28
 505.000000      924      924        1        0      924        0      706      704      108     1942        0       12       28
 506.000000      931      931        1        0      931        0      708      707      114     1910        0       12       28
 507.000000      915      915        1        0      915        0      718      717      102     1887        0       12       28
 508.000000      913      913        1        0      913        0      697      697      110     1935        0       11       29
 509.000000      931      918        2        0      931        0      704      704      113     1934        0       16       24
 510.000000      906      906        1        0      906        0      699      697      105     1895        0       11       29
 511.000000      906      906        1        0      906        0      706      704      112     1911        0       10       30
 512.000000      896      896        1        0      896        0      699      696      110     1900        0        9       31
 513.000000      926      926        1        0      926        0      694      691      112     1925        0       14       26
 514.000000      909      909        1        0      909        0      711      710      104     1912        0       10       30
 515.000000      914      914        1        0      914        0      698      696      107     1934        0       11       29
 516.000000      910      910        1        0      910        0      711      709      104     1910        1        9       30
 517.000000      919      919        1        0      919        0      700      700      101     1914        1       12       27
 518.000000      934      934        1        0      934        0      707      705      108     1920        0       12       28
 519.000000      908      908        1        0      908        0      699      699       99     1913        0       12       28
 520.000000      899      899        1        0      899        0      707      707      107     1914        0       10       30
 521.000000      897      897        1        0      897        0      698      697      102     1893        0       10       30
 522.000000      893      893        1        0      893        0      709      708       99     1941        0       10       30
 523.000000      912      912        1        0      912        0      693      692      113     1952        0       11       29
 524.000000      894      894        1        0      894        0      694      694      111     1907        0       11       29
 525.000000      902      902        1        0      902        0      698      698      107     1915        0       11       29
 526.000000      899      899        1        0      899        0      707      707      104     1938        1       11       28
 527.000000      912      912        1        0      912        0      695      694       98     1912        0       11       29
 528.000000      892      892        1        0      892        0      683      682      115     1897        0       11       29
 529.000000      883      883        1        0      883        0      685      684      108     1951        0       10       30
 530.000000      889      889        1        0      889        0      701      699      107     1884        0       10       30
 531.000000      905      905        1        0      905        0      702      701      110     1924        0       12       28
 532.000000      914      914        1        0      914        0      705      704      102     1903        1       12       27
 533.000000      891      891        1        0      891        0      702      700      111     1912        0       10       30
 534.000000      898      898        1        0      898        0      684      683      111     1912        0       10       30
 535.000000      899      899        1        0      899        0      694      694      111     1868        0       11       29
 536.000000      903      903        1        0      903        0      694      694      112     1906        0       12       28
 537.000000      890      890        1        0      890        0      692      692      101     1912        0       10       30
 538.000000      895      895        1        0      895        0      680      679      111     1920        0       10       30
 539.000000      889      889        1        0      889        0      698      698      104     1916        0        9       31
 540.000000      889      889        1        0      889        0      694      693      105     1898        0       10       30
 541.000000      899      887        2        0      899        0      691      691      105     1907        1       12       27
 542.000000      876      876        1        0      876        0      707      706       99     1934        0       10       30
 543.000000      903      903        1        0      903        0      697      695      113     1938        0       11       29
 544.000000      885      885        1        0      885        0      703      702      102     1917        0       10       30
 545.000000      885      885        1        0      885        0      695      693      110     1914        0       10       30
 546.000000      886      886        1        0      886        0      698      698      102     1894        0       10       30
 547.000000      889      889        1        0      889        0      701      700      104     1907        0       10       30
 548.000000      890      890        1        0      890        0      675      674      113     1914        1       11       28
 549.000000      890      890        1        0      890        0      691      690      101     1898        1        9       30
 550.000000      888      888        1        0      888        0      694      694      107     1899        0       10       30
 551.000000      894      894        1        0      894        0      691      691      103     1888        0       11       29
 552.000000      885      885        1        0      885        0      686      686       96     1915        0       10       30
 553.000000      884      884        1        0      884        0      697      695      100     1941        0       10       30
 554.000000      893      893        1        0      893        0      693      693      102     1939        0       11       29
 555.000000      885      885        1        0      885        0      691      690      106     1950        0       10       30
 556.000000      904      890        2        0      904        0      698      697      102     1968        0       11       29
 557.000000      886      886        1        0      886        0      691      691      110     1957        0       12       28
 558.000000      890      890        1        0      890        0      698      698      105     1924        0       10       30
 559.000000      885      885        1        0      885        0      689      688      113     1962        0       11       29
 560.000000      895      895        1        0      895        0      696      694      107     1915        0       11       29
 561.000000      878      878        1        0      878        0      677      676      103     1927        0       11       29
 562.000000      881      881        1        0      881        0      686      685      106     1905        0       10       30
 563.000000      885      885        1        0      885        0      692      692      102     1913        0       10       30
 564.000000      886      886        1        0      886        0      687      687      105     1924        0       10       30
 565.000000      877      877        1        0      877        0      690      688      104     1916        0       10       30
 566.000000      888      888        1        0      888        0      683      680      115     1940        0       11       29
 567.000000      879      879        1        0      879        0      694      693      101     1941        1        9       30
 568.000000      880      880        1        0      880        0      677      676      123     1926        0       11       29
 569.000000      871      871        1        0      871        0      688      688      104     1925        0       10       30
 570.000000      867      867        1        0      867        0      692      689      109     1893        0        9       31
 571.000000      865      865        1        0      865        0      682      682      111     1927        0       10       30
 572.000000      876      876        1        0      876        0      694      694      101     1917        0       10       30
 573.000000      885      885        1        0      885        0      692      691      107     1951        1       10       29
 574.000000      876      876        1        0      876        0      689      686      103     1945        0       10       30
 575.000000      868      868        1        0      868        0      701      698      104     1924        0       10       30
 576.000000      901      901        1        0      901        0      699      698       95     1939        1       12       27
 577.000000      888      888        1        0      888        0      698      694      102     1945        1        8       31
 578.000000      916      916        1        0      916        0      698      698      113     1944        1        9       30
 579.000000      893      893        1        0      893        0      690      688      111     1890        2        8       30
 580.000000      898      898        1        0      898        0      699      698      101     1930        0        9       31
 581.000000      889      889        1        0      889        0      692      690      116     1940        0       11       29
 582.000000      880      880        1        0      880        0      704      702      103     1936        0       10       30
 583.000000      885      885        1        0      885        0      688      683      106     1934        0       10       30
 584.000000      886      886        1        0      886        0      685      684      108     1944        0       10       30
 585.000000      873      873        1        0      873        0      690      688      107     1941        0       10       30
 586.000000      880      880        1        0      880        0      682      680      122     1928        0       10       30
 587.000000      902      902        1        0      902        0      702      701       87     1901        1       10       29
 588.000000      877      877        1        0      877        0      695      695      104     1942        0        9       31
 589.000000      894      894        1        0      894        0      708      708       98     1924        0       10       30
 590.000000      884      884        1        0      884        0      704      704       96     1886        0        9       31
 591.000000      888      888        1        0      888        0      705      703      104     1904        1        9       30
 592.000000      891      891        1        0      891        0      695      695      105     1926        0       11       29
 593.000000      884      884        1        0      884        0      692      691      115     1921        0        9       31
 594.000000      889      889        1        0      889        0      697      696      111     1921        0       10       30
 595.000000      891      891        1        0      891        0      711      710       98     1907        0       10       30
 596.000000      885      885        1        0      885        0      705      705      111     1905        1        8       31
 597.000000      878      878        1        0      878        0      697      696      110     1903        0        9       31
 598.000000      887      887        1        0      887        0      697      697      100     1902        1        8       31
 599.000000      891      891        1        0      891        0      697      695      106     1892        1        9       30
 600.000000      909      909        1        0      909        0      697      697      109     1906        1        9       30
 601.000000      885      885        1        0      885        0      702      701      107     1888        0       10       30
 602.000000      898      898        1        0      898        0      692      691      101     1917        1       11       28
 603.000000      883      883        1        0      883        0      690      688       97     1899        0       12       28
 604.000000      893      893        1        0      893        0      693      692      104     1893        0       10       30
 605.000000      876      876        1        0      876        0      695      695       98     1922        0       10       30
 606.000000      888      888        1        0      888        0      696      696       91     1891        0       10       30
 607.000000      887      887        1        0      887        0      690      688      107     1902        0       10       30
 608.000000      889      889        1        0      889        0      706      706      102     1920        0       10       30
 609.000000      890      890        1        0      890        0      697      695      108     1937        0       10       30
 610.000000      893      893        1        0      893        0      704      703       99     1916        0       12       28
 611.000000      887      887        1        0      887        0      708      708      100     1943        1        9       30
 612.000000      895      895        1        0      895        0      698      697      115     1941        0       10       30
 613.000000      895      895        1        0      895        0      712      712       93     1914        0       10       30
 614.000000      906      906        1        0      906        0      707      706      107     1950        0       10       30
 615.000000      891      891        1        0      891        0      707      707      102     1906        0       10       30
 616.000000      891      891        1        0      891        0      692      692      106     1980        0       10       30
 617.000000      903      903        1        0      903        0      697      695      107     1937        0       11       29
 618.000000      898      898        1        0      898        0      709      708       92     1961        0       10       30
 619.000000      879      879        1        0      879        0      697      695      104     1953        0        9       31
 620.000000      883      883        1        0      883        0      717      716      102     1952        0        9       31
 621.000000      897      897        1        0      897        0      710      710       98     1963        0       10       30
 622.000000      882      882        1        0      882        0      702      700       91     1936        0        9       31
 623.000000      888      888        1        0      888        0      703      702      104     1942        0       11       29
 624.000000      884      884        1        0      884        0      707      707      102     1951        0        8       32
 625.000000      894      894        1        0      894        0      702      701       94     1938        0        8       32
 626.000000      890      890        1        0      890        0      702      700      108     1894        0        9       31
 627.000000      890      890        1        0      890        0      709      707       92     1933        1       10       29
 628.000000      903      903        1        0      903        0      702      700       99     1944        0       11       29
 629.000000      895      895        1        0      895        0      701      699      103     1894        0        9       31
 630.000000      875      875        1        0      875        0      704      704       96     1949        0        8       32
 631.000000      891      891        1        0      891        0      699      697       90     1944        0       13       27
 632.000000      905      905        1        0      905        0      694      692      101     1962        0       12       28
 633.000000      884      884        1        0      884        0      706      705       97     1967        0       10       30
 634.000000      876      876        1        0      876        0      698      698       94     1948        0        9       31
 635.000000      883      883        1        0      883        0      699      696       99     1943        1        9       30
 636.000000      880      880        1        0      880        0      700      699      106     1924        0        9       31
 637.000000      875      875        1        0      875        0      710      707      101     1928        0        9       31
 638.000000      882      882        1       11      867        4      702      701      110     1929        0        9       31
 639.000000      884      884        1        0      884        0      704      702      109     1921        0       10       30
 640.000000      894      882        2        0      894        0      702      700      107     1907        0       10       30
 641.000000      889      889        1        0      889        0      699      698      110     1933        0       10       30
 642.000000      890      890        1        0      890        0      704      698      106     1921        0       10       30
 643.000000      893      893        1        0      893        0      689      687      110     1908        0       11       29
 644.000000      884      884        1        0      884        0      696      696      104     1910        0        9       31
 645.000000      883      883        1        0      883        0      688      685       97     1932        0        9       31
 646.000000      904      904        1       10      890        4      697      695       95     1885        0       12       28
 647.000000      897      897        1       12      881        4      713      713       93     1905        0       10       30
 648.000000      878      878        1        0      878        0      709      707      106     1915        0        9       31
 649.000000      895      895        1        0      895        0      692      689      104     1892        0       12       28
 650.000000      877      877        1       10      863        4      701      701       95     1922        0        9       31
 651.000000      881      881        1        0      881        0      698      697      101     1929        0        9       31
 652.000000      872      872        1        0      872        0      685      684      101     1915        0        8       32
 653.000000      880      880        1        0      880        0      698      696       96     1954        0        9       31
 654.000000      884      884        1        0      884        0      700      700       97     1911        0        9       31
 655.000000      884      884        1        0      884        0      694      693      101     1950        0        9       31
 656.000000      880      880        1        0      880        0      686      686       98     1922        0       11       29
 657.000000      867      867        1        0      867        0      696      696      101     1898        0        8       32
 658.000000      870      870        1        0      870        0      691      691      108     1936        0        9       31
 659.000000      865      865        1        0      865        0      692      690      102     1916        0        9       31
 660.000000      864      864        1        0      864        0      702      700      100     1917        0        9       31
 661.000000      870      870        1        0      870        0      702      702       95     1904        0        9       31
 662.000000      870      870        1        0      870        0      693      693       95     1922        0        9       31
 663.000000      879      879        1        0      879        0      686      683      103     1909        0        9       31
 664.000000      879      879        1        0      879        0      690      690       95     1900        0        9       31
 665.000000      890      890        1        0      890        0      683      680      101     1909        1        9       30
 666.000000      875      875        1        0      875        0      683      680      102     1914        0       11       29
 667.000000      858      858        1        0      858        0      698      697       95     1898        0        8       32
 668.000000      878      878        1        0      878        0      686      685      113     1933        0       11       29
 669.000000      867      867        1        0      867        0      691      691      102     1944        0        8       32
 670.000000      873      873        1        0      873        0      695      694       87     1918        0       10       30
 671.000000      895      895        1       11      880        4      687      687      105     1930        0       11       29
 672.000000      888      888        1       10      874        4      700      698       90     1904        0       11       29
 673.000000      885      885        1        0      885        0      701      701       91     1930        0       11       29
 674.000000      896      896        1        0      896        0      681      681      104     1934        0        9       31
 675.000000      877      877        1        0      877        0      682      680      105     1939        0        9       31
 676.000000      881      881        1        0      881        0      701      701       86     1915        1        8       31
 677.000000      883      883        1       11      868        4      685      682      104     1938        0       10       30
 678.000000      884      884        1        0      884        0      692      691       98     1918        0       11       29
 679.000000      879      879        1        0      879        0      691      690      101     1926        0       10       30
 680.000000      889      889        1        0      889        0      681      680      103     1899        0       11       29
 681.000000      881      881        1        0      881        0      697      694      105     1916        0       10       30
 682.000000      880      880        1        0      880        0      691      691      101     1906        0        9       31
 683.000000      879      879        1        0      879        0      697      695       98     1919        0       10       30
 684.000000      890      890        1        0      890        0      698      696      101     1909        0       10       30
 685.000000      884      884        1        0      884        0      684      682      115     1922        0        8       32
 686.000000      905      905        1        0      905        0      686      685      107     1958        0       10       30
 687.000000      885      885        1        0      885        0      695      695       99     1939        0        9       31
 688.000000      894      894        1        0      894        0      701      700       96     1938        0       11       29
 689.000000      881      881        1        0      881        0      703      699      101     1981        0       11       29
 690.000000      901      901        1        0      901        0      698      697      109     1940        1        9       30
 691.000000      902      902        1        0      902        0      702      701      107     1960        1        9       30
 692.000000      904      904        1        0      904        0      697      694      103     1937        1       10       29
 693.000000      897      897        1        0      897        0      704      703      105     1914        0       11       29
 694.000000      901      901        1        0      901        0      697      695       98     1912        0       12       28
 695.000000      895      895        1        0      895        0      706      704      107     1922        0        9       31
 696.000000      918      918        1        0      918        0      701      699       97     1912        0       12       28
 697.000000      897      897        1        0      897        0      696      694      100     1927        0        9       31
 698.000000      902      902        1        0      902        0      695      693      101     1907        0       11       29
 699.000000      910      896        2       14      896        0      695      693      110     1922        0       13       27
 700.000000      898      898        1        0      898        0      709      707       99     1932        0       11       29
 701.000000      920      905        2       15      905        0      694      691      109     1923        0       13       27
 702.000000      906      906        1        0      906        0      710      705      109     1952        0       12       28
 703.000000      897      897        1        0      897        0      698      697      110     1919        0       10       30
 704.000000      891      891        1        0      891        0      700      697      101     1900        0       11       29
 705.000000      889      889        1        0      889        0      702      701       92     1911        0       10       30
 706.000000      893      893        1        0      893        0      702      698      110     1908        0       11       29
 707.000000      894      894        1        0      894        0      705      705       95     1903        0       11       29
 708.000000      891      891        1        0      891        0      695      690      118     1924        0       11       29
 709.000000      895      895        1        0      895        0      691      689      117     1941        0       11       29
 710.000000      897      897        1        0      897        0      712      709      103     1938        0       11       29
 711.000000      891      891        1        0      891        0      707      704       96     1941        0       10       30
 712.000000      887      887        1        0      887        0      712      710      105     1913        0        9       31
 713.000000      871      871        1        0      871        0      705      704      108     1921        0        7       33
 714.000000      864      864        1        0      864        0      701      699      108     1930        0        8       32
 715.000000      902      902        1        0      902        0      701      701      107     1931        0       11       29
 716.000000      898      898        1        0      898        0      712      709      103     1928        0       12       28
 717.000000      901      901        1        0      901        0      711      710      103     1923        1       10       29
 718.000000      891      891        1        0      891        0      708      704      103     1899        0       12       28
 719.000000      893      893        1        0      893        0      698      697      111     1909        0       12       28
 720.000000      887      887        1        0      887        0      702      697      103     1905        0       10       30
 721.000000      930      930        1        0      930        0      706      705      112     1930        0       14       26
 722.000000      894      894        1        0      894        0      701      699      111     1920        1       10       29
 723.000000      893      893        1        0      893        0      698      695      114     1924        1       10       29
 724.000000      897      897        1        0      897        0      688      687      120     1905        0       13       27
 725.000000      897      897        1        0      897        0      699      696       95     1914        1       11       28
 726.000000      881      881        1        0      881        0      716      715       88     1923        0       11       29
 727.000000      882      882        1        0      882        0      698      695      107     1950        0       11       29
 728.000000      874      874        1        0      874        0      702      701      107     1926        0       10       30
 729.000000      875      875        1        0      875        0      693      693      102     1909        0       10       30
 730.000000      873      873        1        0      873        0      698      693      109     1943        0        9       31
 731.000000      873      873        1        0      873        0      702      702      106     1939        0        9       31
 732.000000      887      887        1        0      887        0      696      696      101     1913        1       10       29
 733.000000      874      874        1        0      874        0      704      704      108     1904        0        9       31
 734.000000      884      884        1        0      884        0      714      710      104     1954        0       11       29
 735.000000      886      886        1        0      886        0      698      695      104     1996        0       11       29
 736.000000      883      883        1        0      883        0      708      707       99     1967        0       11       29
 737.000000      890      890        1        0      890        0      696      694      106     1931        0       11       29
 738.000000      890      890        1        0      890        0      700      700      105     1942        0       11       29
 739.000000      880      880        1        0      880        0      691      689      108     1930        0       10       30
 740.000000      870      870        1        0      870        0      700      697      101     1927        0        8       32
 741.000000      880      880        1        0      880        0      702      702      103     1932        0       11       29
 742.000000      875      875        1        0      875        0      712      710      101     1949        0        9       31
 743.000000      874      874        1        0      874        0      707      707      107     1932        0        9       31
 744.000000      888      888        1        0      888        0      688      684      119     1935        0       11       29
 745.000000      886      886        1        0      886        0      704      703      104     1990        0        9       31
 746.000000      895      895        1        0      895        0      699      699      109     1935        0       11       29
 747.000000      883      883        1        0      883        0      695      694      105     1915        0        8       32
 748.000000      887      887        1        0      887        0      709      708      107     1950        0        8       32
 749.000000      897      897        1        0      897        0      710      707      105     1955        0       10       30
 750.000000      909      909        1        0      909        0      701      700      107     1955        0       11       29
 751.000000      904      904        1        0      904        0      706      706      109     1907        1        8       31
 752.000000      926      926        1        0      926        0      713      710       93     1919        1       10       29
 753.000000      896      896        1        0      896        0      703      700       91     1963        0        9       31
 754.000000      928      928        1        0      928        0      704      703      116     1947        3       10       27
 755.000000      892      892        1        0      892        0      702      702      106     1916        0       10       30
 756.000000      894      894        1        0      894        0      704      702      105     1906        1        9       30
 757.000000      885      885        1        0      885        0      682      679      104     1886        1        8       31
 758.000000      905      905        1        0      905        0      710      707       97     1964        1       10       29
 759.000000      904      904        1        0      904        0      705      703      107     1965        1       11       28
 760.000000      896      896        1        0      896        0      704      702      110     1916        1        9       30
 761.000000      907      907        1        0      907        0      715      714       97     1956        1       10       29
 762.000000      900      900        1        0      900        0      705      703       98     1956        0       10       30
 763.000000      907      907        1        0      907        0      708      706       97     1944        0       12       28
 764.000000      905      905        1        0      905        0      697      695      110     1959        1        9       30
 765.000000      888      888        1        0      888        0      714      714      100     1925        0        8       32
 766.000000      898      898        1        0      898        0      707      705      103     1923        0        8       32
 767.000000      896      896        1        0      896        0      687      686      106     1972        1        8       31
 768.000000      896      896        1        0      896        0      708      707      112     1930        0        9       31
 769.000000      891      891        1        0      891        0      711      708       94     1917        1        8       31
 770.000000      886      886        1        0      886        0      690      689      103     1922        0        8       32
 771.000000      899      899        1        0      899        0      708      707      103     1901        0       10       30
 772.000000      897      897        1        0      897        0      683      681      113     1914        0       10       30
 773.000000      898      898        1        0      898        0      698      697      106     1913        1        8       31
 774.000000      889      889        1        0      889        0      708      708       98     1935        0       12       28
 775.000000      889      889        1        0      889        0      701      699      104     1909        1        8       31
 776.000000      901      901        1        0      901        0      704      703       93     1912        0        9       31
 777.000000      887      887        1        0      887        0      701      699       94     1912        0        9       31
 778.000000      891      891        1        0      891        0      708      706      105     1930        0        8       32
 779.000000      905      905        1        0      905        0      711      708      101     1928        1        9       30
 780.000000      893      893        1        0      893        0      699      699      107     1894        1        9       30
 781.000000      892      892        1        0      892        0      699      697      101     1904        0        8       32
 782.000000      896      896        1        0      896        0      708      708      106     1949        0       10       30
 783.000000      893      893        1        0      893        0      706      705       99     1936        0        9       31
 784.000000      896      896        1        0      896        0      706      705       96     1956        1        7       32
 785.000000      895      895        1        0      895        0      698      698      106     1938        0       10       30
 786.000000      896      896        1        0      896        0      701      700      103     1907        1        8       31
 787.000000      893      893        1        0      893        0      703      703       96     1924        0       10       30
 788.000000      908      894        2       14      894        0      700      698      104     1914        1       11       28
 789.000000      890      890        1        0      890        0      705      702      100     1919        0        8       32
 790.000000      894      894        1        0      894        0      693      690      114     1938        0        9       31
 791.000000      892      892        1        0      892        0      698      697       98     1914        1        9       30
 792.000000      894      894        1        0      894        0      708      707       99     1919        1        8       31
 793.000000      895      895        1        0      895        0      701      701      107     1951        0       10       30
 794.000000      893      893        1        0      893        0      708      707       98     1931        0        9       31
 795.000000      893      893        1        0      893        0      693      692      108     1910        0        9       31
 796.000000      906      894        2        0      906        0      708      708      107     1964        0       12       28
 797.000000      888      888        1        0      888        0      711      710       94     1962        0        8       32
 798.000000      895      895        1        0      895        0      705      704      100     1933        1        8       31
 799.000000      896      896        1        0      896        0      698      696      111     1928        0       10       30
 800.000000      886      886        1        0      886        0      697      697       99     1933        0        7       33
 801.000000      926      926        1       15      911        0      697      697      109     1941        1       10       29
 802.000000      888      888        1        0      888        0      688      688      104     1897        0        7       33
 803.000000      896      896        1        0      896        0      693      692      106     1910        1        9       30
 804.000000      890      890        1        0      890        0      698      697       99     1914        0        9       31
 805.000000      891      891        1        0      891        0      689      687      104     1927        1        8       31
 806.000000      888      888        1        0      888        0      694      694      109     1895        0        8       32
 807.000000      895      895        1        0      895        0      694      692      106     1915        0        8       32
 808.000000      886      886        1        0      886        0      685      680      105     1899        0        9       31
 809.000000      884      884        1        0      884        0      684      680      112     1923        0        8       32
 810.000000      901      901        1        0      901        0      679      678      115     1937        0        8       32
 811.000000      886      886        1        0      886        0      695      694      104     1899        0       10       30
 812.000000      886      886        1        0      886        0      690      686      113     1940        0        8       32
 813.000000      883      883        1        0      883        0      695      694      111     1912        1        6       33
 814.000000      907      894        2        0      907        0      712      710      113     1938        0       10       30
 815.000000      876      876        1        0      876        0      691      688      111     1921        0        7       33
 816.000000      903      903        1        0      903        0      706      703       97     1946        1       10       29
 817.000000      899      899        1        0      899        0      703      702      102     1928        1        9       30
 818.000000      893      893        1        0      893        0      697      695      105     1927        1        7       32
 819.000000      901      901        1        0      901        0      708      705      110     1919        0       10       30
 820.000000      891      891        1        0      891        0      706      703      105     1981        0       10       30
 821.000000      893      893        1        0      893        0      700      699      112     1954        0        9       31
 822.000000      891      891        1        0      891        0      702      701      105     1925        1        6       33
 823.000000      890      890        1        0      890        0      698      697      107     1908        1        6       33
 824.000000      895      895        1        0      895        0      712      711       96     1916        0        8       32
 825.000000      892      892        1        0      892        0      702      701       98     1916        0        8       32
 826.000000      901      901        1        0      901        0      696      695      104     1920        0        9       31
 827.000000      894      894        1        0      894        0      691      689      112     1935        1        7       32
 828.000000      895      895        1        0      895        0      698      698       94     1931        0        9       31
 829.000000      886      886        1        0      886        0      716      713      108     1919        0        8       32
 830.000000      906      906        1        0      906        0      698      698      109     1902        1        8       31
 831.000000      893      893        1        0      893        0      708      708      100     1909        1        7       32
 832.000000      904      904        1        0      904        0      711      709      101     1924        0       10       30
 833.000000      890      890        1        0      890        0      692      692      109     1936        0        9       31
 834.000000      898      898        1        0      898        0      703      701       95     1905        0       10       30
 835.000000      890      890        1        0      890        0      684      684      115     1919        0        8       32
 836.000000      894      894        1        0      894        0      693      689      118     1905        0        8       32
 837.000000      896      896        1        0      896        0      693      693      111     1912        0        9       31
 838.000000      897      897        1        0      897        0      693      688      116     1927        1        8       31
 839.000000      894      894        1        0      894        0      698      698      100     1931        0        8       32
 840.000000      897      897        1        0      897        0      698      696      125     1942        1        8       31
 841.000000      887      887        1        0      887        0      708      707      107     1949        1        8       31
 842.000000      904      892        2        0      904        0      694      693      111     1921        0        9       31
 843.000000      932      919        2        0      932        0      694      694      114     1964        1       11       28
 844.000000      893      893        1        0      893        0      694      692      110     1946        0        8       32
 845.000000      895      895        1        0      895        0      698      696      115     1931        0        8       32
 846.000000      895      895        1        0      895        0      704      702      109     1975        0        9       31
 847.000000      895      895        1        0      895        0      712      711      105     1964        0        8       32
 848.000000      897      897        1        0      897        0      701      697      111     1973        0        9       31
 849.000000      900      900        1        0      900        0      702      700      100     1939        0       10       30
 850.000000      894      894        1        0      894        0      711      708      100     1943        0        9       31
 851.000000      897      897        1        0      897        0      711      708      109     1981        1        8       31
 852.000000      893      893        1        0      893        0      699      697      116     1948        0        8       32
 853.000000      887      887        1        0      887        0      698      696      100     1950        0        8       32
 854.000000      884      884        1        0      884        0      697      694      114     1939        0        7       33
 855.000000      904      904        1        0      904        0      703      701      107     1934        0        9       31
 856.000000      890      890        1        0      890        0      701      698      110     1942        0        9       31
 857.000000      900      900        1        0      900        0      683      683      115     1990        0        9       31
 858.000000      905      905        1        0      905        0      707      706      106     1972        0       10       30
 859.000000      904      904        1        0      904        0      702      696      108     1980        0        9       31
 860.000000      909      909        1        0      909        0      714      710      107     1992        0       10       30
 861.000000      888      888        1        0      888        0      705      704      108     1953        0        7       33
 862.000000      897      897        1        0      897        0      701      697      107     1977        1        6       33
 863.000000      897      897        1        0      897        0      703      699      107     1983        0        8       32
 864.000000      900      900        1        0      900        0      713      711      105     1968        0        9       31
 865.000000      895      895        1        0      895        0      708      706      103     1960        0        7       33
 866.000000      882      882        1        0      882        0      691      687      118     1964        0        6       34
 867.000000      911      911        1        0      911        0      698      698      107     1918        0       11       29
 868.000000      904      904        1        0      904        0      704      703      112     1943        0       10       30
 869.000000      883      883        1        0      883        0      708      706      109     1952        0        8       32
 870.000000      919      919        1        0      919        0      693      692      109     1901        2        8       30
 871.000000      927      927        1        0      927        0      721      719       95     1949        0       12       28
 872.000000      888      888        1        0      888        0      694      694      105     1914        0        7       33
 873.000000      890      890        1        0      890        0      702      702      104     1912        0        7       33
 874.000000      900      900        1        0      900        0      707      706      113     1947        0        9       31
 875.000000      916      916        1        0      916        0      706      702      115     1968        0       10       30
 876.000000      895      895        1        0      895        0      697      697      110     1938        0       10       30
 877.000000      903      903        1        0      903        0      703      700      107     1955        0       10       30
 878.000000      897      897        1        0      897        0      712      707      103     1953        0       10       30
 879.000000      903      903        1        0      903        0      714      712       95     1951        1        8       31
 880.000000      889      889        1        0      889        0      707      705      101     1899        0        9       31
 881.000000      906      906        1        0      906        0      706      705      110     1932        1       11       28
 882.000000      901      901        1        0      901        0      702      696      116     1945        0       10       30
 883.000000      907      907        1        0      907        0      702      700      113     1939        0       12       28
 884.000000      897      897        1        0      897        0      696      694      109     1940        0        9       31
 885.000000      888      888        1        0      888        0      703      701       97     1963        0        9       31
 886.000000      882      882        1        0      882        0      693      692      104     1926        0        7       33
 887.000000      897      897        1        0      897        0      701      699      112     1915        1        7       32
 888.000000      880      880        1        0      880        0      696      694      110     1916        0        8       32
 889.000000      879      879        1        0      879        0      697      693      102     1925        0        9       31
 890.000000      885      885        1        0      885        0      705      703       98     1925        0        8       32
 891.000000      888      888        1        0      888        0      702      700       98     1914        0        9       31
 892.000000      884      884        1        0      884        0      701      697      112     1928        0        9       31
 893.000000      881      881        1        0      881        0      691      689      123     1928        0        7       33
 894.000000      883      883        1        0      883        0      689      689      121     1913        0        9       31
 895.000000      879      879        1        0      879        0      695      693      108     1936        0        7       33
 896.000000      893      893        1        0      893        0      695      692      119     1943        0        7       33
 897.000000      890      890        1        0      890        0      706      703      104     1906        0        9       31
 898.000000      890      890        1        0      890        0      705      704      113     1902        0        8       32
 899.000000      884      884        1        0      884        0      693      692      123     1920        0        8       32
 900.000000      898      898        1        0      898        0      692      691      116     1925        0        9       31
 901.000000      899      899        1        0      899        0      699      697      109     1953        0       10       30
 902.000000      893      893        1        0      893        0      695      693      123     1937        0        9       31
 903.000000      897      897        1        0      897        0      696      693      110     1932        0       11       29
 904.000000      892      892        1        0      892        0      690      688      114     1931        0        9       31
 905.000000      894      894        1        0      894        0      681      680      112     1945        0        9       31
 906.000000      903      903        1        0      903        0      696      696      111     1935        0       12       28
 907.000000      897      897        1        0      897        0      699      695      117     1932        0        9       31
 908.000000      891      891        1        0      891        0      693      693      110     1945        0        8       32
 909.000000      895      895        1        0      895        0      696      695      118     1972        0       10       30
 910.000000      899      899        1        0      899        0      701      699      111     1960        0        9       31
 911.000000      898      898        1        0      898        0      705      704      105     1971        0       11       29
 912.000000      894      894        1        0      894        0      702      701      100     1978        0       10       30
 913.000000      891      891        1        0      891        0      703      700      106     1939        0        9       31
 914.000000      894      894        1        0      894        0      711      708      106     1968        0        9       31
 915.000000      900      900        1        0      900        0      704      703      107     1943        0       11       29
 916.000000      889      889        1        0      889        0      703      702      105     1946        0        8       32
 917.000000      904      904        1        0      904        0      706      706      101     1978        0        9       31
 918.000000      888      888        1        0      888        0      687      683      111     1971        0       10       30
 919.000000      899      899        1        0      899        0      684      683      108     1975        0       10       30
 920.000000      885      885        1        0      885        0      691      691      107     1944        0        7       33
 921.000000      906      906        1        0      906        0      692      691      110     1943        0       11       29
 922.000000      887      887        1        0      887        0      673      671      123     1950        0        9       31
 923.000000      885      885        1        0      885        0      688      688      108     1932        0        9       31
 924.000000      896      896        1        0      896        0      694      692      114     1945        0       10       30
 925.000000      901      901        1        0      901        0      702      701      116     1969        0       10       30
 926.000000      910      910        1        0      910        0      692      691      112     1952        0       12       28
 927.000000      901      901        1        0      901        0      700      700      109     1934        0       12       28
 928.000000      895      895        1        0      895        0      709      706      100     1936        0       10       30
 929.000000      882      882        1        0      882        0      699      698      115     1941        0        8       32
 930.000000      894      894        1        0      894        0      698      696      109     1911        0       10       30
 931.000000      890      890        1        0      890        0      692      691      107     1925        0        9       31
 932.000000      884      884        1        0      884        0      692      691      102     1913        0        8       32
 933.000000      894      894        1        0      894        0      686      684      112     1926        0        9       31
 934.000000      891      891        1        0      891        0      692      692      101     1912        1        7       32
 935.000000      902      902        1        0      902        0      702      700      110     1932        1        8       31
 936.000000      890      890        1        0      890        0      695      695      105     1934        0        9       31
 937.000000      874      874        1        0      874        0      694      693       98     1925        0        6       34
 938.000000      893      893        1        0      893        0      695      694      103     1925        0       10       30
 939.000000      887      887        1        0      887        0      692      691      108     1899        0        7       33
 940.000000      885      885        1        0      885        0      697      696      105     1962        0        8       32
 941.000000      889      889        1        0      889        0      687      686      109     1931        0        9       31
 942.000000      878      878        1        0      878        0      697      696      105     1961        0        7       33
 943.000000      890      890        1        0      890        0      689      689      105     1895        0        9       31
 944.000000      909      909        1        0      909        0      692      692      111     1943        0       12       28
 945.000000      888      888        1        0      888        0      697      694      106     1950        0        9       31
 946.000000      890      890        1        0      890        0      686      684      112     1982        0        9       31
 947.000000      885      885        1        0      885        0      682      681      119     1928        0        8       32
 948.000000      870      870        1        0      870        0      696      694      101     1922        0        6       34
 949.000000      889      889        1        0      889        0      678      678      114     1953        0        8       32
 950.000000      884      884        1        0      884        0      700      698      109     1909        0        9       31
 951.000000      898      898        1        0      898        0      697      695      105     1931        1        8       31
 952.000000      902      902        1        0      902        0      702      702      111     1920        0       11       29
 953.000000      897      897        1        0      897        0      706      703      110     1950        0        9       31
 954.000000      895      895        1        0      895        0      706      704      110     1944        0        9       31
 955.000000      935      923        2        0      935        0      703      701      112     1956        0       11       29
 956.000000      897      897        1        0      897        0      698      696      109     1932        0        9       31
 957.000000      924      912        2        0      924        0      698      698      114     1931        0       11       29
 958.000000      908      896        2        0      908        0      699      696      112     1947        0       10       30
 959.000000      909      909        1        0      909        0      695      692      108     1965        0       10       30
 960.000000      914      902        2        0      914        0      704      702      103     1950        0       13       27
 961.000000      932      932        1        0      932        0      700      694      121     1961        2       12       26
 962.000000      907      895        2        0      907        0      699      698      112     1959        0       10       30
 963.000000      895      895        1        0      895        0      693      691      115     1966        0        9       31
 964.000000      896      884        2        0      896        0      702      699      100     1914        0        9       31
 965.000000      906      894        2        0      906        0      678      677      110     1962        0        9       31
 966.000000      901      889        2        0      901        0      706      705      105     1939        1        9       30
 967.000000      904      891        2        0      904        0      695      693      115     1965        0       11       29
 968.000000      915      894        2        0      915        0      704      700      114     1973        0       11       29
 969.000000      912      891        2        0      912        0      696      696      109     1943        0       11       29
 970.000000      884      884        1        0      884        0      708      706      108     1941        0        8       32
 971.000000      893      893        1        0      893        0      704      701      107     1951        1        7       32
 972.000000      895      883        2        0      895        0      690      689      114     1920        0        9       31
 973.000000      887      887        1        0      887        0      693      692      104     1904        0        9       31
 974.000000      887      887        1        0      887        0      700      696      108     1926        0        8       32
 975.000000      884      884        1        0      884        0      694      693      112     1921        0        7       33
 976.000000      886      886        1        0      886        0      687      687      106     1934        0        8       32
 977.000000      886      886        1        0      886        0      682      678      119     1930        0        8       32
 978.000000      891      891        1        0      891        0      704      703      112     1960        0        8       32
 979.000000      889      889        1        0      889        0      687      686      102     1908        0        9       31
 980.000000      895      895        1        0      895        0      706      705      109     1922        0        9       31
 981.000000      882      882        1        0      882        0      697      697      106     1925        0        8       32
 982.000000      890      890        1        0      890        0      692      691      105     1911        0        9       31
 983.000000      886      886        1        0      886        0      681      679      106     1901        0        9       31
 984.000000      882      882        1        0      882        0      705      704      102     1906        0        7       33
 985.000000      875      875        1        0      875        0      698      697      103     1896        0        7       33
 986.000000      886      886        1        0      886        0      688      685      123     1925        0        7       33
 987.000000      881      881        1        0      881        0      696      693      102     1891        0        8       32
 988.000000      882      882        1        0      882        0      697      696      104     1897        0        7       33
 989.000000      877      877        1        0      877        0      697      694       97     1893        0        7       33
 990.000000      895      895        1        0      895        0      705      704       93     1901        0        9       31
 991.000000      880      880        1        0      880        0      694      691      101     1905        0        8       32
 992.000000      885      885        1        0      885        0      681      679      114     1914        0        8       32
 993.000000      886      886        1        0      886        0      686      684      106     1891        0        8       32
 994.000000      896      896        1        0      896        0      699      698      100     1928        0       11       29
 995.000000      883      883        1        0      883        0      689      687      104     1913        0        9       31
 996.000000      878      878        1        0      878        0      695      692      108     1917        0        7       33
 997.000000      878      878        1        0      878        0      694      694      114     1884        0        7       33
 998.000000      878      878        1        0      878        0      699      696      103     1895        0        9       31
 999.000000      877      877        1        0      877        0      692      691      111     1914        0        8       32
 1000.000000      884      884        1        0      884        0      693      693      106     1900        0        8       32
 1001.000000      877      877        1        0      877        0      694      694       97     1906        0        7       33
 1002.000000      867      867        1        0      867        0      698      698       92     1908        0        7       33
 1003.000000      871      871        1        0      871        0      695      694      100     1892        0        8       32
 1004.000000      880      880        1        0      880        0      690      689      101     1920        0        8       32
 1005.000000      872      872        1        0      872        0      705      705      101     1891        0        7       33
 1006.000000      889      889        1        0      889        0      684      680      111     1889        0        9       31
 1007.000000      885      885        1        0      885        0      697      695      110     1920        0        9       31
 1008.000000      884      884        1        0      884        0      683      682      114     1894        0        8       32
 1009.000000      898      898        1        0      898        0      708      704      105     1892        0       11       29
 1010.000000      890      890        1        0      890        0      691      690       97     1887        1       10       29
 1011.000000      888      888        1        0      888        0      686      684      101     1877        0        9       31
 1012.000000      878      878        1        0      878        0      695      693       98     1930        0        8       32
 1013.000000      871      871        1        0      871        0      671      671      112     1895        0        9       31
 1014.000000      866      866        1        0      866        0      691      689      102     1878        0        7       33
 1015.000000      870      870        1        0      870        0      689      685      105     1897        0        8       32
 1016.000000      867      867        1        0      867        0      690      687       95     1904        0        8       32
 1017.000000      870      870        1        0      870        0      697      695       96     1887        0        7       33
 1018.000000      893      893        1        0      893        0      691      691      110     1902        0       14       26
 1019.000000      887      887        1        0      887        0      699      696      103     1910        0        9       31
 1020.000000      876      876        1        0      876        0      699      698       94     1942        0        8       32
 1021.000000      869      869        1        0      869        0      684      682      107     1890        0        8       32
 1022.000000      873      873        1        0      873        0      691      690      107     1880        0        8       32
 1023.000000      867      867        1        0      867        0      699      696       96     1905        0        7       33
 1024.000000      865      865        1        0      865        0      692      692      102     1909        0        8       32
 1025.000000      882      882        1        0      882        0      692      692      100     1885        0        9       31
 1026.000000      884      872        2        0      884        0      690      689      111     1917        0       11       29
 1027.000000      870      870        1        0      870        0      699      699      103     1892        0       10       30
 1028.000000      887      874        2        0      887        0      687      683       95     1897        0       11       29
 1029.000000      865      865        1        0      865        0      686      683      105     1910        0       10       30
 1030.000000      871      871        1        0      871        0      685      684      105     1874        0        8       32
 1031.000000      885      885        1        0      885        0      694      693       98     1900        0        9       31
 1032.000000      871      871        1        0      871        0      700      699       93     1894        0        7       33
 1033.000000      891      891        1        0      891        0      677      676      111     1903        1        9       30
 1034.000000      860      860        1        0      860        0      682      681      107     1910        0        8       32
 1035.000000      865      865        1        0      865        0      693      693      103     1914        0        8       32
 1036.000000      870      870        1        0      870        0      703      702       99     1935        0        8       32
 1037.000000      886      886        1        0      886        0      697      697       95     1922        0       11       29
 1038.000000      878      878        1        0      878        0      705      704       95     1921        0       10       30
 1039.000000      885      885        1        0      885        0      705      703      102     1902        1       11       28
 1040.000000      867      867        1        0      867        0      695      695       98     1893        0        8       32
 1041.000000      870      870        1        0      870        0      690      689      110     1884        1       10       29
 1042.000000      871      871        1        0      871        0      703      702       99     1883        0       10       30
 1043.000000      871      871        1        0      871        0      681      681      107     1943        0       10       30
 1044.000000      864      864        1        0      864        0      696      696      100     1874        0       10       30
 1045.000000      863      863        1        0      863        0      693      692      103     1930        0        9       31
 1046.000000      857      857        1        0      857        0      695      695      102     1909        0        9       31
 1047.000000      861      861        1        0      861        0      694      691      109     1884        0       10       30
 1048.000000      860      860        1        0      860        0      685      684      100     1887        0        9       31
 1049.000000      875      875        1        0      875        0      697      694       98     1901        0       11       29
 1050.000000      872      872        1        0      872        0      688      688      104     1928        0       10       30
 1051.000000      859      859        1        0      859        0      687      687      103     1883        0        9       31
 1052.000000      860      860        1        0      860        0      684      683      101     1913        0        9       31
 1053.000000      867      867        1        0      867        0      683      681      104     1906        0       10       30
 1054.000000      888      875        2        0      888        0      692      689      107     1918        0       14       26
 1055.000000      888      875        2        0      888        0      678      678      103     1925        0       13       27
 1056.000000      866      866        1        0      866        0      689      688      102     1900        0        9       31
 1057.000000      860      860        1        0      860        0      682      679      104     1919        0        9       31
 1058.000000      864      864        1        0      864        0      673      671      116     1917        0        9       31
 1059.000000      886      886        1        0      886        0      680      678      112     1942        0       11       29
 1060.000000      888      888        1        0      888        0      673      672      118     1933        0       11       29
 1061.000000      859      859        1        0      859        0      660      656      117     1895        0        9       31
 1062.000000      857      857        1        0      857        0      690      689       98     1907        0       10       30
 1063.000000      861      861        1        0      861        0      682      682       99     1928        0       11       29
 1064.000000      867      867        1        0      867        0      684      684       95     1933        0       10       30
 1065.000000      868      868        1        0      868        0      685      682       96     1910        0        8       32
 1066.000000      864      864        1        0      864        0      688      686      102     1928        0        9       31
 1067.000000      856      856        1        0      856        0      680      678      103     1932        0        9       31
 1068.000000      867      867        1        0      867        0      683      683      102     1922        0        9       31
 1069.000000      860      860        1        0      860        0      689      689      104     1915        0        9       31
 1070.000000      868      868        1        0      868        0      693      690      101     1923        0        9       31
 1071.000000      866      866        1        0      866        0      691      690       96     1925        0       10       30
 1072.000000      876      876        1        0      876        0      691      689      102     1911        0       10       30
 1073.000000      871      871        1        0      871        0      685      684       93     1920        0       10       30
 1074.000000      859      859        1        0      859        0      685      683      103     1909        0        9       31
 1075.000000      861      861        1        0      861        0      682      681      104     1889        0        9       31
 1076.000000      868      868        1        0      868        0      676      676      103     1928        1        8       31
 1077.000000      862      862        1        0      862        0      685      682       97     1868        0       11       29
 1078.000000      872      872        1        0      872        0      686      684      103     1937        0       10       30
 1079.000000      867      867        1        0      867        0      696      696       98     1942        0       10       30
 1080.000000      862      862        1        0      862        0      681      679      100     1907        0        8       32
 1081.000000      859      859        1        0      859        0      697      697       98     1902        0        9       31
 1082.000000      878      878        1        0      878        0      683      683      103     1890        0        9       31
 1083.000000      862      862        1        0      862        0      681      680      111     1891        0        9       31
 1084.000000      863      863        1        0      863        0      678      675      105     1908        0        8       32
 1085.000000      880      880        1        0      880        0      684      682       98     1950        1        9       30
 1086.000000      885      885        1       13      871        1      683      681      110     1916        0       13       27
 1087.000000      867      867        1        0      867        0      676      674      108     1912        0        9       31
 1088.000000      877      877        1        0      877        0      694      692      104     1925        0       10       30
 1089.000000      876      876        1        0      876        0      683      680      107     1910        1        7       32
 1090.000000      871      871        1        0      871        0      681      681       99     1900        0        9       31
 1091.000000      879      879        1        0      879        0      692      691       93     1891        1        9       30
 1092.000000      873      873        1        0      873        0      688      683       99     1897        0        8       32
 1093.000000      874      874        1        0      874        0      694      694       92     1924        0        7       33
 1094.000000      875      875        1        0      875        0      679      676      109     1895        0        9       31
 1095.000000      881      881        1        0      881        0      685      684       95     1923        0        9       31
 1096.000000      873      873        1        0      873        0      684      681      101     1888        0        8       32
 1097.000000      895      895        1        0      895        0      689      688       98     1913        1        8       31
 1098.000000      883      883        1        0      883        0      686      683      108     1917        0       10       30
 1099.000000      892      892        1        0      892        0      683      682      104     1870        0        8       32
 1100.000000      869      869        1        0      869        0      692      692       99     1920        0        8       32
 1101.000000      876      876        1        0      876        0      696      693       94     1897        0        9       31
 1102.000000      876      876        1        0      876        0      693      692       92     1880        0        9       31
 1103.000000      890      890        1        0      890        0      676      675      106     1889        0       11       29
 1104.000000      871      871        1        0      871        0      686      686      104     1889        0       10       30
 1105.000000      873      873        1        0      873        0      682      681      111     1884        0       10       30
 1106.000000      902      902        1        0      902        0      690      689      103     1904        0       13       27
 1107.000000      907      907        1       13      893        1      679      679      106     1875        1       13       26
 1108.000000      876      876        1        0      876        0      687      683      105     1881        0       10       30
 1109.000000      878      878        1        0      878        0      671      667      115     1901        0        9       31
 1110.000000      896      896        1        0      896        0      680      679      102     1884        0       11       29
 1111.000000      870      870        1        0      870        0      691      690      106     1895        0        9       31
 1112.000000      877      877        1        0      877        0      679      676      111     1931        0       10       30
 1113.000000      869      869        1        0      869        0      685      683      103     1851        0       10       30
 1114.000000      886      886        1        0      886        0      690      689       95     1880        0       12       28
 1115.000000      872      872        1        0      872        0      696      694       96     1890        1        8       31
 1116.000000      891      891        1        0      891        0      696      694       99     1861        0       12       28
 1117.000000      871      871        1        0      871        0      689      688      102     1889        0       10       30
 1118.000000      880      880        1        0      880        0      689      685       97     1874        0       10       30
 1119.000000      869      869        1        0      869        0      680      675       95     1909        0        8       32
 1120.000000      875      875        1        0      875        0      696      695      102     1875        0        9       31
 1121.000000      872      872        1        0      872        0      693      692       86     1886        1        7       32
 1122.000000      885      885        1        0      885        0      687      686      109     1894        1        9       30
 1123.000000      877      877        1        0      877        0      689      684       99     1892        1        7       32
 1124.000000      880      880        1        0      880        0      690      689      103     1897        0        8       32
 1125.000000      884      884        1        0      884        0      701      698       90     1897        1        9       30
 1126.000000      880      880        1        0      880        0      679      676      103     1905        0       10       30
 1127.000000      880      880        1        0      880        0      690      688       97     1885        0       11       29
 1128.000000      876      876        1        0      876        0      681      681      101     1911        1        8       31
 1129.000000      878      878        1        0      878        0      702      699       97     1888        0        8       32
 1130.000000      880      880        1        0      880        0      699      696       97     1909        0       10       30
 1131.000000      876      876        1        0      876        0      698      697      101     1899        0        9       31
 1132.000000      879      879        1        0      879        0      684      683      104     1880        0       10       30
 1133.000000      875      875        1        0      875        0      686      683      102     1863        0        7       33
 1134.000000      877      877        1        0      877        0      695      693       98     1882        0        8       32
 1135.000000      876      876        1        0      876        0      691      689      105     1903        0        8       32
 1136.000000      874      874        1        0      874        0      689      689       88     1877        0        8       32
 1137.000000      873      873        1        0      873        0      698      695       97     1892        0        7       33
 1138.000000      870      870        1        0      870        0      696      694       98     1913        0        8       32
 1139.000000      880      880        1        0      880        0      706      702      101     1894        0        9       31
 1140.000000      884      884        1        0      884        0      690      687      105     1909        0        9       31
 1141.000000      882      882        1        0      882        0      689      688       98     1861        0        8       32
 1142.000000      889      889        1        0      889        0      688      688      105     1921        0       10       30
 1143.000000      879      879        1        0      879        0      690      689       91     1882        0        9       31
 1144.000000      875      875        1        0      875        0      698      695      102     1878        0        9       31
 1145.000000      879      879        1        0      879        0      682      681      106     1892        0        8       32
 1146.000000      878      878        1        0      878        0      704      702       97     1885        0        9       31
 1147.000000      878      878        1        0      878        0      699      698      108     1864        0       10       30
 1148.000000      874      874        1        0      874        0      680      679      116     1847        0        8       32
 1149.000000      871      871        1        0      871        0      682      681      102     1888        0        8       32
 1150.000000      884      884        1        0      884        0      685      684      104     1878        0       10       30
 1151.000000      886      886        1        0      886        0      698      697      103     1900        0       10       30
 1152.000000      893      893        1        0      893        0      686      685      102     1882        0       11       29
 1153.000000      871      871        1        0      871        0      689      684      103     1880        0       10       30
 1154.000000      873      873        1        0      873        0      688      687      102     1894        0        9       31
 1155.000000      873      873        1        0      873        0      690      687      101     1872        0        9       31
 1156.000000      857      857        1        0      857        0      691      690      104     1835        0        7       33
 1157.000000      868      868        1        0      868        0      677      676      112     1880        0        8       32
 1158.000000      870      870        1        0      870        0      693      692      101     1866        0        9       31
 1159.000000      854      854        1        0      854        0      690      687      113     1861        0        7       33
 1160.000000      869      869        1        0      869        0      672      670      112     1870        0        9       31
 1161.000000      874      874        1        0      874        0      696      694      100     1906        0       11       29
 1162.000000      871      871        1        0      871        0      687      686      100     1880        0        9       31
 1163.000000      882      882        1        0      882        0      680      679      102     1890        0       11       29
 1164.000000      869      869        1        0      869        0      695      693      100     1886        0        9       31
 1165.000000      880      880        1        0      880        0      686      683      102     1893        0       10       30
 1166.000000      858      858        1        0      858        0      688      686       95     1905        0        9       31
 1167.000000      870      870        1        0      870        0      681      680      110     1904        0        8       32
 1168.000000      855      855        1        0      855        0      675      673      107     1893        0        8       32
 1169.000000      886      886        1        0      886        0      671      671      102     1902        0       12       28
 1170.000000      871      871        1        0      871        0      695      694       99     1912        0       10       30
 1171.000000      858      858        1        0      858        0      691      691       96     1886        0        8       32
 1172.000000      875      875        1        0      875        0      685      681      113     1886        0       10       30
 1173.000000      873      873        1        0      873        0      696      694      115     1867        0        9       31
 1174.000000      871      871        1        0      871        0      678      677      108     1875        0       10       30
 1175.000000      868      868        1        0      868        0      694      692      106     1908        0        9       31
 1176.000000      876      876        1        0      876        0      694      689      101     1891        0       10       30
 1177.000000      903      903        1       15      888        0      687      686      101     1947        0       12       28
 1178.000000      882      882        1        0      882        0      677      676      114     1910        0        9       31
 1179.000000      899      899        1        0      899        0      687      684      115     1890        0       13       27
 1180.000000      885      885        1        0      885        0      686      683      103     1908        0       10       30
 1181.000000      873      873        1        0      873        0      691      691      108     1926        0        9       31
 1182.000000      877      877        1        0      877        0      682      680      107     1951        0        9       31
 1183.000000      888      888        1        0      888        0      688      686      107     1918        0       10       30
 1184.000000      874      874        1        0      874        0      681      681      115     1918        0        7       33
 1185.000000      886      886        1        0      886        0      699      699      112     1929        0        9       31
 1186.000000      886      886        1        0      886        0      686      684      104     1955        0       10       30
 1187.000000      884      884        1        0      884        0      677      675      112     1896        0        9       31
 1188.000000      885      885        1        0      885        0      687      686      108     1915        0       10       30
 1189.000000      888      888        1        0      888        0      700      697      104     1915        0       10       30
 1190.000000      887      887        1        0      887        0      678      676       99     1956        0       10       30
 1191.000000      895      895        1        0      895        0      698      694      107     1936        0       10       30
 1192.000000      899      899        1        0      899        0      704      700       93     1926        0       11       29
 1193.000000      895      895        1        0      895        0      688      686      113     1927        0       11       29
 1194.000000      893      893        1        0      893        0      696      694      106     1940        0       11       29
 1195.000000      886      886        1        0      886        0      703      702       97     1913        0       11       29
 1196.000000      891      891        1        0      891        0      701      701      101     1911        1        8       31
 1197.000000      879      879        1        0      879        0      693      693       98     1900        0       11       29
 1198.000000      890      890        1        0      890        0      706      703      102     1903        0       10       30
 1199.000000      885      885        1        0      885        0      697      695      109     1947        0       10       30
 1200.000000      889      889        1        0      889        0      693      691      110     1937        0       10       30
 1201.000000      886      886        1        0      886        0      699      699      107     1966        0       10       30
 1202.000000      882      882        1        0      882        0      706      704      100     1920        0        9       31
 1203.000000      895      895        1        0      895        0      691      691      102     1910        1        9       30
 1204.000000      889      889        1        0      889        0      690      689      111     1923        0       10       30
 1205.000000      886      886        1        0      886        0      693      689      104     1926        1        9       30
 1206.000000      897      897        1        0      897        0      690      689      110     1909        0       11       29
 1207.000000      886      886        1        0      886        0      694      693      108     1883        0       10       30
 1208.000000      895      895        1        0      895        0      693      693       95     1921        0        9       31
 1209.000000      893      893        1        0      893        0      700      700      108     1882        1        9       30
 1210.000000      890      890        1        0      890        0      700      700      103     1913        0       11       29
 1211.000000      877      877        1        0      877        0      691      690      107     1900        0        9       31
 1212.000000      885      885        1        0      885        0      709      707       94     1937        1        8       31
 1213.000000      886      886        1        0      886        0      690      689      111     1921        0        9       31
 1214.000000      887      887        1        0      887        0      696      696      100     1942        0       10       30
 1215.000000      883      883        1        0      883        0      692      690      102     1925        0       10       30
 1216.000000      879      879        1        0      879        0      691      690      107     1912        0       11       29
 1217.000000      868      868        1        0      868        0      685      682      126     1884        0        9       31
 1218.000000      890      890        1        0      890        0      693      692      102     1920        0       10       30
 1219.000000      892      892        1        0      892        0      702      702      103     1915        1       10       29
 1220.000000      883      883        1        0      883        0      695      694      102     1926        0        9       31
 1221.000000      878      878        1        0      878        0      698      697      101     1906        0        9       31
 1222.000000      874      874        1        0      874        0      711      709      102     1918        0        9       31
 1223.000000      881      881        1        0      881        0      701      701      107     1932        0        9       31
 1224.000000      893      893        1        0      893        0      692      690      106     1927        0       11       29
 1225.000000      888      888        1        0      888        0      695      695      104     1903        0       10       30
 1226.000000      901      901        1        0      901        0      706      703      110     1927        0       10       30
 1227.000000      900      900        1        0      900        0      694      692      108     1949        0       10       30
 1228.000000      899      899        1        0      899        0      698      697      111     1923        0       11       29
 1229.000000      888      888        1        0      888        0      691      689      108     1897        0        9       31
 1230.000000      893      893        1        0      893        0      692      692      117     1892        0       10       30
 1231.000000      894      894        1        0      894        0      699      697      109     1928        1        9       30
 1232.000000      892      892        1        0      892        0      683      680      110     1923        0       10       30
 1233.000000      895      895        1        0      895        0      691      691      107     1918        0       10       30
 1234.000000      896      896        1        0      896        0      702      700      108     1927        1        9       30
 1235.000000      893      893        1        0      893        0      678      674      128     1872        0       10       30
 1236.000000      909      909        1        0      909        0      703      703       97     1883        1       10       29
 1237.000000      892      892        1        0      892        0      695      693      107     1897        0       11       29
 1238.000000      893      893        1        0      893        0      697      697      100     1929        0       10       30
 1239.000000      905      905        1        0      905        0      692      692      103     1888        1        9       30
 1240.000000      892      892        1        0      892        0      693      693       99     1879        0       10       30
 1241.000000      894      894        1        0      894        0      698      696      107     1908        0       10       30
 1242.000000      895      895        1        0      895        0      679      674      106     1927        0       11       29
 1243.000000      899      899        1        0      899        0      703      700      107     1918        0       10       30
 1244.000000      884      884        1        0      884        0      689      688      112     1909        0        9       31
 1245.000000      883      883        1        0      883        0      699      697      100     1899        0        9       31
 1246.000000      897      897        1        0      897        0      698      695      118     1909        0       11       29
 1247.000000      898      898        1        0      898        0      701      701      107     1913        0       12       28
 1248.000000      895      895        1        0      895        0      699      697      104     1896        1        9       30
 1249.000000      898      898        1        0      898        0      700      699      103     1927        0       11       29
 1250.000000      907      907        1        0      907        0      697      697      100     1938        0        9       31
 1251.000000      898      898        1        0      898        0      696      696       95     1936        0       10       30
 1252.000000      904      904        1        0      904        0      705      704      100     1903        0       13       27
 1253.000000      902      902        1        0      902        0      699      697      108     1906        0        9       31
 1254.000000      903      903        1        0      903        0      691      690      107     1899        1       10       29
 1255.000000      895      895        1        0      895        0      679      676      107     1946        0       10       30
 1256.000000      903      903        1        0      903        0      695      693       96     1925        1       10       29
 1257.000000      898      898        1        0      898        0      699      698      101     1904        1       10       29
 1258.000000      927      927        1        0      927        0      696      695      109     1907        1       14       25
 1259.000000      916      916        1        0      916        0      688      686      105     1897        0       12       28
 1260.000000      923      923        1        0      923        0      684      683      117     1931        0       15       25
 1261.000000      922      910        2        0      922        0      701      699      105     1934        0       14       26
 1262.000000      943      931        2        0      943        0      683      682      100     1927        2       14       24
 1263.000000      913      913        1        0      913        0      701      701      106     1931        0       12       28
 1264.000000      909      909        1        0      909        0      685      681       98     1921        0       11       29
 1265.000000      892      892        1        0      892        0      702      701      100     1912        0        9       31
 1266.000000      909      909        1        0      909        0      694      693      109     1899        0       12       28
 1267.000000      916      916        1        0      916        0      684      682      113     1943        0       12       28
 1268.000000      910      910        1        0      910        0      704      703       99     1924        0       11       29
 1269.000000      908      908        1        0      908        0      699      696      108     1925        1       12       27
 1270.000000      909      909        1        0      909        0      685      684      109     1950        0       13       27
 1271.000000      909      909        1        0      909        0      703      703      102     1944        0       11       29
 1272.000000      916      916        1        0      916        0      691      691      105     1954        0       12       28
 1273.000000      914      914        1        0      914        0      696      694      108     1888        0       12       28
 1274.000000      919      919        1        0      919        0      695      694      106     1961        0       14       26
 1275.000000      909      909        1        0      909        0      688      687      102     1912        0       12       28
 1276.000000      907      907        1        0      907        0      685      685      101     1906        0       11       29
 1277.000000      915      915        1        0      915        0      701      701       96     1942        0       11       29
 1278.000000      911      911        1        0      911        0      699      697      102     1909        0       13       27
 1279.000000      910      910        1        0      910        0      692      691      103     1910        0       12       28
 1280.000000      901      901        1        0      901        0      695      694      116     1908        0       10       30
 1281.000000      909      909        1        0      909        0      700      699      106     1892        0       11       29
 1282.000000      900      900        1        0      900        0      686      683      110     1925        0       10       30
 1283.000000      900      900        1        0      900        0      702      701       99     1883        0       10       30
 1284.000000      883      883        1        0      883        0      690      688      103     1910        0       10       30
 1285.000000      888      888        1        0      888        0      694      694      100     1910        0       10       30
 1286.000000      913      913        1        0      913        0      704      702      103     1955        1       11       28
 1287.000000      902      902        1        0      902        0      687      686       98     1917        0       11       29
 1288.000000      900      900        1        0      900        0      699      698       99     1911        1       10       29
 1289.000000      896      896        1        0      896        0      684      683      112     1908        0       10       30
 1290.000000      903      903        1        0      903        0      701      698      102     1922        0       10       30
 1291.000000      913      913        1        0      913        0      681      679      109     1916        0       13       27
 1292.000000      908      908        1        0      908        0      697      696       94     1900        0        9       31
 1293.000000      897      897        1        0      897        0      701      701       95     1919        1       11       28
 1294.000000      902      902        1        0      902        0      683      681      105     1955        0       11       29
 1295.000000      898      898        1        0      898        0      686      685      100     1933        0       10       30
 1296.000000      908      894        2       14      894        0      694      692      101     1942        0       11       29
 1297.000000      896      896        1        0      896        0      680      680      106     1911        0       11       29
 1298.000000      894      894        1        0      894        0      699      699      104     1882        0       10       30
 1299.000000      895      895        1        0      895        0      696      696      104     1921        0       10       30
 1300.000000      898      898        1        0      898        0      703      702       94     1921        0       10       30
 1301.000000      911      911        1        0      911        0      705      700       99     1907        0       12       28
 1302.000000      899      899        1        0      899        0      693      689      106     1920        0       10       30
 1303.000000      910      910        1        0      910        0      699      698      107     1940        0       12       28
 1304.000000      919      919        1        0      919        0      697      695      101     1942        0       12       28
 1305.000000      926      926        1        0      926        0      706      703      104     1914        1       11       28
 1306.000000      911      911        1        0      911        0      691      686      117     1932        0       12       28
 1307.000000      907      907        1        0      907        0      701      697      105     1921        0       11       29
 1308.000000      930      930        1        0      930        0      705      704      106     1937        0       11       29
 1309.000000      892      892        1        0      892        0      691      690      100     1904        0        9       31
 1310.000000      916      916        1        0      916        0      696      696      105     1907        0       11       29
 1311.000000      903      903        1        0      903        0      698      696      105     1934        0       10       30
 1312.000000      901      901        1        0      901        0      687      687      105     1932        0       11       29
 1313.000000      900      900        1        0      900        0      695      690      102     1925        0       12       28
 1314.000000      903      903        1        0      903        0      696      693      103     1958        0       11       29
 1315.000000      900      900        1        0      900        0      682      681      110     1947        0       10       30
 1316.000000      924      924        1        0      924        0      707      705      102     1947        0       12       28
 1317.000000      904      904        1        0      904        0      698      697      108     1993        0        9       31
 1318.000000      894      894        1        0      894        0      697      697      104     1959        1        8       31
 1319.000000      909      909        1        0      909        0      701      700      108     1951        0       12       28
 1320.000000      871      871        1        0      871        0      709      707       91     1956        0       10       30
 1321.000000      901      901        1        0      901        0      697      697      100     1953        0       11       29
 1322.000000      917      904        2        0      917        0      702      700       89     1953        0       15       25
 1323.000000      908      908        1        0      908        0      698      697      103     1939        0       11       29
 1324.000000      917      917        1        0      917        0      703      703      105     1968        0       10       30
 1325.000000      926      926        1        0      926        0      703      701       95     1963        1       13       26
 1326.000000      910      910        1        0      910        0      687      686       89     1921        1       12       27
 1327.000000      888      888        1        0      888        0      701      700       93     1933        0        9       31
 1328.000000      902      902        1        0      902        0      698      698       93     1920        0       11       29
 1329.000000      898      898        1        0      898        0      699      699       91     1933        0       11       29
 1330.000000      909      909        1        0      909        0      700      700       95     1973        0       13       27
 1331.000000      889      889        1        0      889        0      692      692      101     1906        0        9       31
 1332.000000      912      912        1        0      912        0      704      703       99     1932        1       13       26
 1333.000000      899      899        1        0      899        0      704      703       93     1904        0       12       28
 1334.000000      899      899        1        0      899        0      698      697       99     1930        0       10       30
 1335.000000      896      896        1        0      896        0      698      697       99     1885        0       11       29
 1336.000000      900      900        1        0      900        0      701      699      102     1920        0       11       29
 1337.000000      916      916        1        0      916        0      703      702      109     1957        0       12       28
 1338.000000      896      896        1        0      896        0      698      696      110     1938        0        9       31
 1339.000000      911      911        1        0      911        0      703      699      105     1936        0       12       28
 1340.000000      897      897        1        0      897        0      700      697      103     1944        0       11       29
 1341.000000      902      902        1        0      902        0      692      690       96     1916        0       10       30
 1342.000000      892      892        1        0      892        0      693      691      109     1882        0        9       31
 1343.000000      912      912        1        0      912        0      680      679       94     1921        1       12       27
 1344.000000      890      890        1        0      890        0      706      703       99     1937        0        9       31
 1345.000000      911      911        1        0      911        0      702      700      101     1914        0       10       30
 1346.000000      900      900        1        0      900        0      694      691      112     1937        0       11       29
 1347.000000      888      888        1        0      888        0      684      682      108     1937        0       10       30
 1348.000000      893      893        1        0      893        0      686      683      113     1933        0       11       29
 1349.000000      896      896        1        0      896        0      701      699      107     1957        0       11       29
 1350.000000      909      897        2        0      909        0      682      681      105     1936        0       12       28
 1351.000000      892      892        1        0      892        0      691      689      108     1970        0        9       31
 1352.000000      894      894        1        0      894        0      697      697       98     1925        0       10       30
 1353.000000      889      889        1        0      889        0      687      683      121     1928        0        9       31
 1354.000000      914      914        1        0      914        0      677      676      111     1927        0        9       31
 1355.000000      898      898        1        0      898        0      682      681      126     1909        0       12       28
 1356.000000      908      908        1        0      908        0      688      687      101     1963        0       11       29
 1357.000000      910      910        1        0      910        0      703      702      105     1977        0       11       29
 1358.000000      900      900        1        0      900        0      697      697      112     1969        0       11       29
 1359.000000      904      904        1        0      904        0      708      706      104     2004        0       11       29
 1360.000000      893      893        1        0      893        0      687      687       99     1967        0       11       29
 1361.000000      902      902        1        0      902        0      704      703       99     1980        0       11       29
 1362.000000      910      910        1        0      910        0      694      694      102     1945        0       12       28
 1363.000000      916      916        1        0      916        0      696      693       89     1942        0       11       29
 1364.000000      896      896        1        0      896        0      693      692      106     1931        0       12       28
 1365.000000      904      904        1        0      904        0      690      686      100     1956        0       12       28
 1366.000000      899      899        1        0      899        0      687      687      101     1939        0       12       28
 1367.000000      897      897        1        0      897        0      688      687      105     1953        0       10       30
 1368.000000      904      904        1       12      888        4      684      682      107     1941        0       12       28
 1369.000000      901      901        1        0      901        0      689      687      100     1974        0       11       29
 1370.000000      895      895        1        0      895        0      698      692      108     1926        0        9       31
 1371.000000      905      905        1        0      905        0      704      704      100     1979        0       12       28
 1372.000000      896      896        1        0      896        0      696      696       99     1970        0       11       29
 1373.000000      902      902        1        0      902        0      694      693      104     1971        0        9       31
 1374.000000      890      890        1        0      890        0      693      690      104     1942        0       10       30
 1375.000000      894      894        1        0      894        0      692      688      114     1935        0        9       31
 1376.000000      903      903        1        0      903        0      701      701      108     1951        0       11       29
 1377.000000      911      911        1        0      911        0      694      694       95     1948        0       13       27
 1378.000000      893      893        1        0      893        0      700      699      106     1920        1        8       31
 1379.000000      905      905        1        0      905        0      702      702      102     1935        1       11       28
 1380.000000      903      903        1        0      903        0      697      694      103     1914        0       12       28
 1381.000000      904      892        2        0      904        0      703      701       99     1952        0       10       30
 1382.000000      902      890        2        0      902        0      694      694      100     1942        0       12       28
 1383.000000      899      899        1        0      899        0      692      691      100     1969        0       11       29
 1384.000000      909      897        2        0      909        0      704      703       98     1912        0       12       28
 1385.000000      895      895        1        0      895        0      692      692      107     1942        0       11       29
 1386.000000      907      895        2        0      907        0      699      697       91     1955        0       11       29
 1387.000000      902      902        1        0      902        0      698      695       99     1948        0       11       29
 1388.000000      900      900        1        0      900        0      686      682      115     1959        0       12       28
 1389.000000      903      889        2        0      903        0      700      698      103     1994        0       11       29
 1390.000000      907      895        2        0      907        0      690      689      105     1957        0       13       27
 1391.000000      917      905        2        0      917        0      702      700       96     1952        1       11       28
 1392.000000      896      896        1        0      896        0      709      704       97     1948        0       10       30
 1393.000000      902      890        2        0      902        0      699      696      107     1954        0       11       29
 1394.000000      898      898        1        0      898        0      703      703       99     1940        1        8       31
 1395.000000      895      895        1        0      895        0      697      695      106     1955        1       10       29
 1396.000000      912      900        2        0      912        0      703      702      101     1927        0       12       28
 1397.000000      904      892        2        0      904        0      685      684      109     1909        0       10       30
 1398.000000      905      893        2        0      905        0      696      696      100     1929        0       11       29
 1399.000000      896      896        1        0      896        0      692      692      101     1901        0       12       28
 1400.000000      890      890        1        0      890        0      695      695      110     1969        0       10       30
 1401.000000      891      891        1        0      891        0      685      684      105     1889        0       10       30
 1402.000000      896      896        1        0      896        0      704      704       92     1919        0       11       29
 1403.000000      907      907        1        0      907        0      695      694       99     1972        1       11       28
 1404.000000      909      909        1        0      909        0      708      708       99     1965        1       10       29
 1405.000000      891      891        1        0      891        0      699      698      101     1928        0       11       29
 1406.000000      897      897        1        0      897        0      704      702      106     1929        0       11       29
 1407.000000      921      897        2       12      907        2      696      696       96     1942        0       12       28
 1408.000000      892      892        1        0      892        0      696      696       96     1937        0       10       30
 1409.000000      900      900        1        0      900        0      688      686      105     1955        0       11       29
 1410.000000      895      895        1        0      895        0      701      699      107     1934        0       10       30
 1411.000000      901      901        1        0      901        0      704      703       90     1976        0       11       29
 1412.000000      899      899        1        0      899        0      694      694      104     1947        0       10       30
 1413.000000      900      900        1        0      900        0      696      696       97     1930        0       11       29
 1414.000000      896      896        1        0      896        0      688      688      104     1878        0       11       29
 1415.000000      897      897        1        0      897        0      695      694       98     1914        0        9       31
 1416.000000      886      886        1        0      886        0      688      687      105     1888        0       10       30
 1417.000000      895      895        1        0      895        0      689      688      106     1902        1        9       30
 1418.000000      905      905        1        0      905        0      688      684      106     1941        1       10       29
 1419.000000      874      874        1        0      874        0      678      677       98     1927        0        9       31
 1420.000000      893      893        1        0      893        0      673      669      110     1898        0       11       29
 1421.000000      901      901        1        0      901        0      690      689      104     1881        1       10       29
 1422.000000      885      885        1        0      885        0      691      690       99     1900        0        9       31
 1423.000000      885      885        1        0      885        0      686      685      102     1869        0        9       31
 1424.000000      912      912        1        0      912        0      690      687      110     1901        0       11       29
 1425.000000      882      882        1        0      882        0      691      686      102     1934        0        8       32
 1426.000000      890      890        1        0      890        0      688      686       95     1916        0        8       32
 1427.000000      894      894        1        0      894        0      685      681       99     1940        1       10       29
 1428.000000      891      891        1        0      891        0      689      685      101     1912        0        9       31
 1429.000000      918      918        1        0      918        0      692      690      104     1907        0       11       29
 1430.000000      888      888        1        0      888        0      679      678      109     1880        0       10       30
 1431.000000      897      897        1        0      897        0      691      690      107     1899        1       10       29
 1432.000000      904      904        1        0      904        0      700      700      105     1928        0       11       29
 1433.000000      894      894        1        0      894        0      693      693       93     1927        0       11       29
 1434.000000      901      901        1        0      901        0      702      701       97     1925        0       12       28
 1435.000000      900      900        1        0      900        0      688      688      107     1926        0       10       30
 1436.000000      886      886        1        0      886        0      696      696      108     1946        0       11       29
 1437.000000      894      894        1        0      894        0      691      687      101     1901        0        9       31
 1438.000000      892      892        1        0      892        0      704      703       97     1901        0       10       30
 1439.000000      888      888        1        0      888        0      700      699      107     1918        0        9       31
 1440.000000      888      888        1        0      888        0      703      701       94     1944        0       10       30
 1441.000000      890      890        1        0      890        0      700      699       93     1949        0        9       31
 1442.000000      880      880        1        0      880        0      693      693       94     1924        0       11       29
 1443.000000      892      892        1        0      892        0      688      687      105     1932        0       11       29
 1444.000000      888      888        1        0      888        0      686      685      112     1915        0        9       31
 1445.000000      887      887        1        0      887        0      697      696       94     1923        0       10       30
 1446.000000      885      885        1        0      885        0      697      697       98     1915        0       11       29
 1447.000000      887      887        1        0      887        0      693      690      102     1926        0       12       28
 1448.000000      883      883        1        0      883        0      704      703       91     1916        0       10       30
 1449.000000      886      886        1        0      886        0      701      699       91     1905        0       10       30
 1450.000000      885      885        1        0      885        0      688      685      106     1890        0       11       29
 1451.000000      881      881        1        0      881        0      700      700      107     1918        0       10       30
 1452.000000      876      876        1        0      876        0      698      698       96     1907        0        9       31
 1453.000000      890      890        1        0      890        0      685      685      107     1929        0       11       29
 1454.000000      904      904        1        0      904        0      691      691      106     1945        0       11       29
 1455.000000      881      881        1        0      881        0      688      686      112     1918        0        9       31
 1456.000000      891      891        1        0      891        0      698      695       99     1924        0       13       27
 1457.000000      899      899        1        0      899        0      695      695      107     1925        0       11       29
 1458.000000      886      886        1        0      886        0      698      695       99     1951        0       11       29
 1459.000000      894      894        1        0      894        0      708      706       91     1947        0       11       29
 1460.000000      884      884        1        0      884        0      693      693      109     1917        0       11       29
 1461.000000      876      876        1        0      876        0      689      688      101     1884        0       10       30
 1462.000000      875      875        1        0      875        0      700      698      102     1924        0        8       32
 1463.000000      871      871        1        0      871        0      692      692      112     1903        0       10       30
 1464.000000      885      885        1        0      885        0      690      689      109     1882        0       10       30
 1465.000000      888      888        1        0      888        0      696      696      106     1886        0       12       28
 1466.000000      886      886        1        0      886        0      688      687      112     1917        0       11       29
 1467.000000      882      882        1        0      882        0      679      678      102     1920        0       10       30
 1468.000000      902      890        2        0      902        0      706      706       90     1925        0       13       27
 1469.000000      885      885        1        0      885        0      699      697      104     1907        0       11       29
 1470.000000      894      894        1        0      894        0      699      699       87     1930        0       12       28
 1471.000000      885      885        1        0      885        0      682      679      107     1927        1       12       27
 1472.000000      885      885        1        0      885        0      673      672      113     1901        0       10       30
 1473.000000      884      884        1        0      884        0      689      688       99     1893        0       10       30
 1474.000000      871      871        1        0      871        0      680      680      107     1903        0       10       30
 1475.000000      879      879        1        0      879        0      672      670      110     1900        0       10       30
 1476.000000      892      892        1        0      892        0      678      676      103     1889        1        9       30
 1477.000000      897      897        1        0      897        0      673      672      114     1911        1       11       28
 1478.000000      885      885        1        0      885        0      673      673      106     1909        0       10       30
 1479.000000      902      902        1        0      902        0      678      678       96     1901        0       14       26
 1480.000000      888      888        1        0      888        0      663      660      113     1871        0       10       30
 1481.000000      885      885        1        0      885        0      676      676      104     1900        0       10       30
 1482.000000      877      877        1        0      877        0      678      677      110     1898        0       11       29
 1483.000000      896      896        1        0      896        0      688      687      108     1893        0       13       27
 1484.000000      885      885        1        0      885        0      682      682      110     1896        0       10       30
 1485.000000      906      906        1        0      906        0      682      680      114     1926        1       12       27
 1486.000000      887      887        1        0      887        0      693      692      113     1918        0       10       30
 1487.000000      892      892        1        0      892        0      678      677      112     1918        1        8       31
 1488.000000      886      886        1        0      886        0      693      691      104     1958        0       10       30
 1489.000000      900      900        1        0      900        0      697      697       94     1929        1        9       30
 1490.000000      897      897        1        0      897        0      700      698       91     1928        0       10       30
 1491.000000      890      890        1        0      890        0      690      689      102     1907        0       10       30
 1492.000000      887      887        1        0      887        0      691      689      114     1921        0       10       30
 1493.000000      882      882        1        0      882        0      693      691      101     1929        0       11       29
 1494.000000      884      884        1        0      884        0      686      686      101     1899        0       10       30
 1495.000000      892      892        1        0      892        0      691      691       96     1934        0       11       29
 1496.000000      888      888        1        0      888        0      688      686      101     1928        0       10       30
 1497.000000      893      893        1        0      893        0      696      694      109     1892        0       11       29
 1498.000000      906      906        1        0      906        0      687      685      111     1909        0       13       27
 1499.000000      888      888        1        0      888        0      689      687      102     1917        0       10       30
 1500.000000      888      888        1        0      888        0      698      695      102     1931        0       11       29
 1501.000000      904      904        1        0      904        0      685      683      105     1942        1       14       25
 1502.000000      906      906        1        0      906        0      693      691       93     1880        0       14       26
 1503.000000      892      892        1        0      892        0      686      686       97     1889        0       13       27
 1504.000000      891      891        1        0      891        0      699      697      102     1890        0       11       29
 1505.000000      887      887        1        0      887        0      702      699       95     1914        0       10       30
 1506.000000      913      913        1        0      913        0      692      691      109     1905        1       11       28
 1507.000000      901      901        1        0      901        0      690      687      110     1902        0       12       28
 1508.000000      887      887        1        0      887        0      685      682      104     1901        0        9       31
 1509.000000      885      885        1        0      885        0      673      670      107     1905        0        9       31
 1510.000000      885      885        1        0      885        0      701      699       96     1901        0        9       31
 1511.000000      890      890        1        0      890        0      686      682      118     1865        0        9       31
 1512.000000      894      894        1        0      894        0      690      690       94     1879        0       10       30
 1513.000000      894      894        1        0      894        0      695      693      107     1912        0       11       29
 1514.000000      892      892        1        0      892        0      692      689      106     1888        0       10       30
 1515.000000      913      913        1        0      913        0      707      704       98     1903        0       13       27
 1516.000000      919      919        1        0      919        0      704      695      112     1925        0       14       26
 1517.000000      902      902        1        0      902        0      689      687      108     1899        0       10       30
 1518.000000      903      903        1        0      903        0      690      688      111     1920        0       10       30
 1519.000000      892      892        1        0      892        0      687      686      104     1900        0       10       30
 1520.000000      913      913        1        0      913        0      690      687      100     1914        0       13       27
 1521.000000      900      900        1        0      900        0      686      686      100     1925        0       10       30
 1522.000000      905      905        1        0      905        0      704      703       94     1940        0       11       29
 1523.000000      900      900        1        0      900        0      707      705      111     1908        0       11       29
 1524.000000      895      895        1        0      895        0      709      705      105     1922        0       10       30
 1525.000000      894      894        1        0      894        0      702      701       98     1942        0       10       30
 1526.000000      898      898        1        0      898        0      687      683      100     1928        0       11       29
 1527.000000      902      902        1        0      902        0      707      706       96     1940        0       11       29
 1528.000000      896      896        1        0      896        0      695      694       96     1889        0       10       30
 1529.000000      890      890        1        0      890        0      691      690       97     1930        0       10       30
 1530.000000      891      891        1        0      891        0      699      697       95     1892        0       11       29
 1531.000000      903      903        1        0      903        0      698      695      102     1910        0       12       28
 1532.000000      898      898        1        0      898        0      702      701       85     1877        0       10       30
 1533.000000      895      895        1        0      895        0      699      696       93     1929        0       10       30
 1534.000000      889      889        1        0      889        0      696      696       89     1913        0       11       29
 1535.000000      892      892        1        0      892        0      691      691       97     1910        0       10       30
 1536.000000      900      900        1        0      900        0      704      701      102     1895        0       10       30
 1537.000000      906      906        1        0      906        0      688      685      108     1905        0       10       30
 1538.000000      900      900        1        0      900        0      695      693       88     1908        0       10       30
 1539.000000      898      898        1        0      898        0      709      708       96     1901        0       11       29
 1540.000000      901      901        1        0      901        0      692      688      105     1882        0       10       30
 1541.000000      899      899        1        0      899        0      714      713       96     1939        0       10       30
 1542.000000      901      901        1        0      901        0      713      713       92     1922        0        9       31
 1543.000000      906      906        1        0      906        0      684      682      116     1939        0        9       31
 1544.000000      911      911        1        0      911        0      708      706       94     1910        0       11       29
 1545.000000      901      901        1        0      901        0      705      702       99     1901        0       10       30
 1546.000000      901      901        1        0      901        0      702      701      103     1944        0        9       31
 1547.000000      901      901        1        0      901        0      701      700      102     1888        0       10       30
 1548.000000      898      898        1        0      898        0      703      700      108     1900        0       10       30
 1549.000000      930      916        2        0      930        0      715      714       89     1907        0       14       26
 1550.000000      907      907        1        0      907        0      715      714       96     1880        0       11       29
 1551.000000      900      900        1        0      900        0      712      710       95     1932        0        9       31
 1552.000000      911      911        1        0      911        0      715      714       94     1907        0       11       29
 1553.000000      916      916        1        0      916        0      708      705      104     1946        0       11       29
 1554.000000      910      910        1        0      910        0      713      713       94     1938        0       10       30
 1555.000000      906      906        1        0      906        0      707      705       99     1940        0        9       31
 1556.000000      921      909        2        0      921        0      708      707      102     1929        0       11       29
 1557.000000      900      900        1        0      900        0      709      709       92     1940        0        9       31
 1558.000000      903      903        1        0      903        0      723      723       91     1953        0       10       30
 1559.000000      898      898        1        0      898        0      707      707      104     1915        0        9       31
 1560.000000      908      908        1        0      908        0      702      701      101     1953        0       10       30
 1561.000000      908      908        1        0      908        0      712      711       94     1950        0       10       30
 1562.000000      909      909        1        0      909        0      707      706       90     1901        0       10       30
 1563.000000      916      916        1        0      916        0      704      704      107     1963        0       12       28
 1564.000000      911      911        1        0      911        0      704      700       97     1946        0       11       29
 1565.000000      912      912        1        0      912        0      709      708       99     1934        1       11       28
 1566.000000      906      906        1        0      906        0      709      708      106     1928        0       10       30
 1567.000000      907      907        1        0      907        0      709      708      102     1925        1       11       28
 1568.000000      918      906        2        0      918        0      706      705      104     1929        0       11       29
 1569.000000      935      910        3        0      935        0      701      700       98     1902        0       15       25
 1570.000000      905      905        1        0      905        0      706      701       94     1928        0       10       30
 1571.000000      922      922        1        0      922        0      715      715       83     1924        0       11       29
 1572.000000      914      914        1        0      914        0      702      702       96     1922        1       10       29
 1573.000000      908      908        1        0      908        0      706      703       96     1895        0       10       30
 1574.000000      910      910        1        0      910        0      698      697      100     1951        0       10       30
 1575.000000      948      948        1        0      948        0      718      715       98     1935        0       15       25
 1576.000000      904      904        1        0      904        0      707      705       90     1920        0       10       30
 1577.000000      918      906        2        0      918        0      701      698      104     1932        0       11       29
 1578.000000      919      919        1        0      919        0      700      697      107     1948        0       11       29
 1579.000000      914      914        1        0      914        0      701      698      103     1962        0       10       30
 1580.000000      922      910        2        0      922        0      708      708       90     1918        1       11       28
 1581.000000      924      924        1        0      924        0      701      701      110     1943        1       13       26
 1582.000000      918      906        2        0      918        0      693      693      100     1938        0       10       30
 1583.000000      908      896        2        0      908        0      690      689       97     1941        0       11       29
 1584.000000      906      894        2        0      906        0      695      694      110     1908        0       11       29
 1585.000000      890      890        1        0      890        0      679      677      103     1919        0        9       31
 1586.000000      897      897        1        0      897        0      696      689      109     1957        0        9       31
 1587.000000      895      895        1        0      895        0      704      702       96     1936        0        9       31
 1588.000000      890      890        1        0      890        0      688      683      101     1909        0        9       31
 1589.000000      898      898        1        0      898        0      684      681      107     1918        0        9       31
 1590.000000      888      888        1        0      888        0      712      712      107     1936        0        9       31
 1591.000000      893      893        1        0      893        0      702      700      106     1947        0       10       30
 1592.000000      885      885        1        0      885        0      691      691      105     1926        0        9       31
 1593.000000      896      896        1        0      896        0      678      678       95     1946        0        9       31
 1594.000000      894      894        1        0      894        0      692      691       95     1881        0       11       29
 1595.000000      896      896        1        0      896        0      698      695      110     1930        0       10       30
 1596.000000      903      903        1        0      903        0      693      689       93     1910        0       12       28
 1597.000000      903      903        1        0      903        0      701      699       95     1944        0       11       29
 1598.000000      892      892        1        0      892        0      701      699       99     1950        0       10       30
 1599.000000      895      895        1        0      895        0      693      692      103     1970        0       11       29
 1600.000000      907      907        1        0      907        0      687      685      101     1949        1       10       29
 1601.000000      894      894        1        0      894        0      711      709       95     1973        0       10       30
 1602.000000      903      903        1        0      903        0      694      693      113     1923        0       10       30
 1603.000000      900      900        1        0      900        0      705      704      102     1953        0       10       30
 1604.000000      902      902        1        0      902        0      701      699      100     1966        0       10       30
 1605.000000      903      903        1        0      903        0      706      706      108     1960        0       10       30
 1606.000000      899      899        1        0      899        0      694      694      106     1930        0       12       28
 1607.000000      905      905        1        0      905        0      695      693      105     1917        1        9       30
 1608.000000      898      898        1        0      898        0      703      701      107     1937        0       10       30
 1609.000000      905      905        1        0      905        0      693      693       93     1970        1       11       28
 1610.000000      912      912        1        0      912        0      702      699       92     1956        0       10       30
 1611.000000      905      905        1        0      905        0      711      710       93     1941        0       10       30
 1612.000000      904      904        1        0      904        0      699      695      100     1930        0       10       30
 1613.000000      889      889        1        0      889        0      706      706       96     1891        0        9       31
 1614.000000      910      910        1        0      910        0      717      716       84     1931        0       12       28
 1615.000000      900      900        1        0      900        0      698      698      112     1924        0        9       31
 1616.000000      896      896        1        0      896        0      708      707       99     1904        0       10       30
 1617.000000      897      897        1        0      897        0      698      696      112     1909        0        8       32
 1618.000000      909      909        1        0      909        0      696      695       94     1942        0       10       30
 1619.000000      910      910        1        0      910        0      706      705       94     1953        0       10       30
 1620.000000      896      896        1        0      896        0      700      699       99     1889        0       10       30
 1621.000000      912      912        1        0      912        0      698      694      106     1954        0       10       30
 1622.000000      909      909        1        0      909        0      696      695       99     1937        1       10       29
 1623.000000      909      909        1        0      909        0      703      702       99     1928        0       10       30
 1624.000000      917      917        1        0      917        0      703      703      106     1936        0       11       29
 1625.000000      898      898        1        0      898        0      696      693      119     1950        1        9       30
 1626.000000      903      903        1        0      903        0      703      702      100     1953        0        9       31
 1627.000000      897      897        1        0      897        0      716      712       91     1942        0        8       32
 1628.000000      901      901        1        0      901        0      700      696      106     1932        1       10       29
 1629.000000      900      900        1        0      900        0      701      701       96     1934        0        8       32
 1630.000000      894      894        1        0      894        0      706      705       98     1937        0        8       32
 1631.000000      898      898        1        0      898        0      706      705       96     1929        0        9       31
 1632.000000      905      905        1        0      905        0      708      706      105     1931        0       11       29
 1633.000000      889      889        1        0      889        0      697      697      111     1947        0        9       31
 1634.000000      891      891        1        0      891        0      712      711       95     1941        0        8       32
 1635.000000      889      889        1        0      889        0      715      714       95     1948        0        8       32
 1636.000000      887      887        1        0      887        0      706      704      103     1947        0        8       32
 1637.000000      897      897        1        0      897        0      710      709       99     1912        0        8       32
 1638.000000      894      894        1        0      894        0      722      722       87     1930        0        9       31
 1639.000000      896      896        1        0      896        0      710      710      102     1960        0        8       32
 1640.000000      894      894        1        0      894        0      711      708      102     1957        0        9       31
 1641.000000      891      891        1        0      891        0      696      693      108     1962        0        9       31
 1642.000000      898      898        1        0      898        0      694      693      111     1949        0       10       30
 1643.000000      886      886        1        0      886        0      691      690      106     1933        0        8       32
 1644.000000      902      902        1        0      902        0      697      695      103     1915        0        9       31
 1645.000000      900      900        1        0      900        0      707      706      113     1968        0        9       31
 1646.000000      900      900        1        0      900        0      699      698      112     1909        0        9       31
 1647.000000      893      893        1        0      893        0      704      704      101     1942        0        7       33
 1648.000000      913      913        1        0      913        0      709      708      104     1965        0       11       29
 1649.000000      900      900        1        0      900        0      710      709       94     1947        0       12       28
 1650.000000      897      897        1        0      897        0      715      712      105     1916        0       10       30
 1651.000000      896      896        1        0      896        0      728      728       97     1973        1        8       31
 1652.000000      895      895        1        0      895        0      710      707       97     1921        0        9       31
 1653.000000      916      916        1        0      916        0      711      710      113     1941        0       12       28
 1654.000000      893      893        1        0      893        0      712      710      111     1940        0       12       28
 1655.000000      915      915        1        0      915        0      713      711       97     1955        0       12       28
 1656.000000      906      906        1        0      906        0      704      703      105     1948        0       11       29
 1657.000000      896      896        1        0      896        0      707      706      102     1971        0        9       31
 1658.000000      926      926        1        0      926        0      719      717       99     1951        1       14       25
 1659.000000      900      900        1        0      900        0      704      703      113     1948        0       10       30
 1660.000000      899      899        1        0      899        0      715      710      126     1914        0       10       30
 1661.000000      918      918        1        0      918        0      715      714       97     1918        0       10       30
 1662.000000      924      924        1        0      924        0      705      705      113     1934        0       11       29
 1663.000000      918      918        1        0      918        0      715      712      108     1913        0       10       30
 1664.000000      908      908        1        0      908        0      709      707      105     1945        0       10       30
 1665.000000      905      905        1        0      905        0      706      706       97     1907        0       10       30
 1666.000000      902      902        1        0      902        0      698      694      114     1946        0       11       29
 1667.000000      919      919        1        0      919        0      717      715      104     1915        0       11       29
 1668.000000      918      918        1        0      918        0      723      721       95     1915        0       12       28
 1669.000000      922      922        1        0      922        0      706      702      105     1895        0       11       29
 1670.000000      917      917        1        0      917        0      726      724      100     1901        0       11       29
 1671.000000      917      917        1        0      917        0      709      708      111     1947        0        9       31
 1672.000000      922      922        1        0      922        0      709      709      101     1932        0       11       29
 1673.000000      902      902        1        0      902        0      713      710      106     1944        0       10       30
 1674.000000      912      912        1        0      912        0      704      704      105     1908        0       10       30
 1675.000000      898      898        1        0      898        0      706      704       97     1917        0       10       30
 1676.000000      894      894        1        0      894        0      707      705       96     1933        0        9       31
 1677.000000      899      899        1        0      899        0      711      710       91     1915        0        9       31
 1678.000000      906      906        1        0      906        0      703      702      104     1890        0       10       30
 1679.000000      901      901        1        0      901        0      714      713       98     1918        0        9       31
 1680.000000      900      900        1        0      900        0      694      692      118     1902        0        9       31
 1681.000000      914      914        1        0      914        0      707      707      102     1916        0       11       29
 1682.000000      904      904        1        0      904        0      705      704      113     1947        0       10       30
 1683.000000      914      914        1        0      914        0      707      703      108     1928        0       11       29
 1684.000000      905      905        1        0      905        0      710      710      104     1922        0       10       30
 1685.000000      909      909        1        0      909        0      702      702      105     1921        0       10       30
 1686.000000      900      900        1        0      900        0      696      694      112     1894        0        9       31
 1687.000000      894      894        1        0      894        0      704      703      102     1879        0        9       31
 1688.000000      904      904        1        0      904        0      687      687      112     1914        0       10       30
 1689.000000      900      900        1        0      900        0      699      699      110     1900        0        9       31
 1690.000000      898      898        1        0      898        0      706      705      109     1911        0        9       31
 1691.000000      913      913        1        0      913        0      704      701       87     1903        0       11       29
 1692.000000      917      917        1        0      917        0      699      698      106     1924        0       10       30
 1693.000000      902      902        1        0      902        0      704      703      108     1900        0       10       30
 1694.000000      917      917        1        0      917        0      713      709       98     1910        0       10       30
 1695.000000      919      919        1        0      919        0      701      700      105     1912        0       12       28
 1696.000000      920      920        1        0      920        0      708      707       95     1906        0       11       29
 1697.000000      934      934        1        0      934        0      703      703      107     1944        0       12       28
 1698.000000      902      902        1        0      902        0      707      705       97     1882        0       10       30
 1699.000000      902      902        1        0      902        0      713      709      110     1921        0       10       30
 1700.000000      906      906        1        0      906        0      720      718       98     1917        0       11       29
 1701.000000      907      907        1        0      907        0      707      706      107     1924        0       11       29
 1702.000000      913      913        1       15      898        0      706      704      108     1921        0       12       28
 1703.000000      905      905        1        0      905        0      716      714      108     1952        0       11       29
 1704.000000      908      908        1        0      908        0      712      710       98     1935        0       11       29
 1705.000000      902      902        1        0      902        0      713      713      101     1954        0       12       28
 1706.000000      902      902        1        0      902        0      715      715       94     1969        0       10       30
 1707.000000      900      900        1        0      900        0      713      712      104     1928        0       12       28
 1708.000000      898      898        1        0      898        0      720      719       99     1925        0       11       29
 1709.000000      906      906        1        0      906        0      707      705      115     1943        0        9       31
 1710.000000      912      912        1       15      897        0      699      697      113     1964        0       13       27
 1711.000000      908      908        1        0      908        0      710      708      101     1924        0        9       31
 1712.000000      910      910        1        0      910        0      709      706      103     1934        0       10       30
 1713.000000      908      908        1        0      908        0      706      706      110     1940        0       10       30
 1714.000000      901      901        1        0      901        0      719      719       97     1942        0        9       31
 1715.000000      899      899        1        0      899        0      706      706      111     1917        0       10       30
 1716.000000      893      893        1        0      893        0      710      709       96     1898        0        8       32
 1717.000000      908      908        1        0      908        0      728      727      103     1907        0       10       30
 1718.000000      900      900        1        0      900        0      725      721       96     1942        0        9       31
 1719.000000      905      905        1        0      905        0      713      709      100     1923        0       10       30
 1720.000000      886      886        1        0      886        0      716      713      105     1911        0        9       31
 1721.000000      919      919        1        0      919        0      721      720      100     1968        0       12       28
 1722.000000      903      903        1        0      903        0      723      721       98     1936        0       10       30
 1723.000000      911      911        1        0      911        0      720      718      103     1913        0       10       30
 1724.000000      906      906        1        0      906        0      723      721       90     1918        0       12       28
 1725.000000      911      911        1        0      911        0      714      712       94     1941        0       10       30
 1726.000000      900      900        1        0      900        0      711      708       90     1890        0        9       31
 1727.000000      899      899        1        0      899        0      708      704      112     1892        0        9       31
 1728.000000      924      911        2        0      924        0      717      715      100     1932        0       12       28
 1729.000000      901      901        1        0      901        0      711      710       95     1882        0       10       30
 1730.000000      920      920        1        0      920        0      706      704       88     1931        0       11       29
 1731.000000      912      912        1        0      912        0      721      720      104     1923        0       10       30
 1732.000000      903      903        1        0      903        0      716      714       91     1950        0       11       29
 1733.000000      906      906        1        0      906        0      705      703      107     1947        0        9       31
 1734.000000      911      911        1        0      911        0      713      710       95     1947        0       11       29
 1735.000000      898      898        1        0      898        0      713      709      101     1948        0       10       30
 1736.000000      910      910        1        0      910        0      698      696      103     1970        0       12       28
 1737.000000      888      888        1        0      888        0      708      706       97     1898        0       10       30
 1738.000000      914      914        1       16      898        0      710      708      102     1930        0       12       28
 1739.000000      908      908        1       14      894        0      713      712      107     1930        0       12       28
 1740.000000      928      928        1       15      913        0      705      701      101     1916        0       13       27
 1741.000000      897      897        1        0      897        0      707      706       92     1918        0       12       28
 1742.000000      892      892        1        0      892        0      717      716       97     1949        0       10       30
 1743.000000      896      896        1        0      896        0      706      705      100     1948        0       10       30
 1744.000000      902      902        1        0      902        0      707      705      101     1940        0       10       30
 1745.000000      896      896        1        0      896        0      707      706       99     1959        1        8       31
 1746.000000      886      886        1        0      886        0      704      701       95     1945        1        8       31
 1747.000000      886      886        1        0      886        0      713      712      102     1915        0        9       31
 1748.000000      890      890        1        0      890        0      696      692      110     1910        0       10       30
 1749.000000      879      879        1        0      879        0      712      709      101     1916        0        9       31
 1750.000000      883      883        1        0      883        0      697      696      103     1943        0        9       31
 1751.000000      885      885        1        0      885        0      705      704      106     1943        0        9       31
 1752.000000      888      888        1        0      888        0      713      713      106     1920        0        9       31
 1753.000000      902      902        1        0      902        0      710      710      104     1921        1       10       29
 1754.000000      896      896        1        0      896        0      720      719       88     1956        1        8       31
 1755.000000      896      896        1        0      896        0      711      709      104     1964        1        8       31
 1756.000000      880      880        1        0      880        0      704      701      104     1909        0        9       31
 1757.000000      902      902        1        0      902        0      710      707       99     1938        0       11       29
 1758.000000      912      912        1        0      912        0      700      697       99     1920        0       11       29
 1759.000000      893      893        1        0      893        0      698      696      108     1957        0       11       29
 1760.000000      898      898        1        0      898        0      708      706      103     1912        1       10       29
 1761.000000      895      895        1        0      895        0      695      694      110     1936        0       10       30
 1762.000000      895      895        1        0      895        0      709      706      109     1913        0       10       30
 1763.000000      878      878        1        0      878        0      714      711      106     1956        0       10       30
 1764.000000      920      920        1        0      920        0      700      698      108     1955        2       10       28
 1765.000000      891      891        1        0      891        0      701      699      109     1909        0        9       31
 1766.000000      907      907        1        0      907        0      704      704      101     1996        1       10       29
 1767.000000      873      873        1        0      873        0      698      697      106     1933        0        8       32
 1768.000000      875      875        1        0      875        0      703      701      104     1906        1        7       32
 1769.000000      880      880        1        0      880        0      697      693      115     1936        0        8       32
 1770.000000      880      880        1        0      880        0      695      695      106     1925        0        8       32
 1771.000000      893      893        1        0      893        0      697      695      106     1932        0        9       31
 1772.000000      894      894        1        0      894        0      696      695       99     1924        0       11       29
 1773.000000      870      870        1        0      870        0      703      700       95     1917        0        8       32
 1774.000000      881      881        1        0      881        0      703      701       98     1880        0        7       33
 1775.000000      899      899        1        0      899        0      690      688       99     1950        0       12       28
 1776.000000      876      876        1        0      876        0      690      687       97     1931        0        9       31
 1777.000000      932      932        1        0      932        0      702      701       98     1958        0       12       28
 1778.000000      889      889        1        0      889        0      698      695      114     1908        1        8       31
 1779.000000      889      889        1        0      889        0      713      710      102     1885        0       10       30
 1780.000000      905      905        1        0      905        0      713      712      100     1892        0       12       28
 1781.000000      896      896        1        0      896        0      707      705      105     1953        0       10       30
 1782.000000      886      886        1        0      886        0      701      697      114     1911        0        9       31
 1783.000000      891      891        1        0      891        0      703      700       97     1916        0       11       29
 1784.000000      904      904        1        0      904        0      695      694      109     1942        2        8       30
 1785.000000      878      878        1        0      878        0      691      689      107     1914        0        9       31
 1786.000000      880      880        1        0      880        0      704      703      102     1925        0        9       31
 1787.000000      876      876        1        0      876        0      697      696      100     1953        0        8       32
 1788.000000      874      874        1        0      874        0      715      712       97     1980        0        9       31
 1789.000000      895      895        1        0      895        0      714      713       98     1939        0       10       30
 1790.000000      887      887        1        0      887        0      696      695      106     1916        0       10       30
 1791.000000      877      877        1        0      877        0      698      696      107     1927        0        9       31
 1792.000000      886      886        1        0      886        0      700      693      113     1941        0        9       31
 1793.000000      892      892        1        0      892        0      711      708      102     1909        1        7       32
 1794.000000      876      876        1        0      876        0      698      697      107     1930        1        7       32
 1795.000000      876      876        1        0      876        0      687      684      109     1966        0        9       31
 1796.000000      874      874        1        0      874        0      693      690      112     1935        0        8       32
 1797.000000      888      888        1        0      888        0      703      702       97     1921        0        9       31
 1798.000000      889      889        1        0      889        0      702      701      100     1915        0        9       31
 1799.000000      883      883        1        0      883        0      710      709      100     1935        0       10       30
 1800.000000      906      906        1        0      906        0      705      702      117     1937        0       11       29
 1801.000000      897      897        1        0      897        0      711      710      103     1932        0       10       30
 1802.000000      900      900        1        0      900        0      704      702       95     1933        0       11       29
 1803.000000      884      884        1        0      884        0      693      692      106     1952        1        8       31
 1804.000000      880      880        1        0      880        0      706      706       98     1928        0        8       32
 1805.000000      879      879        1        0      879        0      713      710      105     1915        0        9       31
 1806.000000      882      882        1        0      882        0      704      702      106     1937        0        9       31
 1807.000000      895      895        1        0      895        0      701      698      103     1963        0        9       31
 1808.000000      884      884        1        0      884        0      711      709      106     1908        0        8       32
 1809.000000      886      886        1        0      886        0      709      707      100     1950        0        8       32
 1810.000000      904      904        1        0      904        0      720      718      105     1925        0       11       29
 1811.000000      904      904        1        0      904        0      710      706      106     1924        0       12       28
 1812.000000      895      895        1        0      895        0      714      713       93     1912        0        9       31
 1813.000000      880      880        1        0      880        0      718      717      105     1913        0        9       31
 1814.000000      876      876        1        0      876        0      707      706       96     1934        0        8       32
 1815.000000      910      898        2        0      910        0      702      699      110     1940        0       13       27
 1816.000000      895      895        1        0      895        0      725      724       96     1957        0       10       30
 1817.000000      923      909        2        0      923        0      709      707      103     1975        0       13       27
 1818.000000      905      905        1        0      905        0      715      714      104     1941        0       11       29
 1819.000000      911      911        1        0      911        0      723      720      102     1937        0       10       30
 1820.000000      898      898        1        0      898        0      721      717      102     1936        0        9       31
 1821.000000      911      911        1        0      911        0      708      704      103     1925        0       10       30
 1822.000000      935      935        1       15      920        0      713      712      107     1971        1        9       30
 1823.000000      924      924        1        0      924        0      724      721      104     2006        0       11       29
 1824.000000      921      921        1        0      921        0      721      720       98     1957        0       11       29
 1825.000000      931      931        1       10      917        4      718      717      122     1967        0       11       29
 1826.000000      923      923        1        0      923        0      720      715      107     1946        0       13       27
 1827.000000      925      925        1        0      925        0      719      715      109     1959        0       11       29
 1828.000000      922      922        1        0      922        0      708      705      116     1957        1       11       28
 1829.000000      923      923        1        0      923        0      723      721      113     1984        1       10       29
 1830.000000      926      914        2        0      926        0      705      701      117     1955        0       12       28
 1831.000000      922      922        1        0      922        0      727      723      117     1935        0       11       29
 1832.000000      911      911        1        0      911        0      732      726      116     1950        0       11       29
 1833.000000      921      921        1        0      921        0      728      724      114     1976        0       13       27
 1834.000000      926      926        1        0      926        0      712      707      129     1991        0       11       29
 1835.000000      916      916        1        0      916        0      719      713      116     1968        0       11       29
 1836.000000      924      924        1        0      924        0      737      735       97     1970        0       12       28
 1837.000000      910      910        1        0      910        0      725      725      108     1970        0       11       29
 1838.000000      922      922        1        0      922        0      728      724      112     2001        0       11       29
 1839.000000      924      924        1        0      924        0      721      716      106     1996        0       12       28
 1840.000000      926      926        1        0      926        0      738      736      114     1973        0       11       29
 1841.000000      947      947        1        0      947        0      738      734      109     1943        1       11       28
 1842.000000      950      950        1        0      950        0      727      722      116     1987        0       12       28
 1843.000000      928      928        1        0      928        0      718      714      110     1964        0       11       29
 1844.000000      927      927        1        0      927        0      723      719       99     1962        0       11       29
 1845.000000      938      938        1        0      938        0      728      724      104     2005        0       11       29
 1846.000000      935      935        1        0      935        0      739      736      111     1939        0       11       29
 1847.000000      913      913        1        0      913        0      731      730      102     1991        0       10       30
 1848.000000      929      929        1        0      929        0      718      717      116     1963        0       11       29
 1849.000000      922      922        1        0      922        0      732      726      110     1979        0       10       30
 1850.000000      913      913        1        0      913        0      732      731      101     1989        0       10       30
 1851.000000      901      901        1        0      901        0      728      724      104     1949        0       10       30
 1852.000000      927      927        1        0      927        0      727      722      111     1987        0       11       29
 1853.000000      907      907        1        0      907        0      721      712      111     1989        0       10       30
 1854.000000      919      919        1        0      919        0      727      725      105     2007        0       10       30
 1855.000000      926      926        1        0      926        0      709      708      117     1993        0       11       29
 1856.000000      923      923        1        0      923        0      725      722       99     1974        0       11       29
 1857.000000      925      925        1        0      925        0      725      722      108     1953        0       11       29
 1858.000000      902      902        1        0      902        0      719      716      110     1955        0       10       30
 1859.000000      915      915        1        0      915        0      727      724      116     1958        0       10       30
 1860.000000      916      916        1        0      916        0      730      729      101     1979        0       11       29
 1861.000000      922      922        1        0      922        0      743      742      103     1963        0       10       30
 1862.000000      920      920        1        0      920        0      724      722      107     1957        0       10       30
 1863.000000      925      925        1        0      925        0      724      721      103     1941        0       11       29
 1864.000000      918      918        1        0      918        0      730      728       96     1966        0       10       30
 1865.000000      911      911        1        0      911        0      724      720      103     2012        0        9       31
 1866.000000      921      921        1        0      921        0      716      715      112     1995        0       10       30
 1867.000000      913      913        1        0      913        0      726      722      106     1975        0       10       30
 1868.000000      950      950        1        0      950        0      726      719      116     1960        0       13       27
 1869.000000      932      932        1        0      932        0      728      726      106     1973        1       11       28
 1870.000000      942      942        1        0      942        0      729      728       95     1980        0       12       28
 1871.000000      935      935        1        0      935        0      730      726      115     1960        1       11       28
 1872.000000      948      948        1        0      948        0      725      721      112     1986        0       12       28
 1873.000000      934      934        1        0      934        0      729      728      102     1977        0       11       29
 1874.000000      923      923        1        0      923        0      733      731       98     1970        0       10       30
 1875.000000      918      918        1        0      918        0      726      724      102     1972        0       10       30
 1876.000000      922      922        1        0      922        0      739      736      105     1977        0       10       30
 1877.000000      921      921        1        0      921        0      735      735      113     1986        0       10       30
 1878.000000      921      921        1        0      921        0      726      723      107     1923        0       12       28
 1879.000000      921      921        1        0      921        0      743      742      108     1963        0       10       30
 1880.000000      913      913        1        0      913        0      737      734       99     1982        0       10       30
 1881.000000      932      932        1        0      932        0      720      718      116     1986        0       11       29
 1882.000000      936      936        1        0      936        0      739      738       95     1998        0       14       26
 1883.000000      919      919        1        0      919        0      734      732      104     1963        0       10       30
 1884.000000      917      917        1        0      917        0      730      728      104     1981        0       11       29
 1885.000000      920      920        1        0      920        0      742      740      115     1957        0       11       29
 1886.000000      922      922        1        0      922        0      736      733       99     1962        0       10       30
 1887.000000      925      925        1        0      925        0      732      727      102     1967        0       11       29
 1888.000000      924      924        1        0      924        0      727      727      111     1990        0       10       30
 1889.000000      918      918        1        0      918        0      728      725      119     1985        0       10       30
 1890.000000      916      916        1        0      916        0      738      737      100     1965        1       10       29
 1891.000000      917      917        1        0      917        0      727      725      111     1947        0       10       30
 1892.000000      918      918        1        0      918        0      738      734      108     1990        0       10       30
 1893.000000      924      924        1        0      924        0      743      740      104     2001        0       11       29
 1894.000000      923      923        1        0      923        0      737      731      109     1950        0       11       29
 1895.000000      919      919        1        0      919        0      736      734      109     1988        0       11       29
 1896.000000      925      925        1        0      925        0      740      738       99     1986        0       11       29
 1897.000000      928      928        1        0      928        0      741      737      108     1970        0       12       28
 1898.000000      934      934        1        0      934        0      742      737      105     1986        0       12       28
 1899.000000      916      916        1        0      916        0      732      728      112     1998        0       11       29
 1900.000000      924      924        1        0      924        0      747      744       99     1990        0       12       28
 1901.000000      947      947        1        0      947        0      740      735      105     1976        0       12       28
 1902.000000      939      939        1        0      939        0      750      747      100     1986        0       13       27
 1903.000000      936      936        1        0      936        0      739      736      102     1998        0       12       28
 1904.000000      938      938        1        0      938        0      727      721      122     1998        0       13       27
 1905.000000      941      941        1        0      941        0      744      743      108     2033        0       14       26
 1906.000000      933      933        1        0      933        0      736      736       98     2004        0       13       27
 1907.000000      924      924        1        0      924        0      743      741      117     2007        0       12       28
 1908.000000      943      943        1        0      943        0      739      737      106     1970        0       13       27
 1909.000000      929      929        1        0      929        0      740      735      111     1976        1       12       27
 1910.000000      925      925        1        0      925        0      734      732      111     2009        0       12       28
 1911.000000      920      920        1        0      920        0      755      755      105     1975        0       11       29
 1912.000000      935      935        1        0      935        0      747      742      107     2015        1       11       28
 1913.000000      929      929        1        0      929        0      744      744      107     1983        0       12       28
 1914.000000      926      926        1        0      926        0      732      730      111     1993        0       12       28
 1915.000000      945      945        1        0      945        0      743      740      110     2014        1       12       27
 1916.000000      930      930        1        0      930        0      740      738      112     2022        1       11       28
 1917.000000      945      945        1        0      945        0      735      732      110     1960        0       15       25
 1918.000000      928      928        1        0      928        0      742      739      107     1982        0       13       27
 1919.000000      924      924        1        0      924        0      736      731      110     1982        0       12       28
 1920.000000      913      913        1        0      913        0      725      725      103     1951        0       11       29
 1921.000000      932      932        1        0      932        0      737      733      111     1977        0       12       28
 1922.000000      914      914        1        0      914        0      727      725      109     1981        0       11       29
 1923.000000      956      956        1        0      956        0      731      728      112     1970        0       15       25
 1924.000000      942      942        1        0      942        0      738      737      113     2007        0       13       27
 1925.000000      937      937        1        0      937        0      740      740      100     1973        0       14       26
 1926.000000      932      932        1        0      932        0      738      736      113     1977        0       15       25
 1927.000000      923      923        1        0      923        0      734      731       88     1981        0       11       29
 1928.000000      923      923        1        0      923        0      732      732       94     1953        0       10       30
 1929.000000      920      920        1        0      920        0      738      736      100     1945        0       12       28
 1930.000000      930      930        1        0      930        0      747      743      112     1999        0       14       26
 1931.000000      923      923        1        0      923        0      735      734       98     2003        0       13       27
 1932.000000      923      923        1        0      923        0      740      739      104     1980        0       12       28
 1933.000000      921      921        1        0      921        0      726      724      133     1972        0       12       28
 1934.000000      925      925        1        0      925        0      746      743      110     1994        0       13       27
 1935.000000      920      920        1        0      920        0      742      740      111     1979        0       11       29
 1936.000000      919      919        1        0      919        0      733      731      110     1998        0       10       30
 1937.000000      917      917        1        0      917        0      741      738      107     1946        0       10       30
 1938.000000      921      921        1        0      921        0      751      749      105     1979        0       11       29
 1939.000000      917      917        1        0      917        0      741      738      102     1930        0       10       30
 1940.000000      916      916        1        0      916        0      730      728      116     1955        0       10       30
 1941.000000      917      917        1        0      917        0      733      730      103     1956        0       10       30
 1942.000000      928      928        1        0      928        0      737      737      112     1981        0       13       27
 1943.000000      933      933        1        0      933        0      733      731      116     1951        0       14       26
 1944.000000      926      926        1        0      926        0      715      711      120     1913        0       12       28
 1945.000000      926      926        1        0      926        0      719      717      114     1973        0       12       28
 1946.000000      921      921        1        0      921        0      725      724      105     1952        0       13       27
 1947.000000      927      927        1        0      927        0      729      729      107     1915        0       12       28
 1948.000000      932      932        1        0      932        0      742      742      108     1970        0       12       28
 1949.000000      924      924        1        0      924        0      738      737      100     1934        0       13       27
 1950.000000      923      923        1        0      923        0      735      735      105     1946        0       13       27
 1951.000000      921      921        1        0      921        0      735      734      105     1909        0       13       27
 1952.000000      913      913        1        0      913        0      734      729      108     1903        0       11       29
 1953.000000      921      921        1        0      921        0      723      721      117     1964        0       12       28
 1954.000000      923      923        1        0      923        0      728      728      110     1946        0       12       28
 1955.000000      923      923        1        0      923        0      744      741      100     1939        0       13       27
 1956.000000      931      931        1        0      931        0      715      712      116     1903        0       15       25
 1957.000000      919      919        1        0      919        0      733      732      115     1984        0       11       29
 1958.000000      926      926        1        0      926        0      731      726      109     1982        0       13       27
 1959.000000      929      929        1        0      929        0      724      722      116     1950        0       11       29
 1960.000000      927      927        1        0      927        0      741      738       97     1956        0       11       29
 1961.000000      927      927        1        0      927        0      728      725      103     1954        0       13       27
 1962.000000      922      922        1        0      922        0      736      732      102     1987        0       14       26
 1963.000000      933      933        1        0      933        0      751      749      101     1988        0       14       26
 1964.000000      921      921        1        0      921        0      738      736      108     1958        0       13       27
 1965.000000      939      939        1        0      939        0      735      734      101     1961        0       15       25
 1966.000000      927      927        1        0      927        0      734      731      108     1972        0       12       28
 1967.000000      924      924        1        0      924        0      732      729      114     1994        0       13       27
 1968.000000      921      921        1        0      921        0      738      736      108     1994        0       13       27
 1969.000000      919      919        1        0      919        0      727      727      105     1987        0       14       26
 1970.000000      922      922        1        0      922        0      720      718      112     1950        0       12       28
 1971.000000      932      932        1        0      932        0      743      743      107     1936        0       13       27
 1972.000000      932      932        1        0      932        0      737      737      109     1952        0       13       27
 1973.000000      916      916        1        0      916        0      743      741      104     1957        0       12       28
 1974.000000      926      926        1        0      926        0      748      746      116     2006        0       13       27
 1975.000000      932      932        1        0      932        0      738      734      113     1962        0       12       28
 1976.000000      918      918        1        0      918        0      747      746      102     1973        0       12       28
 1977.000000      924      924        1        0      924        0      752      752       99     1968        0       11       29
 1978.000000      936      936        1        0      936        0      744      742      107     1960        0       13       27
 1979.000000      926      926        1        0      926        0      743      741      104     1973        0       11       29
 1980.000000      924      924        1        0      924        0      736      734      114     1974        0       11       29
 1981.000000      915      915        1        0      915        0      734      732      104     1971        0        9       31
 1982.000000      912      912        1        0      912        0      736      736       98     1948        0        9       31
 1983.000000      935      935        1        0      935        0      731      729      112     1948        0       14       26
 1984.000000      913      913        1        0      913        0      717      715      114     1950        0       10       30
 1985.000000      927      927        1        0      927        0      740      737      107     1942        0       11       29
 1986.000000      925      925        1        0      925        0      733      731       90     1932        0       11       29
 1987.000000      918      918        1        0      918        0      729      729      104     1947        0       10       30
 1988.000000      918      918        1        0      918        0      725      724      108     1938        0       11       29
 1989.000000      919      919        1        0      919        0      742      739      107     1927        0       11       29
 1990.000000      925      925        1        0      925        0      736      735      112     1943        0       10       30
 1991.000000      939      939        1        9      924        6      729      726      106     1963        0       12       28
 1992.000000      918      918        1        0      918        0      739      734      110     1978        0       10       30
 1993.000000      919      919        1        0      919        0      737      734      118     1975        0       10       30
 1994.000000      930      930        1        9      915        6      738      736      114     1974        0       12       28
 1995.000000      935      923        2        0      935        0      733      732      112     1972        0       13       27
 1996.000000      919      919        1        0      919        0      732      732      109     1960        0       10       30
 1997.000000      924      924        1        0      924        0      729      726      116     1985        0        9       31
 1998.000000      924      924        1        0      924        0      724      722      111     1959        0       10       30
 1999.000000      928      928        1        0      928        0      734      733       98     1937        1       11       28
 2000.000000      933      933        1        0      933        0      720      719      105     1956        0       13       27
 2001.000000      925      925        1        0      925        0      733      732      101     1959        0       11       29
 2002.000000      920      920        1        0      920        0      723      723      118     1942        0       11       29
 2003.000000      927      927        1        0      927        0      730      727      112     1963        0       12       28
 2004.000000      935      935        1        0      935        0      738      737      100     1950        0       14       26
 2005.000000      924      924        1        0      924        0      719      715      113     1964        0       11       29
 2006.000000      923      923        1        0      923        0      739      734      112     1980        0       11       29
 2007.000000      919      919        1        0      919        0      733      733      103     1983        0       11       29
 2008.000000      923      923        1        0      923        0      723      723      112     1971        0        9       31
 2009.000000      922      922        1        0      922        0      736      735      100     1965        0       10       30
 2010.000000      922      922        1        0      922        0      732      731      110     2000        0       10       30
 2011.000000      919      919        1        0      919        0      729      729      105     1998        0       10       30
 2012.000000      914      914        1        0      914        0      724      723      107     1935        0       10       30
 2013.000000      908      908        1        0      908        0      723      722       98     1981        0       10       30
 2014.000000      899      899        1        0      899        0      722      719      110     1948        0       10       30
 2015.000000      900      900        1        0      900        0      727      722      106     1961        0        9       31
 2016.000000      896      896        1        0      896        0      732      732      111     1977        0       10       30
 2017.000000      915      915        1        0      915        0      723      721      114     1992        0       11       29
 2018.000000      920      920        1        0      920        0      736      736       97     1974        0       11       29
 2019.000000      899      899        1        0      899        0      729      725      100     1986        0       11       29
 2020.000000      908      908        1        0      908        0      734      733      110     1960        0       11       29
 2021.000000      933      933        1        0      933        0      745      744       98     1972        0       11       29
 2022.000000      921      921        1        0      921        0      730      729      108     1965        0       11       29
 2023.000000      905      905        1        0      905        0      731      730      103     1973        0       11       29
 2024.000000      919      919        1        0      919        0      713      712      118     1973        0       11       29
 2025.000000      917      917        1        0      917        0      720      719      101     1976        0       11       29
 2026.000000      901      901        1        0      901        0      727      724      102     1960        0       10       30
 2027.000000      912      912        1        0      912        0      730      727      112     1979        0       11       29
 2028.000000      920      920        1        0      920        0      726      721      114     1986        0       11       29
 2029.000000      923      923        1        0      923        0      740      737      105     1954        0       13       27
 2030.000000      935      935        1        0      935        0      732      728      113     2010        0       13       27
 2031.000000      923      923        1        0      923        0      740      739      112     1995        0       12       28
 2032.000000      922      922        1        0      922        0      736      734      108     1981        0       11       29
 2033.000000      918      918        1        0      918        0      738      736      104     1991        0       10       30
 2034.000000      909      909        1        0      909        0      740      733      116     1984        0       10       30
 2035.000000      933      933        1        0      933        0      733      726       99     1971        0       10       30
 2036.000000      918      918        1        0      918        0      738      736      100     1960        0       11       29
 2037.000000      928      928        1        0      928        0      732      730      108     1949        1       10       29
 2038.000000      909      909        1        0      909        0      722      720      111     1952        0       10       30
 2039.000000      914      914        1        0      914        0      732      731      104     1964        0        9       31
 2040.000000      931      931        1        0      931        0      724      721      109     1979        0       11       29
 2041.000000      917      917        1        0      917        0      733      728      116     1962        0       10       30
 2042.000000      920      920        1        0      920        0      721      720      112     1970        0       11       29
 2043.000000      925      925        1        0      925        0      726      725      111     1961        0       11       29
 2044.000000      923      923        1        0      923        0      726      723      110     1930        0       10       30
 2045.000000      918      918        1        0      918        0      729      726      112     1968        1       11       28
 2046.000000      917      917        1        0      917        0      723      719      110     1975        0       10       30
 2047.000000      916      916        1        0      916        0      725      724      112     1979        0       11       29
 2048.000000      912      912        1        0      912        0      721      718      118     2005        0       11       29
 2049.000000      930      930        1        0      930        0      717      717      118     1971        0       13       27
 2050.000000      916      916        1        0      916        0      719      718      104     1987        0       11       29
 2051.000000      923      923        1        0      923        0      731      726      118     2001        0       11       29
 2052.000000      922      922        1        0      922        0      720      715      114     1984        0       12       28
 2053.000000      921      921        1        0      921        0      726      725      109     1983        0       12       28
 2054.000000      927      927        1        0      927        0      729      727      115     1998        1       11       28
 2055.000000      923      923        1        0      923        0      710      707      120     1977        0       12       28
 2056.000000      917      917        1        0      917        0      733      730      107     1944        0       11       29
 2057.000000      923      923        1        0      923        0      718      717      108     1971        0       12       28
 2058.000000      925      925        1        0      925        0      721      721      104     1951        0       13       27
 2059.000000      926      926        1        0      926        0      734      731      107     1973        0       11       29
 2060.000000      922      922        1        0      922        0      738      735      105     1942        0       12       28
 2061.000000      919      919        1        0      919        0      727      726      106     1982        0       12       28
 2062.000000      931      931        1        0      931        0      713      713      111     1995        1       12       27
 2063.000000      928      928        1        0      928        0      727      723      110     2004        0       12       28
 2064.000000      925      925        1        0      925        0      727      727      109     1988        0       11       29
 2065.000000      942      942        1       14      928        0      725      724      107     1971        0       12       28
 2066.000000      948      948        1       23      919        6      737      732      127     1992        0       13       27
 2067.000000      937      937        1       22      909        6      723      719      121     1990        0       12       28
 2068.000000      931      931        1       23      902        6      725      722      108     2001        0       11       29
 2069.000000      941      941        1        0      941        0      723      720      114     1970        0       13       27
 2070.000000      952      952        1       23      923        6      719      718      110     1993        0       13       27
 2071.000000      943      943        1       23      914        6      716      714      122     1973        0       13       27
 2072.000000      964      964        1       22      935        7      718      717      120     1977        0       14       26
 2073.000000      962      962        1       23      933        6      718      715      114     1980        0       15       25
 2074.000000      937      937        1        7      923        7      737      735       99     2002        0       14       26
 2075.000000      940      940        1       15      925        0      701      698      137     1971        1       11       28
 2076.000000      956      956        1       23      926        7      735      733      110     1990        1       12       27
 2077.000000      953      953        1       15      938        0      723      721      111     1981        0       13       27
 2078.000000      956      956        1       23      927        6      721      720      107     1971        1       13       26
 2079.000000      946      946        1       23      917        6      714      712      127     1982        0       14       26
 2080.000000      963      963        1       23      934        6      720      718      120     1983        0       14       26
 2081.000000      946      946        1       23      917        6      716      714      125     1981        0       12       28
 2082.000000      936      936        1       22      908        6      706      705      122     1989        0       12       28
 2083.000000      942      942        1       23      913        6      719      719      109     1955        0       12       28
 2084.000000      939      939        1       23      910        6      717      714      111     1997        0       13       27
 2085.000000      934      934        1        9      919        6      706      705      115     1967        0       15       25
 2086.000000      918      918        1        8      904        6      712      710      105     1940        0       12       28
 2087.000000      930      930        1        9      915        6      697      694      122     1957        0       13       27
 2088.000000      947      947        1        8      933        6      708      706      104     1980        0       16       24
 2089.000000      907      907        1        8      893        6      702      701      122     1985        0       12       28
 2090.000000      930      930        1        8      916        6      710      709      107     1986        0       13       27
 2091.000000      956      956        1        9      941        6      706      704      114     1977        0       16       24
 2092.000000      957      957        1        7      943        7      720      720      102     1973        0       15       25
 2093.000000      926      926        1       10      910        6      715      713      117     1960        0       14       26
 2094.000000      920      920        1        8      905        7      715      714      110     1998        0       12       28
 2095.000000      929      929        1        8      914        7      701      696      116     1961        0       14       26
 2096.000000      933      933        1       12      914        7      707      702      116     1989        0       14       26
 2097.000000      904      904        1        8      890        6      717      711      117     1958        0       11       29
 2098.000000      915      915        1        8      901        6      700      700      113     1970        0       13       27
 2099.000000      920      920        1        7      906        7      710      707      122     1982        0       14       26
 2100.000000      925      925        1        7      911        7      705      699      133     1980        0       14       26
 2101.000000      928      928        1        0      928        0      718      714      114     1972        0       13       27
 2102.000000      939      939        1        7      925        7      698      694      127     1979        0       14       26
 2103.000000      931      931        1        7      917        7      722      717      116     1967        0       14       26
 2104.000000      919      919        1        7      905        7      715      713      110     1983        0       12       28
 2105.000000      911      911        1       11      893        7      709      708      115     1981        0       12       28
 2106.000000      900      900        1        0      900        0      712      710      120     1975        0       11       29
 2107.000000      912      912        1        0      912        0      712      710      107     1954        1       13       26
 2108.000000      922      922        1       11      904        7      716      711      115     1982        0       14       26
 2109.000000      908      908        1       12      890        6      693      690      142     1957        0       12       28
 2110.000000      918      918        1        8      904        6      724      720      113     1948        1       14       25
 2111.000000      912      912        1        8      898        6      709      707      119     1963        0       12       28
 2112.000000      918      918        1        8      904        6      711      708      118     1963        0       12       28
 2113.000000      929      929        1        0      929        0      716      713      118     1942        0       12       28
 2114.000000      921      921        1        8      907        6      719      718      126     1955        0       15       25
 2115.000000      907      907        1        8      893        6      729      729      101     1924        0       12       28
 2116.000000      911      911        1        8      897        6      699      699      121     1981        0       12       28
 2117.000000      911      911        1       12      893        6      697      697      137     1931        0       14       26
 2118.000000      926      926        1       12      908        6      702      698      119     1968        0       14       26
 2119.000000      909      909        1        8      895        6      712      710      119     1978        0       11       29
 2120.000000      918      918        1        8      904        6      718      714      108     1953        1       13       26
 2121.000000      910      910        1        8      896        6      704      703      130     1983        0       11       29
 2122.000000      908      908        1        0      908        0      710      709      119     1982        0       11       29
 2123.000000      927      927        1        8      913        6      705      704      133     1947        0       14       26
 2124.000000      920      920        1        8      906        6      704      703      121     1960        0       13       27
 2125.000000      903      903        1        0      903        0      719      719      101     1969        0       11       29
 2126.000000      908      908        1        8      894        6      716      714      129     2001        0       11       29
 2127.000000      913      913        1        8      899        6      716      715      123     1982        0       12       28
 2128.000000      912      912        1        8      898        6      725      721      120     1965        0       11       29
 2129.000000      918      918        1        8      904        6      713      707      111     1967        0       14       26
 2130.000000      926      926        1        8      912        6      717      715      125     1987        0       15       25
 2131.000000      917      917        1       10      900        7      709      708      115     1976        0       13       27
 2132.000000      914      914        1        8      900        6      720      719      117     1971        0       15       25
 2133.000000      921      921        1       11      904        6      717      717      121     1977        0       14       26
 2134.000000      921      921        1        8      907        6      715      713      115     1947        0       14       26
 2135.000000      915      915        1        0      915        0      699      698      126     1931        0       13       27
 2136.000000      930      930        1        8      916        6      719      719      110     1975        0       14       26
 2137.000000      915      915        1        8      901        6      726      724      117     1945        0       12       28
 2138.000000      905      905        1       10      891        4      728      725      118     1997        0       12       28
 2139.000000      920      920        1        0      920        0      722      721      124     1971        0       13       27
 2140.000000      939      939        1        8      925        6      730      730      113     2024        0       15       25
 2141.000000      913      913        1        8      899        6      735      735      106     1950        0       12       28
 2142.000000      919      919        1        8      905        6      717      715      111     2000        0       12       28
 2143.000000      921      921        1        8      907        6      718      716      118     1987        0       12       28
 2144.000000      902      902        1        0      902        0      720      716      123     1946        0       10       30
 2145.000000      905      905        1        0      905        0      721      721      107     1985        0       11       29
 2146.000000      908      908        1        0      908        0      722      721      117     1984        0       11       29
 2147.000000      916      916        1        8      902        6      707      705      111     1991        0       12       28
 2148.000000      916      916        1        8      902        6      722      721      103     1993        0       12       28
 2149.000000      921      921        1        8      907        6      723      720      120     1974        0       12       28
 2150.000000      924      924        1        8      910        6      729      727      111     1953        0       13       27
 2151.000000      926      926        1        8      912        6      722      720      118     1975        0       14       26
 2152.000000      923      923        1        0      923        0      719      716      110     2008        0       14       26
 2153.000000      939      939        1        8      925        6      725      722      113     1998        0       14       26
 2154.000000      919      919        1        0      919        0      728      725      106     1986        0       12       28
 2155.000000      916      916        1        0      916        0      723      721      109     1967        0       11       29
 2156.000000      911      911        1        0      911        0      723      720      115     2024        0       14       26
 2157.000000      917      917        1        0      917        0      725      724      111     1993        0       11       29
 2158.000000      914      914        1        0      914        0      726      723      116     1967        0       11       29
 2159.000000      919      919        1        0      919        0      740      735      119     1999        0       10       30
 2160.000000      925      925        1        0      925        0      723      720      101     1973        0       13       27
 2161.000000      932      932        1        0      932        0      721      719      111     1990        1       11       28
 2162.000000      916      916        1        0      916        0      733      732      114     2012        0       10       30
 2163.000000      924      924        1        0      924        0      739      738      102     1961        0       11       29
 2164.000000      917      917        1        0      917        0      725      724      114     1972        0       11       29
 2165.000000      919      919        1        0      919        0      726      726      109     1965        0       11       29
 2166.000000      915      915        1        0      915        0      717      715      112     1928        0       11       29
 2167.000000      918      918        1        0      918        0      719      718      121     1954        1       10       29
 2168.000000      913      913        1        0      913        0      724      722      108     1975        0       11       29
 2169.000000      927      927        1        0      927        0      726      726      113     1977        1       11       28
 2170.000000      938      938        1        0      938        0      724      723      114     1989        1       11       28
 2171.000000      921      921        1        0      921        0      732      724      110     1971        0        9       31
 2172.000000      918      918        1        0      918        0      731      725      112     1991        0       10       30
 2173.000000      920      920        1        0      920        0      716      713      110     1991        0       10       30
 2174.000000      923      923        1        0      923        0      721      721      117     1939        0       10       30
 2175.000000      932      932        1        0      932        0      726      723      106     1983        0       12       28
 2176.000000      941      941        1        0      941        0      725      725      109     1961        0       12       28
 2177.000000      928      928        1        0      928        0      734      731      109     1948        0       10       30
 2178.000000      941      941        1        0      941        0      728      727      107     1965        0       12       28
 2179.000000      919      919        1        0      919        0      715      713       95     1962        0       10       30
 2180.000000      933      933        1        0      933        0      723      721      114     1932        0       12       28
 2181.000000      925      925        1        0      925        0      739      734      100     1945        0       10       30
 2182.000000      938      938        1        0      938        0      726      726      104     1954        0       11       29
 2183.000000      931      931        1        0      931        0      736      731      105     1951        0       12       28
 2184.000000      924      924        1        0      924        0      720      715      129     1977        0       10       30
 2185.000000      922      922        1        0      922        0      720      716      112     1970        0       10       30
 2186.000000      927      927        1        0      927        0      712      710      112     1961        0        9       31
 2187.000000      935      935        1        0      935        0      714      712      122     1948        0       12       28
 2188.000000      935      935        1        0      935        0      722      719      114     1991        0       10       30
 2189.000000      942      942        1        0      942        0      725      723      116     1960        0       12       28
 2190.000000      939      939        1        0      939        0      718      716      113     1955        0       12       28
 2191.000000      940      940        1        0      940        0      720      717      108     1962        0       11       29
 2192.000000      940      940        1        0      940        0      729      725      108     1963        0       12       28
 2193.000000      943      943        1        0      943        0      737      735      101     1980        0       11       29
 2194.000000      948      948        1        0      948        0      737      734      111     1968        0       12       28
 2195.000000      945      945        1        0      945        0      731      728      108     2004        0       11       29
 2196.000000      944      944        1        0      944        0      733      728      121     1982        0       12       28
 2197.000000      937      937        1        0      937        0      734      732      107     1987        0       12       28
 2198.000000      950      950        1        0      950        0      725      722      121     1997        0       12       28
 2199.000000      939      939        1        0      939        0      731      729      107     2015        0       12       28
 2200.000000      942      942        1        0      942        0      743      740      115     1979        0       12       28
 2201.000000      933      933        1        0      933        0      727      723      115     2012        0       12       28
 2202.000000      946      946        1        0      946        0      732      730      114     1993        0       13       27
 2203.000000      944      944        1        0      944        0      733      732       91     2036        0       13       27
 2204.000000      947      947        1        0      947        0      736      732      103     2015        0       13       27
 2205.000000      938      938        1        0      938        0      743      741      105     1995        0       12       28
 2206.000000      941      941        1        0      941        0      735      734      112     1985        0       12       28
 2207.000000      942      942        1        0      942        0      722      721      111     1998        0       11       29
 2208.000000      942      942        1        0      942        0      731      730      108     1983        0       12       28
 2209.000000      939      939        1        0      939        0      728      724       95     1988        0       13       27
 2210.000000      941      941        1        0      941        0      732      730      113     1970        0       11       29
 2211.000000      939      939        1        0      939        0      730      726      108     1994        0       11       29
 2212.000000      943      943        1        0      943        0      714      711      113     1997        0       11       29
 2213.000000      946      946        1        0      946        0      731      727      124     1960        0       11       29
 2214.000000      929      929        1        0      929        0      725      724       89     1985        0       11       29
 2215.000000      930      930        1        0      930        0      726      725      111     1954        0       11       29
 2216.000000      935      935        1        0      935        0      725      724      104     1988        0       11       29
 2217.000000      941      941        1        0      941        0      724      723      111     2003        0       12       28
 2218.000000      942      942        1        0      942        0      735      733      107     2022        0       12       28
 2219.000000      941      941        1        0      941        0      738      737      102     2002        0       11       29
 2220.000000      955      955        1        0      955        0      724      722      112     1979        0       12       28
 2221.000000      963      963        1        0      963        0      720      720      107     2001        0       15       25
 2222.000000      930      930        1        0      930        0      730      727      111     1979        0       11       29
 2223.000000      949      949        1        0      949        0      728      727      109     1973        0       14       26
 2224.000000      949      949        1        0      949        0      732      729      111     2000        0       12       28
 2225.000000      932      932        1        0      932        0      719      718      113     1989        0       11       29
 2226.000000      924      924        1        0      924        0      712      711      118     1995        0       11       29
 2227.000000      926      926        1        0      926        0      721      717      114     1987        0       10       30
 2228.000000      934      934        1        0      934        0      724      721      114     1972        0       11       29
 2229.000000      949      949        1        0      949        0      728      723      116     1962        0       14       26
 2230.000000      928      928        1        0      928        0      717      714      123     2003        0       12       28
 2231.000000      922      922        1        0      922        0      721      717      115     1975        0       12       28
 2232.000000      931      931        1        0      931        0      718      716      108     1968        0       11       29
 2233.000000      949      949        1        0      949        0      715      711      123     1977        1       12       27
 2234.000000      958      958        1        0      958        0      721      719      112     1994        0       15       25
 2235.000000      938      938        1        0      938        0      708      704      136     1968        0       13       27
 2236.000000      947      947        1        0      947        0      717      716      119     1976        1       12       27
 2237.000000      935      935        1        0      935        0      714      713      121     1970        1       11       28
 2238.000000      950      950        1        0      950        0      726      722      109     1956        1       12       27
 2239.000000      948      948        1        0      948        0      724      721      113     1967        0       14       26
 2240.000000      957      957        1        0      957        0      725      723      113     1952        1       14       25
 2241.000000      947      947        1        0      947        0      739      738      105     2001        0       13       27
 2242.000000      976      976        1        0      976        0      738      736      102     2033        1       14       25
 2243.000000      969      969        1        0      969        0      726      725      107     1992        0       17       23
 2244.000000      943      943        1        0      943        0      715      711      115     1980        1       12       27
 2245.000000      939      939        1        0      939        0      728      727      109     1982        1       12       27
 2246.000000      921      921        1        0      921        0      736      736      114     2008        1       10       29
 2247.000000      927      927        1        0      927        0      728      727      117     1995        1       10       29
 2248.000000      943      943        1        0      943        0      718      715      116     2016        2       10       28
 2249.000000      922      922        1        0      922        0      719      715      112     1987        0       11       29
 2250.000000      927      927        1        0      927        0      717      716      111     2000        1       10       29
 2251.000000      930      930        1        0      930        0      715      711      116     1992        0       11       29
 2252.000000      938      938        1        0      938        0      717      716      112     1971        0       13       27
 2253.000000      938      938        1        0      938        0      727      727      108     1992        1       10       29
 2254.000000      935      935        1        0      935        0      721      719      114     1989        0       12       28
 2255.000000      947      947        1        0      947        0      715      713      109     2028        0       14       26
 2256.000000      934      934        1        0      934        0      715      714      101     1961        1       11       28
 2257.000000      918      918        1        0      918        0      726      726      106     1977        0       10       30
 2258.000000      936      936        1        0      936        0      712      710      110     2002        1       11       28
 2259.000000      909      909        1        0      909        0      717      716      106     1942        0       11       29
 2260.000000      911      911        1        0      911        0      716      716      113     1952        1        8       31
 2261.000000      943      943        1        0      943        0      714      713      108     1945        1       11       28
 2262.000000      930      930        1        0      930        0      699      697      111     1976        1       11       28
 2263.000000      929      929        1        0      929        0      718      717      110     1996        2        8       30
 2264.000000      923      923        1        0      923        0      711      708      108     2013        1       10       29
 2265.000000      929      929        1        0      929        0      719      718      111     1981        1       10       29
 2266.000000      944      944        1        0      944        0      700      696      114     1980        1       14       25
 2267.000000      930      930        1        0      930        0      717      716      111     1966        2        9       29
 2268.000000      949      949        1        0      949        0      722      717      116     1971        1       16       23
 2269.000000      943      943        1        0      943        0      715      713      112     1959        1       14       25
 2270.000000      939      939        1        0      939        0      708      704      113     1944        0       14       26
 2271.000000      946      946        1        0      946        0      722      721      108     1968        1       12       27
 2272.000000      960      960        1        0      960        0      713      709      106     1957        1       16       23
 2273.000000      941      941        1        0      941        0      714      710      105     1975        0       14       26
 2274.000000      924      924        1        0      924        0      723      721      102     1992        0       14       26
 2275.000000      926      926        1        0      926        0      723      721      100     1966        2       11       27
 2276.000000      939      939        1        0      939        0      715      714      109     1974        0       15       25
 2277.000000      938      938        1        0      938        0      700      700      111     1951        0       15       25
 2278.000000      933      933        1        0      933        0      724      723      114     1972        0       15       25
 2279.000000      918      918        1        0      918        0      724      720       97     2000        1       10       29
 2280.000000      917      917        1        0      917        0      716      715      111     1919        1       10       29
 2281.000000      942      942        1        0      942        0      712      710      118     1996        1       11       28
 2282.000000      929      929        1        0      929        0      724      720      102     2006        1       10       29
 2283.000000      940      940        1        0      940        0      717      717      110     2018        0       12       28
 2284.000000      948      948        1        0      948        0      725      723      115     2012        1       11       28
 2285.000000      952      952        1        0      952        0      731      729      111     1968        0       14       26
 2286.000000      942      942        1        0      942        0      734      733      101     2005        0       12       28
 2287.000000      954      954        1        0      954        0      742      737      107     1985        1       12       27
 2288.000000      934      934        1        0      934        0      733      730      101     1976        0       11       29
 2289.000000      957      957        1        0      957        0      749      746      103     1992        1       11       28
 2290.000000      953      953        1        0      953        0      738      733      108     1993        1       14       25
 2291.000000      935      935        1        0      935        0      716      713      116     1975        0       11       29
 2292.000000      934      934        1        0      934        0      723      719      109     1961        0       12       28
 2293.000000      930      930        1        0      930        0      717      717      122     1978        0       13       27
 2294.000000      952      952        1        0      952        0      725      724      114     1952        1       12       27
 2295.000000      940      940        1        0      940        0      723      722      106     1981        1       13       26
 2296.000000      941      941        1        0      941        0      739      736      107     1964        1       10       29
 2297.000000      932      932        1        0      932        0      718      718      105     1977        1       10       29
 2298.000000      923      923        1        0      923        0      731      731      108     1966        1       10       29
 2299.000000      942      942        1        0      942        0      714      714      113     2009        1       13       26
 2300.000000      937      937        1        0      937        0      726      725      110     1985        1       12       27
 2301.000000      961      961        1        0      961        0      723      722      101     1987        1       14       25
 2302.000000      946      946        1        0      946        0      716      714      115     1982        0       13       27
 2303.000000      948      948        1        0      948        0      709      707      107     1989        0       12       28
 2304.000000      941      941        1        0      941        0      729      727      104     1975        1       11       28
 2305.000000      941      941        1       10      927        4      718      718      112     2003        0       16       24
 2306.000000      937      937        1        0      937        0      734      732      103     1968        1       11       28
 2307.000000      930      930        1        0      930        0      730      729      105     1976        1       10       29
 2308.000000      930      930        1        0      930        0      735      734       94     1965        1       10       29
 2309.000000      924      924        1        0      924        0      720      719      106     1994        0       11       29
 2310.000000      922      922        1        0      922        0      736      736      107     1983        0       11       29
 2311.000000      939      939        1        0      939        0      732      731       96     1953        0       12       28
 2312.000000      952      952        1        0      952        0      734      733       98     1991        0       13       27
 2313.000000      930      930        1        0      930        0      718      715      118     1992        2        8       30
 2314.000000      925      925        1        0      925        0      730      730      106     2004        1       10       29
 2315.000000      926      926        1        0      926        0      732      732      105     1991        1       10       29
 2316.000000      946      946        1        0      946        0      728      726      115     2019        0       16       24
 2317.000000      929      929        1        0      929        0      720      718      105     2049        1       10       29
 2318.000000      934      934        1        0      934        0      728      723      108     2010        1       10       29
 2319.000000      925      925        1        0      925        0      736      733       98     1963        1       10       29
 2320.000000      927      927        1        0      927        0      732      730      104     2004        2        8       30
 2321.000000      927      927        1        0      927        0      724      723      104     1983        1       11       28
 2322.000000      926      926        1        0      926        0      737      735      101     1970        1       10       29
 2323.000000      926      926        1        0      926        0      719      718      106     1972        1       10       29
 2324.000000      924      924        1        0      924        0      722      722      111     1978        0       10       30
 2325.000000      925      925        1        0      925        0      712      709      117     1982        1       10       29
 2326.000000      927      927        1        0      927        0      725      723      110     2003        0       11       29
 2327.000000      919      919        1        0      919        0      722      720      108     1988        0       11       29
 2328.000000      924      924        1        0      924        0      715      714      105     1986        1       10       29
 2329.000000      922      922        1        0      922        0      729      729      109     2024        1       10       29
 2330.000000      921      921        1        0      921        0      722      721       98     1974        0       11       29
 2331.000000      924      924        1        0      924        0      719      717      110     1972        0       10       30
 2332.000000      923      923        1        0      923        0      717      716      114     1992        1        9       30
 2333.000000      931      931        1        0      931        0      726      722      111     1979        1       10       29
 2334.000000      925      925        1        0      925        0      708      706      122     1978        1       10       29
 2335.000000      933      933        1        0      933        0      707      704      118     1970        1       11       28
 2336.000000      931      931        1        0      931        0      716      715      107     1968        1       10       29
 2337.000000      946      946        1        0      946        0      720      717      109     1975        2        9       29
 2338.000000      934      934        1        0      934        0      708      707      110     1959        0       11       29
 2339.000000      935      935        1        0      935        0      713      711      114     1972        0       13       27
 2340.000000      936      936        1        0      936        0      711      708      110     2005        0       11       29
 2341.000000      942      942        1        0      942        0      721      720      102     1979        0       11       29
 2342.000000      961      961        1        0      961        0      720      717      114     2008        0       14       26
 2343.000000      935      935        1        0      935        0      727      726      115     2013        1       10       29
 2344.000000      941      941        1        0      941        0      714      713      115     1995        1       10       29
 2345.000000      943      943        1        0      943        0      708      707      122     2000        1       12       27
 2346.000000      936      936        1        0      936        0      711      705      113     1973        1       11       28
 2347.000000      958      958        1        0      958        0      721      717      123     1971        1       11       28
 2348.000000      951      951        1        0      951        0      733      729      108     1994        1       12       27
 2349.000000      942      942        1       10      928        4      735      732       99     1975        0       12       28
 2350.000000      946      946        1       12      927        7      725      723      115     2007        0       12       28
 2351.000000      944      944        1        8      930        6      725      725      103     2003        0       11       29
 2352.000000      940      940        1       11      922        7      719      718      104     1978        0       13       27
 2353.000000      948      948        1       12      929        7      718      717      105     1976        0       14       26
 2354.000000      951      951        1       13      933        5      716      715      111     1974        0       13       27
 2355.000000      941      941        1        8      927        6      714      714      101     1988        0       12       28
 2356.000000      940      940        1        8      926        6      724      720       97     1964        0       12       28
 2357.000000      948      948        1        0      948        0      734      733       98     1976        0       12       28
 2358.000000      941      941        1        0      941        0      721      721      108     1989        1        9       30
 2359.000000      929      929        1        0      929        0      725      724      115     2010        0       10       30
 2360.000000      947      947        1        0      947        0      725      725      105     1985        1       11       28
 2361.000000      929      929        1        0      929        0      714      713      112     1983        0       10       30
 2362.000000      936      936        1        0      936        0      714      712      115     1980        0       12       28
 2363.000000      925      925        1        0      925        0      710      710      116     1962        0       10       30
 2364.000000      923      923        1        0      923        0      708      708      119     1990        1        9       30
 2365.000000      927      927        1        0      927        0      709      706      121     1991        1        9       30
 2366.000000      923      923        1        0      923        0      720      718      107     1974        0       10       30
 2367.000000      927      927        1        0      927        0      713      712      114     1987        0       10       30
 2368.000000      925      925        1        0      925        0      728      723      107     1961        0       10       30
 2369.000000      925      925        1        0      925        0      718      717      107     1972        0       10       30
 2370.000000      932      932        1        0      932        0      718      714      107     1986        1        9       30
 2371.000000      931      931        1        0      931        0      729      724       99     1958        0       11       29
 2372.000000      936      936        1        0      936        0      721      720      108     1999        0       11       29
 2373.000000      913      913        1        0      913        0      717      714      117     1968        0        9       31
 2374.000000      916      916        1        0      916        0      718      712      118     1979        0        9       31
 2375.000000      912      912        1        0      912        0      703      701      110     1985        0       10       30
 2376.000000      920      920        1        0      920        0      707      703      112     1991        0       10       30
 2377.000000      926      914        2        0      926        0      721      718      103     1988        0       11       29
 2378.000000      925      925        1        0      925        0      717      711      119     1970        0       10       30
 2379.000000      921      921        1        0      921        0      705      702      108     1959        1        8       31
 2380.000000      940      940        1        0      940        0      721      718      107     1960        0       11       29
 2381.000000      923      923        1        0      923        0      712      712      102     1973        1       11       28
 2382.000000      926      926        1        0      926        0      712      711      104     1980        1       10       29
 2383.000000      930      930        1        0      930        0      715      710      109     1976        1        9       30
 2384.000000      930      930        1        0      930        0      721      721      108     1966        1       10       29
 2385.000000      924      924        1        0      924        0      709      706      115     1976        1        9       30
 2386.000000      930      930        1        0      930        0      703      700      118     1955        1       11       28
 2387.000000      925      925        1        0      925        0      722      717      101     1954        0        9       31
 2388.000000      926      926        1        0      926        0      708      707      111     1971        2        8       30
 2389.000000      917      917        1        0      917        0      713      710      120     1948        0       10       30
 2390.000000      927      927        1        0      927        0      710      709      109     1978        1       11       28
 2391.000000      923      923        1        0      923        0      710      707      110     1993        1       10       29
 2392.000000      933      933        1        0      933        0      699      697      103     1988        1       11       28
 2393.000000      929      929        1        0      929        0      711      707      118     1954        1       11       28
 2394.000000      923      923        1        0      923        0      700      699      115     1973        1        9       30
 2395.000000      925      925        1        0      925        0      711      709      117     1930        1       11       28
 2396.000000      944      944        1        0      944        0      734      731       97     1994        0       13       27
 2397.000000      918      918        1        0      918        0      722      720      110     1977        1        9       30
 2398.000000      937      937        1        0      937        0      709      706      117     1980        1       14       25
 2399.000000      906      906        1        0      906        0      709      705      109     1970        0        8       32
 2400.000000      907      907        1        0      907        0      727      722      113     1966        1        8       31
 2401.000000      930      918        2        0      930        0      701      701      106     2016        1       10       29
 2402.000000      928      928        1        0      928        0      720      720      110     1989        0       11       29
 2403.000000      943      943        1        0      943        0      720      716      114     2015        2       10       28
 2404.000000      926      926        1        0      926        0      721      718      110     1992        1       10       29
 2405.000000      932      932        1        0      932        0      717      716      110     1975        1       12       27
 2406.000000      919      919        1        0      919        0      720      718      109     1974        0       10       30
 2407.000000      930      930        1        0      930        0      727      724      107     1998        1       11       28
 2408.000000      940      940        1        0      940        0      722      721      110     1995        0       13       27
 2409.000000      929      929        1        0      929        0      719      719      107     1952        0       12       28
 2410.000000      935      935        1        0      935        0      710      710      107     1976        0       13       27
 2411.000000      946      946        1        0      946        0      716      715      111     1968        0       14       26
 2412.000000      935      935        1        0      935        0      727      726      105     1965        0       13       27
 2413.000000      937      937        1        0      937        0      701      696      114     1947        0       11       29
 2414.000000      925      913        2        0      925        0      713      709      115     1927        0       13       27
 2415.000000      919      919        1        0      919        0      717      713      115     1944        0       12       28
 2416.000000      938      938        1        0      938        0      714      712      115     1980        0       14       26
 2417.000000      938      938        1        0      938        0      721      719      112     1962        0       12       28
 2418.000000      940      940        1        0      940        0      712      712      107     1953        0       13       27
 2419.000000      954      954        1        0      954        0      718      717      105     1978        1       13       26
 2420.000000      962      962        1       14      948        0      718      715      113     1990        2       14       24
 2421.000000      940      940        1        0      940        0      710      707      106     2023        0       12       28
 2422.000000      927      927        1        0      927        0      717      716      110     1965        0       11       29
 2423.000000      927      927        1        0      927        0      714      713      117     2005        0       12       28
 2424.000000      933      933        1        0      933        0      718      716      109     1977        1       11       28
 2425.000000      939      939        1        0      939        0      718      716      103     1981        1       13       26
 2426.000000      948      948        1        0      948        0      710      707      115     1981        0       13       27
 2427.000000      962      962        1        0      962        0      714      712      103     1958        0       15       25
 2428.000000      947      947        1        0      947        0      726      722      123     1993        1       13       26
 2429.000000      959      946        2        0      959        0      710      709      113     1978        1       10       29
 2430.000000      975      975        1        0      975        0      709      703      116     1977        1       15       24
 2431.000000      953      953        1        0      953        0      729      727       99     1993        1       12       27
 2432.000000      985      972        2        0      985        0      711      709      111     2016        1       14       25
 2433.000000      942      929        2        0      942        0      715      713       99     1994        0       14       26
 2434.000000      939      939        1        0      939        0      730      729       96     2005        0       14       26
 2435.000000      943      943        1        0      943        0      738      737      109     1975        1       12       27
 2436.000000      949      949        1        0      949        0      734      730      100     1993        1       14       25
 2437.000000      950      950        1        0      950        0      738      736      109     1983        1       14       25
 2438.000000      936      936        1        0      936        0      722      721      116     1966        0       13       27
 2439.000000      949      949        1        0      949        0      723      720      111     1962        0       15       25
 2440.000000      947      947        1        0      947        0      728      726      108     1977        1       13       26
 2441.000000      948      948        1        0      948        0      730      730      103     1953        2       12       26
 2442.000000      935      935        1        0      935        0      724      723      113     1946        0       13       27
 2443.000000      941      941        1        0      941        0      729      727      109     1974        0       13       27
 2444.000000      937      937        1        0      937        0      731      731      103     1973        0       12       28
 2445.000000      931      931        1        0      931        0      730      730      107     2000        1       12       27
 2446.000000      932      932        1        0      932        0      727      724      109     1973        1       12       27
 2447.000000      944      944        1        0      944        0      731      728      102     1962        1       13       26
 2448.000000      941      941        1        0      941        0      740      739      109     1950        1       12       27
 2449.000000      933      933        1        0      933        0      735      733      117     1977        0       13       27
 2450.000000      927      927        1        0      927        0      728      725      118     1969        1       12       27
 2451.000000      932      932        1        0      932        0      735      733      105     2009        2       11       27
 2452.000000      946      946        1        0      946        0      736      733      110     1976        0       15       25
 2453.000000      930      930        1        0      930        0      736      736      103     2018        1       12       27
 2454.000000      921      921        1        0      921        0      732      730      104     1985        1       10       29
 2455.000000      928      928        1        0      928        0      728      728      102     2001        1       12       27
 2456.000000      935      935        1        0      935        0      718      717      111     1996        1       13       26
 2457.000000      936      936        1        0      936        0      730      728      112     1967        0       13       27
 2458.000000      913      913        1        0      913        0      734      731      106     1972        0       11       29
 2459.000000      915      915        1        0      915        0      731      730      106     1989        1       11       28
 2460.000000      919      919        1        0      919        0      736      734      110     1964        0       12       28
 2461.000000      959      947        2        0      959        0      735      732      107     2002        2       14       24
 2462.000000      935      935        1        0      935        0      742      741       97     1979        1       11       28
 2463.000000      909      909        1        0      909        0      720      718      109     1951        0       11       29
 2464.000000      930      918        2        0      930        0      725      725      110     2004        0       13       27
 2465.000000      905      905        1        0      905        0      735      732      103     1986        1       10       29
 2466.000000      949      937        2        0      949        0      724      721      111     1977        1       14       25
 2467.000000      927      915        2        0      927        0      728      725      109     1930        1       11       28
 2468.000000      944      944        1        0      944        0      723      719      119     1976        0       14       26
 2469.000000      914      914        1        0      914        0      721      721      107     1979        1       12       27
 2470.000000      938      938        1        0      938        0      723      722      106     1941        0       14       26
 2471.000000      931      919        2        0      931        0      733      731      110     1990        1       11       28
 2472.000000      920      920        1        0      920        0      727      725      108     1931        0       10       30
 2473.000000      905      905        1        0      905        0      742      741      102     1976        1       10       29
 2474.000000      916      916        1        0      916        0      721      721      109     2022        1       10       29
 2475.000000      921      921        1        0      921        0      731      731      111     1958        1        9       30
 2476.000000      927      927        1        0      927        0      732      730      104     1952        1       11       28
 2477.000000      911      911        1        0      911        0      727      723      114     1931        0       11       29
 2478.000000      907      907        1        0      907        0      725      723      113     1942        0       10       30
 2479.000000      914      914        1        0      914        0      735      734      102     1950        1       10       29
 2480.000000      916      916        1        0      916        0      729      724      110     1973        0       11       29
 2481.000000      920      920        1        0      920        0      719      717      109     1943        0       11       29
 2482.000000      916      916        1        0      916        0      740      740       94     1946        1        9       30
 2483.000000      914      914        1        0      914        0      723      721      112     1941        0       11       29
 2484.000000      910      910        1        0      910        0      726      724      107     1928        0       11       29
 2485.000000      919      919        1        0      919        0      735      732      103     1950        1       10       29
 2486.000000      919      919        1        0      919        0      738      735      109     1976        1       11       28
 2487.000000      931      931        1        0      931        0      731      728      107     1980        1       12       27
 2488.000000      932      932        1        0      932        0      726      723      123     1984        1       11       28
 2489.000000      917      917        1        0      917        0      744      743      103     1986        2        9       29
 2490.000000      926      926        1        0      926        0      716      715      124     1957        1       11       28
 2491.000000      917      917        1        0      917        0      719      716      110     1989        1        8       31
 2492.000000      916      916        1        0      916        0      731      730      111     1984        0       12       28
 2493.000000      917      917        1        0      917        0      733      731      110     1949        0       10       30
 2494.000000      918      918        1        0      918        0      731      731      117     1962        2        9       29
 2495.000000      919      919        1        0      919        0      733      730      111     1943        1       10       29
 2496.000000      920      920        1        0      920        0      735      732       97     1959        1       10       29
 2497.000000      912      912        1        0      912        0      739      737      114     1969        0       10       30
 2498.000000      913      913        1        0      913        0      740      738       98     1992        1        9       30
 2499.000000      922      922        1        0      922        0      736      732       93     1973        0       11       29
 2500.000000      917      917        1        0      917        0      741      739      108     1960        0       11       29
 2501.000000      929      929        1        0      929        0      734      731      101     2005        2       10       28
 2502.000000      931      931        1        0      931        0      738      737      104     1959        2       10       28
 2503.000000      928      928        1        0      928        0      732      731      114     1964        2       10       28
 2504.000000      931      931        1        0      931        0      740      737      113     1978        0       11       29
 2505.000000      933      933        1        0      933        0      746      742      104     1925        1       12       27
 2506.000000      939      939        1        0      939        0      735      734      110     1940        0       12       28
 2507.000000      922      922        1        0      922        0      739      738      100     1947        1       11       28
 2508.000000      920      920        1        0      920        0      726      724      112     1995        2        9       29
 2509.000000      925      925        1        0      925        0      729      724      111     1991        1       11       28
 2510.000000      919      919        1        0      919        0      745      744      105     1984        0       12       28
 2511.000000      917      917        1        0      917        0      742      740      103     1997        0       11       29
 2512.000000      934      934        1        0      934        0      735      733      114     2001        2       10       28
 2513.000000      944      944        1        0      944        0      734      733      100     2040        1       12       27
 2514.000000      925      925        1        0      925        0      752      748      104     2031        0       12       28
 2515.000000      923      923        1        0      923        0      749      746      100     1997        1       11       28
 2516.000000      916      916        1        0      916        0      728      727      107     2010        0       12       28
 2517.000000      930      930        1        0      930        0      724      723       99     1978        1       11       28
 2518.000000      919      919        1        0      919        0      725      723      107     2006        0       12       28
 2519.000000      938      938        1        0      938        0      734      730      114     1992        0       14       26
 2520.000000      941      941        1        0      941        0      731      730      107     2025        0       12       28
 2521.000000      925      925        1        0      925        0      722      721      106     1974        1       11       28
 2522.000000      924      924        1        0      924        0      732      731      105     1960        0       12       28
 2523.000000      931      931        1        0      931        0      731      728      103     1969        1       11       28
 2524.000000      928      928        1        0      928        0      734      733      109     1956        0       11       29
 2525.000000      919      919        1        0      919        0      719      717      118     1971        0       12       28
 2526.000000      936      936        1        0      936        0      735      731      113     1974        0       14       26
 2527.000000      950      950        1        0      950        0      744      743      100     1981        0       14       26
 2528.000000      937      937        1        0      937        0      728      727      115     1973        0       12       28
 2529.000000      917      917        1        0      917        0      726      723      110     2002        0       11       29
 2530.000000      924      924        1        0      924        0      741      738      107     1984        0       11       29
 2531.000000      923      923        1        0      923        0      740      736      104     1972        0       12       28
 2532.000000      930      930        1        0      930        0      737      736      102     1986        1       11       28
 2533.000000      919      919        1        0      919        0      726      723      103     1934        2       10       28
 2534.000000      916      916        1        0      916        0      711      711      111     1964        0       11       29
 2535.000000      938      938        1        0      938        0      725      723      113     1962        0       13       27
 2536.000000      919      919        1        0      919        0      732      729      106     1968        0       11       29
 2537.000000      939      939        1        0      939        0      714      713      117     1973        1       12       27
 2538.000000      940      940        1        0      940        0      719      718      107     1973        1       12       27
 2539.000000      923      923        1        0      923        0      730      726      113     2009        0       11       29
 2540.000000      929      929        1        0      929        0      726      725      108     1973        0       12       28
 2541.000000      925      925        1        0      925        0      722      721      103     1958        0       12       28
 2542.000000      935      935        1        0      935        0      729      727      112     1954        1       12       27
 2543.000000      919      919        1        0      919        0      714      712      111     1962        0       11       29
 2544.000000      924      924        1        0      924        0      723      722      101     1972        1       10       29
 2545.000000      934      934        1        0      934        0      730      729      106     1962        0       13       27
 2546.000000      935      935        1        0      935        0      728      725       96     1967        2       11       27
 2547.000000      922      922        1        0      922        0      721      719      101     2007        0       11       29
 2548.000000      940      940        1        0      940        0      721      714      112     1992        0       13       27
 2549.000000      921      921        1        0      921        0      729      724      108     1944        0       11       29
 2550.000000      925      925        1        0      925        0      719      717      109     1989        0       10       30
 2551.000000      929      929        1        0      929        0      736      736      105     1975        0       11       29
 2552.000000      932      932        1        0      932        0      720      719      111     1974        0       15       25
 2553.000000      932      932        1        0      932        0      725      723      113     1975        1        9       30
 2554.000000      931      931        1        0      931        0      721      718      107     1988        1       11       28
 2555.000000      927      927        1        0      927        0      718      714      106     1949        1       10       29
 2556.000000      937      937        1        0      937        0      736      734       92     1963        0       11       29
 2557.000000      919      919        1        0      919        0      733      731       98     1952        1       10       29
 2558.000000      933      933        1        0      933        0      722      720      106     1960        2       10       28
 2559.000000      926      926        1        0      926        0      727      724      100     1992        1       10       29
 2560.000000      922      922        1        0      922        0      721      720      109     1966        1       10       29
 2561.000000      929      929        1        0      929        0      739      738      103     1961        1       10       29
 2562.000000      924      924        1        0      924        0      740      739       97     1961        1       10       29
 2563.000000      924      924        1        0      924        0      740      738       99     1951        0       11       29
 2564.000000      927      927        1        0      927        0      739      739       97     2012        1       10       29
 2565.000000      933      933        1        0      933        0      735      732      107     1977        1       10       29
 2566.000000      919      919        1        0      919        0      730      728       98     1961        0        9       31
 2567.000000      937      937        1        0      937        0      723      718      112     2001        1       11       28
 2568.000000      934      934        1        0      934        0      714      710      114     1957        1        9       30
 2569.000000      943      943        1        0      943        0      734      731      105     1955        1       10       29
 2570.000000      933      933        1        0      933        0      737      735       95     2003        1       11       28
 2571.000000      930      930        1        0      930        0      723      721      126     1991        1       10       29
 2572.000000      941      941        1        0      941        0      721      719      113     1995        1       10       29
 2573.000000      929      929        1        0      929        0      739      737      104     1984        0       12       28
 2574.000000      933      933        1        0      933        0      719      717      104     1969        1        8       31
 2575.000000      962      962        1        0      962        0      732      729      110     1964        0       14       26
 2576.000000      951      951        1        0      951        0      719      717      113     1980        1       11       28
 2577.000000      917      917        1        0      917        0      714      711      112     1941        1        7       32
 2578.000000      937      937        1        0      937        0      725      724      101     1951        0       13       27
 2579.000000      950      950        1        0      950        0      722      721      102     1996        1       11       28
 2580.000000      927      927        1        0      927        0      727      726      101     1995        0        9       31
 2581.000000      943      943        1        0      943        0      728      726      109     1943        1       12       27
 2582.000000      928      928        1        0      928        0      720      715      120     1961        0       10       30
 2583.000000      927      927        1        0      927        0      733      732      107     1963        0       10       30
 2584.000000      929      929        1        0      929        0      726      723      105     1958        0       11       29
 2585.000000      939      939        1        0      939        0      724      721      108     1939        0       12       28
 2586.000000      930      930        1        0      930        0      729      726      115     1957        1       10       29
 2587.000000      931      931        1        0      931        0      718      718      109     1962        1       10       29
 2588.000000      932      932        1        0      932        0      726      720      102     1957        0        9       31
 2589.000000      923      923        1        0      923        0      728      725      105     1966        0        9       31
 2590.000000      946      946        1        0      946        0      729      727      106     1959        2        9       29
 2591.000000      921      921        1        0      921        0      716      714      110     1963        0        9       31
 2592.000000      919      919        1        0      919        0      723      720      112     1975        0       10       30
 2593.000000      932      932        1        0      932        0      716      714      120     1972        0        8       32
 2594.000000      942      942        1        0      942        0      712      711      112     2018        0       12       28
 2595.000000      935      935        1        0      935        0      726      723      107     1975        0       12       28
 2596.000000      935      935        1        0      935        0      729      726      115     1961        0       11       29
 2597.000000      929      929        1        0      929        0      723      720      113     1964        0       11       29
 2598.000000      941      941        1        0      941        0      740      736      100     1986        1        9       30
 2599.000000      924      924        1        0      924        0      724      723      109     1987        2        9       29
 2600.000000      926      926        1        0      926        0      720      718      115     1952        1       11       28
 2601.000000      924      924        1        0      924        0      733      731      103     1949        0       11       29
 2602.000000      925      925        1        0      925        0      726      724      106     1973        2       10       28
 2603.000000      926      926        1        0      926        0      721      721      107     1983        0       11       29
 2604.000000      921      921        1        0      921        0      729      727      109     1997        1        8       31
 2605.000000      930      930        1        0      930        0      731      730       99     1966        1        9       30
 2606.000000      916      916        1        0      916        0      730      729      107     1953        1        7       32
 2607.000000      926      926        1        0      926        0      732      725      110     1984        0       10       30
 2608.000000      921      921        1        0      921        0      722      717      113     1964        0       10       30
 2609.000000      934      934        1        0      934        0      728      728       94     1968        1        9       30
 2610.000000      946      946        1        0      946        0      727      719      105     1996        1       12       27
 2611.000000      959      959        1        0      959        0      717      713      103     1987        2       11       27
 2612.000000      917      917        1        0      917        0      720      717      107     1956        0       10       30
 2613.000000      917      917        1        0      917        0      708      706      101     1980        0        9       31
 2614.000000      927      927        1        0      927        0      725      719      107     1970        0        9       31
 2615.000000      926      926        1        0      926        0      727      724      113     1989        0       10       30
 2616.000000      941      941        1        0      941        0      741      736       90     1944        0       11       29
 2617.000000      965      952        2        0      965        0      718      716      106     1971        1       14       25
 2618.000000      939      939        1        0      939        0      720      719      101     1985        1       10       29
 2619.000000      921      921        1        0      921        0      720      719       99     1967        0       11       29
 2620.000000      934      934        1        0      934        0      728      728      104     1954        1        9       30
 2621.000000      939      939        1        0      939        0      728      726       99     1966        2       10       28
 2622.000000      935      935        1        0      935        0      734      731      104     2008        0        8       32
 2623.000000      932      932        1        0      932        0      721      720      104     1985        0       11       29
 2624.000000      952      952        1        0      952        0      724      722      106     1976        1       11       28
 2625.000000      935      935        1        0      935        0      723      722      117     2009        1        9       30
 2626.000000      947      947        1        0      947        0      728      724      103     1990        1       11       28
 2627.000000      947      947        1        0      947        0      734      732      103     1958        0       12       28
 2628.000000      942      942        1        0      942        0      735      733       92     2017        1        8       31
 2629.000000      942      942        1        0      942        0      724      723      115     2011        1       11       28
 2630.000000      947      947        1        0      947        0      731      725      108     1974        0       12       28
 2631.000000      930      930        1        0      930        0      723      722      101     1995        0       10       30
 2632.000000      950      950        1        0      950        0      736      734      102     2007        1       11       28
 2633.000000      972      960        2        0      972        0      736      732       95     2013        1       15       24
 2634.000000      977      977        1        0      977        0      736      734      111     2013        1       12       27
 2635.000000      942      942        1        0      942        0      732      729      114     1987        1       13       26
 2636.000000      923      923        1        0      923        0      726      725      112     1993        1       12       27
 2637.000000      939      939        1        0      939        0      732      731      112     2042        1       10       29
 2638.000000      939      939        1        0      939        0      736      735      102     2015        1       11       28
 2639.000000      926      926        1        0      926        0      726      726      110     1986        0       11       29
 2640.000000      958      958        1        0      958        0      737      737      100     2032        2       12       26
 2641.000000      940      940        1        0      940        0      729      725      107     2023        0       13       27
 2642.000000      958      958        1        0      958        0      737      734      108     2038        2       13       25
 2643.000000      947      947        1        0      947        0      744      742      106     2042        2       13       25
 2644.000000      956      956        1        0      956        0      734      728      113     2050        2       12       26
 2645.000000      955      955        1        0      955        0      731      728      107     2022        2       13       25
 2646.000000      949      949        1        0      949        0      736      733      100     2002        2       12       26
 2647.000000      926      926        1        0      926        0      729      722      111     1972        1       13       26
 2648.000000      939      939        1        0      939        0      723      720      108     1980        2       13       25
 2649.000000      941      941        1        0      941        0      722      718      114     1963        2       11       27
 2650.000000      950      950        1        0      950        0      719      717      101     2005        1       13       26
 2651.000000      938      938        1        0      938        0      726      722      110     1943        1       13       26
 2652.000000      930      930        1        0      930        0      725      721      107     1955        1       12       27
 2653.000000      934      934        1        0      934        0      718      714      110     1973        2       12       26
 2654.000000      917      917        1        0      917        0      717      713      109     1969        0       13       27
 2655.000000      927      927        1        0      927        0      715      713      109     2004        0       13       27
 2656.000000      925      925        1        0      925        0      723      720      104     1992        1       12       27
 2657.000000      913      913        1        0      913        0      714      712       99     1974        0       11       29
 2658.000000      905      905        1        0      905        0      706      705      102     1969        0       13       27
 2659.000000      940      940        1        0      940        0      732      730      100     2010        1       12       27
 2660.000000      917      917        1        0      917        0      725      724      101     2036        0       14       26
 2661.000000      899      899        1        0      899        0      720      717      103     1999        0       10       30
 2662.000000      911      911        1        0      911        0      719      718      104     2011        1       12       27
 2663.000000      904      904        1        0      904        0      715      711      104     2007        1        8       31
 2664.000000      915      915        1        0      915        0      702      702      116     1980        1       11       28
 2665.000000      922      922        1        0      922        0      720      719      108     1978        1       11       28
 2666.000000      933      933        1        0      933        0      715      713      108     2002        0       16       24
 2667.000000      904      904        1        0      904        0      709      706      107     1960        0       11       29
 2668.000000      907      907        1        0      907        0      723      722      101     1992        0       10       30
 2669.000000      901      901        1        0      901        0      710      706      100     1967        0       13       27
 2670.000000      898      898        1        0      898        0      712      711      101     1962        0       10       30
 2671.000000      912      912        1        0      912        0      718      715       96     1985        0       12       28
 2672.000000      923      923        1        0      923        0      720      719       97     1977        0       12       28
 2673.000000      936      936        1        0      936        0      718      717      100     2001        1       12       27
 2674.000000      914      914        1        0      914        0      713      711      112     1988        0       10       30
 2675.000000      918      918        1        0      918        0      717      714      106     1965        1       10       29
 2676.000000      916      916        1        0      916        0      717      715      100     2003        1       10       29
 2677.000000      944      944        1        0      944        0      714      712       92     2007        0       14       26
 2678.000000      919      919        1        0      919        0      721      720      103     2006        0       11       29
 2679.000000      940      940        1        0      940        0      728      726      102     1986        1       11       28
 2680.000000      939      927        2        0      939        0      729      727      101     2003        1       13       26
 2681.000000      932      919        2        0      932        0      712      710      101     2017        0       13       27
 2682.000000      899      899        1        0      899        0      701      698      112     1990        0       10       30
 2683.000000      908      908        1        0      908        0      720      718      101     1994        0        9       31
 2684.000000      909      909        1        0      909        0      709      705      103     1984        0       10       30
 2685.000000      916      903        2        0      916        0      724      721       99     1990        0       11       29
 2686.000000      913      900        2        0      913        0      716      716      108     1957        0       11       29
 2687.000000      907      907        1        0      907        0      716      714      105     1979        0       10       30
 2688.000000      895      895        1        0      895        0      720      719      104     1954        0       10       30
 2689.000000      910      910        1        0      910        0      722      721      105     1983        1        9       30
 2690.000000      895      895        1        0      895        0      703      699      114     1991        0        9       31
 2691.000000      903      903        1        0      903        0      722      722      104     1969        0       10       30
 2692.000000      902      902        1        0      902        0      723      722      106     1961        0        7       33
 2693.000000      928      928        1        0      928        0      716      713      106     1992        1        9       30
 2694.000000      906      906        1        0      906        0      716      714      118     1945        1        8       31
 2695.000000      922      922        1        0      922        0      727      726      106     1996        1       10       29
 2696.000000      923      923        1        0      923        0      727      725       99     1986        0       13       27
 2697.000000      903      903        1        0      903        0      722      722      106     1967        0       11       29
 2698.000000      916      916        1        0      916        0      716      714      102     2002        0       11       29
 2699.000000      913      913        1        0      913        0      731      730       96     1959        0       11       29
 2700.000000      911      911        1        0      911        0      714      713      113     1992        1        8       31
 2701.000000      918      918        1        0      918        0      730      730      104     2011        0       10       30
 2702.000000      912      912        1        0      912        0      720      720      113     2005        0       11       29
 2703.000000      915      915        1        0      915        0      725      724      111     1992        1        9       30
 2704.000000      901      901        1        0      901        0      717      716      108     1964        0        9       31
 2705.000000      911      911        1        0      911        0      723      721      107     1987        0       10       30
 2706.000000      911      911        1        0      911        0      729      729      105     1937        0       10       30
 2707.000000      929      929        1        0      929        0      721      720      107     1993        3       11       26
 2708.000000      911      911        1        0      911        0      717      717      107     1989        1        9       30
 2709.000000      927      927        1        0      927        0      722      722      108     1955        2       10       28
 2710.000000      914      914        1        0      914        0      712      711      108     1971        1       11       28
 2711.000000      922      922        1        0      922        0      728      727      102     1966        0       12       28
 2712.000000      904      904        1        0      904        0      725      724      104     1958        0        9       31
 2713.000000      919      919        1        0      919        0      718      716      115     1957        1        9       30
 2714.000000      916      916        1        0      916        0      737      735      105     1968        0       11       29
 2715.000000      924      924        1        0      924        0      721      720      105     2005        2        8       30
 2716.000000      916      916        1        0      916        0      732      731       97     2017        0       10       30
 2717.000000      928      928        1        0      928        0      741      740       98     2009        0       10       30
 2718.000000      938      938        1        0      938        0      725      722      102     1980        0       11       29
 2719.000000      917      917        1        0      917        0      720      718      107     1996        1       10       29
 2720.000000      904      904        1        0      904        0      714      712      107     1979        0        9       31
 2721.000000      919      919        1        0      919        0      726      724      102     1997        0       12       28
 2722.000000      917      917        1        0      917        0      730      727      113     1969        0       12       28
 2723.000000      916      916        1        0      916        0      723      722      111     1996        0       11       29
 2724.000000      915      915        1        0      915        0      723      722      103     1979        0       11       29
 2725.000000      929      929        1        0      929        0      724      723       87     1985        0       12       28
 2726.000000      907      907        1        0      907        0      735      734      103     1984        0        9       31
 2727.000000      908      908        1        0      908        0      724      723      113     1924        0       10       30
 2728.000000      915      915        1        0      915        0      719      716      103     1980        0       10       30
 2729.000000      903      903        1        0      903        0      716      716      104     1994        0        8       32
 2730.000000      908      908        1        0      908        0      722      720       94     1938        0        8       32
 2731.000000      930      930        1        0      930        0      734      732      102     1990        0       11       29
 2732.000000      908      908        1        0      908        0      721      720       98     1968        1       10       29
 2733.000000      919      919        1        0      919        0      714      712       99     1945        0       11       29
 2734.000000      921      921        1        0      921        0      719      717      100     1944        0       11       29
 2735.000000      925      925        1        0      925        0      710      707      103     1936        0       11       29
 2736.000000      901      901        1        0      901        0      704      704      106     1925        0        8       32
 2737.000000      910      910        1        0      910        0      713      713      102     1973        0       10       30
 2738.000000      917      917        1        0      917        0      712      711      101     1937        0       11       29
 2739.000000      913      913        1        0      913        0      718      717       99     1962        1       11       28
 2740.000000      899      899        1        0      899        0      708      708      111     1945        0        9       31
 2741.000000      907      907        1        0      907        0      718      717      109     1966        0        9       31
 2742.000000      898      898        1        0      898        0      717      717      102     1932        0        8       32
 2743.000000      905      905        1        0      905        0      728      725       94     1991        0       11       29
 2744.000000      906      906        1        0      906        0      712      712      112     1952        0       11       29
 2745.000000      912      912        1        0      912        0      724      723       95     1953        0        9       31
 2746.000000      916      916        1        0      916        0      722      722       93     1950        0       12       28
 2747.000000      906      906        1        0      906        0      726      723       97     1951        0       10       30
 2748.000000      906      906        1        0      906        0      724      724       90     1938        1        9       30
 2749.000000      914      914        1        0      914        0      736      734       94     1952        0       11       29
 2750.000000      914      914        1        0      914        0      721      720       94     1984        2        9       29
 2751.000000      904      904        1        0      904        0      706      706       99     1966        0       10       30
 2752.000000      907      907        1        0      907        0      725      725       97     1957        0       10       30
 2753.000000      907      907        1        0      907        0      701      701      107     1973        1       10       29
 2754.000000      899      899        1        0      899        0      714      713       99     1952        0       10       30
 2755.000000      911      911        1        0      911        0      706      702      114     1974        0        9       31
 2756.000000      905      905        1        0      905        0      712      712      114     1953        0        9       31
 2757.000000      903      903        1        0      903        0      703      702      117     1959        0       10       30
 2758.000000      901      901        1        0      901        0      715      713       93     1952        0       10       30
 2759.000000      895      895        1        0      895        0      713      711      102     1992        1        9       30
 2760.000000      891      891        1        0      891        0      717      717      100     1945        0        8       32
 2761.000000      894      894        1        0      894        0      713      712      103     1949        0        9       31
 2762.000000      891      891        1        0      891        0      704      703      115     1959        0        9       31
 2763.000000      900      900        1        0      900        0      709      708      108     1978        0       10       30
 2764.000000      901      901        1        0      901        0      718      718      101     1958        0        8       32
 2765.000000      897      897        1        0      897        0      714      714      101     1925        1        8       31
 2766.000000      903      903        1        0      903        0      716      716       97     1924        1        7       32
 2767.000000      907      907        1        0      907        0      706      706      101     1948        1        8       31
 2768.000000      890      890        1        0      890        0      719      718      103     1943        0        8       32
 2769.000000      899      899        1        0      899        0      702      702      100     1958        1        7       32
 2770.000000      896      896        1        0      896        0      720      719       89     1978        0        9       31
 2771.000000      915      915        1        0      915        0      708      707      105     1948        0        9       31
 2772.000000      890      890        1        0      890        0      714      712      102     1970        0        9       31
 2773.000000      899      899        1        0      899        0      715      715       96     1977        0        9       31
 2774.000000      888      888        1        0      888        0      697      697      118     1966        0        8       32
 2775.000000      896      896        1        0      896        0      734      732       96     1962        0        9       31
 2776.000000      903      903        1        0      903        0      705      704       98     1961        0       10       30
 2777.000000      904      904        1        0      904        0      715      714       94     1966        0       10       30
 2778.000000      889      889        1        0      889        0      717      716      103     1963        0        8       32
 2779.000000      898      898        1        0      898        0      719      718      107     1941        1        9       30
 2780.000000      905      905        1        0      905        0      725      724       93     1953        0       10       30
 2781.000000      909      909        1        0      909        0      713      711       96     1976        1        8       31
 2782.000000      905      905        1        0      905        0      735      735       89     1930        0        9       31
 2783.000000      891      891        1        0      891        0      726      725      108     1950        0        8       32
 2784.000000      913      913        1        0      913        0      710      708      109     1984        1       11       28
 2785.000000      900      900        1        0      900        0      722      722       96     1968        0        9       31
 2786.000000      909      909        1        0      909        0      713      713      105     1963        0       10       30
 2787.000000      914      914        1        0      914        0      712      710      102     1947        0        9       31
 2788.000000      902      902        1        0      902        0      723      720      111     1936        0       10       30
 2789.000000      912      912        1        0      912        0      717      717      102     1953        0       10       30
 2790.000000      908      908        1        0      908        0      722      722      101     1952        0        9       31
 2791.000000      910      910        1        0      910        0      728      728      105     1946        1        9       30
 2792.000000      911      911        1        0      911        0      719      719       99     1964        1       11       28
 2793.000000      910      910        1        0      910        0      704      703      116     1962        0       12       28
 2794.000000      909      909        1        0      909        0      721      719       93     1956        0        9       31
 2795.000000      915      915        1        0      915        0      721      720       99     1970        0        9       31
 2796.000000      912      912        1        0      912        0      700      698      101     1965        0       11       29
 2797.000000      910      910        1        0      910        0      712      712       94     1954        1        8       31
 2798.000000      914      914        1        0      914        0      730      730       92     1969        0       10       30
 2799.000000      922      922        1        0      922        0      715      714      109     1961        0        9       31
 2800.000000      905      905        1        0      905        0      714      714      100     1987        0        9       31
 2801.000000      910      910        1        0      910        0      729      729       98     1976        0       10       30
 2802.000000      919      919        1        0      919        0      701      700      106     1981        0       10       30
 2803.000000      938      938        1        0      938        0      720      720       88     1934        2       10       28
 2804.000000      916      916        1        0      916        0      712      710      105     1970        1        9       30
 2805.000000      896      896        1        0      896        0      719      718       95     1955        0       10       30
 2806.000000      914      914        1        0      914        0      716      714      101     1970        0       12       28
 2807.000000      904      904        1        0      904        0      693      691      108     1929        0        9       31
 2808.000000      911      911        1        0      911        0      721      721      101     1966        0       10       30
 2809.000000      914      914        1        0      914        0      708      708       96     1987        0       10       30
 2810.000000      907      907        1        0      907        0      706      705      105     1984        0        9       31
 2811.000000      905      905        1        0      905        0      699      698      104     1966        0        9       31
 2812.000000      903      903        1        0      903        0      707      705      104     1970        0        9       31
 2813.000000      916      916        1        0      916        0      717      715       96     1926        1       11       28
 2814.000000      920      920        1        0      920        0      722      721      100     1952        0       11       29
 2815.000000      906      906        1        0      906        0      716      715       96     1997        0        9       31
 2816.000000      916      916        1        0      916        0      725      723      104     1961        0       10       30
 2817.000000      929      929        1        0      929        0      705      701      102     1968        1        9       30
 2818.000000      925      925        1        0      925        0      729      724      101     1998        0       10       30
 2819.000000      916      916        1        0      916        0      708      705       99     1993        0       10       30
 2820.000000      906      906        1        0      906        0      725      721      100     1983        0        9       31
 2821.000000      907      907        1        0      907        0      709      709      101     1957        0       11       29
 2822.000000      902      902        1        0      902        0      713      712      107     1965        0       10       30
 2823.000000      919      919        1        0      919        0      718      717       98     1970        1       11       28
 2824.000000      907      907        1        0      907        0      714      712      109     1952        0       10       30
 2825.000000      908      908        1        0      908        0      714      711      101     1954        0       11       29
 2826.000000      907      907        1        0      907        0      715      714      110     1986        1       11       28
 2827.000000      925      925        1        0      925        0      724      724       98     1951        0       12       28
 2828.000000      902      902        1        0      902        0      718      717      103     1985        0        9       31
 2829.000000      927      927        1        0      927        0      710      709      104     1956        1       10       29
 2830.000000      920      920        1        0      920        0      713      711      102     1967        1       11       28
 2831.000000      924      924        1        0      924        0      718      716      104     1970        1       11       28
 2832.000000      903      903        1        0      903        0      709      708      113     1974        0       12       28
 2833.000000      908      908        1        0      908        0      706      706      104     1950        1       11       28
 2834.000000      905      905        1        0      905        0      727      726      104     1947        1       11       28
 2835.000000      909      909        1        0      909        0      709      707      112     1987        1        9       30
 2836.000000      905      905        1        0      905        0      704      702      106     1975        0       11       29
 2837.000000      905      905        1        0      905        0      725      723      106     1968        0       10       30
 2838.000000      913      913        1        0      913        0      727      725      104     1987        0       12       28
 2839.000000      901      901        1        0      901        0      723      719      104     1974        0       10       30
 2840.000000      917      917        1        0      917        0      713      712      113     1952        0       10       30
 2841.000000      905      905        1        0      905        0      711      708      112     1971        1        9       30
 2842.000000      919      919        1        0      919        0      714      712      103     1953        0       11       29
 2843.000000      925      925        1        0      925        0      711      710      113     1998        1       10       29
 2844.000000      907      907        1        0      907        0      719      718      108     1952        0       11       29
 2845.000000      918      918        1        0      918        0      727      725       99     1984        1       11       28
 2846.000000      916      916        1        0      916        0      724      724       98     1930        0       10       30
 2847.000000      912      912        1        0      912        0      719      716      105     1942        1        7       32
 2848.000000      898      898        1        0      898        0      713      712      105     1985        0       10       30
 2849.000000      936      936        1        0      936        0      714      713      108     1996        1       10       29
 2850.000000      918      918        1        0      918        0      715      715      100     1967        1       10       29
 2851.000000      913      913        1        0      913        0      713      708      105     1975        1       10       29
 2852.000000      945      945        1        0      945        0      714      714      103     1963        1       13       26
 2853.000000      925      925        1        0      925        0      730      729       96     2000        1       10       29
 2854.000000      937      937        1        0      937        0      722      720      110     2001        1       11       28
 2855.000000      941      941        1        0      941        0      720      719      104     1990        0       12       28
 2856.000000      912      912        1        0      912        0      725      725      108     1982        1        8       31
 2857.000000      914      914        1        0      914        0      728      726      106     2027        0       12       28
 2858.000000      928      928        1        0      928        0      726      724      104     2014        1       12       27
 2859.000000      929      929        1        0      929        0      726      726      105     2024        1       12       27
 2860.000000      925      925        1        0      925        0      725      724      109     1972        0       12       28
 2861.000000      913      913        1        0      913        0      728      726      101     2006        1        9       30
 2862.000000      921      921        1        0      921        0      724      723      107     2021        0       12       28
 2863.000000      912      912        1        0      912        0      723      721      111     1965        0       13       27
 2864.000000      908      908        1        0      908        0      731      731      107     1975        0       11       29
 2865.000000      920      920        1        0      920        0      732      732      110     2004        1       10       29
 2866.000000      911      911        1        0      911        0      719      718      108     1974        0       13       27
 2867.000000      909      909        1        0      909        0      718      717      114     1969        0       12       28
 2868.000000      911      911        1        0      911        0      719      717      108     1958        0       12       28
 2869.000000      941      941        1        0      941        0      727      726      113     1985        2        9       29
 2870.000000      932      932        1        0      932        0      725      724      100     1994        1       11       28
 2871.000000      923      923        1        0      923        0      716      714      109     1987        0       12       28
 2872.000000      933      933        1        0      933        0      728      726       99     1974        0       12       28
 2873.000000      912      912        1        0      912        0      737      735       99     2002        0       11       29
 2874.000000      913      913        1        0      913        0      717      715      124     2010        0       11       29
 2875.000000      913      913        1        0      913        0      727      723      100     1999        0       11       29
 2876.000000      931      931        1        0      931        0      730      728      108     1992        1       12       27
 2877.000000      928      928        1        0      928        0      734      730      106     2004        1       10       29
 2878.000000      928      928        1        0      928        0      736      735       98     1999        0       12       28
 2879.000000      934      934        1        0      934        0      725      723      111     1986        1       11       28
 2880.000000      960      960        1        0      960        0      729      723      112     1988        1       10       29
 2881.000000      951      951        1        0      951        0      732      728      108     1984        0       12       28
 2882.000000      922      922        1        0      922        0      723      719      116     1983        1       10       29
 2883.000000      917      917        1        0      917        0      732      730      113     1987        1        9       30
 2884.000000      931      931        1        0      931        0      724      722      124     1990        1       11       28
 2885.000000      929      929        1        0      929        0      726      725      105     1983        1       11       28
 2886.000000      930      930        1        0      930        0      723      721      111     1999        3        9       28
 2887.000000      943      943        1        0      943        0      734      731      115     1993        1       10       29
 2888.000000      940      940        1        0      940        0      725      724      108     2015        0        9       31
 2889.000000      944      930        2       14      930        0      726      726      115     2002        1       11       28
 2890.000000      930      930        1        0      930        0      736      733      106     1957        0       12       28
 2891.000000      926      926        1        0      926        0      738      736      110     1975        0       11       29
 2892.000000      954      954        1        0      954        0      711      709      106     1997        1       12       27
 2893.000000      914      914        1        0      914        0      724      721      116     1960        0       11       29
 2894.000000      915      915        1        0      915        0      725      723      103     2011        1       10       29
 2895.000000      922      922        1        0      922        0      734      731      112     1962        1        9       30
 2896.000000      916      916        1        0      916        0      734      732      103     1982        0       10       30
 2897.000000      930      930        1        0      930        0      732      731      120     1986        1        9       30
 2898.000000      929      929        1        0      929        0      736      735       98     1999        1       12       27
 2899.000000      927      927        1        0      927        0      725      724      113     1987        1        9       30
 2900.000000      938      938        1        0      938        0      732      727      102     1992        0       12       28
 2901.000000      931      931        1        0      931        0      733      731      106     1996        1       11       28
 2902.000000      923      923        1        0      923        0      727      726      100     1959        1        9       30
 2903.000000      934      934        1        0      934        0      728      728      102     1994        0       11       29
 2904.000000      928      928        1        0      928        0      731      730      114     1987        1        9       30
 2905.000000      928      928        1        0      928        0      728      727      110     1984        1        9       30
 2906.000000      930      930        1        0      930        0      737      735      105     1957        1       11       28
 2907.000000      940      940        1        0      940        0      731      727      104     2001        1       10       29
 2908.000000      932      932        1        0      932        0      737      736      102     2005        0       11       29
 2909.000000      946      946        1        0      946        0      740      737      107     2004        1        9       30
 2910.000000      952      952        1        0      952        0      740      739      104     2006        1       11       28
 2911.000000      946      946        1        0      946        0      722      720      116     1973        0       11       29
 2912.000000      942      942        1        0      942        0      722      722      106     1974        0       11       29
 2913.000000      961      961        1        0      961        0      742      739      102     2027        0       14       26
 2914.000000      936      936        1        0      936        0      735      733      108     1988        0       11       29
 2915.000000      930      930        1        0      930        0      727      725      109     1959        1       10       29
 2916.000000      932      932        1        0      932        0      734      729       98     1960        0       11       29
 2917.000000      955      955        1        0      955        0      728      728      105     1975        0       14       26
 2918.000000      944      944        1        0      944        0      730      727       99     1994        1       11       28
 2919.000000      944      944        1        0      944        0      725      724      105     1978        1       11       28
 2920.000000      939      939        1        0      939        0      721      721      113     1980        1       11       28
 2921.000000      914      914        1        0      914        0      723      722      104     1957        0       11       29
 2922.000000      955      955        1        0      955        0      729      728      112     2018        1       11       28
 2923.000000      937      937        1        0      937        0      741      737      100     1956        1       10       29
 2924.000000      938      938        1        0      938        0      742      742       91     1955        0       11       29
 2925.000000      925      925        1        0      925        0      730      729      102     1966        0       10       30
 2926.000000      936      936        1        0      936        0      725      724      102     1969        1       10       29
 2927.000000      936      936        1        0      936        0      735      727      115     1947        0       11       29
 2928.000000      931      931        1        0      931        0      737      734      103     1925        0       10       30
 2929.000000      926      926        1        0      926        0      722      722      105     1956        1       11       28
 2930.000000      934      934        1        0      934        0      744      742      109     1965        1       10       29
 2931.000000      936      936        1        0      936        0      735      730      100     1970        0       11       29
 2932.000000      925      925        1        0      925        0      734      730      106     1948        0       11       29
 2933.000000      947      947        1        0      947        0      722      718      111     1963        0       12       28
 2934.000000      935      935        1        0      935        0      721      720      109     1975        0       10       30
 2935.000000      942      942        1        0      942        0      728      726      102     1976        1       11       28
 2936.000000      949      949        1        0      949        0      726      722      118     1975        1        9       30
 2937.000000      949      949        1        0      949        0      726      723      108     1988        1       10       29
 2938.000000      941      941        1        0      941        0      718      716      115     1946        1        9       30
 2939.000000      935      935        1        0      935        0      704      698      115     1976        1        9       30
 2940.000000      959      959        1        0      959        0      727      725       98     2023        0       11       29
 2941.000000      921      921        1        0      921        0      730      729      110     1971        0       10       30
 2942.000000      951      951        1        0      951        0      720      718      103     1973        0       10       30
 2943.000000      961      961        1        0      961        0      715      713      107     1987        2       11       27
 2944.000000      951      951        1        0      951        0      723      722      102     1960        1       11       28
 2945.000000      937      937        1        0      937        0      707      707      110     1980        1       10       29
 2946.000000      933      933        1        0      933        0      727      722      111     1976        1        8       31
 2947.000000      922      922        1        0      922        0      725      724      114     1965        1        9       30
 2948.000000      908      908        1        0      908        0      717      716      109     1939        0       10       30
 2949.000000      935      935        1        0      935        0      735      734       98     1972        0       10       30
 2950.000000      960      960        1        0      960        0      715      714      117     1964        0        9       31
 2951.000000      923      923        1        0      923        0      722      719      104     1947        0       10       30
 2952.000000      946      946        1        0      946        0      721      719      107     1962        0       11       29
 2953.000000      934      934        1        0      934        0      720      719       98     1951        0        9       31
 2954.000000      937      937        1        0      937        0      736      736       97     1987        0       11       29
 2955.000000      930      930        1        0      930        0      727      727      104     1984        1       10       29
 2956.000000      945      933        2        0      945        0      719      718      113     1981        1       12       27
 2957.000000      929      929        1        0      929        0      722      722      113     1946        0       11       29
 2958.000000      924      924        1        0      924        0      721      719      109     1987        0        9       31
 2959.000000      934      934        1        0      934        0      728      724      106     1979        0       12       28
 2960.000000      930      930        1        0      930        0      713      708      117     1996        0       10       30
 2961.000000      927      927        1        0      927        0      715      711      102     1969        0        9       31
 2962.000000      927      927        1        0      927        0      734      731      100     1982        0        9       31
 2963.000000      943      943        1        0      943        0      720      719      119     1969        1       13       26
 2964.000000      945      945        1        0      945        0      730      729      102     1985        1       10       29
 2965.000000      925      925        1        0      925        0      730      729      100     1999        1        9       30
 2966.000000      944      944        1        0      944        0      724      723      112     1975        1       11       28
 2967.000000      949      949        1        0      949        0      733      733      103     1961        1       12       27
 2968.000000      952      952        1        0      952        0      735      733      113     1975        1       11       28
 2969.000000      936      936        1        0      936        0      731      729      101     1970        0       11       29
 2970.000000      935      935        1        0      935        0      728      725       95     1984        0        9       31
 2971.000000      935      935        1        0      935        0      716      714      101     1993        0       11       29
 2972.000000      959      959        1        0      959        0      720      718      112     2007        0       13       27
 2973.000000      940      940        1        0      940        0      718      717       99     1984        1       10       29
 2974.000000      928      928        1        0      928        0      730      727      107     1973        0       10       30
 2975.000000      923      923        1        0      923        0      722      721       99     1984        0       11       29
 2976.000000      924      924        1        0      924        0      727      726      101     1999        0       11       29
 2977.000000      941      941        1        0      941        0      717      715      120     1963        0       11       29
 2978.000000      931      931        1        0      931        0      730      729      107     1995        1       10       29
 2979.000000      957      957        1        0      957        0      711      709      113     2001        1       12       27
 2980.000000      929      929        1        0      929        0      721      719      115     1972        0       10       30
 2981.000000      938      938        1        0      938        0      724      719      117     1985        0       11       29
 2982.000000      927      927        1        0      927        0      714      710      112     1992        0       10       30
 2983.000000      947      935        2        0      947        0      723      722      103     1992        1       12       27
 2984.000000      936      936        1        0      936        0      721      719      106     1989        0       10       30
 2985.000000      936      936        1        0      936        0      724      721      116     2033        0       13       27
 2986.000000      936      936        1        0      936        0      724      723      117     2002        0       11       29
 2987.000000      931      931        1        0      931        0      724      720      111     2014        0       11       29
 2988.000000      932      932        1        0      932        0      728      725      107     1974        0       11       29
 2989.000000      940      940        1        0      940        0      726      726      112     1969        1       11       28
 2990.000000      929      929        1        0      929        0      719      717      115     1970        0       11       29
 2991.000000      925      925        1        0      925        0      719      716      115     1974        0       10       30
 2992.000000      936      936        1        0      936        0      716      713      113     1978        1        9       30
 2993.000000      938      938        1        0      938        0      721      718      111     2021        1        9       30
 2994.000000      929      929        1        0      929        0      729      728      100     1995        1        9       30
 2995.000000      923      923        1        0      923        0      723      722      102     1969        0       11       29
 2996.000000      927      927        1        0      927        0      721      719      111     1982        0       10       30
 2997.000000      928      928        1        0      928        0      720      717      110     1939        0       10       30
 2998.000000      933      933        1        0      933        0      721      719      113     1977        0       11       29
 2999.000000      931      931        1        0      931        0      721      720      109     1977        0       12       28
 3000.000000      929      929        1        0      929        0      716      713      113     1992        0       10       30
 3001.000000      933      933        1        0      933        0      719      718      108     1980        1        9       30
 3002.000000      929      929        1        0      929        0      730      729      105     1963        1        9       30
 3003.000000      917      917        1        0      917        0      708      703      109     1952        0       10       30
 3004.000000      932      932        1        0      932        0      714      710      106     1985        0       13       27
 3005.000000      936      936        1        0      936        0      725      723      101     1974        1       11       28
 3006.000000      924      924        1        0      924        0      712      711      112     1962        0       11       29
 3007.000000      932      932        1        0      932        0      712      710      114     1944        1       10       29
 3008.000000      922      922        1        0      922        0      710      709      120     1960        1       11       28
 3009.000000      920      920        1        0      920        0      719      717      106     1961        0       11       29
 3010.000000      930      930        1        6      915        9      718      716      111     1968        1       10       29
 3011.000000      909      909        1        0      909        0      728      725       96     1952        0       10       30
 3012.000000      928      928        1        0      928        0      725      724      102     1967        0       11       29
 3013.000000      945      945        1        0      945        0      721      719      107     1952        1       10       29
 3014.000000      923      923        1        0      923        0      731      730      107     1969        0       11       29
 3015.000000      924      924        1        0      924        0      718      718      111     1934        0       10       30
 3016.000000      935      935        1        0      935        0      726      723      109     1989        1       10       29
 3017.000000      932      932        1        0      932        0      718      716      108     1973        1       10       29
 3018.000000      931      931        1        0      931        0      728      725      106     1960        1       10       29
 3019.000000      937      937        1        0      937        0      710      709      107     1963        1       10       29
 3020.000000      926      926        1        0      926        0      728      724      116     1955        0       11       29
 3021.000000      935      935        1        0      935        0      726      724      114     1979        1       10       29
 3022.000000      930      930        1        0      930        0      732      731      109     1949        0       12       28
 3023.000000      913      913        1        0      913        0      724      721      117     1946        0       11       29
 3024.000000      916      916        1        0      916        0      729      726      109     1958        0       11       29
 3025.000000      917      917        1        0      917        0      730      729      106     1972        0       12       28
 3026.000000      929      929        1        0      929        0      723      720      121     1962        0       13       27
 3027.000000      923      923        1        0      923        0      726      725      112     1997        0       11       29
 3028.000000      919      919        1        0      919        0      730      726      111     1974        0       12       28
 3029.000000      927      927        1        0      927        0      725      722      118     1989        0       11       29
 3030.000000      942      942        1        0      942        0      736      733      115     2016        1       10       29
 3031.000000      923      923        1        0      923        0      715      712      111     1985        1       10       29
 3032.000000      923      923        1        0      923        0      736      735      112     1971        0       11       29
 3033.000000      924      924        1        0      924        0      722      718      115     1993        0       11       29
 3034.000000      917      917        1        0      917        0      741      735      110     1965        0       10       30
 3035.000000      928      928        1        0      928        0      741      737      101     2003        0       11       29
 3036.000000      932      932        1        0      932        0      725      723      112     2017        1       10       29
 3037.000000      946      946        1        0      946        0      737      732      109     2004        0       12       28
 3038.000000      922      922        1        0      922        0      726      725      114     1990        0       10       30
 3039.000000      925      925        1        0      925        0      738      738      108     1984        0       11       29
 3040.000000      940      940        1        0      940        0      735      733      103     1996        1       10       29
 3041.000000      925      925        1        0      925        0      731      730      108     1979        0       11       29
 3042.000000      929      929        1        0      929        0      729      729      106     1998        0       11       29
 3043.000000      937      937        1        0      937        0      719      718      121     1997        0       11       29
 3044.000000      951      951        1        0      951        0      736      734      104     1989        0       12       28
 3045.000000      940      940        1        0      940        0      731      728      102     2012        0       12       28
 3046.000000      946      946        1        0      946        0      728      726      110     2011        0       13       27
 3047.000000      965      965        1        0      965        0      737      735      116     1982        0       14       26
 3048.000000      937      937        1        0      937        0      737      735      109     1996        0       12       28
 3049.000000      934      934        1        0      934        0      730      729      112     1992        0       11       29
 3050.000000      965      965        1        0      965        0      730      729      110     1998        0       12       28
 3051.000000      948      948        1        0      948        0      743      741      107     2030        0       13       27
 3052.000000      937      937        1        0      937        0      734      730      105     2022        0       11       29
 3053.000000      936      936        1        0      936        0      739      738      109     2021        0       11       29
 3054.000000      934      934        1        0      934        0      736      734      112     1995        0       11       29
 3055.000000      947      947        1        0      947        0      735      733      107     2017        1       11       28
 3056.000000      953      953        1        0      953        0      735      733      114     1986        0       12       28
 3057.000000      963      963        1        0      963        0      737      734      115     1999        0       14       26
 3058.000000      952      952        1        0      952        0      749      746      104     2001        1       14       25
 3059.000000      933      933        1        0      933        0      722      718      131     1996        1       10       29
 3060.000000      943      943        1        0      943        0      733      729      109     2000        0       14       26
 3061.000000      927      927        1        0      927        0      749      745      112     2013        0       12       28
 3062.000000      932      932        1        0      932        0      727      725      112     2003        1       10       29
 3063.000000      927      915        2        0      927        0      733      732      108     1998        0       14       26
 3064.000000      920      920        1        0      920        0      735      733      107     2001        0       11       29
 3065.000000      918      918        1        0      918        0      735      734      113     2010        0       11       29
 3066.000000      933      933        1        0      933        0      732      732      102     1978        1       10       29
 3067.000000      927      927        1        0      927        0      737      734      114     1992        0       11       29
 3068.000000      932      932        1        0      932        0      746      744      115     1993        0       11       29
 3069.000000      936      936        1        0      936        0      736      731      121     1980        0       11       29
 3070.000000      924      924        1        0      924        0      744      742      120     2005        0       11       29
 3071.000000      925      925        1        0      925        0      735      731      119     2002        0       11       29
 3072.000000      916      916        1        0      916        0      735      734      113     1997        0       10       30
 3073.000000      917      917        1        0      917        0      728      726      124     2004        0       11       29
 3074.000000      930      930        1        0      930        0      734      730      121     1995        0       11       29
 3075.000000      937      937        1        0      937        0      734      733      124     1985        1       10       29
 3076.000000      927      927        1        0      927        0      734      732      121     1988        0       11       29
 3077.000000      934      934        1        0      934        0      730      728      114     1996        0       11       29
 3078.000000      938      938        1        0      938        0      741      741      125     2023        0       12       28
 3079.000000      934      934        1        0      934        0      735      735      124     2017        0       12       28
 3080.000000      939      939        1        0      939        0      748      747      104     2013        0       11       29
 3081.000000      940      940        1        0      940        0      737      735      126     1987        1       10       29
 3082.000000      928      928        1        0      928        0      736      731      124     1990        0       11       29
 3083.000000      935      935        1        0      935        0      736      735      122     1988        0       11       29
 3084.000000      939      939        1        0      939        0      757      756      108     1989        0       11       29
 3085.000000      929      929        1        0      929        0      738      736      122     2035        0       11       29
 3086.000000      936      936        1        0      936        0      750      750      107     2002        0       11       29
 3087.000000      934      934        1        0      934        0      746      745      116     2001        0       11       29
 3088.000000      929      929        1        0      929        0      747      745      118     1988        0       12       28
 3089.000000      941      941        1        0      941        0      740      738      116     2020        1       10       29
 3090.000000      940      940        1        0      940        0      741      737      120     1982        0       12       28
 3091.000000      930      930        1        0      930        0      745      742      114     2002        0       11       29
 3092.000000      929      929        1        0      929        0      736      732      127     1978        0       11       29
 3093.000000      937      937        1        0      937        0      752      749      111     1961        0       11       29
 3094.000000      932      932        1        0      932        0      748      746      112     1985        0       10       30
 3095.000000      945      945        1       16      927        2      746      744      112     2026        0       13       27
 3096.000000      952      952        1        0      952        0      741      740      119     1999        0       11       29
 3097.000000      945      945        1       12      931        2      741      740      111     2005        0       13       27
 3098.000000      936      936        1        0      936        0      736      734      119     1992        0       11       29
 3099.000000      934      934        1        0      934        0      734      733      124     1985        0       11       29
 3100.000000      930      930        1        0      930        0      750      746      116     1971        0       12       28
 3101.000000      948      948        1        0      948        0      745      743      123     2030        1       11       28
 3102.000000      943      943        1        0      943        0      742      742      114     2033        0       12       28
 3103.000000      937      937        1        0      937        0      730      728      116     1976        0       11       29
 3104.000000      921      921        1        0      921        0      739      738      108     2003        0       11       29
 3105.000000      928      928        1        0      928        0      741      740      115     1968        0       11       29
 3106.000000      935      935        1        0      935        0      752      749      112     1972        0       11       29
 3107.000000      934      934        1        0      934        0      747      745      117     2006        0       12       28
 3108.000000      921      921        1        0      921        0      748      746      107     1961        0       10       30
 3109.000000      939      939        1        0      939        0      750      745      118     2003        0       11       29
 3110.000000      936      936        1        0      936        0      743      739      122     2002        0       10       30
 3111.000000      923      923        1        0      923        0      744      743      121     1986        0       10       30
 3112.000000      943      943        1        0      943        0      733      731      120     1975        0       12       28
 3113.000000      933      933        1        0      933        0      724      720      123     2016        0       11       29
 3114.000000      927      927        1        0      927        0      747      743      118     1965        1       11       28
 3115.000000      938      938        1        0      938        0      742      742      106     1994        1       11       28
 3116.000000      931      931        1        0      931        0      743      741      115     2014        0       11       29
 3117.000000      935      935        1        0      935        0      751      747      112     1986        1       11       28
 3118.000000      939      939        1        0      939        0      749      747      125     2020        0       12       28
 3119.000000      941      941        1        0      941        0      748      747      112     2013        1       11       28
 3120.000000      927      927        1        0      927        0      756      753      103     2006        0       11       29
 3121.000000      929      929        1        0      929        0      730      729      122     1998        0       11       29
 3122.000000      935      935        1        0      935        0      748      742      122     2037        0       11       29
 3123.000000      937      937        1        0      937        0      754      751      116     2020        0       10       30
 3124.000000      926      926        1        0      926        0      745      742      119     1993        0       11       29
 3125.000000      925      925        1        0      925        0      745      742      117     1975        0       12       28
 3126.000000      940      940        1        0      940        0      741      740      109     2006        1       10       29
 3127.000000      933      933        1        0      933        0      756      756      104     2022        0       11       29
 3128.000000      946      946        1       10      932        4      746      743      118     1989        1       10       29
 3129.000000      946      946        1        0      946        0      742      741      108     2012        1       10       29
 3130.000000      943      943        1        0      943        0      751      751      105     2008        1       12       27
 3131.000000      938      938        1        0      938        0      733      731      122     1999        1       10       29
 3132.000000      931      931        1       10      917        4      720      719      123     1992        0        9       31
 3133.000000      921      921        1        0      921        0      745      744      124     2012        0        9       31
 3134.000000      918      918        1        0      918        0      736      734      120     2011        0        8       32
 3135.000000      937      937        1        0      937        0      739      737      118     2010        1       10       29
 3136.000000      921      921        1        0      921        0      742      742      111     2009        0        9       31
 3137.000000      940      940        1        0      940        0      732      730      114     1994        0       10       30
 3138.000000      929      929        1        0      929        0      745      743      120     2033        0       10       30
 3139.000000      936      936        1        0      936        0      751      749      114     2007        0        9       31
 3140.000000      934      934        1        0      934        0      747      746      115     1987        0       10       30
 3141.000000      934      934        1        0      934        0      743      740      113     1971        0        9       31
 3142.000000      945      945        1        0      945        0      752      745      101     2007        1        8       31
 3143.000000      944      944        1        0      944        0      746      743      117     2035        0       12       28
 3144.000000      934      934        1        0      934        0      741      741      119     1978        0       12       28
 3145.000000      939      939        1        0      939        0      741      738      112     2014        0       12       28
 3146.000000      924      924        1        0      924        0      750      749      106     2012        0        9       31
 3147.000000      943      943        1        0      943        0      755      751      116     1989        0       11       29
 3148.000000      938      938        1        0      938        0      752      750       96     1999        1        7       32
 3149.000000      921      921        1        0      921        0      749      747      112     1999        0        8       32
 3150.000000      931      931        1        0      931        0      750      746      101     2016        0        9       31
 3151.000000      934      934        1        0      934        0      745      745      101     2013        1        7       32
 3152.000000      935      935        1        0      935        0      763      760       98     2004        1        7       32
 3153.000000      932      932        1        0      932        0      747      745      111     2009        0        8       32
 3154.000000      930      930        1        0      930        0      745      745      117     1998        0       11       29
 3155.000000      936      936        1        0      936        0      741      740      107     1981        0        8       32
 3156.000000      941      941        1        0      941        0      746      745      117     2015        0        9       31
 3157.000000      938      938        1        0      938        0      748      748      112     1988        0        9       31
 3158.000000      937      937        1        0      937        0      742      742      113     1994        0       11       29
 3159.000000      939      939        1        0      939        0      750      748      103     1974        0       10       30
 3160.000000      944      944        1        0      944        0      743      742      106     1982        1        7       32
 3161.000000      941      941        1        0      941        0      742      737      118     1962        1        7       32
 3162.000000      940      940        1        0      940        0      735      734      118     1983        0        8       32
 3163.000000      950      950        1       13      936        1      750      749      110     2006        0       10       30
 3164.000000      955      955        1       13      941        1      741      740      114     2010        0        8       32
 3165.000000      954      954        1       13      940        1      739      739      110     1969        0        8       32
 3166.000000      952      952        1       13      938        1      741      738      115     1978        1        7       32
 3167.000000      949      949        1       13      935        1      743      742      118     1981        0        8       32
 3168.000000      958      958        1       13      944        1      749      748      115     2002        0        9       31
 3169.000000      946      946        1       13      932        1      742      741      114     1980        0        7       33
 3170.000000      960      960        1       13      946        1      730      728      114     1974        0       10       30
 3171.000000      955      955        1       14      937        4      747      744      119     1986        1        7       32
 3172.000000      963      963        1       13      949        1      746      745      106     2012        1        8       31
 3173.000000      947      947        1        0      947        0      747      746      105     2008        1        8       31
 3174.000000      947      947        1        0      947        0      747      744      118     2007        0        9       31
 3175.000000      941      941        1        0      941        0      751      749      117     2024        1        7       32
 3176.000000      933      933        1        0      933        0      734      734      126     1974        1        7       32
 3177.000000      945      945        1        0      945        0      749      749      112     2004        1        8       31
 3178.000000      950      950        1        0      950        0      747      747      110     2017        1        8       31
 3179.000000      929      929        1        0      929        0      738      736      123     1985        0        8       32
 3180.000000      943      943        1        0      943        0      741      740      116     2000        1        8       31
 3181.000000      948      948        1        0      948        0      729      729      109     2024        0       11       29
 3182.000000      954      954        1        0      954        0      738      738      125     2029        1        9       30
 3183.000000      942      942        1        0      942        0      745      745      115     1963        0        9       31
 3184.000000      930      930        1        0      930        0      745      742      116     1973        0        8       32
 3185.000000      927      927        1        0      927        0      745      745      110     2024        0        8       32
 3186.000000      937      937        1        0      937        0      740      737      110     2007        1        8       31
 3187.000000      949      949        1        0      949        0      736      736      122     2020        2        8       30
 3188.000000      944      944        1        0      944        0      739      739      113     2005        1        8       31
 3189.000000      946      946        1        0      946        0      740      737      114     2016        1        8       31
 3190.000000      948      948        1        0      948        0      731      728      111     1995        2        8       30
 3191.000000      941      941        1        0      941        0      741      740      121     1996        1        8       31
 3192.000000      951      951        1        0      951        0      755      755      106     1979        0       10       30
 3193.000000      940      940        1        0      940        0      744      742      107     2002        0        9       31
 3194.000000      953      953        1        0      953        0      744      744      118     2017        1        8       31
 3195.000000      934      934        1        0      934        0      746      745      114     2008        1        7       32
 3196.000000      944      944        1        0      944        0      744      744      114     2004        1        7       32
 3197.000000      945      945        1        0      945        0      750      750      111     2010        0       10       30
 3198.000000      957      957        1        0      957        0      758      757      120     2010        1        9       30
 3199.000000      948      948        1        0      948        0      749      747      118     2010        0       10       30
 3200.000000      951      951        1        0      951        0      756      756      120     2026        0       10       30
 3201.000000      936      936        1        0      936        0      748      746      120     2053        0       10       30
 3202.000000      957      957        1        0      957        0      758      757      117     2027        0       10       30
 3203.000000      963      963        1        0      963        0      760      758      116     2020        0       12       28
 3204.000000      969      969        1        0      969        0      746      745      113     2006        1       10       29
 3205.000000      974      974        1        0      974        0      759      758      108     2007        2        8       30
 3206.000000      969      969        1        0      969        0      748      744      120     1973        1        9       30
 3207.000000      959      959        1        0      959        0      768      766      113     2007        2       10       28
 3208.000000      959      959        1        0      959        0      748      748      121     2013        0       10       30
 3209.000000      952      952        1        0      952        0      749      749      117     1997        0       10       30
 3210.000000      936      936        1        0      936        0      744      743      119     2011        0        7       33
 3211.000000      970      970        1        0      970        0      756      756      117     2014        1        9       30
 3212.000000      955      955        1        0      955        0      738      738      122     2005        0       12       28
 3213.000000      946      946        1        0      946        0      754      753      112     2016        0       10       30
 3214.000000      939      939        1        0      939        0      749      749      116     2007        0        9       31
 3215.000000      940      928        2        0      940        0      747      747      108     2014        0       11       29
 3216.000000      935      935        1        0      935        0      745      745      116     1996        1        7       32
 3217.000000      940      940        1        0      940        0      750      747      120     2012        0       10       30
 3218.000000      938      938        1        0      938        0      755      750      116     2030        1        8       31
 3219.000000      942      942        1        0      942        0      760      758      113     2020        0        9       31
 3220.000000      934      934        1        0      934        0      762      761      105     2023        0        9       31
 3221.000000      934      934        1        0      934        0      750      750      126     2027        0        8       32
 3222.000000      938      938        1        0      938        0      753      751      120     2029        0        8       32
 3223.000000      933      933        1        0      933        0      753      751      109     2018        0        8       32
 3224.000000      924      924        1        0      924        0      755      753      119     2032        0        8       32
 3225.000000      940      940        1        0      940        0      763      760      112     2016        1        7       32
 3226.000000      925      925        1        0      925        0      754      753      113     2022        0        8       32
 3227.000000      939      939        1        0      939        0      756      752      118     2045        0       10       30
 3228.000000      930      930        1        0      930        0      751      749      115     1999        1        7       32
 3229.000000      952      952        1        0      952        0      751      746      112     2018        2       10       28
 3230.000000      948      948        1        0      948        0      742      740      119     2006        1        8       31
 3231.000000      936      936        1        0      936        0      744      742      111     1996        0        9       31
 3232.000000      935      935        1        0      935        0      754      751      114     2017        0        9       31
 3233.000000      941      941        1        0      941        0      756      753      109     2015        1        9       30
 3234.000000      934      934        1        0      934        0      753      752      109     2005        1        8       31
 3235.000000      945      945        1        0      945        0      741      738      127     2010        1        8       31
 3236.000000      939      939        1        0      939        0      750      749      109     2008        0       10       30
 3237.000000      935      935        1        0      935        0      752      751      107     1992        1        8       31
 3238.000000      937      937        1        0      937        0      733      731      125     1971        1        8       31
 3239.000000      938      938        1        0      938        0      737      737      125     1958        0       10       30
 3240.000000      939      939        1        0      939        0      754      753      109     1982        0        9       31
 3241.000000      938      938        1        0      938        0      754      753       98     1949        0        9       31
 3242.000000      937      937        1        0      937        0      745      745      106     1974        0        9       31
 3243.000000      937      937        1        0      937        0      759      756      111     1971        0        9       31
 3244.000000      942      942        1        0      942        0      754      753      112     1976        0       10       30
 3245.000000      945      945        1        0      945        0      743      741      115     2029        0       10       30
 3246.000000      945      945        1        0      945        0      748      746      117     1972        1        8       31
 3247.000000      942      942        1        0      942        0      760      758      110     1976        0        9       31
 3248.000000      933      933        1        0      933        0      751      748      111     1989        0        8       32
 3249.000000      972      972        1        0      972        0      746      745      110     1991        1       10       29
 3250.000000      949      949        1        0      949        0      745      745      111     1998        1        8       31
 3251.000000      957      957        1        0      957        0      757      755      112     1982        1        8       31
 3252.000000      945      945        1        0      945        0      736      735      113     1998        0        9       31
 3253.000000      939      939        1        0      939        0      749      747      107     1999        0       10       30
 3254.000000      931      931        1        0      931        0      750      748      114     1986        0        8       32
 3255.000000      928      928        1        0      928        0      730      725      120     1968        0        8       32
 3256.000000      926      926        1        0      926        0      745      744      112     1977        0        7       33
 3257.000000      926      926        1        0      926        0      736      730      125     1994        0        8       32
 3258.000000      929      929        1        0      929        0      758      756      104     1990        1        6       33
 3259.000000      921      921        1        0      921        0      749      746      117     1974        0        8       32
 3260.000000      932      932        1        0      932        0      749      745      121     2004        1        8       31
 3261.000000      933      933        1        0      933        0      752      751      104     1993        0        8       32
 3262.000000      931      931        1        0      931        0      746      745      111     1983        1        8       31
 3263.000000      930      930        1        0      930        0      764      763      106     1978        1        8       31
 3264.000000      933      933        1        0      933        0      769      768      109     1989        0        9       31
 3265.000000      930      930        1        0      930        0      744      741      134     1980        0        7       33
 3266.000000      940      940        1        0      940        0      749      745      121     1964        1        8       31
 3267.000000      937      937        1        0      937        0      743      741      119     1972        1        7       32
 3268.000000      926      926        1        0      926        0      742      740      120     1977        0        7       33
 3269.000000      932      932        1        0      932        0      753      751       98     1983        0        9       31
 3270.000000      937      937        1        0      937        0      756      755      109     1962        1        8       31
 3271.000000      929      929        1        0      929        0      746      744      112     1979        0        8       32
 3272.000000      931      931        1        0      931        0      741      739      113     1989        1        7       32
 3273.000000      929      929        1        0      929        0      741      741      124     2007        1        6       33
 3274.000000      941      941        1        0      941        0      746      744      110     2007        1        8       31
 3275.000000      942      942        1        0      942        0      746      743      115     1979        0       10       30
 3276.000000      941      941        1        0      941        0      744      743      110     1991        0        9       31
 3277.000000      937      937        1        0      937        0      747      744      115     1994        0       10       30
 3278.000000      948      948        1        0      948        0      755      753      108     2005        0       11       29
 3279.000000      933      933        1        0      933        0      747      745      114     2004        0        8       32
 3280.000000      959      959        1        0      959        0      753      752      113     2005        1       11       28
 3281.000000      957      957        1        0      957        0      759      757      103     2013        0       12       28
 3282.000000      941      941        1        0      941        0      748      746      120     2007        0        9       31
 3283.000000      952      952        1        0      952        0      756      755      115     1982        0        9       31
 3284.000000      962      962        1        0      962        0      762      758      119     2004        1       10       29
 3285.000000      944      944        1        0      944        0      755      752      116     1961        0       10       30
 3286.000000      938      938        1        0      938        0      753      751      112     1970        0       10       30
 3287.000000      942      942        1        0      942        0      745      744      116     1994        0       10       30
 3288.000000      947      947        1        0      947        0      745      741      115     2010        1        9       30
 3289.000000      957      957        1        0      957        0      757      755      112     2048        1       11       28
 3290.000000      956      956        1        0      956        0      743      743      107     1988        0       11       29
 3291.000000      944      944        1        0      944        0      748      746      109     2022        0       10       30
 3292.000000      972      972        1        0      972        0      744      744      116     2004        0       12       28
 3293.000000      944      944        1        0      944        0      751      748      105     1970        0       10       30
 3294.000000      940      940        1        0      940        0      747      746      109     2020        0        8       32
 3295.000000      959      959        1        0      959        0      753      752      107     1999        0       11       29
 3296.000000      950      950        1        0      950        0      748      748      113     2026        1       10       29
 3297.000000      957      957        1        0      957        0      755      754      104     2007        0       12       28
 3298.000000      968      968        1        0      968        0      753      750      111     1984        0       13       27
 3299.000000      971      971        1        0      971        0      747      742      121     2025        0       12       28
 3300.000000      940      940        1        0      940        0      756      752      113     1996        1        9       30
 3301.000000      954      954        1        0      954        0      736      736      119     2016        0       12       28
 3302.000000      953      953        1        0      953        0      749      749      103     2030        0       10       30
 3303.000000      966      966        1        0      966        0      745      744      111     2019        1       10       29
 3304.000000      958      958        1        0      958        0      760      759      104     1998        0       11       29
 3305.000000      952      952        1        0      952        0      754      753      104     2004        0       11       29
 3306.000000      944      944        1        0      944        0      745      745      110     2024        1        8       31
 3307.000000      950      950        1        0      950        0      751      750      114     2014        0       10       30
 3308.000000      950      950        1        0      950        0      751      748      111     2008        0       11       29
 3309.000000      967      967        1        0      967        0      762      760      111     2019        0       12       28
 3310.000000      957      957        1        0      957        0      742      740      107     2013        0       13       27
 3311.000000      952      952        1        0      952        0      754      753      112     2014        0       11       29
 3312.000000      958      958        1        0      958        0      752      751      107     2017        0       12       28
 3313.000000      948      948        1        0      948        0      751      747      106     2043        0       10       30
 3314.000000      954      954        1        0      954        0      750      747      110     2014        0       11       29
 3315.000000      944      944        1        0      944        0      753      752      115     2026        0        9       31
 3316.000000      943      943        1        0      943        0      748      747      106     2017        0       10       30
 3317.000000      948      948        1        0      948        0      747      742      108     2009        0       11       29
 3318.000000      945      945        1        0      945        0      740      738      110     2011        0        9       31
 3319.000000      942      942        1        0      942        0      742      740      117     2043        0        9       31
 3320.000000      955      955        1        0      955        0      749      748      116     2050        0        9       31
 3321.000000      943      943        1        0      943        0      744      743      113     2028        0        9       31
 3322.000000      942      942        1        0      942        0      755      755       98     2042        0        8       32
 3323.000000      943      943        1        0      943        0      732      731      110     2003        0        8       32
 3324.000000      960      960        1        0      960        0      747      746      107     2024        0       10       30
 3325.000000      962      962        1        0      962        0      752      748       93     2047        0       14       26
 3326.000000      944      944        1        0      944        0      749      745      109     2017        0        9       31
 3327.000000      945      945        1        0      945        0      757      756      105     2020        0        9       31
 3328.000000      953      953        1        0      953        0      751      748      102     1995        0       10       30
 3329.000000      959      959        1        0      959        0      741      741      115     1986        0       10       30
 3330.000000      940      940        1        0      940        0      757      756      106     2019        0        8       32
 3331.000000      942      942        1        0      942        0      746      745      104     2030        1        9       30
 3332.000000      947      947        1        0      947        0      746      743      108     2037        1        7       32
 3333.000000      948      948        1        0      948        0      737      735      107     2027        0       13       27
 3334.000000      940      940        1        0      940        0      746      743      109     2035        0        9       31
 3335.000000      938      938        1        0      938        0      741      740      101     2016        0        9       31
 3336.000000      937      937        1        0      937        0      743      742      106     2003        0        9       31
 3337.000000      940      940        1        0      940        0      745      744      101     2023        0        9       31
 3338.000000      945      945        1        0      945        0      739      738      115     2043        0        8       32
 3339.000000      933      933        1        0      933        0      747      745      111     2030        1        7       32
 3340.000000      951      951        1        0      951        0      741      738      109     2003        0       11       29
 3341.000000      947      947        1        0      947        0      753      748       96     2012        0       10       30
 3342.000000      935      935        1        0      935        0      737      734      118     2022        0        8       32
 3343.000000      934      934        1        0      934        0      748      748      103     2028        0        8       32
 3344.000000      940      940        1        0      940        0      725      722      132     1996        0        9       31
 3345.000000      955      955        1        0      955        0      751      750      113     2039        0       11       29
 3346.000000      930      930        1        0      930        0      746      744      110     2029        0        7       33
 3347.000000      936      936        1        0      936        0      747      746      115     2033        1        7       32
 3348.000000      940      940        1        0      940        0      748      747      109     2027        1        7       32
 3349.000000      941      941        1        0      941        0      758      756      104     2014        0        8       32
 3350.000000      942      942        1        0      942        0      738      738      113     2028        0        8       32
 3351.000000      933      933        1        0      933        0      751      751      117     2053        1        9       30
 3352.000000      929      929        1        0      929        0      750      750      111     2007        0        8       32
 3353.000000      937      937        1        0      937        0      752      748      107     2022        0        9       31
 3354.000000      928      928        1        0      928        0      751      750      112     1999        0        8       32
 3355.000000      928      928        1        0      928        0      753      751      106     2011        0        8       32
 3356.000000      926      926        1        0      926        0      757      754       99     2028        0        8       32
 3357.000000      926      926        1        0      926        0      767      767       99     2002        0        9       31
 3358.000000      942      942        1        0      942        0      760      759      116     1997        0        9       31
 3359.000000      936      936        1        0      936        0      755      753      107     2008        0        8       32
 3360.000000      943      943        1        0      943        0      750      748      107     2028        1        7       32
 3361.000000      934      934        1        0      934        0      756      754      111     2016        0        8       32
 3362.000000      934      934        1        0      934        0      761      759      111     2040        0        9       31
 3363.000000      926      926        1        0      926        0      750      750      110     2017        0        8       32
 3364.000000      966      966        1        0      966        0      756      752      105     2046        0       10       30
 3365.000000      929      929        1        0      929        0      742      742      118     1997        0        7       33
 3366.000000      938      938        1        0      938        0      756      752      117     2030        0       10       30
 3367.000000      935      935        1        0      935        0      748      745      117     2022        0        9       31
 3368.000000      935      935        1        0      935        0      754      754      103     2005        0       10       30
 3369.000000      954      954        1        0      954        0      753      753      101     2028        0       11       29
 3370.000000      942      942        1        0      942        0      754      750      108     2045        0       10       30
 3371.000000      947      947        1        0      947        0      755      752      116     1995        0        8       32
 3372.000000      934      934        1        0      934        0      762      760      116     2022        1        9       30
 3373.000000      952      952        1        0      952        0      756      756      110     2053        1       13       26
 3374.000000      927      927        1        0      927        0      742      740      120     2054        0        8       32
 3375.000000      938      938        1        0      938        0      742      742      119     2028        1        8       31
 3376.000000      957      957        1        0      957        0      750      750      113     2016        1       11       28
 3377.000000      942      942        1        0      942        0      751      748      116     2023        1        8       31
 3378.000000      945      945        1        0      945        0      750      748      124     2033        0       10       30
 3379.000000      954      954        1        0      954        0      758      755      113     2027        1       10       29
 3380.000000      938      938        1        0      938        0      765      765      105     2042        0        9       31
 3381.000000      937      937        1        0      937        0      751      748      120     2027        0       12       28
 3382.000000      943      943        1        0      943        0      750      750      106     2036        1        9       30
 3383.000000      940      940        1        0      940        0      756      752      108     2049        1       10       29
 3384.000000      931      931        1        0      931        0      748      747      108     2024        0        9       31
 3385.000000      932      932        1        0      932        0      750      748      110     2013        0        9       31
 3386.000000      960      960        1        0      960        0      748      748      102     2021        1       12       27
 3387.000000      939      939        1        0      939        0      748      744      112     2017        0       10       30
 3388.000000      945      945        1        0      945        0      762      760      102     1994        0       11       29
 3389.000000      951      951        1        0      951        0      740      739      112     2019        1        9       30
 3390.000000      937      937        1        0      937        0      751      748      117     2005        0        9       31
 3391.000000      925      925        1        0      925        0      758      754      112     2008        0        7       33
 3392.000000      934      934        1        0      934        0      749      746      122     2042        0       10       30
 3393.000000      947      947        1        0      947        0      747      745      106     2009        0       12       28
 3394.000000      934      934        1        0      934        0      744      744      122     2013        0        9       31
 3395.000000      928      928        1        0      928        0      752      751      108     2012        0        8       32
 3396.000000      919      919        1        0      919        0      753      751      105     1985        0       10       30
 3397.000000      925      925        1        0      925        0      741      740      112     2012        0        9       31
 3398.000000      926      926        1        0      926        0      741      739      113     2028        1       10       29
 3399.000000      933      933        1        0      933        0      742      741      111     2028        0        9       31
 3400.000000      942      942        1        0      942        0      739      735      123     2035        0       12       28
 3401.000000      950      950        1        0      950        0      748      747      104     2016        0       10       30
 3402.000000      937      937        1        0      937        0      748      745      112     2001        0        9       31
 3403.000000      931      931        1        0      931        0      744      741      112     1990        0        9       31
 3404.000000      930      930        1        0      930        0      743      742      104     2006        0        8       32
 3405.000000      957      957        1        0      957        0      749      749      108     2009        0       12       28
 3406.000000      942      942        1        0      942        0      740      738      115     1992        1        8       31
 3407.000000      935      935        1        0      935        0      741      739      105     2030        0       11       29
 3408.000000      941      941        1        0      941        0      748      745      117     2009        1        7       32
 3409.000000      925      925        1        0      925        0      731      731      106     2009        0        7       33
 3410.000000      921      921        1        0      921        0      751      747      116     2002        0        8       32
 3411.000000      958      958        1        0      958        0      733      731      107     2038        0       11       29
 3412.000000      945      945        1        0      945        0      765      764      108     1993        0        9       31
 3413.000000      928      928        1        0      928        0      752      751      103     2018        0        8       32
 3414.000000      936      936        1        0      936        0      761      759      107     1987        0        9       31
 3415.000000      937      937        1        0      937        0      763      763       99     2009        0        9       31
 3416.000000      940      940        1        0      940        0      748      748      102     2015        0       10       30
 3417.000000      933      933        1        0      933        0      755      753      112     2034        0        9       31
 3418.000000      943      943        1        0      943        0      756      752      108     2031        1       11       28
 3419.000000      941      941        1        0      941        0      764      762      105     2047        2        7       31
 3420.000000      930      930        1        0      930        0      759      757      103     2012        1        9       30
 3421.000000      930      930        1        0      930        0      757      757       99     2035        1        8       31
 3422.000000      926      926        1        0      926        0      753      752      106     2017        0        9       31
 3423.000000      943      943        1        0      943        0      748      748      110     2044        0       10       30
 3424.000000      927      927        1        0      927        0      761      758      111     2023        1        7       32
 3425.000000      925      925        1        0      925        0      752      749      107     2047        0        9       31
 3426.000000      922      922        1        0      922        0      764      762      108     2030        0        8       32
 3427.000000      936      936        1        0      936        0      754      754      103     2041        0        8       32
 3428.000000      954      954        1        0      954        0      759      757      104     2043        1        9       30
 3429.000000      921      921        1        0      921        0      752      751      107     2022        1        9       30
 3430.000000      931      931        1        0      931        0      751      750      104     2025        0       10       30
 3431.000000      923      923        1        0      923        0      757      756      106     2034        0       10       30
 3432.000000      938      938        1        0      938        0      754      753      106     2030        1       11       28
 3433.000000      936      936        1        0      936        0      757      757      102     2030        1        7       32
 3434.000000      925      925        1        0      925        0      761      759       99     2032        1        8       31
 3435.000000      920      920        1        0      920        0      761      759      102     2018        0        8       32
 3436.000000      931      931        1        0      931        0      745      745      113     1997        1        9       30
 3437.000000      928      928        1        0      928        0      746      745      109     2008        0        8       32
 3438.000000      945      945        1        0      945        0      746      746      108     2035        1        8       31
 3439.000000      934      934        1        0      934        0      759      757      109     2016        1        9       30
 3440.000000      940      940        1        0      940        0      749      748      111     2021        0        9       31
 3441.000000      955      955        1        0      955        0      754      754      109     2035        0       13       27
 3442.000000      945      945        1        0      945        0      755      753      101     2013        1        8       31
 3443.000000      938      938        1        0      938        0      744      744      109     1989        0        9       31
 3444.000000      930      930        1        0      930        0      755      752       97     2035        0       10       30
 3445.000000      919      919        1        0      919        0      736      735      105     2039        0        8       32
 3446.000000      948      948        1        0      948        0      764      761      102     2071        0       10       30
 3447.000000      941      941        1        0      941        0      758      758      107     2049        0        9       31
 3448.000000      932      932        1        0      932        0      758      756      104     2049        0       10       30
 3449.000000      970      970        1        0      970        0      754      753      108     2019        1       12       27
 3450.000000      935      935        1        0      935        0      750      749      110     1994        0       10       30
 3451.000000      944      944        1        0      944        0      750      749      108     2029        0       11       29
 3452.000000      941      941        1        0      941        0      747      747      110     2099        0        8       32
 3453.000000      945      945        1        0      945        0      750      750       97     2034        0       11       29
 3454.000000      935      935        1        0      935        0      744      743      120     2028        0        7       33
 3455.000000      947      947        1        0      947        0      752      749      101     2027        0       10       30
 3456.000000      947      947        1        0      947        0      752      750       95     1997        0       11       29
 3457.000000      929      929        1        0      929        0      740      738      112     2027        0        8       32
 3458.000000      937      937        1        0      937        0      748      747      105     2032        1        8       31
 3459.000000      936      936        1        0      936        0      757      756      111     2021        0        9       31
 3460.000000      936      936        1        0      936        0      765      761      103     2019        1        7       32
 3461.000000      948      948        1        0      948        0      746      743      114     1996        0       12       28
 3462.000000      928      928        1        0      928        0      755      752      107     2039        0       10       30
 3463.000000      968      954        2       14      954        0      749      746       99     2010        1       12       27
 3464.000000      934      934        1        0      934        0      759      758       99     2011        0        7       33
 3465.000000      937      937        1        0      937        0      742      740      108     2022        0       10       30
 3466.000000      932      932        1        0      932        0      754      752      103     2023        0       11       29
 3467.000000      939      939        1        0      939        0      735      734      105     2013        1        9       30
 3468.000000      931      931        1        0      931        0      742      741      113     2006        0        9       31
 3469.000000      926      926        1        0      926        0      747      745      110     1993        0        9       31
 3470.000000      934      934        1        0      934        0      741      740      113     2022        1        8       31
 3471.000000      935      935        1        0      935        0      746      745      103     2023        0        9       31
 3472.000000      934      934        1        0      934        0      752      752      110     2001        0        9       31
 3473.000000      942      942        1        0      942        0      749      747      105     2041        1       10       29
 3474.000000      942      942        1        0      942        0      757      755      110     2032        0       10       30
 3475.000000      919      919        1        0      919        0      746      743      112     2036        1        8       31
 3476.000000      936      936        1        0      936        0      752      751      114     2017        0       10       30
 3477.000000      923      923        1        0      923        0      750      744      127     2014        0        9       31
 3478.000000      923      923        1        0      923        0      749      747      107     2013        0        7       33
 3479.000000      920      920        1        0      920        0      748      746      111     2012        0        8       32
 3480.000000      930      930        1        0      930        0      747      744      109     1991        0       10       30
 3481.000000      927      927        1        0      927        0      758      755      109     1994        1        8       31
 3482.000000      919      919        1        0      919        0      748      745      110     2032        0        9       31
 3483.000000      929      929        1        0      929        0      748      746      109     2001        1        8       31
 3484.000000      932      932        1        0      932        0      741      740      119     2008        2        9       29
 3485.000000      925      925        1        0      925        0      750      748      117     2000        0       11       29
 3486.000000      932      932        1        0      932        0      739      736      113     1996        1       10       29
 3487.000000      943      929        2       14      929        0      746      744      107     1995        0       13       27
 3488.000000      916      916        1        0      916        0      735      733      113     1994        0        7       33
 3489.000000      943      943        1        0      943        0      733      730      104     2000        1        9       30
 3490.000000      937      937        1        0      937        0      749      748      111     2010        2        7       31
 3491.000000      956      956        1        0      940       16      755      753      107     2003        2        8       30
 3492.000000      943      943        1        0      943        0      757      754      113     2000        0        9       31
 3493.000000      952      952        1        0      952        0      744      744      113     2035        1       11       28
 3494.000000      948      948        1        0      948        0      759      758      111     2025        1       10       29
 3495.000000      937      937        1        0      937        0      751      749      106     1985        0        9       31
 3496.000000      928      928        1        0      928        0      743      741      113     2007        1        7       32
 3497.000000      951      951        1        0      951        0      733      732      114     2031        1       10       29
 3498.000000      946      946        1        0      946        0      746      746      114     2021        0        9       31
 3499.000000      932      932        1        0      932        0      743      743      115     2018        1        9       30
 3500.000000      937      937        1        0      937        0      755      753      104     1989        0       11       29
 3501.000000      937      937        1        0      937        0      738      737      111     2036        0       11       29
 3502.000000      937      937        1        0      937        0      740      740      115     2045        1        9       30
 3503.000000      949      949        1        0      949        0      749      746      106     2022        2       10       28
 3504.000000      941      941        1        0      941        0      745      742      103     2031        0       11       29
 3505.000000      938      938        1        0      938        0      745      737      121     1999        0        9       31
 3506.000000      936      936        1        0      936        0      732      731      120     2007        0       11       29
 3507.000000      938      938        1        0      938        0      731      729      123     2030        0        9       31
 3508.000000      938      938        1        0      938        0      753      752       96     2033        1        8       31
 3509.000000      955      955        1        0      955        0      744      743      109     2030        0        9       31
 3510.000000      947      947        1        0      947        0      744      740      111     2059        1       10       29
 3511.000000      961      961        1        8      946        7      750      750      116     2015        0       10       30
 3512.000000      944      944        1        0      944        0      751      749      111     1985        0        9       31
 3513.000000      952      952        1        0      952        0      755      749      110     2034        1        9       30
 3514.000000      934      934        1        0      934        0      746      744      101     2036        0       11       29
 3515.000000      933      933        1        0      933        0      743      740      116     2027        0        9       31
 3516.000000      943      943        1        0      943        0      753      752      108     2042        0       10       30
 3517.000000      932      932        1        0      932        0      747      744      119     2031        0       11       29
 3518.000000      934      934        1        0      934        0      745      741      117     2044        0       10       30
 3519.000000      915      915        1        0      915        0      739      739      119     1977        0        9       31
 3520.000000      934      934        1        0      934        0      751      746      127     2027        0        9       31
 3521.000000      933      933        1        0      933        0      744      736      118     2025        0        9       31
 3522.000000      921      921        1        0      921        0      740      737      119     1983        1        9       30
 3523.000000      918      918        1        0      918        0      755      754      112     2018        0        9       31
 3524.000000      928      928        1        0      928        0      742      738      113     1967        1       10       29
 3525.000000      919      919        1        0      919        0      741      741      117     2001        0        8       32
 3526.000000      918      918        1        0      918        0      760      760       99     2006        0        9       31
 3527.000000      927      927        1        0      927        0      740      738      125     1999        1       11       28
 3528.000000      929      929        1        0      929        0      756      753      107     1984        0        9       31
 3529.000000      922      922        1        0      922        0      754      751      113     2000        0        9       31
 3530.000000      933      933        1       14      919        0      751      749       99     1961        0       10       30
 3531.000000      950      950        1       14      936        0      747      742      108     1977        0       11       29
 3532.000000      938      938        1       14      924        0      742      742      112     1991        0       10       30
 3533.000000      963      963        1       29      934        0      753      752      108     2013        0       11       29
 3534.000000      952      952        1       13      938        1      746      745      118     1943        0       11       29
 3535.000000      934      934        1       14      920        0      740      736      109     1957        1        9       30
 3536.000000      933      933        1       14      919        0      744      742      116     1969        0       10       30
 3537.000000      931      931        1        0      931        0      754      751      114     1971        0        9       31
 3538.000000      934      934        1       14      920        0      761      760       99     2013        1       10       29
 3539.000000      930      930        1        0      930        0      746      746      107     2027        0        9       31
 3540.000000      926      926        1        0      926        0      745      743      126     2012        0        9       31
 3541.000000      925      925        1        0      925        0      754      751      116     1967        0        9       31
 3542.000000      939      939        1        0      939        0      753      753      114     2008        0        9       31
 3543.000000      939      939        1        0      939        0      749      746      112     1993        0        9       31
 3544.000000      936      936        1        0      936        0      748      744      107     1980        2        8       30
 3545.000000      930      930        1        0      930        0      745      743      114     1963        0        9       31
 3546.000000      938      938        1        0      938        0      755      751      109     2014        0       11       29
 3547.000000      945      945        1       14      931        0      747      745      117     1995        0       10       30
 3548.000000      933      933        1        0      933        0      751      750      115     1994        0        9       31
 3549.000000      920      920        1        0      920        0      744      743      104     2012        0        9       31
 3550.000000      934      934        1        0      934        0      740      738      114     1992        0        9       31
 3551.000000      966      966        1       15      951        0      756      754      119     2023        0       11       29
 3552.000000      953      953        1       14      939        0      746      745      113     2005        0       11       29
 3553.000000      946      946        1       14      932        0      751      747      115     1986        0       11       29
 3554.000000      944      944        1       14      930        0      745      741      106     2005        0       10       30
 3555.000000      929      929        1        0      929        0      731      730      122     2002        0        9       31
 3556.000000      932      932        1        0      932        0      745      745      114     1992        0        9       31
 3557.000000      935      923        2        0      935        0      753      749      118     1984        0       11       29
 3558.000000      923      923        1        0      923        0      749      748      107     1995        0       10       30
 3559.000000      923      923        1        0      923        0      741      740      119     1991        0        9       31
 3560.000000      918      918        1        0      918        0      739      736      106     1981        0        9       31
 3561.000000      943      943        1        0      943        0      741      738      105     2002        0       10       30
 3562.000000      924      924        1        0      924        0      734      733      109     2011        0       10       30
 3563.000000      924      924        1        0      924        0      747      745      114     1996        0        9       31
 3564.000000      928      928        1        0      928        0      757      754      113     2001        0        9       31
 3565.000000      930      930        1        0      930        0      751      749      106     2017        0       10       30
 3566.000000      918      918        1        0      918        0      751      750      113     2025        0        9       31
 3567.000000      921      921        1        0      921        0      757      754      104     2001        0        9       31
 3568.000000      928      928        1        0      928        0      752      747      118     2021        0        9       31
 3569.000000      920      920        1        0      920        0      760      760      107     2007        0       10       30
 3570.000000      925      925        1        0      925        0      757      756      108     2010        0       10       30
 3571.000000      941      941        1        0      941        0      749      746      110     2043        0       10       30
 3572.000000      919      919        1        0      919        0      768      768       97     1983        0        9       31
 3573.000000      922      922        1        0      922        0      749      746      115     2008        0        9       31
 3574.000000      926      926        1        0      926        0      754      751      104     2022        0        9       31
 3575.000000      932      932        1        0      932        0      746      746      104     1976        0        9       31
 3576.000000      922      922        1        0      922        0      740      739      105     1985        0        9       31
 3577.000000      923      923        1        0      923        0      739      738      117     1990        0        9       31
 3578.000000      923      923        1        0      923        0      752      751      109     2013        0        9       31
 3579.000000      933      933        1        0      933        0      749      746      105     2016        0        9       31
 3580.000000      922      922        1        0      922        0      747      746      106     2004        0        9       31
 3581.000000      929      929        1        0      929        0      746      744       96     1981        0       10       30
 3582.000000      919      919        1        0      919        0      751      751      103     1995        0        9       31
 3583.000000      922      922        1        0      922        0      749      749      103     2011        0        9       31
 3584.000000      927      927        1        0      927        0      738      737      105     1958        0       10       30
 3585.000000      912      912        1        0      912        0      762      760      100     1976        0        8       32
 3586.000000      920      920        1        0      920        0      751      749       93     1978        0        9       31
 3587.000000      928      928        1        0      928        0      750      749       98     2010        0        9       31
 3588.000000      918      918        1        0      918        0      754      754       90     1986        0        9       31
 3589.000000      925      925        1        0      925        0      744      744      104     2007        0       10       30
 3590.000000      924      924        1        0      924        0      742      740       99     1987        0       10       30
 3591.000000      922      922        1        0      922        0      741      741      108     1988        0        9       31
 3592.000000      921      921        1        0      921        0      755      753      101     1971        0        9       31
 3593.000000      933      933        1        0      933        0      734      733      112     2000        0       10       30
 3594.000000      931      931        1        0      931        0      750      749      106     1983        0        9       31
 3595.000000      934      934        1        0      934        0      753      751      103     2016        0        9       31
 3596.000000      938      938        1        0      938        0      758      758      105     1991        1        8       31
 3597.000000      926      926        1        0      926        0      746      746       94     1978        1        7       32
 3598.000000      945      945        1        0      945        0      760      758      107     1998        1        8       31
 3599.000000      929      929        1        0      929        0      745      744       96     1984        0        9       31
 3600.000000      933      933        1        0      933        0      758      753       98     1983        0        9       31
 3601.000000      941      941        1        0      941        0      761      760       95     1995        1        8       31
 3602.000000      949      949        1        0      949        0      746      746       98     1991        0       13       27
 3603.000000      937      937        1        0      937        0      757      757      103     1979        0        9       31
 3604.000000      943      943        1        0      943        0      759      759       98     1997        0        9       31
 3605.000000      933      933        1        0      933        0      757      756      108     1993        0        9       31
 3606.000000      928      928        1        0      928        0      765      765      101     1990        0        9       31
 3607.000000      936      936        1        0      936        0      749      749       98     2001        0        9       31
 3608.000000      938      938        1        0      938        0      750      749      104     2008        0       10       30
 3609.000000      937      937        1        0      937        0      759      758      101     2025        0       10       30
 3610.000000      935      935        1        0      935        0      757      756       96     2017        0        9       31
 3611.000000      930      930        1        0      930        0      733      732      113     1982        0       10       30
 3612.000000      925      925        1        0      925        0      752      751      104     2020        0        9       31
 3613.000000      939      939        1        0      939        0      759      757       96     2003        0       10       30
 3614.000000      941      929        2        0      941        0      745      744      108     2004        0       11       29
 3615.000000      930      930        1        0      930        0      752      750      100     2004        0        9       31
 3616.000000      942      942        1        0      942        0      756      755      103     2000        0       11       29
 3617.000000      931      931        1        0      931        0      766      763       98     2020        0       10       30
 3618.000000      931      931        1        0      931        0      759      756      107     2008        0        9       31
 3619.000000      936      936        1        0      936        0      753      751       95     2036        0       11       29
 3620.000000      930      930        1        0      930        0      768      768       89     1975        0       11       29
 3621.000000      928      928        1        0      928        0      772      769       98     2001        0       10       30
 3622.000000      930      930        1        0      930        0      752      751       96     2014        0        9       31
 3623.000000      930      930        1        0      930        0      757      756      103     2014        0       10       30
 3624.000000      930      930        1        0      930        0      771      771       94     1983        1        9       30
 3625.000000      926      926        1        0      926        0      754      753      108     2006        0        9       31
 3626.000000      927      927        1        0      927        0      750      749      118     2001        0        9       31
 3627.000000      927      927        1        0      927        0      764      761       99     1999        0        9       31
 3628.000000      917      917        1        0      917        0      758      757      107     2004        0        9       31
 3629.000000      928      928        1        0      928        0      770      769       94     2000        0        9       31
 3630.000000      930      930        1        0      930        0      754      752       95     2018        0       10       30
 3631.000000      924      924        1        0      924        0      764      763       93     1986        0        9       31
 3632.000000      915      915        1        0      915        0      761      760       95     1998        0        9       31
 3633.000000      928      928        1        0      928        0      765      765       94     2000        1        9       30
 3634.000000      937      937        1        0      937        0      761      761      104     2022        1        9       30
 3635.000000      925      925        1        0      925        0      769      769       93     2027        0        9       31
 3636.000000      932      932        1        0      932        0      760      759      108     2013        1        8       31
 3637.000000      947      947        1        0      947        0      754      753      111     1987        1       10       29
 3638.000000      929      929        1        0      929        0      755      753      104     2004        0       10       30
 3639.000000      930      930        1        0      930        0      762      761      110     1973        1        8       31
 3640.000000      921      921        1        0      921        0      765      765      101     1994        0       10       30
 3641.000000      933      933        1        0      933        0      769      767      109     2009        0       10       30
 3642.000000      921      921        1        0      921        0      764      762       94     2027        0        9       31
 3643.000000      931      931        1        0      931        0      760      759      103     1979        0       10       30
 3644.000000      940      940        1        0      940        0      764      763      100     2020        0        9       31
 3645.000000      928      928        1        0      928        0      762      762       96     2023        0        9       31
 3646.000000      942      942        1        0      942        0      773      772       99     2028        1        9       30
 3647.000000      926      926        1        0      926        0      765      764      105     2012        0        9       31
 3648.000000      929      929        1        0      929        0      766      766      102     2018        0        9       31
 3649.000000      940      940        1        0      940        0      758      758       99     2015        0       10       30
 3650.000000      943      943        1        0      943        0      765      765       94     2009        1        9       30
 3651.000000      926      926        1        0      926        0      759      759      105     2003        0        9       31
 3652.000000      955      955        1        0      955        0      770      768      102     2014        1       11       28
 3653.000000      928      928        1        0      928        0      763      762      108     1989        0        9       31
 3654.000000      933      933        1        0      933        0      763      762      106     1993        1        8       31
 3655.000000      949      949        1       15      934        0      772      772       96     2009        0       12       28
 3656.000000      938      938        1        0      938        0      757      756      113     1999        1        8       31
 3657.000000      943      943        1        0      943        0      758      757      108     1992        1        8       31
 3658.000000      942      942        1        0      942        0      763      762      108     2032        0        9       31
 3659.000000      936      936        1        0      936        0      759      756      102     1992        0        9       31
 3660.000000      939      939        1        0      939        0      762      759      105     2007        0        9       31
 3661.000000      944      944        1        0      944        0      767      763      110     2036        1        9       30
 3662.000000      950      950        1        0      950        0      760      759      113     2017        0       11       29
 3663.000000      940      940        1        0      940        0      768      766      101     2003        1        8       31
 3664.000000      940      940        1        0      940        0      754      752      112     2026        1        9       30
 3665.000000      939      939        1        0      939        0      763      759      108     2011        0        9       31
 3666.000000      936      936        1        0      936        0      758      758      109     2006        0        9       31
 3667.000000      943      943        1        0      943        0      771      766      110     2059        1        8       31
 3668.000000      935      935        1        0      935        0      767      764      115     2031        0        9       31
 3669.000000      940      940        1        0      940        0      770      767       97     2036        0        9       31
 3670.000000      931      931        1        0      931        0      780      779      106     2055        0        9       31
 3671.000000      936      936        1        0      936        0      761      760      111     2061        1        8       31
 3672.000000      936      936        1        0      936        0      769      766      116     2034        0        9       31
 3673.000000      937      937        1        0      937        0      770      768      111     2054        0        9       31
 3674.000000      926      926        1        0      926        0      776      774       96     2033        0        9       31
 3675.000000      936      936        1        0      936        0      773      773      115     2013        1        8       31
 3676.000000      934      934        1        0      934        0      754      750      113     2049        0        9       31
 3677.000000      945      945        1        0      945        0      758      757      114     2045        1       10       29
 3678.000000      927      927        1        0      927        0      772      771      100     2003        0        9       31
 3679.000000      934      934        1        0      934        0      772      769      105     2051        1        8       31
 3680.000000      935      935        1        0      935        0      755      752      111     2067        0       10       30
 3681.000000      939      939        1        0      939        0      767      765      113     2055        0       12       28
 3682.000000      928      928        1        0      928        0      760      760      104     2023        0        9       31
 3683.000000      942      942        1        0      942        0      779      777      101     2045        1        8       31
 3684.000000      938      938        1        0      938        0      772      770      109     2059        1        8       31
 3685.000000      925      925        1        0      925        0      780      779      102     2026        0        9       31
 3686.000000      952      952        1        0      952        0      762      759      118     2079        2        8       30
 3687.000000      922      922        1        0      922        0      752      750      118     1994        0        9       31
 3688.000000      947      947        1        0      947        0      760      760       96     2050        1        9       30
 3689.000000      940      940        1        0      940        0      770      770      110     2053        0       10       30
 3690.000000      926      926        1        0      926        0      762      762      108     2018        0        9       31
 3691.000000      940      940        1        0      940        0      768      767      103     1999        0       10       30
 3692.000000      928      928        1        0      928        0      778      777      105     2020        0        9       31
 3693.000000      938      938        1        0      938        0      764      761       98     2047        0       10       30
 3694.000000      936      936        1        0      936        0      767      766      101     2010        1        9       30
 3695.000000      939      939        1        0      939        0      749      749      115     2005        0       11       29
 3696.000000      931      931        1        0      931        0      772      772       96     2041        0        9       31
 3697.000000      951      951        1        0      951        0      758      757      124     2042        0       11       29
 3698.000000      933      933        1        0      933        0      763      763       97     1992        0        9       31
 3699.000000      930      930        1        0      930        0      760      758      104     2014        0        9       31
 3700.000000      943      943        1        0      943        0      759      757      103     1974        0        9       31
 3701.000000      940      940        1        0      940        0      752      750      117     2002        1        8       31
 3702.000000      933      933        1        0      933        0      764      762      103     2005        0        9       31
 3703.000000      941      941        1        0      941        0      765      764      102     2000        1        8       31
 3704.000000      929      929        1        0      929        0      766      765      119     2021        0        9       31
 3705.000000      940      940        1        0      940        0      774      772      106     2014        1        8       31
 3706.000000      928      928        1        0      928        0      770      768      104     1968        0        9       31
 3707.000000      942      942        1        0      942        0      755      754       97     1988        1        8       31
 3708.000000      941      941        1        0      941        0      768      767       97     2007        1        8       31
 3709.000000      938      938        1        0      938        0      770      769       96     2006        0        9       31
 3710.000000      955      955        1        0      955        0      764      762      103     2026        1       10       29
 3711.000000      934      934        1        0      934        0      765      761      109     2012        0        9       31
 3712.000000      921      921        1        0      921        0      771      770      102     2012        0        9       31
 3713.000000      931      931        1        0      931        0      777      777      102     1984        0       10       30
 3714.000000      942      942        1        0      942        0      775      774      100     2008        0       11       29
 3715.000000      923      923        1        0      923        0      765      762      106     1983        0        9       31
 3716.000000      930      930        1        0      930        0      758      755      113     2005        0        9       31
 3717.000000      943      943        1        0      943        0      770      767       94     2046        1        8       31
 3718.000000      941      941        1        0      941        0      764      759      111     2044        0       11       29
 3719.000000      938      938        1        0      938        0      771      770      102     2023        1        9       30
 3720.000000      925      925        1        0      925        0      769      769      104     2045        0        9       31
 3721.000000      945      945        1        0      945        0      760      758      108     2018        1       11       28
 3722.000000      941      941        1        0      941        0      766      766       99     2022        1        8       31
 3723.000000      930      930        1        0      930        0      756      756      100     1983        1        8       31
 3724.000000      943      943        1        0      943        0      756      755      104     2037        1       11       28
 3725.000000      929      929        1        0      929        0      758      756      109     2008        0       10       30
 3726.000000      924      924        1        0      924        0      763      762      103     2030        1        8       31
 3727.000000      921      921        1        0      921        0      754      753       98     2003        0       10       30
 3728.000000      919      919        1        0      919        0      756      754       99     2000        0       10       30
 3729.000000      934      934        1        0      934        0      749      748      103     2022        1        9       30
 3730.000000      918      918        1        0      918        0      742      740      116     1991        0       10       30
 3731.000000      932      932        1        0      932        0      760      758      101     2021        1        9       30
 3732.000000      919      919        1        0      919        0      762      760      107     1985        0       10       30
 3733.000000      925      925        1        0      925        0      754      753      104     2018        1        8       31
 3734.000000      924      924        1        0      924        0      745      743      122     2018        0        9       31
 3735.000000      920      920        1        0      920        0      758      755      102     1990        0        9       31
 3736.000000      923      923        1        0      923        0      746      745      105     1990        0       11       29
 3737.000000      923      923        1        0      923        0      753      750      107     1982        0       10       30
 3738.000000      926      926        1        0      926        0      747      744      101     2018        0       10       30
 3739.000000      941      941        1        0      941        0      754      750      108     1980        1       12       27
 3740.000000      913      913        1        0      913        0      761      759       96     2021        0        9       31
 3741.000000      923      923        1        0      923        0      755      754      113     1996        0        9       31
 3742.000000      933      933        1        0      933        0      757      755      109     2016        0       10       30
 3743.000000      938      938        1        0      938        0      748      744      108     2013        0       10       30
 3744.000000      920      920        1        0      920        0      753      749      111     2003        0        9       31
 3745.000000      928      928        1        0      928        0      759      757      105     2011        0       10       30
 3746.000000      928      928        1        0      928        0      754      753       95     2001        0        9       31
 3747.000000      931      931        1        0      931        0      767      765      103     1987        1        8       31
 3748.000000      940      940        1        0      940        0      757      753      107     2029        0       11       29
 3749.000000      924      924        1        0      924        0      766      764      109     2021        0        9       31
 3750.000000      926      926        1        0      926        0      761      761      112     2002        0       10       30
 3751.000000      917      917        1        0      917        0      749      747      103     1997        0        9       31
 3752.000000      956      956        1        0      956        0      767      766      106     2003        1       11       28
 3753.000000      937      937        1        0      937        0      753      750      100     2019        0       10       30
 3754.000000      943      943        1        0      943        0      765      764      106     2010        0       12       28
 3755.000000      931      931        1        0      931        0      768      767      100     2019        0       10       30
 3756.000000      922      922        1        0      922        0      763      758      114     2033        0       11       29
 3757.000000      931      931        1        0      931        0      776      773       89     2059        1        9       30
 3758.000000      928      928        1        0      928        0      765      762      100     2000        0        9       31
 3759.000000      912      912        1        0      912        0      747      745      129     2002        0       10       30
 3760.000000      940      940        1        0      940        0      763      760      116     2022        0       11       29
 3761.000000      942      942        1        0      942        0      768      767      101     2030        1        9       30
 3762.000000      933      933        1        0      933        0      760      756      114     2002        0       10       30
 3763.000000      961      961        1        0      961        0      764      763      102     2007        1        9       30
 3764.000000      935      935        1        0      935        0      763      760      108     1985        1        8       31
 3765.000000      938      938        1        0      938        0      763      760      105     2012        1        9       30
 3766.000000      941      941        1        0      941        0      772      770      110     2035        1        8       31
 3767.000000      933      933        1        0      933        0      778      777      107     2027        0        9       31
 3768.000000      947      947        1        0      947        0      779      777      103     2021        0       11       29
 3769.000000      939      939        1        0      939        0      769      768      108     2005        1        7       32
 3770.000000      940      940        1        0      940        0      764      763      108     2067        0       10       30
 3771.000000      923      923        1        0      923        0      752      750      104     2010        0        9       31
 3772.000000      934      934        1        0      934        0      767      766      101     1986        0        9       31
 3773.000000      940      940        1        0      940        0      765      763      116     2040        0       11       29
 3774.000000      955      955        1        0      955        0      768      766      106     2038        1       10       29
 3775.000000      948      948        1        0      948        0      764      763      105     2020        1        8       31
 3776.000000      947      947        1        0      947        0      773      770      103     2053        1        8       31
 3777.000000      944      944        1        0      944        0      749      747      118     2029        1        9       30
 3778.000000      943      943        1        0      943        0      777      773      106     2065        1        8       31
 3779.000000      944      944        1        0      944        0      782      780       98     2009        0       10       30
 3780.000000      934      934        1        0      934        0      774      771      106     2015        0        9       31
 3781.000000      943      943        1        0      943        0      766      765      108     1993        0        9       31
 3782.000000      946      934        2        0      946        0      770      768      112     2018        0       11       29
 3783.000000      941      941        1        0      941        0      771      768      107     2027        0        9       31
 3784.000000      953      953        1        0      953        0      769      769       99     2037        0       11       29
 3785.000000      943      943        1        0      943        0      766      764      103     2018        0       11       29
 3786.000000      943      943        1        0      943        0      784      782      100     2008        0       12       28
 3787.000000      964      964        1        0      964        0      783      783      103     2011        0       12       28
 3788.000000      975      975        1        0      975        0      788      785       96     2014        0       12       28
 3789.000000      951      951        1        0      951        0      792      790       93     2043        0       10       30
 3790.000000      957      957        1        0      957        0      788      786       91     2051        0       10       30
 3791.000000      971      971        1        0      971        0      779      778      101     2028        1       11       28
 3792.000000      958      958        1        0      958        0      770      768      106     2038        0       12       28
 3793.000000      954      954        1        0      954        0      783      781       97     2059        0        9       31
 3794.000000      945      945        1        0      945        0      767      767      110     2031        0        9       31
 3795.000000      970      970        1        0      970        0      784      781      106     2028        1       11       28
 3796.000000      948      948        1        0      948        0      771      770      100     2038        0        9       31
 3797.000000      947      947        1        0      947        0      772      769      111     2009        0        9       31
 3798.000000      977      977        1        0      977        0      785      785      102     2025        1       13       26
 3799.000000      964      964        1        0      964        0      792      790       95     2008        0       12       28
 3800.000000      968      968        1        0      968        0      777      776      103     2001        0       13       27
 3801.000000      956      956        1        0      956        0      775      773       96     2011        0       10       30
 3802.000000      974      974        1        0      974        0      780      779      105     2030        0       13       27
 3803.000000      965      965        1        0      965        0      780      779      100     2010        0       12       28
 3804.000000      959      959        1        0      959        0      783      782       94     2018        0       10       30
 3805.000000      949      949        1        0      949        0      776      775       91     2029        0       11       29
 3806.000000      966      966        1        0      966        0      787      783      102     2004        0       12       28
 3807.000000      962      962        1        0      962        0      780      780       99     2036        0       10       30
 3808.000000      971      971        1        0      971        0      787      785       95     2024        1       10       29
 3809.000000      976      976        1        0      976        0      792      785       99     2025        0       12       28
 3810.000000      970      970        1        0      970        0      777      776      103     2037        0       11       29
 3811.000000      970      970        1        0      970        0      775      774      100     2044        1        9       30
 3812.000000      984      984        1        0      984        0      789      786       84     2026        0       11       29
 3813.000000      963      963        1        0      963        0      787      784       98     2049        0       13       27
 3814.000000      970      970        1        0      970        0      790      788      100     2030        1       10       29
 3815.000000      976      976        1        0      976        0      779      778      112     2005        0       11       29
 3816.000000      981      981        1        0      981        0      775      775      105     2055        0       11       29
 3817.000000      984      984        1        0      984        0      783      782       98     2020        0       13       27
 3818.000000      967      967        1        0      967        0      796      792      103     2014        0       11       29
 3819.000000      959      959        1        0      959        0      790      786      110     2011        0       11       29
 3820.000000      979      979        1        0      979        0      787      782      105     2035        1       10       29
 3821.000000      968      968        1        0      968        0      787      785      111     2058        0       11       29
 3822.000000      949      949        1        0      949        0      778      778      107     2018        0       10       30
 3823.000000      968      968        1        0      968        0      784      783      104     2012        0       11       29
 3824.000000      951      951        1        0      951        0      782      779      108     2023        0       10       30
 3825.000000      949      949        1        0      949        0      779      779       97     1977        0       10       30
 3826.000000      958      958        1        0      958        0      778      777      108     2013        0       12       28
 3827.000000      950      950        1        0      950        0      787      785      110     1996        1        9       30
 3828.000000      958      958        1        0      958        0      776      773      106     2009        1       10       29
 3829.000000      956      956        1        0      956        0      794      794       91     1996        0       12       28
 3830.000000      963      963        1        0      963        0      784      783      102     2020        0       14       26
 3831.000000      957      957        1        0      957        0      792      791       94     2012        0       12       28
 3832.000000      949      949        1        0      949        0      783      783      106     2012        0       10       30
 3833.000000      954      954        1        0      954        0      779      779      107     2012        0       13       27
 3834.000000      961      961        1        0      961        0      778      775      113     2030        0       11       29
 3835.000000      974      974        1        0      974        0      783      780       95     2025        0       13       27
 3836.000000      953      953        1        0      953        0      780      779      105     1997        0       11       29
 3837.000000      958      958        1        0      958        0      792      789      104     2027        0       13       27
 3838.000000      958      958        1        0      958        0      779      778      109     2044        0       13       27
 3839.000000      963      963        1        0      963        0      780      778      104     2063        0       13       27
 3840.000000      957      957        1        0      957        0      784      781      106     2025        0       13       27
 3841.000000      946      946        1        0      946        0      771      770      107     1996        0       10       30
 3842.000000      964      964        1        0      964        0      776      774      102     2022        0       13       27
 3843.000000      949      949        1        0      949        0      778      775      111     2005        0       10       30
 3844.000000      954      954        1        0      954        0      782      778      109     2034        0       13       27
 3845.000000      954      954        1        0      954        0      785      784      107     2051        0       10       30
 3846.000000      958      958        1        0      958        0      780      779      102     2022        0       14       26
 3847.000000      945      945        1        0      945        0      764      763      112     2042        0       10       30
 3848.000000      955      955        1        0      955        0      785      778      107     2017        0       13       27
 3849.000000      958      958        1        0      958        0      782      780      109     2037        0       12       28
 3850.000000      955      955        1        0      955        0      782      781      102     2053        0       12       28
 3851.000000      964      964        1        0      964        0      765      765      111     2037        1       11       28
 3852.000000      959      959        1        0      959        0      791      789      107     2014        0       12       28
 3853.000000      951      951        1        0      951        0      788      787      102     2051        0       11       29
 3854.000000      949      949        1        0      949        0      764      763      115     2058        0       10       30
 3855.000000      965      965        1        0      965        0      782      780      107     2025        0       14       26
 3856.000000      946      946        1        0      946        0      771      771      111     2039        0       12       28
 3857.000000      956      956        1        0      956        0      767      764      118     2023        0       12       28
 3858.000000      947      947        1        0      947        0      784      783      109     2032        0        9       31
 3859.000000      960      960        1        0      960        0      787      784      107     2027        0       12       28
 3860.000000      959      959        1        0      959        0      777      774      106     2046        0       11       29
 3861.000000      962      962        1        0      962        0      765      761      118     2071        0        9       31
 3862.000000      958      958        1        0      958        0      767      765      111     2018        0       12       28
 3863.000000      965      965        1        0      965        0      768      766      109     2043        0       13       27
 3864.000000      964      964        1        0      964        0      774      774       98     2051        0       14       26
 3865.000000      978      978        1        0      978        0      781      780      100     2028        0       13       27
 3866.000000      959      959        1        0      959        0      767      767      113     2049        0       11       29
 3867.000000      963      963        1        0      963        0      790      786      118     2051        0       13       27
 3868.000000      962      962        1        0      962        0      774      770      108     2057        0       12       28
 3869.000000      949      949        1        0      949        0      790      788       98     2032        0        9       31
 3870.000000      954      954        1        0      954        0      783      782      105     2038        0       12       28
 3871.000000      957      957        1        0      957        0      767      765      121     2024        0       12       28
 3872.000000      960      960        1        0      960        0      767      765      119     2019        0       12       28
 3873.000000      955      955        1        0      955        0      781      777      111     2039        0        9       31
 3874.000000      962      962        1        0      962        0      778      776      102     2021        0       13       27
 3875.000000      952      952        1        0      952        0      778      776      103     2033        0       12       28
 3876.000000      949      949        1        0      949        0      778      776      111     2021        0       10       30
 3877.000000      953      953        1        0      953        0      782      781      101     2064        0       10       30
 3878.000000      960      960        1        0      960        0      784      778      108     2045        0       12       28
 3879.000000      980      980        1        0      980        0      778      777      103     2035        0       15       25
 3880.000000      946      946        1        0      946        0      782      779      101     1993        0        9       31
 3881.000000      951      951        1        0      951        0      782      781       99     2012        0       13       27
 3882.000000      956      956        1        0      956        0      772      771      110     2058        0       12       28
 3883.000000      967      967        1        0      967        0      786      783      112     2027        0       12       28
 3884.000000      956      956        1        0      956        0      771      770      110     2016        0       11       29
 3885.000000      966      966        1        0      966        0      767      766       97     2037        0       12       28
 3886.000000      960      960        1        0      960        0      782      782      104     2064        0       11       29
 3887.000000      964      964        1        0      964        0      778      778      103     2039        0       15       25
 3888.000000      969      969        1        0      969        0      783      782       95     2056        0       13       27
 3889.000000      971      971        1        0      971        0      794      792       94     2071        0       14       26
 3890.000000      957      957        1        0      957        0      786      785      102     2024        0       10       30
 3891.000000      969      969        1        0      969        0      788      788      101     2016        0       13       27
 3892.000000      958      958        1        0      958        0      771      770      111     2013        0        9       31
 3893.000000      967      967        1        0      967        0      784      783       97     1990        0       13       27
 3894.000000      964      964        1        0      964        0      782      781      106     2003        0       13       27
 3895.000000      973      973        1        0      973        0      783      783       91     2022        0       14       26
 3896.000000      958      958        1        0      958        0      770      769      112     2031        0       10       30
 3897.000000      966      966        1        0      966        0      777      776       98     2021        0       13       27
 3898.000000      970      970        1        0      970        0      781      779       94     2016        0       13       27
 3899.000000      964      964        1        0      964        0      788      788       97     2030        0       13       27
 3900.000000      958      958        1        0      958        0      790      789       92     2025        0       14       26
 3901.000000      981      969        2        0      981        0      782      781       97     2026        0       17       23
 3902.000000      970      970        1        0      970        0      780      779       97     2048        1       10       29
 3903.000000      979      979        1        0      979        0      784      784       99     2041        2       12       26
 3904.000000      971      971        1        0      971        0      784      783      110     2034        0       14       26
 3905.000000      962      962        1        0      962        0      779      778      109     2044        0       11       29
 3906.000000      963      963        1        0      963        0      797      795      113     2024        0       11       29
 3907.000000      959      959        1        0      959        0      776      776      111     2043        0       10       30
 3908.000000      962      962        1        0      962        0      788      786       95     2066        0       11       29
 3909.000000      967      967        1        0      967        0      789      789      100     2041        0       14       26
 3910.000000      959      959        1        0      959        0      783      781      108     2024        0       13       27
 3911.000000      972      972        1        0      972        0      770      770      109     2050        1       14       25
 3912.000000      966      966        1        0      966        0      778      777      108     2056        0       14       26
 3913.000000      963      963        1        0      963        0      783      782      104     2053        0       14       26
 3914.000000      993      993        1        0      993        0      785      784      101     2089        0       17       23
 3915.000000      960      960        1        0      960        0      781      781      104     2045        0       14       26
 3916.000000      976      976        1       10      962        4      772      770      113     2083        0       16       24
 3917.000000      986      986        1        0      986        0      781      781      105     2070        1       16       23
 3918.000000      995      995        1        0      995        0      786      784       95     2037        0       16       24
 3919.000000      991      977        2        0      991        0      786      785       97     2085        0       16       24
 3920.000000      985      985        1        0      985        0      794      789      103     2060        0       14       26
 3921.000000      998      998        1        0      998        0      779      776      108     2057        0       14       26
 3922.000000      972      972        1        0      972        0      780      777      106     2019        0       14       26
 3923.000000      977      977        1        0      977        0      783      782      102     2048        0       11       29
 3924.000000      970      970        1        0      970        0      774      773      110     2058        0       11       29
 3925.000000      973      973        1        0      973        0      779      777      106     2051        0       14       26
 3926.000000      983      983        1        0      983        0      774      773      103     2051        1       14       25
 3927.000000      980      980        1        0      980        0      789      786      111     2031        0       15       25
 3928.000000      986      986        1        0      986        0      768      766      100     2037        0       14       26
 3929.000000      975      975        1        0      975        0      766      763      110     2005        0       14       26
 3930.000000      985      985        1       12      970        3      786      784       98     2035        0       16       24
 3931.000000      985      985        1        0      985        0      763      761      110     2043        0       11       29
 3932.000000      985      985        1        0      985        0      767      765      109     2052        0       14       26
 3933.000000      984      984        1        0      984        0      776      774      105     2051        0       12       28
 3934.000000      972      972        1        0      972        0      766      765      122     2046        0       12       28
 3935.000000      964      964        1        0      964        0      781      779      104     2048        0       11       29
 3936.000000      987      987        1       11      972        4      771      769      108     2111        0       16       24
 3937.000000      955      955        1        0      955        0      781      778       99     2033        0       10       30
 3938.000000      965      965        1        0      965        0      770      768      104     2068        0       13       27
 3939.000000      986      986        1        0      986        0      781      780      103     2050        0       14       26
 3940.000000      963      963        1        0      963        0      783      780      102     2060        0       10       30
 3941.000000      961      961        1        0      961        0      775      774      110     2070        0       10       30
 3942.000000      968      968        1        0      968        0      778      775      109     2040        0       13       27
 3943.000000      964      964        1        0      964        0      771      770       99     2076        0       13       27
 3944.000000      978      978        1        0      978        0      787      786       95     2061        0       13       27
 3945.000000      962      962        1        0      962        0      779      777      103     2012        0       13       27
 3946.000000      973      973        1        0      973        0      763      762      109     2045        0       13       27
 3947.000000      963      963        1        0      963        0      776      775      101     2032        0       13       27
 3948.000000      973      973        1        0      973        0      773      771      103     2045        0       13       27
 3949.000000      979      979        1        0      979        0      772      769      103     2052        0       14       26
 3950.000000      971      971        1        0      971        0      757      753      124     2036        0       15       25
 3951.000000      968      968        1        0      968        0      781      777      109     2033        0       13       27
 3952.000000      965      965        1        0      965        0      762      760      104     2044        0       13       27
 3953.000000      965      965        1        0      965        0      773      772      105     2051        0       13       27
 3954.000000      966      966        1        0      966        0      770      767      112     2059        1        9       30
 3955.000000      976      976        1        0      976        0      765      760      110     2047        0       14       26
 3956.000000      968      968        1        0      968        0      768      765      112     2037        0       13       27
 3957.000000      972      972        1        0      972        0      773      768      109     2058        1       12       27
 3958.000000      973      973        1        0      973        0      775      772      105     2031        0       13       27
 3959.000000      973      973        1        0      973        0      786      782      102     2069        0       13       27
 3960.000000      972      972        1        0      972        0      772      770      111     2055        0       11       29
 3961.000000      976      976        1        0      976        0      783      782      106     2038        0       11       29
 3962.000000      972      972        1        0      972        0      764      763      100     2032        0       10       30
 3963.000000      970      970        1        0      970        0      774      770      108     2060        0       13       27
 3964.000000      972      972        1        0      972        0      767      765      114     2040        0       13       27
 3965.000000      989      989        1        0      989        0      772      771      106     2062        0       13       27
 3966.000000      969      969        1        0      969        0      772      764      116     2063        0       13       27
 3967.000000      985      985        1        0      985        0      775      774      104     2066        0       13       27
 3968.000000      988      988        1        0      988        0      782      780      110     2095        0       13       27
 3969.000000      995      995        1        0      995        0      780      779      103     2020        0       13       27
 3970.000000     1005     1005        1        0     1005        0      782      780      106     2056        2       12       26
 3971.000000     1002     1002        1        0     1002        0      794      791      112     2035        0       16       24
 3972.000000      990      990        1        0      990        0      774      773      102     1992        0       13       27
 3973.000000      983      983        1        0      983        0      781      780      110     2030        0       13       27
 3974.000000      976      976        1        0      976        0      789      788      113     2029        0       13       27
 3975.000000      988      988        1        0      988        0      790      788      100     2083        0       13       27
 3976.000000      988      988        1        0      988        0      796      795      107     2062        0       13       27
 3977.000000      982      982        1        0      982        0      785      784      100     2055        0       13       27
 3978.000000     1001     1001        1        0     1001        0      782      780      105     2081        0       14       26
 3979.000000      999      999        1        0      999        0      783      781      103     2062        0       14       26
 3980.000000      990      990        1        0      990        0      784      780      108     2046        0       10       30
 3981.000000      986      986        1        0      986        0      780      774      111     2036        0       13       27
 3982.000000      986      986        1        0      986        0      787      786       92     2067        0       13       27
 3983.000000      994      994        1        0      994        0      788      786      110     2042        0       14       26
 3984.000000      988      988        1        0      988        0      793      789      107     2069        1       12       27
 3985.000000      986      986        1        0      986        0      782      780      102     2089        0       13       27
 3986.000000      995      995        1        0      995        0      777      775      111     2059        0       14       26
 3987.000000     1009     1009        1        0     1009        0      791      791       92     2063        0       13       27
 3988.000000      994      994        1        0      994        0      784      784      111     2074        0       11       29
 3989.000000      999      999        1        0      999        0      778      776      111     2074        1       14       25
 3990.000000      998      998        1        0      998        0      782      781      106     2083        0       10       30
 3991.000000      991      991        1        0      991        0      792      792      106     2065        1        9       30
 3992.000000      989      989        1        0      989        0      786      785      100     2068        0       12       28
 3993.000000      985      985        1        0      985        0      777      774      118     2061        1        8       31
 3994.000000      994      994        1        0      994        0      790      787      113     2064        0       12       28
 3995.000000      982      982        1        0      982        0      804      799      107     2066        1       10       29
 3996.000000     1001     1001        1        0     1001        0      808      807       94     2053        0       13       27
 3997.000000      987      987        1        0      987        0      802      801      102     2054        0       12       28
 3998.000000      980      980        1        0      980        0      791      789      112     2046        0        9       31
 3999.000000      984      984        1        0      984        0      797      796       91     2077        0        9       31
 4000.000000     1001     1001        1        0     1001        0      786      783      111     2075        0       11       29
 4001.000000      999      999        1        0      999        0      793      792      119     2077        0       11       29
 4002.000000      985      985        1        0      985        0      791      791      106     2041        0        9       31
 4003.000000      978      978        1        0      978        0      787      787      108     2048        0        8       32
 4004.000000      991      991        1        0      991        0      801      801      114     2072        0        9       31
 4005.000000      993      993        1        0      993        0      787      785      114     2073        1       13       26
 4006.000000      982      982        1        0      982        0      794      792      105     2072        0       10       30
 4007.000000      985      985        1        0      985        0      795      795      115     2065        0       10       30
 4008.000000      986      986        1        0      986        0      801      799      113     2037        1        9       30
 4009.000000     1002     1002        1        0     1002        0      781      778      117     2088        1       14       25
 4010.000000      985      985        1        0      985        0      780      779      120     2033        0        8       32
 4011.000000      987      987        1        0      987        0      795      789      110     2060        1        7       32
 4012.000000      976      976        1        0      976        0      788      786      108     2041        0        8       32
 4013.000000      999      999        1        0      999        0      802      802      107     2078        0       11       29
 4014.000000      985      985        1        0      985        0      799      799      100     2035        0       10       30
 4015.000000      999      999        1        0      999        0      781      780      111     2076        0       13       27
 4016.000000     1000     1000        1        0     1000        0      787      785      111     2069        0        9       31
 4017.000000     1001     1001        1        0     1001        0      788      787      106     2071        0       10       30
 4018.000000      994      994        1        0      994        0      804      802      102     2042        0       11       29
 4019.000000     1010     1010        1        0     1010        0      789      786      105     2056        0       12       28
 4020.000000     1006     1006        1        0     1006        0      808      808      106     2065        1       11       28
 4021.000000     1009     1009        1        0     1009        0      789      789      112     2058        0       13       27
 4022.000000      999      999        1        0      999        0      789      785      119     2078        0       10       30
 4023.000000     1004     1004        1        0     1004        0      793      793      103     2066        0       11       29
 4024.000000      979      979        1        0      979        0      788      787      108     2039        1        9       30
 4025.000000      992      980        2        0      992        0      799      797      105     2047        0       10       30
 4026.000000      997      997        1        0      997        0      793      792      110     2090        0        9       31
 4027.000000     1004     1004        1        0     1004        0      790      788      109     2071        0       13       27
 4028.000000      993      993        1        0      993        0      803      803      104     2062        0       10       30
 4029.000000     1010     1010        1        0     1010        0      807      805      107     2062        0       12       28
 4030.000000      998      998        1        0      998        0      791      791      111     2080        0       12       28
 4031.000000      984      984        1        0      984        0      792      791       99     2061        0        9       31
 4032.000000      998      998        1        0      998        0      801      800      103     2039        0       12       28
 4033.000000      994      994        1        0      994        0      803      802      101     2063        0       10       30
 4034.000000      989      989        1        0      989        0      800      799      104     2044        0        9       31
 4035.000000     1002      990        2        0     1002        0      791      790      107     2032        0       12       28
 4036.000000      993      993        1        0      993        0      797      795      110     2034        0       10       30
 4037.000000      985      985        1        0      985        0      803      800      107     2046        0        9       31
 4038.000000      984      984        1        0      984        0      807      806      108     2061        0        8       32
 4039.000000      996      996        1        0      996        0      798      798      110     2078        0       11       29
 4040.000000      991      991        1        0      991        0      801      798      107     2020        0       10       30
 4041.000000      987      987        1        0      987        0      794      794      112     2040        0        8       32
 4042.000000      996      996        1        0      996        0      804      803      110     2037        0       10       30
 4043.000000      996      996        1        0      996        0      792      788      122     2065        0       11       29
 4044.000000     1007     1007        1        0     1007        0      803      803      113     2051        0       12       28
 4045.000000      996      996        1        0      996        0      812      810       94     2065        0       12       28
 4046.000000     1013     1013        1        0     1013        0      801      799      109     2053        1       11       28
 4047.000000     1014     1014        1        0     1014        0      803      801       97     2047        0       17       23
 4048.000000     1004     1004        1        0     1004        0      795      792      110     2041        0       12       28
 4049.000000     1002     1002        1        0     1002        0      791      788      107     2067        0       12       28
 4050.000000     1007     1007        1        0     1007        0      785      783      105     2055        0       15       25
 4051.000000     1018     1018        1        0     1018        0      801      797      110     2054        0       16       24
 4052.000000     1019     1019        1        0     1019        0      793      791      107     2018        0       14       26
 4053.000000     1005     1005        1        0     1005        0      800      797       97     2050        0       14       26
 4054.000000     1027     1027        1        0     1027        0      805      803      108     2077        1       18       21
 4055.000000      998      998        1        0      998        0      793      792       97     2025        0       11       29
 4056.000000     1006     1006        1        0     1006        0      802      799      103     2064        0       12       28
 4057.000000     1022     1022        1        0     1022        0      801      799      110     2075        0       17       23
 4058.000000     1010     1010        1        0     1010        0      798      796      101     2073        1       13       26
 4059.000000     1022     1022        1        0     1022        0      787      785      104     2041        0       14       26
 4060.000000     1029     1029        1        0     1029        0      796      795      102     2071        1       15       24
 4061.000000      997      997        1        0      997        0      799      799      106     2041        0       13       27
 4062.000000      983      983        1        0      983        0      788      786       98     2018        0       13       27
 4063.000000      972      972        1        0      972        0      769      766      115     2070        0        9       31
 4064.000000      999      999        1        0      999        0      782      780      101     2076        0       14       26
 4065.000000     1004     1004        1        0     1004        0      773      772      101     2079        1       14       25
 4066.000000      982      982        1        0      982        0      791      789      115     2058        1       10       29
 4067.000000      996      996        1        0      996        0      782      778       99     2012        1       12       27
 4068.000000      985      985        1        0      985        0      787      786       97     2029        1        8       31
 4069.000000      986      986        1        0      986        0      799      794       96     2036        0        9       31
 4070.000000      979      979        1        0      979        0      796      791      105     2065        0        8       32
 4071.000000      985      985        1        0      985        0      793      792      106     2048        0       10       30
 4072.000000      994      994        1        0      994        0      787      785      104     2004        0        8       32
 4073.000000      979      979        1        0      979        0      791      790      109     2026        1        7       32
 4074.000000     1000     1000        1        0     1000        0      785      782      111     2026        0       11       29
 4075.000000      985      985        1        0      985        0      795      792      101     2028        1       12       27
 4076.000000      994      994        1        0      994        0      780      780      108     2030        0       15       25
 4077.000000      985      985        1        0      985        0      790      790      104     2046        0       14       26
 4078.000000      993      993        1        0      993        0      772      772      110     2041        0       13       27
 4079.000000      995      995        1        0      995        0      786      783      113     2052        0       16       24
 4080.000000     1009     1009        1        0     1009        0      792      789      109     2015        1       16       23
 4081.000000     1005     1005        1        0     1005        0      791      791      112     2041        0       12       28
 4082.000000     1026     1026        1        0     1026        0      788      786      106     2054        0       18       22
 4083.000000      999      999        1        0      999        0      786      785       99     2039        1       14       25
 4084.000000      997      997        1        0      997        0      787      785      109     2059        0       14       26
 4085.000000      997      997        1        0      997        0      795      791      104     2067        1       13       26
 4086.000000     1002     1002        1        0     1002        0      791      787      109     2022        1       12       27
 4087.000000      982      982        1        0      982        0      778      776      112     2046        0       11       29
 4088.000000     1015     1003        2        0     1015        0      797      795      106     2088        1       14       25
 4089.000000      998      998        1        0      998        0      786      786      103     2071        1       12       27
 4090.000000      994      994        1        0      994        0      796      795      110     2053        1       12       27
 4091.000000      997      997        1        0      997        0      793      792      101     2060        2       11       27
 4092.000000      996      996        1        0      996        0      788      788       93     2030        0       12       28
 4093.000000      993      993        1        0      993        0      781      780      116     2026        0       10       30
 4094.000000      985      985        1        0      985        0      787      784      100     2021        1       12       27
 4095.000000      975      975        1        0      975        0      784      783      111     2039        1       10       29
 4096.000000      969      969        1        0      969        0      788      787      103     2036        1        9       30
 4097.000000      987      987        1        0      987        0      790      790      100     2036        1       12       27
 4098.000000      997      997        1        0      997        0      786      785      110     2055        0       13       27
 4099.000000     1006     1006        1        0     1006        0      776      774      117     2070        1       15       24
 4100.000000      993      993        1        0      993        0      795      793       99     2071        1       13       26
 4101.000000     1004     1004        1        0     1004        0      784      782      105     2050        0       14       26
 4102.000000      999      999        1        0      999        0      788      787      107     2049        0       14       26
 4103.000000      984      984        1        0      984        0      774      773      117     2030        1        9       30
 4104.000000     1009     1009        1        0     1009        0      771      769      117     2037        1       14       25
 4105.000000      995      995        1        0      995        0      778      777      115     2070        0       13       27
 4106.000000      980      980        1        0      980        0      784      782      118     2028        1       10       29
 4107.000000      997      997        1        0      997        0      790      788       96     2055        1       14       25
 4108.000000      994      994        1        0      994        0      786      784      105     2041        1       10       29
 4109.000000      992      992        1        0      992        0      775      775      110     2052        1       10       29
 4110.000000     1012     1012        1        0     1012        0      785      784      103     2076        1       14       25
 4111.000000     1002     1002        1        0     1002        0      786      782      109     2076        1       13       26
 4112.000000      981      981        1        0      981        0      774      772      107     2048        0       12       28
 4113.000000      993      993        1        0      993        0      783      783      102     2061        1       14       25
 4114.000000     1015     1015        1        0     1015        0      792      790      109     2040        1       14       25
 4115.000000      979      979        1        0      979        0      788      787       97     2077        0        9       31
 4116.000000      986      986        1        0      986        0      783      783      105     2034        1       11       28
 4117.000000      999      999        1        0      999        0      790      790       96     2060        1       13       26
 4118.000000      985      985        1        0      985        0      782      780       98     2054        1       12       27
 4119.000000      992      992        1        0      992        0      781      779      100     2060        1       12       27
 4120.000000      991      991        1        0      991        0      768      765      120     2050        0       12       28
 4121.000000     1000     1000        1        0     1000        0      778      777       96     2049        3       12       25
 4122.000000      979      979        1        0      979        0      764      760      121     2027        1       10       29
 4123.000000      994      994        1        0      994        0      781      778      114     2057        1       13       26
 4124.000000      989      989        1        0      989        0      770      765      111     2055        0       12       28
 4125.000000      989      989        1        0      989        0      777      775      103     2023        1        9       30
 4126.000000      994      994        1        0      994        0      788      786      103     2047        0       15       25
 4127.000000      990      990        1        0      990        0      770      769      113     2016        0       12       28
 4128.000000     1001     1001        1        0     1001        0      778      776      110     2057        1       13       26
 4129.000000      993      993        1        0      993        0      773      770      113     2037        1       11       28
 4130.000000      974      974        1        0      974        0      786      781      108     2053        0        8       32
 4131.000000      992      992        1        0      992        0      786      785      102     2072        1       12       27
 4132.000000      991      991        1        0      991        0      780      777      114     2047        1       12       27
 4133.000000      991      991        1        0      991        0      787      787      109     2049        1        9       30
 4134.000000      992      992        1        0      992        0      789      788       98     2040        1       12       27
 4135.000000      984      984        1        0      984        0      770      768      114     2067        1       10       29
 4136.000000      982      982        1        0      982        0      790      788      112     2045        0       13       27
 4137.000000      981      981        1        0      981        0      784      783      111     2045        0       11       29
 4138.000000      985      985        1        0      985        0      771      767      111     2041        0       14       26
 4139.000000      973      973        1        0      973        0      780      779      110     2021        0        8       32
 4140.000000      980      980        1        0      980        0      773      772      119     2027        0       12       28
 4141.000000      980      980        1        0      980        0      773      772      120     2045        0       12       28
 4142.000000      989      989        1        0      989        0      776      776      115     2051        1       13       26
 4143.000000      982      982        1        0      982        0      774      774      117     2060        1       12       27
 4144.000000      980      980        1        0      980        0      773      772      104     2030        0       12       28
 4145.000000      979      979        1        0      979        0      777      776      112     2040        1       13       26
 4146.000000      988      988        1        0      988        0      786      785      109     2037        1       13       26
 4147.000000      983      983        1        0      983        0      786      784      108     2061        1       12       27
 4148.000000      989      989        1        0      989        0      773      771      111     2039        2       12       26
 4149.000000      970      970        1        0      970        0      778      777      112     2045        0       13       27
 4150.000000      984      984        1        0      984        0      782      777      108     2068        0       14       26
 4151.000000      963      963        1        0      963        0      771      768      109     2047        0       10       30
 4152.000000      978      978        1        0      978        0      786      781      111     2026        0       13       27
 4153.000000      982      982        1        0      982        0      782      780      109     2007        0       15       25
 4154.000000      978      978        1        0      978        0      770      768      113     2015        0       11       29
 4155.000000      985      985        1        0      985        0      780      776      107     2018        1       14       25
 4156.000000      975      975        1        0      975        0      775      772      113     2028        0       12       28
 4157.000000      970      970        1        0      970        0      778      776      103     2042        1       10       29
 4158.000000      989      989        1        0      989        0      779      778      108     2074        1       13       26
 4159.000000      986      986        1        0      986        0      789      786      100     2038        0       14       26
 4160.000000      984      984        1        0      984        0      772      770      110     2044        0       14       26
 4161.000000      976      976        1        0      976        0      785      784      101     2075        0       12       28
 4162.000000      975      975        1        0      975        0      792      791      100     2039        0       13       27
 4163.000000      980      980        1        0      980        0      786      783      110     2059        0       12       28
 4164.000000      970      970        1        0      970        0      767      764      110     2018        1        9       30
 4165.000000      996      996        1        0      996        0      769      767      110     2027        0       15       25
 4166.000000      989      989        1        0      989        0      780      777      108     2041        0       14       26
 4167.000000     1000     1000        1        0     1000        0      785      783       93     2057        0       15       25
 4168.000000      972      972        1        0      972        0      778      777      104     2014        0       10       30
 4169.000000      984      984        1        0      984        0      785      783      102     2115        1       11       28
 4170.000000      981      981        1        0      981        0      782      779      102     2045        0       12       28
 4171.000000      971      971        1        0      971        0      787      784      109     2068        1       10       29
 4172.000000      967      967        1        0      967        0      767      763      109     2033        0       13       27
 4173.000000      976      976        1        0      976        0      767      766      119     2069        0       13       27
 4174.000000      976      976        1        0      976        0      776      773      114     2029        0       12       28
 4175.000000      972      972        1        0      972        0      765      764      109     2045        0       14       26
 4176.000000      972      972        1        0      972        0      780      779      105     2043        0       13       27
 4177.000000      969      969        1        0      969        0      782      780      107     2046        0       13       27
 4178.000000      965      965        1        0      965        0      786      785       98     2082        1       12       27
 4179.000000      980      980        1        0      980        0      769      769      107     2042        1       12       27
 4180.000000      971      971        1        0      971        0      787      786      108     2057        1       10       29
 4181.000000      971      971        1        0      971        0      786      785      102     2040        0       13       27
 4182.000000      968      968        1        0      968        0      785      784      107     2018        0       12       28
 4183.000000      969      969        1        0      969        0      768      766      120     2057        0       10       30
 4184.000000      982      982        1        0      982        0      772      769      106     2065        0       11       29
 4185.000000      967      967        1        0      967        0      763      763      107     2025        0       12       28
 4186.000000      974      974        1        0      974        0      780      780      105     2057        0       11       29
 4187.000000      972      972        1        0      972        0      773      771      110     2034        0       14       26
 4188.000000      970      970        1        0      970        0      783      781       99     2033        0       14       26
 4189.000000      976      976        1        0      976        0      781      780      109     2013        0       14       26
 4190.000000      969      969        1        0      969        0      777      774      108     2036        0       12       28
 4191.000000      981      981        1        0      981        0      773      771      108     2023        0       13       27
 4192.000000      974      974        1        0      974        0      770      770      110     2028        1       12       27
 4193.000000      961      961        1        0      961        0      782      781      103     2015        0        9       31
 4194.000000      982      982        1        0      982        0      779      777       97     2022        0       13       27
 4195.000000      971      971        1        0      971        0      762      761      107     2010        0       14       26
 4196.000000      964      964        1        0      964        0      776      775      100     2005        0       13       27
 4197.000000      953      953        1        0      953        0      771      771      109     2002        0       12       28
 4198.000000      961      961        1        0      961        0      783      782       94     2012        0       13       27
 4199.000000      971      971        1        0      971        0      785      783      106     2017        0       13       27
 4200.000000      962      962        1        0      962        0      775      773      122     2034        0       11       29
 4201.000000      965      965        1        0      965        0      780      780      103     2020        0       13       27
 4202.000000      970      970        1        0      970        0      785      782      105     2030        1       13       26
 4203.000000      965      965        1        0      965        0      784      782      106     2019        0       10       30
 4204.000000      963      963        1        0      963        0      779      778      102     2018        0       12       28
 4205.000000      964      964        1        0      964        0      780      779      108     2028        0        9       31
 4206.000000      972      972        1        0      972        0      782      782      103     2047        0       13       27
 4207.000000      954      954        1        0      954        0      786      786      100     2023        0       10       30
 4208.000000      968      968        1        0      968        0      771      770      105     2049        0       13       27
 4209.000000      969      969        1        0      969        0      772      772      108     2049        0       12       28
 4210.000000      981      981        1        0      981        0      773      772      114     2016        0       15       25
 4211.000000      979      979        1        0      979        0      781      781      105     2027        1       13       26
 4212.000000      998      998        1        0      998        0      769      768      111     2046        0       15       25
 4213.000000      973      973        1        0      973        0      771      771      110     2054        0       12       28
 4214.000000      981      981        1        0      981        0      773      773      112     2022        0       15       25
 4215.000000      982      982        1        0      982        0      783      781      106     2018        1       13       26
 4216.000000      989      989        1        0      989        0      785      785      102     2038        0       15       25
 4217.000000      974      974        1        0      974        0      775      775      113     2039        0       10       30
 4218.000000      974      974        1        0      974        0      780      778      108     2044        0       11       29
 4219.000000      977      977        1        0      977        0      787      787      103     2027        0       14       26
 4220.000000      993      993        1        0      993        0      783      781      103     2022        0       16       24
 4221.000000      982      982        1        0      982        0      785      783      104     2013        0       12       28
 4222.000000      967      967        1        0      967        0      765      765      114     2037        0       12       28
 4223.000000      997      997        1        0      997        0      784      782      110     2027        2       17       21
 4224.000000      979      979        1        0      979        0      783      782      114     2060        0       11       29
 4225.000000      988      988        1        0      988        0      778      777      102     2026        2       12       26
 4226.000000      979      979        1        0      979        0      767      767      110     2024        0       15       25
 4227.000000      996      984        2        0      996        0      780      780      115     2043        1       16       23
 4228.000000      978      978        1        0      978        0      779      777      105     2031        1       12       27
 4229.000000      972      972        1        0      972        0      778      777      108     2026        0       10       30
 4230.000000      965      965        1        0      965        0      768      766      106     2030        0       14       26
 4231.000000      966      966        1        0      966        0      785      785       99     2037        0       13       27
 4232.000000      965      965        1        0      965        0      769      769      112     2040        0       13       27
 4233.000000      965      965        1        0      965        0      771      769       96     2007        1        9       30
 4234.000000      969      969        1        0      969        0      761      757      105     2062        1       13       26
 4235.000000      964      964        1        0      964        0      765      762      109     2011        1       11       28
 4236.000000      972      972        1        0      972        0      768      766      108     2044        1       12       27
 4237.000000      960      960        1        0      960        0      779      778      102     2016        0       12       28
 4238.000000      986      986        1        0      986        0      777      776      112     2051        0       15       25
 4239.000000      984      984        1        0      984        0      768      767      118     2032        2       11       27
 4240.000000      981      981        1        0      981        0      775      774      102     2026        1       13       26
 4241.000000      983      983        1        0      983        0      764      762      108     2061        0       13       27
 4242.000000      972      972        1        0      972        0      769      769      120     2046        1        9       30
 4243.000000      999      999        1        0      999        0      779      778      101     2054        1       16       23
 4244.000000      983      983        1        0      983        0      771      769      121     2042        0       14       26
 4245.000000      995      995        1        0      995        0      781      779      109     2029        1       15       24
 4246.000000      972      972        1        0      972        0      763      761      102     2015        1       11       28
 4247.000000      974      974        1        0      974        0      772      772      106     2038        0       11       29
 4248.000000      975      975        1        0      975        0      762      760      117     2021        1       13       26
 4249.000000      976      976        1        0      976        0      785      782      106     2032        1       11       28
 4250.000000      981      981        1        0      981        0      772      772      111     1989        1        9       30
 4251.000000      980      980        1        0      980        0      775      775      111     2037        1       12       27
 4252.000000      986      986        1        0      986        0      760      759      116     2003        1       12       27
 4253.000000      989      989        1        0      989        0      781      777      116     2032        1       13       26
 4254.000000      984      984        1        0      984        0      775      773      108     2046        0       14       26
 4255.000000      982      982        1        0      982        0      782      781      107     2050        0       14       26
 4256.000000      971      971        1        0      971        0      770      767      116     1979        0       13       27
 4257.000000      980      980        1        0      980        0      778      776      104     2050        0       12       28
 4258.000000      980      980        1        0      980        0      785      784      100     2025        1       15       24
 4259.000000      979      979        1        0      979        0      761      760      110     2044        0       14       26
 4260.000000      982      982        1        0      982        0      784      784       92     2045        1       13       26
 4261.000000      964      964        1        0      964        0      760      757      110     2017        1       13       26
 4262.000000      984      984        1        0      984        0      778      778      121     2030        0       12       28
 4263.000000      973      973        1        0      973        0      772      771      110     2052        1       10       29
 4264.000000      986      986        1        0      986        0      770      769       98     2054        0       13       27
 4265.000000      986      986        1        0      986        0      782      782      102     2045        0       14       26
 4266.000000      984      984        1        0      984        0      793      792      109     2044        1       13       26
 4267.000000      976      976        1        0      976        0      765      763      106     2038        1       11       28
 4268.000000      976      976        1        0      976        0      792      789       97     2038        0       14       26
 4269.000000      975      975        1        0      975        0      768      767      114     2023        0       14       26
 4270.000000      980      980        1        0      980        0      774      770      104     2055        1       13       26
 4271.000000      983      983        1        0      983        0      769      769      113     2038        1       16       23
 4272.000000      977      977        1        0      977        0      770      770      109     2013        0       12       28
 4273.000000      982      982        1        0      982        0      774      773      111     2043        0       15       25
 4274.000000      989      989        1        0      989        0      777      773      106     2034        0       16       24
 4275.000000     1006     1006        1        0     1006        0      788      783      105     2041        0       18       22
 4276.000000      981      981        1        0      981        0      775      775      116     2053        1       12       27
 4277.000000      982      982        1        0      982        0      778      778      109     2052        0       15       25
 4278.000000      971      971        1        0      971        0      773      771      111     2050        1       14       25
 4279.000000      992      992        1        0      992        0      773      772      109     2047        1       13       26
 4280.000000      984      984        1        0      984        0      780      778      103     2056        0       14       26
 4281.000000      983      983        1        0      983        0      772      770      113     2055        1       12       27
 4282.000000      984      984        1        0      984        0      758      758      123     2061        1       15       24
 4283.000000      980      980        1        0      980        0      783      782      111     2034        1       13       26
 4284.000000      974      974        1        0      974        0      770      770       98     2020        1       11       28
 4285.000000      991      991        1        0      991        0      771      770       98     2033        1       14       25
 4286.000000      971      971        1        0      971        0      781      779      100     2046        0       11       29
 4287.000000      970      970        1        0      970        0      789      787      105     2022        0       12       28
 4288.000000      977      977        1        0      977        0      778      778      103     2015        1       11       28
 4289.000000      972      972        1        0      972        0      764      762      112     2000        1       11       28
 4290.000000      980      980        1        0      980        0      772      772      106     2047        1       14       25
 4291.000000      975      975        1        0      975        0      763      762      105     2037        0       14       26
 4292.000000      970      970        1        0      970        0      771      767      114     2042        0       11       29
 4293.000000      984      984        1        0      984        0      767      766      106     2029        0       15       25
 4294.000000      973      973        1        0      973        0      781      779      101     2000        0       14       26
 4295.000000      982      982        1        0      982        0      769      768      105     2037        0       12       28
 4296.000000      977      977        1        0      977        0      765      764      110     2055        1       11       28
 4297.000000      966      966        1        0      966        0      774      772       97     1999        1       11       28
 4298.000000      992      992        1        0      992        0      770      770      115     2064        1       15       24
 4299.000000      997      997        1        0      997        0      779      776      108     2062        0       16       24
 4300.000000      969      969        1        0      969        0      768      767      110     2003        0       11       29
 4301.000000      979      979        1        0      979        0      769      769      103     2021        0       15       25
 4302.000000      986      986        1        0      986        0      772      770      108     2000        1       15       24
 4303.000000      978      978        1        0      978        0      778      776       95     2004        0       11       29
 4304.000000      982      982        1        0      982        0      781      780       98     2030        1       11       28
 4305.000000      991      991        1        0      991        0      789      787       93     2026        1       15       24
 4306.000000      979      979        1        0      979        0      773      773      100     2005        0       12       28
 4307.000000      974      974        1        0      974        0      789      787       93     2050        1       14       25
 4308.000000      986      986        1        0      986        0      790      789       92     2052        1       14       25
 4309.000000      973      973        1        0      973        0      784      783       90     2031        1       11       28
 4310.000000     1010     1010        1        0     1010        0      777      773      104     2053        0       18       22
 4311.000000      997      997        1        0      997        0      780      779      111     2047        1       15       24
 4312.000000     1004     1004        1        0     1004        0      778      778       99     2031        1       12       27
 4313.000000     1014     1014        1        0     1014        0      777      775      103     2052        0       15       25
 4314.000000      992      980        2        0      992        0      783      782      107     2028        0       15       25
 4315.000000     1011     1011        1        0     1011        0      772      771      111     2035        0       16       24
 4316.000000      988      988        1        0      988        0      778      777      103     2051        0       10       30
 4317.000000      986      986        1        0      986        0      780      780       98     2029        1       12       27
 4318.000000      985      985        1        0      985        0      776      774      101     2037        1       12       27
 4319.000000      993      993        1        0      993        0      787      786       95     2035        1       15       24
 4320.000000      976      976        1        0      976        0      776      776      104     2061        0       12       28
 4321.000000      994      994        1        0      994        0      776      775      103     2012        1       12       27
 4322.000000     1007     1007        1        0     1007        0      782      780      102     2058        2       13       25
 4323.000000      982      982        1        0      982        0      779      779      108     2018        1       12       27
 4324.000000     1005     1005        1        0     1005        0      779      776      111     2048        0       17       23
 4325.000000     1000     1000        1        0     1000        0      767      766      114     2032        1       13       26
 4326.000000      985      985        1        0      985        0      769      767      103     2057        0       11       29
 4327.000000      983      983        1        0      983        0      774      774      102     2025        1       11       28
 4328.000000      992      992        1        0      992        0      782      780       95     2031        0       16       24
 4329.000000      984      984        1        0      984        0      768      766      100     2043        0       10       30
 4330.000000      980      980        1        0      980        0      764      763      119     2021        0       11       29
 4331.000000      976      976        1        0      976        0      771      770      111     2023        0       12       28
 4332.000000     1006     1006        1        0     1006        0      790      788       91     2031        0       13       27
 4333.000000      989      989        1        0      989        0      772      772      102     2022        0       12       28
 4334.000000      987      987        1        0      987        0      774      771      107     2025        1       11       28
 4335.000000     1006     1006        1        0     1006        0      778      776      106     2026        1       12       27
 4336.000000      997      997        1        0      997        0      772      772      116     2016        0       16       24
 4337.000000      985      985        1        0      985        0      783      781      103     2013        0       11       29
 4338.000000      993      993        1        0      993        0      775      772      110     2011        1       12       27
 4339.000000      982      982        1        0      982        0      781      779      113     2029        1       11       28
 4340.000000      981      981        1        0      981        0      769      767      106     2018        0       15       25
 4341.000000      982      982        1        0      982        0      776      775      108     2051        0       12       28
 4342.000000      983      983        1        0      983        0      779      777      113     2045        0       12       28
 4343.000000      985      985        1        0      985        0      782      780      102     2045        0       12       28
 4344.000000      990      990        1        0      990        0      787      786       96     2023        0       13       27
 4345.000000      984      984        1        0      984        0      771      769      117     2025        1       14       25
 4346.000000      979      979        1        0      979        0      777      777      110     1997        0       12       28
 4347.000000      984      984        1        0      984        0      774      772      109     2026        0       12       28
 4348.000000      978      978        1        0      978        0      773      772      111     2005        1       11       28
 4349.000000      988      988        1        0      988        0      772      770      108     2017        1       13       26
 4350.000000      995      983        2        0      995        0      763      762      113     2002        1       14       25
 4351.000000      994      982        2        0      994        0      776      776      101     2027        0       13       27
 4352.000000     1000      988        2        0     1000        0      764      762      112     2027        2       12       26
 4353.000000      993      981        2        0      993        0      774      772      103     2042        1       13       26
 4354.000000      994      994        1        0      994        0      784      781      100     2021        1       14       25
 4355.000000      999      999        1        0      999        0      783      782      118     2054        2       12       26
 4356.000000      991      991        1        0      991        0      773      773      108     2045        0       12       28
 4357.000000     1002     1002        1        0     1002        0      783      783      114     2020        1       14       25
 4358.000000     1009      997        2        0     1009        0      767      764      104     2050        1       14       25
 4359.000000      988      988        1        0      988        0      778      777      109     2056        1       11       28
 4360.000000      990      990        1        0      990        0      781      780      117     2025        1       14       25
 4361.000000      988      988        1        0      988        0      785      784      112     2053        1       14       25
 4362.000000      989      989        1        0      989        0      777      775      108     2069        1       11       28
 4363.000000      991      991        1        0      991        0      784      782      113     2069        1       12       27
 4364.000000     1008     1008        1        0     1008        0      775      774      118     2036        1       13       26
 4365.000000      982      982        1        0      982        0      781      779      108     2031        1        9       30
 4366.000000      978      978        1        0      978        0      786      785      105     2025        1       10       29
 4367.000000      983      983        1        0      983        0      774      773      114     2037        0       10       30
 4368.000000      986      986        1        0      986        0      787      783      113     2050        1       14       25
 4369.000000      986      986        1        0      986        0      781      780      102     2026        1       13       26
 4370.000000      979      979        1        0      979        0      774      773      107     2069        1        8       31
 4371.000000      985      985        1        0      985        0      777      776      117     2057        0       12       28
 4372.000000      994      994        1        0      994        0      771      770      120     2047        1       14       25
 4373.000000     1010     1010        1        0     1010        0      776      774      113     2086        1       17       22
 4374.000000      987      987        1        0      987        0      783      783      112     2041        0       14       26
 4375.000000      992      992        1        0      992        0      775      774      111     2076        1       13       26
 4376.000000      988      988        1        0      988        0      784      784      102     2059        1       12       27
 4377.000000      988      988        1        0      988        0      796      792      108     2047        1       14       25
 4378.000000     1010      996        2       14      996        0      791      790      107     2034        1       15       24
 4379.000000     1000     1000        1        0     1000        0      787      782      110     2047        0       16       24
 4380.000000     1012     1012        1        0     1012        0      790      788      105     2082        2       15       23
 4381.000000     1009      995        2       14      995        0      780      776      107     2049        1       13       26
 4382.000000      992      992        1        0      992        0      795      794      100     2057        1       14       25
 4383.000000      996      996        1        0      996        0      794      794       99     2072        1       15       24
 4384.000000     1009     1009        1        0     1009        0      800      799      106     2062        1       14       25
 4385.000000      985      985        1        0      985        0      792      792      108     2072        0       15       25
 4386.000000     1003     1003        1        0     1003        0      801      798       98     2096        1       15       24
 4387.000000      992      992        1        0      992        0      783      782       97     2067        1       15       24
 4388.000000      985      985        1        0      985        0      792      792      105     2080        1       14       25
 4389.000000      993      993        1        0      993        0      790      788      108     2073        1       14       25
 4390.000000      994      994        1        0      994        0      786      786      109     2069        0       14       26
 4391.000000      983      983        1        0      983        0      780      778      114     2050        0       12       28
 4392.000000     1000     1000        1        0     1000        0      790      789      106     2052        1       14       25
 4393.000000      990      990        1        0      990        0      785      783      118     2069        0       15       25
 4394.000000      996      996        1        0      996        0      782      780      108     2051        0       15       25
 4395.000000      990      990        1        0      990        0      798      797      107     2081        0       14       26
 4396.000000      976      976        1        0      976        0      775      772      119     2038        0       10       30
 4397.000000      993      993        1        0      993        0      796      796       92     2037        1       15       24
 4398.000000      992      992        1        0      992        0      771      769      119     2057        1       13       26
 4399.000000      987      987        1        0      987        0      792      790      108     2042        0       15       25
 4400.000000      987      987        1        0      987        0      775      770      114     2038        1       13       26
 4401.000000      991      991        1        0      991        0      785      784      122     2037        0       16       24
 4402.000000      988      988        1        0      988        0      791      791      107     2037        1       11       28
 4403.000000     1003     1003        1        0     1003        0      785      783      111     2024        1       14       25
 4404.000000      996      996        1        0      996        0      791      790      108     2062        0       16       24
 4405.000000      986      986        1        0      986        0      776      776      114     2022        0       14       26
 4406.000000      993      993        1        0      993        0      777      776      116     2024        0       16       24
 4407.000000      985      985        1        0      985        0      785      782      102     2027        1       12       27
 4408.000000      983      983        1        0      983        0      780      780      114     2027        0       12       28
 4409.000000     1002     1002        1        0     1002        0      769      767      111     2043        1       14       25
 4410.000000      995      995        1        0      995        0      775      774      114     2027        0       13       27
 4411.000000      981      981        1        0      981        0      779      778      113     2023        1       11       28
 4412.000000      989      989        1        0      989        0      768      765      104     2012        1       15       24
 4413.000000      994      994        1        0      994        0      768      766      108     2044        1       13       26
 4414.000000      996      996        1        0      996        0      774      773      102     2048        1       15       24
 4415.000000      988      988        1        0      988        0      782      781      105     2008        0       13       27
 4416.000000      983      983        1        0      983        0      774      773       99     2038        0       15       25
 4417.000000      992      992        1        0      992        0      773      771      110     2037        1       14       25
 4418.000000      990      990        1        0      990        0      777      776      112     2078        1       14       25
 4419.000000      971      971        1        0      971        0      772      770      104     2021        0       13       27
 4420.000000      979      979        1        0      979        0      764      762      108     2051        0       12       28
 4421.000000      977      977        1        0      977        0      772      771      114     2028        0       13       27
 4422.000000      993      993        1        0      993        0      787      783      103     2028        1       13       26
 4423.000000      986      986        1        0      986        0      770      770      111     2028        0       15       25
 4424.000000      984      984        1        0      984        0      773      769      105     2052        0       15       25
 4425.000000      983      983        1        0      983        0      779      779      103     2067        0       14       26
 4426.000000      978      978        1        0      978        0      769      766      111     2034        1       12       27
 4427.000000      979      979        1        0      979        0      774      773      108     2048        0       13       27
 4428.000000      985      985        1        0      985        0      764      762      116     2046        1       12       27
 4429.000000      983      983        1        0      983        0      768      768      104     2051        0       14       26
 4430.000000      993      993        1        0      993        0      780      778      104     2083        1       16       23
 4431.000000      985      985        1        0      985        0      775      774      107     2085        1       14       25
 4432.000000      991      991        1        0      991        0      783      780      109     2052        1       15       24
 4433.000000      976      976        1        0      976        0      772      769      117     2066        0       13       27
 4434.000000      984      984        1        0      984        0      776      774      115     2094        0       15       25
 4435.000000      982      982        1        0      982        0      769      767      104     2041        2       14       24
 4436.000000      979      979        1        0      979        0      773      772      106     2027        0       13       27
 4437.000000      987      987        1        0      987        0      780      779      104     2060        0       17       23
 4438.000000      988      988        1        0      988        0      773      769      111     2059        1       14       25
 4439.000000      982      982        1        0      982        0      777      775      107     2092        0       13       27
 4440.000000     1007     1007        1        0     1007        0      774      771      115     2096        1       15       24
 4441.000000      980      980        1        0      980        0      766      765      110     2044        1       15       24
 4442.000000      989      989        1        0      989        0      775      773      113     2093        1       14       25
 4443.000000      982      982        1        0      982        0      775      773      114     2091        0       13       27
 4444.000000      991      991        1        0      991        0      782      780      116     2076        0       16       24
 4445.000000      981      981        1        0      981        0      771      769      120     2067        0       16       24
 4446.000000      997      997        1        0      997        0      786      784      115     2074        0       16       24
 4447.000000      975      975        1        0      975        0      790      787      106     2054        0       14       26
 4448.000000     1002     1002        1        0     1002        0      787      785      105     2067        1       14       25
 4449.000000      982      982        1        0      982        0      780      777      128     2049        0       12       28
 4450.000000      993      993        1        0      993        0      782      781      117     2079        1       17       22
 4451.000000     1000     1000        1        0     1000        0      771      771      116     2077        1       16       23
 4452.000000      987      987        1        0      987        0      785      785      110     2054        0       16       24
 4453.000000      981      981        1        0      981        0      768      767      113     2053        1       15       24
 4454.000000      989      989        1        0      989        0      779      777      115     2043        0       16       24
 4455.000000      991      991        1        0      991        0      784      781      129     2073        0       18       22
 4456.000000     1000     1000        1        0     1000        0      794      793      105     2052        1       15       24
 4457.000000      996      996        1        0      996        0      786      786      114     2026        0       15       25
 4458.000000     1004     1004        1        0     1004        0      779      775      122     2082        1       17       22
 4459.000000      977      977        1        0      977        0      785      783      112     2056        0       11       29
 4460.000000      989      989        1        0      989        0      788      787      121     2060        0       14       26
 4461.000000      998      998        1        0      998        0      787      783      117     2071        1       15       24
 4462.000000      987      987        1        0      987        0      776      774      118     2040        0       16       24
 4463.000000      991      991        1        0      991        0      773      771      128     2102        0       15       25
 4464.000000      987      987        1        0      987        0      788      788      111     2065        1       11       28
 4465.000000      991      991        1        0      991        0      794      792      109     2070        0       15       25
 4466.000000      989      989        1        0      989        0      782      781      119     2073        1       12       27
 4467.000000      991      991        1        0      991        0      775      774      128     2068        0       12       28
 4468.000000      997      997        1        0      997        0      794      791      102     2058        0       17       23
 4469.000000     1007     1007        1        0     1007        0      780      778      112     2093        2       16       22
 4470.000000      997      997        1        0      997        0      793      791      111     2052        0       16       24
 4471.000000      997      997        1        0      997        0      789      787      110     2063        1       15       24
 4472.000000      998      998        1        0      998        0      784      783      110     2063        0       16       24
 4473.000000     1000     1000        1        0     1000        0      783      779      119     2080        0       17       23
 4474.000000      991      991        1        0      991        0      778      774      115     2086        1       12       27
 4475.000000      994      994        1        0      994        0      795      793      111     2077        1       12       27
 4476.000000      991      991        1        0      991        0      776      774      115     2089        0       13       27
 4477.000000     1000     1000        1        0     1000        0      782      782       97     2095        0       16       24
 4478.000000      999      999        1        0      999        0      788      786      117     2064        0       17       23
 4479.000000      997      997        1        0      997        0      787      784      122     2118        0       17       23
 4480.000000     1002     1002        1        0     1002        0      778      777      113     2072        1       14       25
 4481.000000      999      999        1        0      999        0      783      781      122     2050        1       15       24
 4482.000000      991      991        1        0      991        0      788      786      110     2080        0       14       26
 4483.000000     1000     1000        1        0     1000        0      784      782      117     2055        0       16       24
 4484.000000      997      997        1        0      997        0      793      791      109     2100        0       17       23
 4485.000000     1010     1010        1        0     1010        0      775      774      120     2088        0       19       21
 4486.000000      983      983        1        0      983        0      783      782      109     2058        0       14       26
 4487.000000     1014     1014        1        0     1014        0      780      778      119     2050        1       16       23
 4488.000000      999      999        1        0      999        0      772      771      123     2077        0       16       24
 4489.000000      994      994        1        0      994        0      779      778      120     2056        0       14       26
 4490.000000      995      995        1        0      995        0      778      774      114     2069        0       14       26
 4491.000000      993      993        1        0      993        0      769      769      113     2051        0       17       23
 4492.000000      995      995        1        0      995        0      776      774      111     2030        0       14       26
 4493.000000      983      983        1        0      983        0      768      768      117     2032        0       18       22
 4494.000000      990      990        1        0      990        0      773      771      123     2043        0       17       23
 4495.000000      991      991        1        0      991        0      766      765      119     2032        0       19       21
 4496.000000      984      984        1        0      984        0      774      773      116     2047        0       13       27
 4497.000000      988      988        1        0      988        0      780      777      109     2035        0       13       27
 4498.000000      989      989        1        0      989        0      776      775      117     2058        0       14       26
 4499.000000     1001     1001        1        0     1001        0      776      775      121     2040        0       17       23
 4500.000000      997      997        1        0      997        0      776      776       95     2044        0       17       23
 4501.000000      997      997        1        0      997        0      764      764      118     2031        0       15       25
 4502.000000      996      996        1        0      996        0      777      776      111     2041        0       15       25
 4503.000000      995      995        1        0      995        0      761      761      118     2058        0       14       26
 4504.000000      988      988        1        0      988        0      776      775      118     2031        0       14       26
 4505.000000     1025     1025        1        0     1025        0      777      774      120     2056        0       16       24
 4506.000000      994      994        1        0      994        0      775      774      112     2063        0       14       26
 4507.000000      991      991        1        0      991        0      772      772      111     2054        0       12       28
 4508.000000     1000     1000        1        0     1000        0      770      769      106     2072        0       16       24
 4509.000000     1012     1012        1        0     1012        0      777      776      111     2061        0       15       25
 4510.000000     1005     1005        1        0     1005        0      765      760      134     2069        0       16       24
 4511.000000      991      991        1        0      991        0      774      772      120     2033        0       13       27
 4512.000000      989      989        1        0      989        0      762      762      120     2027        0       11       29
 4513.000000      999      999        1        0      999        0      768      768      117     2055        0       13       27
 4514.000000      992      992        1        0      992        0      766      765      119     2039        0       15       25
 4515.000000      984      984        1        0      984        0      779      779      108     2016        0       10       30
 4516.000000     1000     1000        1        0     1000        0      766      763      116     2004        0       15       25
 4517.000000      996      996        1        0      996        0      765      764      113     2021        0       15       25
 4518.000000     1000      985        2       15      985        0      770      766      108     2042        0       16       24
 4519.000000      985      985        1        0      985        0      781      781      112     2057        0       12       28
 4520.000000      991      991        1        0      991        0      783      781      103     2028        0       13       27
 4521.000000      982      982        1        0      982        0      772      772      116     2000        0       11       29
 4522.000000      998      998        1        0      998        0      772      770      121     2048        0       13       27
 4523.000000      979      979        1        0      979        0      761      761      118     2034        0       13       27
 4524.000000      993      993        1        0      993        0      749      745      118     2056        0       13       27
 4525.000000      982      982        1        0      982        0      769      767      117     2061        0       10       30
 4526.000000      972      972        1        0      972        0      761      759      111     2037        0       13       27
 4527.000000      975      975        1        0      975        0      764      764      103     1996        0       13       27
 4528.000000      982      982        1        0      982        0      758      757      114     2023        0       14       26
 4529.000000      988      988        1        0      988        0      774      772      114     2036        0       16       24
 4530.000000      989      989        1        0      989        0      780      779       99     2036        1       10       29
 4531.000000      983      983        1        0      983        0      756      756      119     1995        0       16       24
 4532.000000      979      979        1        0      979        0      768      766      106     2034        0       14       26
 4533.000000      987      987        1        0      987        0      763      762      109     2005        0       16       24
 4534.000000      970      970        1        0      970        0      767      766      121     2032        0       10       30
 4535.000000      986      986        1        0      986        0      771      769      111     2020        0       13       27
 4536.000000      990      990        1        0      990        0      769      768      112     2049        0       16       24
 4537.000000     1000     1000        1        0     1000        0      781      780      103     2064        0       15       25
 4538.000000     1008     1008        1        0     1008        0      760      759      116     2050        1       14       25
 4539.000000      976      976        1        0      976        0      762      762      109     2057        0       15       25
 4540.000000      983      983        1        0      983        0      776      774      109     2067        0       13       27
 4541.000000      980      980        1        0      980        0      770      767      111     2041        0       15       25
 4542.000000      981      981        1        0      981        0      765      762      112     2047        0       15       25
 4543.000000      978      978        1        0      978        0      778      778      103     2017        0       15       25
 4544.000000      971      971        1        0      971        0      771      769      106     2042        0       15       25
 4545.000000      975      975        1        0      975        0      753      753      119     2020        0       16       24
 4546.000000      980      980        1        0      980        0      758      757      112     2007        0       14       26
 4547.000000      979      979        1        0      979        0      767      766      116     2047        0       16       24
 4548.000000      980      968        2        0      980        0      773      771      110     2070        0       14       26
 4549.000000      958      958        1        0      958        0      768      766      126     2037        0       10       30
 4550.000000      965      965        1        0      965        0      771      770      117     2024        0       11       29
 4551.000000      987      987        1        0      987        0      778      777      120     2068        1       14       25
 4552.000000      972      972        1        0      972        0      767      765      120     2049        0       13       27
 4553.000000      998      998        1        0      998        0      781      779      114     2031        0       17       23
 4554.000000      988      988        1        0      988        0      769      768      116     2044        1       12       27
 4555.000000      978      978        1        0      978        0      777      774      125     2061        0       15       25
 4556.000000      985      985        1        0      985        0      782      781      115     2048        0       11       29
 4557.000000      989      989        1        0      989        0      775      774      118     2042        0       12       28
 4558.000000      994      994        1        0      994        0      774      769      119     2027        1       16       23
 4559.000000      991      991        1        0      991        0      768      765      109     2061        0       12       28
 4560.000000      977      977        1        0      977        0      770      767      114     2036        0       11       29
 4561.000000      997      997        1        0      997        0      781      776      120     2048        0       14       26
 4562.000000     1031     1031        1        0     1031        0      782      781      109     2092        2       15       23
 4563.000000     1001     1001        1        0     1001        0      779      775      109     2036        0       15       25
 4564.000000      982      982        1        0      982        0      782      778      111     2014        0       14       26
 4565.000000      997      997        1        0      997        0      794      793      108     2062        0       12       28
 4566.000000     1001     1001        1        0     1001        0      775      774      111     2023        0       14       26
 4567.000000      990      990        1        0      990        0      775      773      115     2019        0       12       28
 4568.000000      993      993        1        0      993        0      777      776      110     2027        0       16       24
 4569.000000      998      998        1        0      998        0      778      778      110     2044        0       16       24
 4570.000000      995      995        1        0      995        0      774      774      114     2031        0       15       25
 4571.000000      989      989        1        0      989        0      776      773      114     2048        0       15       25
 4572.000000      994      994        1        0      994        0      761      761      119     2047        0       15       25
 4573.000000      976      976        1        0      976        0      779      776      118     2018        0       14       26
 4574.000000      971      971        1        0      971        0      777      776      109     2026        0       11       29
 4575.000000      961      961        1        0      961        0      762      756      119     2034        0        8       32
 4576.000000      978      978        1        0      978        0      764      763      117     2035        0       13       27
 4577.000000      983      983        1        0      983        0      778      771      114     2010        0       11       29
 4578.000000      987      987        1        0      987        0      777      771      117     2041        0       16       24
 4579.000000      978      978        1        0      978        0      765      765      111     2070        0       14       26
 4580.000000      990      990        1        0      990        0      772      770      123     2018        0       16       24
 4581.000000      978      978        1        0      978        0      768      765      119     2047        0       13       27
 4582.000000      975      975        1        0      975        0      772      770      118     2019        0       14       26
 4583.000000      979      979        1        0      979        0      785      781      110     2023        0       12       28
 4584.000000      978      978        1        0      978        0      779      778      111     2032        0       12       28
 4585.000000      992      992        1        0      992        0      787      786      112     2057        0       15       25
 4586.000000      992      992        1        0      992        0      788      788      104     2048        0       12       28
 4587.000000      981      981        1        0      981        0      774      771      122     2064        0       14       26
 4588.000000      977      977        1        0      977        0      774      771      125     2043        0       15       25
 4589.000000      996      996        1        0      996        0      779      778      110     2029        0       16       24
 4590.000000      983      983        1        0      983        0      785      781      123     2060        0       16       24
 4591.000000      976      976        1        0      976        0      775      771      133     2017        0       13       27
 4592.000000     1000      988        2        0     1000        0      784      784      117     2044        0       16       24
 4593.000000      979      979        1        0      979        0      772      770      127     2046        0       12       28
 4594.000000      978      978        1        0      978        0      779      777      110     2062        0       15       25
 4595.000000      974      974        1        0      974        0      781      778      124     2030        0       12       28
 4596.000000      975      975        1        0      975        0      767      766      112     2038        0       13       27
 4597.000000      999      999        1        0      999        0      779      777      118     2040        0       16       24
 4598.000000      983      983        1        0      983        0      784      783      117     2048        0       15       25
 4599.000000      995      995        1        0      995        0      780      778      115     2069        0       13       27
 4600.000000      990      990        1        0      990        0      776      775      116     2083        0       15       25
 4601.000000      979      979        1        0      979        0      791      788      117     2099        0       13       27
 4602.000000      989      989        1        0      989        0      762      761      120     2074        0       12       28
 4603.000000      986      986        1        0      986        0      781      778      116     2061        0       15       25
 4604.000000      984      984        1        0      984        0      775      773      120     2072        0       15       25
 4605.000000      973      973        1        0      973        0      768      766      116     2035        0       13       27
 4606.000000      979      979        1        0      979        0      780      775      114     2030        0       14       26
 4607.000000      974      974        1        0      974        0      750      748      134     2060        0       11       29
 4608.000000      988      988        1        0      988        0      766      765      111     2028        0       13       27
 4609.000000      969      969        1        0      969        0      749      747      121     2032        0       13       27
 4610.000000      975      975        1        0      975        0      759      757      119     2002        0       12       28
 4611.000000      981      981        1        0      981        0      778      776      122     2076        0       14       26
 4612.000000      993      993        1        0      993        0      776      772      109     2063        0       17       23
 4613.000000      973      973        1        0      973        0      777      774      119     2050        0       11       29
 4614.000000      980      980        1        0      980        0      767      764      122     2040        0       14       26
 4615.000000      985      985        1        0      985        0      753      748      125     2051        0       16       24
 4616.000000      995      995        1        0      995        0      777      772      112     2081        0       17       23
 4617.000000      967      967        1        0      967        0      767      762      116     2052        0       12       28
 4618.000000      973      973        1        0      973        0      779      777      119     2080        0       13       27
 4619.000000      987      987        1        0      987        0      775      772      117     2071        1       15       24
 4620.000000     1005     1005        1        0     1005        0      763      758      121     2063        0       15       25
 4621.000000      997      997        1        0      997        0      786      781      112     2095        0       14       26
 4622.000000      971      971        1        0      971        0      773      769      114     2068        1       15       24
 4623.000000      963      963        1        0      963        0      762      759      128     2045        0       14       26
 4624.000000      976      976        1        0      976        0      780      775      116     2085        1       10       29
 4625.000000      959      959        1        0      959        0      775      774      106     2030        0       14       26
 4626.000000      959      959        1        0      959        0      767      765      119     2067        0       13       27
 4627.000000      960      960        1        0      960        0      782      776      119     2068        0       11       29
 4628.000000      970      970        1        0      970        0      773      767      107     2127        1       14       25
 4629.000000      961      961        1        0      961        0      785      781      111     2061        0       13       27
 4630.000000      954      954        1        0      954        0      780      776      113     2081        0       12       28
 4631.000000      962      962        1        0      962        0      769      768      118     2064        0       14       26
 4632.000000      986      986        1        0      986        0      781      778      114     2060        1       15       24
 4633.000000      974      974        1        0      974        0      776      771      126     2054        0       12       28
 4634.000000      976      976        1        0      976        0      773      770      125     2060        0       14       26
 4635.000000      996      996        1        0      996        0      786      785      110     2078        1       15       24
 4636.000000      982      982        1        0      982        0      784      784      111     2073        0       15       25
 4637.000000      977      977        1        0      977        0      772      770      115     2062        0       13       27
 4638.000000      997      997        1        0      997        0      780      777      115     2087        1       15       24
 4639.000000     1001     1001        1        0     1001        0      779      775      108     2119        1       16       23
 4640.000000      965      965        1        0      965        0      777      774      118     2081        0       10       30
 4641.000000      982      982        1        0      982        0      781      778      113     2083        1       11       28
 4642.000000      980      980        1        0      980        0      789      786      109     2068        0       15       25
 4643.000000     1005     1005        1        0     1005        0      783      779      117     2070        0       16       24
 4644.000000      982      982        1        0      982        0      796      792      111     2087        0       12       28
 4645.000000      990      990        1        0      990        0      787      784      120     2045        0       15       25
 4646.000000      998      998        1        0      998        0      776      772      125     2116        1       14       25
 4647.000000      980      980        1        0      980        0      793      790      112     2059        0       13       27
 4648.000000      980      980        1        0      980        0      769      766      128     2060        1       13       26
 4649.000000      976      976        1        0      976        0      774      770      114     2061        0       13       27
 4650.000000      975      975        1        0      975        0      777      774      138     2080        0       14       26
 4651.000000      978      978        1        0      978        0      790      787      107     2037        0       13       27
 4652.000000      982      982        1        0      982        0      781      779      109     2085        0       15       25
 4653.000000      992      992        1        0      992        0      771      766      111     2064        0       13       27
 4654.000000      992      992        1        0      992        0      774      774      117     2079        0       15       25
 4655.000000      992      992        1        0      992        0      785      782      109     2080        1       12       27
 4656.000000      996      996        1        0      996        0      776      773      112     2091        1       17       22
 4657.000000      990      990        1        0      990        0      790      789      118     2046        0       14       26
 4658.000000      985      985        1        0      985        0      775      774      116     2086        0       13       27
 4659.000000     1008     1008        1        0     1008        0      790      790      111     2082        1       14       25
 4660.000000      987      987        1        0      987        0      795      793      116     2065        0       13       27
 4661.000000     1002     1002        1        0     1002        0      784      784      113     2106        1       16       23
 4662.000000      989      989        1        0      989        0      778      775      116     2051        0       11       29
 4663.000000      998      998        1        0      998        0      783      783      110     2093        1       12       27
 4664.000000      998      998        1        0      998        0      787      785      115     2067        0       17       23
 4665.000000     1001     1001        1        0     1001        0      778      773      120     2043        1       12       27
 4666.000000      983      983        1        0      983        0      778      776      114     2050        0       10       30
 4667.000000      987      987        1        0      987        0      785      784      116     2069        0       14       26
 4668.000000      992      992        1        0      992        0      779      777      121     2041        0       14       26
 4669.000000     1015     1015        1        0     1015        0      779      774      117     2051        1       16       23
 4670.000000     1001     1001        1        0     1001        0      774      772      121     2046        1       14       25
 4671.000000     1003     1003        1        0     1003        0      783      782      117     2062        0       16       24
 4672.000000      998      998        1        0      998        0      780      776      122     2067        0       14       26
 4673.000000     1000     1000        1        0     1000        0      770      768      126     2098        1       13       26
 4674.000000      991      991        1        0      991        0      779      777      123     2047        0       15       25
 4675.000000      985      985        1        0      985        0      773      769      123     2042        0       15       25
 4676.000000      996      996        1        0      996        0      773      771      124     2026        0       16       24
 4677.000000      981      981        1        0      981        0      757      756      125     2067        0       15       25
 4678.000000      992      992        1        0      992        0      777      774      116     2082        0       15       25
 4679.000000      980      980        1        0      980        0      772      770      112     2034        0       15       25
 4680.000000      983      983        1        0      983        0      779      775      107     2006        0       16       24
 4681.000000     1000     1000        1        0     1000        0      779      774      115     2061        0       14       26
 4682.000000      996      996        1        0      996        0      780      778      118     2069        0       13       27
 4683.000000      984      984        1        0      984        0      770      768      113     2010        0       15       25
 4684.000000      986      986        1        0      986        0      767      762      120     2041        1       13       26
 4685.000000      992      992        1        0      992        0      773      772      130     2044        0       15       25
 4686.000000      997      997        1        0      997        0      781      781      116     2081        0       16       24
 4687.000000      992      992        1        0      992        0      779      773      115     2076        0       16       24
 4688.000000      998      998        1        0      998        0      777      774      121     2098        1       16       23
 4689.000000      995      995        1        0      995        0      774      771      118     2027        0       14       26
 4690.000000      995      995        1        0      995        0      775      771      117     2047        0       16       24
 4691.000000      994      994        1        0      994        0      787      783      105     2060        1       15       24
 4692.000000      990      990        1        0      990        0      778      774      112     2053        0       12       28
 4693.000000      988      988        1        0      988        0      780      779      121     2066        0       16       24
 4694.000000      988      988        1        0      988        0      777      770      115     2032        0       14       26
 4695.000000      992      992        1        0      992        0      776      774      114     2071        0       16       24
 4696.000000      989      989        1        0      989        0      771      767      110     2056        1       11       28
 4697.000000     1000     1000        1        0     1000        0      777      772      116     2061        0       18       22
 4698.000000      995      995        1        0      995        0      780      778      116     2030        0       15       25
 4699.000000      994      994        1        0      994        0      779      775      123     2077        0       16       24
 4700.000000     1010     1010        1        0     1010        0      762      760      121     2093        2       17       21
 4701.000000      998      998        1        0      998        0      769      766      117     2072        1       16       23
 4702.000000      994      994        1        0      994        0      781      778      118     2021        0       15       25
 4703.000000     1006     1006        1        0     1006        0      788      786      104     2071        1       16       23
 4704.000000     1013     1013        1        0     1013        0      783      781      113     2075        1       16       23
 4705.000000      989      989        1        0      989        0      766      762      118     2069        0       17       23
 4706.000000      984      984        1        0      984        0      768      766      117     2034        0       15       25
 4707.000000     1007     1007        1        0     1007        0      769      766      128     2077        1       17       22
 4708.000000      988      988        1        0      988        0      780      779      115     2071        0       14       26
 4709.000000      998      998        1        0      998        0      796      794       97     2067        0       15       25
 4710.000000     1005     1005        1        0     1005        0      781      779      119     2084        2       15       23
 4711.000000      995      995        1        0      995        0      788      782      123     2066        0       12       28
 4712.000000     1012     1012        1        0     1012        0      789      787      102     2058        0       20       20
 4713.000000      978      978        1        0      978        0      788      786      113     2065        0       14       26
 4714.000000      994      994        1        0      994        0      772      768      117     2088        0       15       25
 4715.000000      992      992        1        0      992        0      783      779      110     2060        0       15       25
 4716.000000      992      992        1        0      992        0      786      784      106     2046        0       14       26
 4717.000000     1022     1022        1        0     1022        0      782      782      110     2078        1       15       24
 4718.000000      986      986        1        0      986        0      774      770      123     2063        0       14       26
 4719.000000      995      995        1        0      995        0      768      766      128     2050        0       14       26
 4720.000000      982      982        1        0      982        0      784      782      111     2041        0       12       28
 4721.000000      994      994        1        0      994        0      771      768      125     2063        1       13       26
 4722.000000      972      972        1        0      972        0      776      772      112     2051        0        9       31
 4723.000000      988      988        1        0      988        0      790      788      109     2068        0       13       27
 4724.000000      972      972        1        0      972        0      773      771      116     2044        0       11       29
 4725.000000     1014     1014        1        0     1014        0      787      783      111     2085        0       16       24
 4726.000000      987      987        1        0      987        0      784      781      111     2077        0       11       29
 4727.000000      992      992        1        0      992        0      777      775      123     2057        1       14       25
 4728.000000      974      974        1        0      974        0      775      773      119     2054        0       14       26
 4729.000000      993      993        1        0      993        0      777      777      125     2029        0       18       22
 4730.000000      982      982        1        0      982        0      771      770      114     2036        0       13       27
 4731.000000      976      976        1        0      976        0      780      777      117     2061        0       15       25
 4732.000000      965      965        1        0      965        0      778      775      110     2034        0       12       28
 4733.000000      974      974        1        0      974        0      783      780      102     2054        0       11       29
 4734.000000      986      986        1        0      986        0      774      772      109     2045        1       16       23
 4735.000000      984      984        1        0      984        0      775      770      120     2062        0       13       27
 4736.000000      978      978        1        0      978        0      778      776      115     2056        1       11       28
 4737.000000      997      997        1        0      997        0      776      775      122     2048        0       17       23
 4738.000000      982      982        1        0      982        0      778      776      109     2044        0       13       27
 4739.000000      984      984        1        0      984        0      782      779      117     2057        0       14       26
 4740.000000      968      968        1        0      968        0      774      772      113     2054        0       13       27
 4741.000000      981      981        1        0      981        0      758      755      127     2052        0       12       28
 4742.000000      974      974        1        0      974        0      781      779      110     2037        0       12       28
 4743.000000      973      973        1        0      973        0      768      763      114     2029        0       10       30
 4744.000000     1001     1001        1        0     1001        0      769      765      131     2044        1       15       24
 4745.000000      973      973        1        0      973        0      772      770      113     2036        1       10       29
 4746.000000      980      980        1        0      980        0      779      774      124     2082        2       10       28
 4747.000000      997      997        1        0      997        0      776      770      111     2056        1       13       26
 4748.000000      979      979        1        0      979        0      774      769      113     2040        0       14       26
 4749.000000      970      970        1        0      970        0      774      770      132     2058        0       11       29
 4750.000000      974      974        1        0      974        0      768      766      114     2051        0       13       27
 4751.000000      979      979        1        0      979        0      763      762      118     2044        0       13       27
 4752.000000      973      973        1        0      973        0      774      773      120     2034        0       12       28
 4753.000000      977      977        1        0      977        0      765      763      116     2052        0       14       26
 4754.000000      973      973        1        0      973        0      775      774      117     2074        0       14       26
 4755.000000      978      978        1        0      978        0      782      779      121     2080        0       14       26
 4756.000000      969      969        1        0      969        0      781      778      124     2055        0       12       28
 4757.000000      973      973        1        0      973        0      766      760      130     2037        0       13       27
 4758.000000      977      977        1        0      977        0      780      776      115     2049        0       14       26
 4759.000000      977      977        1        0      977        0      766      764      123     2048        0       13       27
 4760.000000      969      969        1        0      969        0      779      775      118     2084        0       10       30
 4761.000000      972      972        1        0      972        0      767      765      123     2063        0       13       27
 4762.000000      978      978        1        0      978        0      774      773      117     2051        0       13       27
 4763.000000      985      985        1        0      985        0      775      770      118     2044        1       12       27
 4764.000000      971      971        1        0      971        0      771      766      116     2037        0       14       26
 4765.000000      974      974        1        0      974        0      785      782      116     2016        0       15       25
 4766.000000      991      991        1        0      991        0      784      780      118     2067        0       15       25
 4767.000000      982      982        1        0      982        0      781      778      118     2056        1       10       29
 4768.000000      980      980        1        0      980        0      772      767      119     2024        0       12       28
 4769.000000      972      972        1        0      972        0      767      764      119     2054        0       11       29
 4770.000000      987      987        1        0      987        0      767      765      118     2056        1       11       28
 4771.000000      979      979        1        0      979        0      773      771      117     2061        0       12       28
 4772.000000      978      978        1        0      978        0      780      775      122     2082        0       12       28
 4773.000000      977      977        1        0      977        0      780      775      111     2052        1        9       30
 4774.000000      980      980        1        0      980        0      786      782      110     2035        0       13       27
 4775.000000      978      978        1        0      978        0      789      786      112     2053        0       12       28
 4776.000000      984      984        1        0      984        0      788      785      114     2075        0       12       28
 4777.000000      987      987        1        0      987        0      763      759      127     2055        0       13       27
 4778.000000      977      977        1        0      977        0      777      776      129     2065        0        9       31
 4779.000000      985      985        1        0      985        0      787      781      117     2056        0       13       27
 4780.000000     1002     1002        1        0     1002        0      794      790      113     2066        0       11       29
 4781.000000      982      982        1        0      982        0      786      784      106     2045        0       11       29
 4782.000000      988      988        1        0      988        0      775      770      123     2047        1       10       29
 4783.000000      971      971        1        0      971        0      788      783      114     2058        0        9       31
 4784.000000      982      982        1        0      982        0      762      757      115     2019        0        8       32
 4785.000000      979      979        1        0      979        0      760      755      123     2070        0       11       29
 4786.000000      999      999        1        0      999        0      779      776      112     2055        0       12       28
 4787.000000      985      985        1        0      985        0      790      784      116     2019        0       11       29
 4788.000000      985      985        1        0      985        0      784      777      117     2101        0       11       29
 4789.000000      974      974        1        0      974        0      778      772      122     2028        0        9       31
 4790.000000      997      997        1        0      997        0      786      781      118     2042        0       10       30
 4791.000000     1000     1000        1        0     1000        0      770      767      111     2059        0       13       27
 4792.000000      985      985        1        0      985        0      780      777      111     2051        0       11       29
 4793.000000      989      989        1        0      989        0      795      793      106     2045        0       13       27
 4794.000000      986      986        1        0      986        0      781      779      103     2043        1        8       31
 4795.000000     1002     1002        1        0     1002        0      794      791       98     2080        1       15       24
 4796.000000      985      985        1        0      985        0      784      781      116     2035        0       12       28
 4797.000000      986      986        1        0      986        0      792      785      109     2037        0       13       27
 4798.000000      986      986        1        0      986        0      787      779      109     2033        0       12       28
 4799.000000      974      974        1        0      974        0      785      782      106     2042        0        8       32
 4800.000000     1001     1001        1        0     1001        0      782      775      107     2034        0       13       27
 4801.000000     1006      994        2        0     1006        0      792      787      116     2045        0       12       28
 4802.000000      986      986        1        0      986        0      789      786      103     2063        2        7       31
 4803.000000      979      979        1        0      979        0      787      784      114     2026        0       10       30
 4804.000000      986      986        1        0      986        0      789      784      113     2037        0       13       27
 4805.000000      992      992        1        0      992        0      782      778      117     2025        1       13       26
 4806.000000      993      993        1        0      993        0      779      774      112     2042        0       13       27
 4807.000000      986      986        1        0      986        0      793      790      106     2056        1       12       27
 4808.000000      982      982        1        0      982        0      790      787      112     2016        0       12       28
 4809.000000     1007     1007        1        0     1007        0      784      782      108     2041        0       14       26
 4810.000000      995      995        1        0      995        0      796      795      113     2038        0       13       27
 4811.000000      982      982        1        0      982        0      780      778      122     2069        0        9       31
 4812.000000      975      975        1        0      975        0      774      773      113     2050        0       10       30
 4813.000000     1002     1002        1        0     1002        0      786      783      107     2056        0       16       24
 4814.000000     1001     1001        1        0     1001        0      786      782      118     2050        0       14       26
 4815.000000      986      986        1        0      986        0      794      793      109     2047        0       13       27
 4816.000000     1000     1000        1        0     1000        0      787      785      116     2053        0       12       28
 4817.000000      979      979        1        0      979        0      790      787      112     2056        1        8       31
 4818.000000      977      977        1        0      977        0      791      784      122     2071        0       13       27
 4819.000000      994      994        1        0      994        0      785      782      112     2074        0       11       29
 4820.000000      969      969        1        0      969        0      782      778      116     2056        0        8       32
 4821.000000      983      983        1        0      983        0      780      777      126     2051        1        9       30
 4822.000000      982      982        1        0      982        0      769      767      124     2027        0       14       26
 4823.000000     1011     1011        1        0     1011        0      778      776      112     2073        1       14       25
 4824.000000      989      989        1        0      989        0      778      776      117     2044        0       14       26
 4825.000000      976      976        1        0      976        0      786      783      120     2065        0       13       27
 4826.000000      971      971        1        0      971        0      782      779      119     2054        0       10       30
 4827.000000      992      992        1        0      992        0      780      779      108     2070        2       13       25
 4828.000000      983      983        1        0      983        0      785      780      108     2072        1       11       28
 4829.000000      981      981        1        0      981        0      793      789      114     2075        1       12       27
 4830.000000      969      969        1        0      969        0      772      769      118     2061        0       11       29
 4831.000000      982      982        1        0      982        0      783      779      107     2053        0       15       25
 4832.000000      974      974        1        0      974        0      786      780      116     2071        0       12       28
 4833.000000      971      971        1        0      971        0      783      780      105     2090        0       14       26
 4834.000000      976      976        1        0      976        0      771      769      107     2062        1       12       27
 4835.000000      966      966        1        0      966        0      777      773      114     2049        1       12       27
 4836.000000      983      983        1        0      983        0      773      770      119     2095        0       15       25
 4837.000000      977      977        1        0      977        0      791      785      103     2045        0       11       29
 4838.000000      971      971        1        0      971        0      763      762      116     2065        1        9       30
 4839.000000      967      967        1        0      967        0      766      765      123     2075        0        9       31
 4840.000000      993      993        1        0      993        0      779      778      108     2054        0       14       26
 4841.000000      976      976        1        0      976        0      782      779      115     2048        1       10       29
 4842.000000      981      981        1        0      981        0      776      774      107     2046        1       12       27
 4843.000000      973      973        1        0      973        0      769      763      118     2067        0       11       29
 4844.000000      974      974        1        0      974        0      791      783      115     2045        0       10       30
 4845.000000      978      978        1        0      978        0      777      771      117     2051        0       12       28
 4846.000000      983      983        1        0      983        0      786      784      103     2039        0       15       25
 4847.000000      976      976        1        0      976        0      781      774      113     2063        0       11       29
 4848.000000      986      986        1        0      986        0      798      794      103     2116        0       14       26
 4849.000000      979      979        1        0      979        0      774      770      119     2077        0       14       26
 4850.000000      980      980        1        0      980        0      783      782       96     2065        0       10       30
 4851.000000      977      977        1        0      977        0      780      776      110     2071        0       14       26
 4852.000000      974      974        1        0      974        0      770      765      115     2046        0       14       26
 4853.000000      984      984        1        0      984        0      772      768      114     2064        0       14       26
 4854.000000      992      992        1        0      992        0      796      792      107     2101        0       13       27
 4855.000000      995      995        1        0      995        0      779      777      104     2058        0       15       25
 4856.000000     1008     1008        1        0     1008        0      787      783      102     2065        1       16       23
 4857.000000      997      997        1        0      997        0      780      775      113     2066        1       13       26
 4858.000000      998      998        1        0      998        0      784      783      117     2054        1       13       26
 4859.000000      989      989        1        0      989        0      786      785      120     2066        1       12       27
 4860.000000      984      984        1        0      984        0      787      783      110     2053        0       10       30
 4861.000000      990      990        1        0      990        0      770      765      109     2029        0       15       25
 4862.000000      998      998        1        0      998        0      788      785      113     2054        1       12       27
 4863.000000      983      983        1        0      983        0      779      777      109     2082        0       14       26
 4864.000000      981      981        1        0      981        0      780      779      100     2031        0       15       25
 4865.000000      972      972        1        0      972        0      788      783      113     2052        0       11       29
 4866.000000      985      985        1        0      985        0      775      771      116     2005        0       13       27
 4867.000000      971      971        1        0      971        0      777      772      119     2037        0       10       30
 4868.000000      987      987        1        0      987        0      767      764      119     2034        0       13       27
 4869.000000      994      994        1        0      994        0      788      785      109     2057        0       14       26
 4870.000000      980      980        1        0      980        0      774      772      112     2044        0       13       27
 4871.000000      983      983        1        0      983        0      783      782      111     2054        0       11       29
 4872.000000      977      977        1        0      977        0      770      766      111     2016        0       14       26
 4873.000000      971      971        1        0      971        0      768      766      117     2018        1        8       31
 4874.000000      975      975        1        0      975        0      774      769      113     2056        0       12       28
 4875.000000      979      979        1        0      979        0      759      758      114     2058        1       13       26
 4876.000000      973      973        1        0      973        0      760      758      125     2028        0       10       30
 4877.000000      992      992        1        0      992        0      769      766      111     2023        0       16       24
 4878.000000      993      993        1        0      993        0      766      764      111     2042        0       15       25
 4879.000000      997      997        1        0      997        0      760      759      125     2077        2       15       23
 4880.000000      977      977        1        0      977        0      769      766      112     2027        0       11       29
 4881.000000      965      965        1        0      965        0      774      770      115     2062        0       13       27
 4882.000000      992      992        1        0      992        0      767      763      115     2051        0       14       26
 4883.000000      978      978        1        0      978        0      781      774      113     2038        0       14       26
 4884.000000      964      964        1        0      964        0      770      762      115     2067        0        9       31
 4885.000000     1005     1005        1        0     1005        0      759      756      110     2030        0       18       22
 4886.000000      995      995        1        0      995        0      762      762      115     2067        0       12       28
 4887.000000      993      993        1        0      993        0      763      759      112     2052        0       14       26
 4888.000000      989      989        1        0      989        0      775      773      110     2037        0       11       29
 4889.000000      988      988        1        0      988        0      778      777      103     2049        0       12       28
 4890.000000      982      982        1        0      982        0      762      754      116     2064        0       14       26
 4891.000000      978      978        1        0      978        0      775      773      100     2051        1       13       26
 4892.000000      974      974        1        0      974        0      782      778      111     2045        0       14       26
 4893.000000      980      980        1        0      980        0      775      772      114     2055        0       14       26
 4894.000000      991      991        1        0      991        0      780      777      111     2070        0       12       28
 4895.000000     1010     1010        1        0     1010        0      780      777      111     2031        0       19       21
 4896.000000      975      975        1        0      975        0      780      776      105     2076        0       10       30
 4897.000000      974      974        1        0      974        0      775      769      114     2030        0       13       27
 4898.000000      970      970        1        0      970        0      775      771      113     2079        0       12       28
 4899.000000      974      974        1        0      974        0      775      772      104     2057        0       12       28
 4900.000000      995      995        1        0      995        0      780      778      115     2094        1       14       25
 4901.000000      965      965        1        0      965        0      779      776      114     2020        0        9       31
 4902.000000      985      985        1        0      985        0      766      763      109     2077        0       13       27
 4903.000000      971      971        1        0      971        0      764      763      115     2055        0        9       31
 4904.000000      970      970        1        0      970        0      773      771      113     2041        0       10       30
 4905.000000      986      986        1        0      986        0      775      771      116     2056        0       12       28
 4906.000000      990      990        1        0      990        0      788      787      109     2062        1       11       28
 4907.000000      992      992        1        0      992        0      781      779      108     2041        1       13       26
 4908.000000     1002     1002        1        0     1002        0      776      774      118     2085        0       17       23
 4909.000000      973      973        1        0      973        0      783      780      101     2069        0       12       28
 4910.000000      971      971        1        0      971        0      775      773      104     2051        0       12       28
 4911.000000      978      978        1        0      978        0      781      779      103     2016        0       13       27
 4912.000000     1008     1008        1        0     1008        0      783      781      102     2039        1       16       23
 4913.000000      970      970        1        0      970        0      762      759      118     2010        0       11       29
 4914.000000      966      966        1        0      966        0      764      762      114     2036        0       12       28
 4915.000000      970      970        1        0      970        0      774      772      104     2024        1       11       28
 4916.000000      975      975        1        0      975        0      782      780      104     2036        0       15       25
 4917.000000      986      986        1        0      986        0      778      776      107     2058        0       14       26
 4918.000000      974      974        1        0      974        0      788      784      112     2053        1       10       29
 4919.000000      974      974        1        0      974        0      783      782      109     2061        0       12       28
 4920.000000      972      972        1        0      972        0      778      776      102     2025        0       14       26
 4921.000000      994      994        1        0      994        0      777      772      113     2044        1       13       26
 4922.000000      989      989        1        0      989        0      780      778      104     2046        0       13       27
 4923.000000     1004     1004        1        0     1004        0      784      784      106     2047        1       12       27
 4924.000000      993      993        1        0      993        0      771      770      117     2028        0       12       28
 4925.000000      981      981        1        0      981        0      768      766      118     2041        1       12       27
 4926.000000      997      997        1        0      997        0      785      783       99     2065        1       12       27
 4927.000000      971      971        1        0      971        0      773      770      114     2037        0       11       29
 4928.000000      969      969        1        0      969        0      768      767      103     2059        0       12       28
 4929.000000      971      971        1        0      971        0      761      758      106     2059        1        9       30
 4930.000000      971      971        1        0      971        0      778      776      109     2028        0       11       29
 4931.000000      972      972        1        0      972        0      782      778      112     2059        1       10       29
 4932.000000      973      973        1        0      973        0      786      786      106     2066        0       11       29
 4933.000000      987      987        1        0      987        0      777      774      112     2055        1       12       27
 4934.000000      978      978        1        0      978        0      793      792       96     2059        1        9       30
 4935.000000      981      981        1        0      981        0      780      779      102     2048        0       12       28
 4936.000000      993      993        1        0      993        0      780      779      110     2084        0       10       30
 4937.000000      971      971        1        0      971        0      779      774      102     2080        0       10       30
 4938.000000      972      972        1        0      972        0      774      774      104     2066        0       10       30
 4939.000000      967      967        1        0      967        0      782      781      107     2061        0       10       30
 4940.000000      972      972        1        0      972        0      780      778       97     2060        0       11       29
 4941.000000      979      979        1        0      979        0      774      770      112     2068        0       11       29
 4942.000000      964      964        1        0      964        0      765      763      120     2055        0       12       28
 4943.000000      974      974        1        0      974        0      787      787      102     2047        0        9       31
 4944.000000      974      974        1        0      974        0      784      783      102     2087        0       12       28
 4945.000000      987      987        1        0      987        0      774      772      115     2067        0       12       28
 4946.000000      967      967        1        0      967        0      781      780      108     2040        0       11       29
 4947.000000      966      966        1        0      966        0      772      770      107     2035        0       11       29
 4948.000000      968      968        1        0      968        0      773      771      105     2035        0       10       30
 4949.000000      966      966        1        0      966        0      776      774      110     2053        0       11       29
 4950.000000      966      966        1        0      966        0      759      756      121     2049        0       10       30
 4951.000000      978      966        2        0      978        0      784      783      108     2034        0       13       27
 4952.000000      967      967        1        0      967        0      783      782      108     2075        0       10       30
 4953.000000      979      979        1       14      964        1      782      782      108     2032        1       11       28
 4954.000000      969      969        1        0      969        0      775      773      114     2044        0       11       29
 4955.000000      964      964        1        0      964        0      779      777      105     2052        0       10       30
 4956.000000      968      968        1        0      968        0      775      774      105     2043        1       10       29
 4957.000000     1008     1008        1       13      993        2      783      781      109     2024        0       16       24
 4958.000000      958      958        1        0      958        0      783      779      111     2046        0       10       30
 4959.000000      959      959        1        0      959        0      782      779      117     2027        0       11       29
 4960.000000      963      963        1        0      963        0      787      786      105     2060        0       11       29
 4961.000000      963      963        1        0      963        0      776      775      116     2074        1       11       28
 4962.000000      952      952        1        0      952        0      766      763      107     2052        0       10       30
 4963.000000      970      970        1        0      970        0      784      781      102     2088        1       10       29
 4964.000000      964      964        1        0      964        0      779      774      114     2069        0       10       30
 4965.000000      955      955        1        0      955        0      785      784      108     2081        0       12       28
 4966.000000      964      964        1        0      964        0      770      768      108     2059        0       10       30
 4967.000000      980      968        2        0      980        0      789      788      113     2078        1       13       26
 4968.000000      961      961        1        0      961        0      783      781      105     2049        0       11       29
 4969.000000      964      964        1        0      964        0      786      783      105     2070        0       10       30
 4970.000000      969      969        1        0      969        0      778      775      124     2060        0       11       29
 4971.000000      977      977        1        0      977        0      776      772      122     2043        0       11       29
 4972.000000      957      957        1        0      957        0      787      784      108     2061        0       10       30
 4973.000000      970      970        1        0      970        0      782      779      118     2041        0       11       29
 4974.000000      965      965        1        0      965        0      774      771      100     2041        0       10       30
 4975.000000      963      963        1        0      963        0      789      786      111     2062        0       10       30
 4976.000000      964      964        1        0      964        0      786      783      101     2045        1       10       29
 4977.000000      967      967        1        0      967        0      780      775      111     2064        0       10       30
 4978.000000      965      965        1        0      965        0      794      790      120     2059        1        9       30
 4979.000000      975      975        1        0      975        0      778      777      116     2065        1        9       30
 4980.000000      962      962        1        0      962        0      779      776      112     2072        0       10       30
 4981.000000      984      984        1        0      984        0      787      785      116     2068        0       14       26
 4982.000000      974      974        1        0      974        0      775      771      115     2070        0       12       28
 4983.000000      972      972        1        0      972        0      771      771      114     2062        1       11       28
 4984.000000      967      967        1        0      967        0      784      783      108     2074        0       10       30
 4985.000000      974      974        1        0      974        0      785      779      110     2075        1       12       27
 4986.000000      974      974        1        0      974        0      780      777      116     2067        0       13       27
 4987.000000      968      968        1        0      968        0      793      790      111     2045        0       12       28
 4988.000000      964      964        1        0      964        0      780      777      112     2081        0       12       28
 4989.000000      967      967        1        0      967        0      783      780      117     2116        0       14       26
 4990.000000      972      972        1        0      972        0      796      793      104     2085        0       11       29
 4991.000000      972      972        1        0      972        0      794      790      120     2067        0       12       28
 4992.000000      969      969        1        0      969        0      784      780      110     2072        1       10       29
 4993.000000      992      992        1        0      992        0      781      776      116     2081        0       13       27
 4994.000000      967      967        1        0      967        0      788      784      114     2074        0       10       30
 4995.000000      971      971        1        0      971        0      771      767      118     2085        1       13       26
 4996.000000      972      972        1        0      972        0      786      784      100     2062        2       11       27
 4997.000000      960      960        1        0      960        0      782      776      109     2063        0       12       28
 4998.000000      989      989        1        0      989        0      781      777      113     2089        1       14       25
 4999.000000      979      979        1        0      979        0      780      779      112     2091        0       14       26
 5000.000000      997      997        1        0      997        0      785      781      110     2069        1       14       25
