#! FIELDS time brine.nice brine.nmax brine.nclus brine.nic brine.nih brine.nmixed brine.chillice brine.chillmax brine.chillinterfacial brine.sixrings brine.nionice brine.nionfront brine.nionliq
 0.000000      894      894        1        0      894        0      753      750       94     1872        0       10       30
 1.000000      902      902        1        0      902        0      741      740       88     1932        0       13       27
 2.000000      902      902        1        0      902        0      723      721       95     1917        0       12       28
 3.000000      899      899        1        0      899        0      725      724       86     1927        0       14       26
 4.000000      898      898        1        0      898        0      719      717       89     1875        0       11       29
 5.000000      905      905        1        0      905        0      726      725       99     1910        0       13       27
 6.000000      910      910        1        0      910        0      726      725       97     1925        0       13       27
 7.000000      904      904        1        0      904        0      716      716       94     1919        0       13       27
 8.000000      901      901        1        0      901        0      704      704      103     1910        0       13       27
 9.000000      921      921        1        0      921        0      731      729       98     1895        0       15       25
 10.000000      899      899        1        0      899        0      738      735       99     1907        0       10       30
 11.000000      911      911        1        0      911        0      733      731      100     1934        0       13       27
 12.000000      900      900        1        0      900        0      725      724       95     1898        0       11       29
 13.000000      915      915        1        0      915        0      735      735       91     1956        0       13       27
 14.000000      923      923        1        0      923        0      730      727       96     1939        0       13       27
 15.000000      912      912        1        0      912        0      732      730       97     1943        0       11       29
 16.000000      923      923        1        0      923        0      722      718      103     1938        0       12       28
 17.000000      912      912        1        0      912        0      732      732       93     1942        0       13       27
 18.000000      909      909        1        0      909        0      730      730       96     1964        0       13       27
 19.000000      912      912        1        0      912        0      724      724      103     1942        0       14       26
 20.000000      912      912        1        0      912        0      735      735      101     1963        1       10       29
 21.000000      927      927        1        0      927        0      721      721      100     1941        0       15       25
 22.000000      922      922        1        0      922        0      731      731       95     1966        1       13       26
 23.000000      904      904        1        0      904        0      732      732       96     1923        0       11       29
 24.000000      895      895        1        0      895        0      728      728       88     1951        0       11       29
 25.000000      899      899        1        0      899        0      722      722       97     1923        0       12       28
 26.000000      902      902        1        0      902        0      724      723       98     1927        0       13       27
 27.000000      925      925        1        0      925        0      714      714      100     1970        0       13       27
 28.000000      899      899        1        0      899        0      718      718       95     1967        0       14       26
 29.000000      926      926        1        0      926        0      715      714      100     1955        0       13       27
 30.000000      894      894        1        0      894        0      728      726       95     1942        0       10       30
 31.000000      904      904        1        0      904        0      726      726       95     1935        0       12       28
 32.000000      904      904        1        0      904        0      718      716       94     1947        0       13       27
 33.000000      906      906        1        0      906        0      720      717      107     1923        0       14       26
 34.000000      908      908        1        0      908        0      710      708      114     1956        0       13       27
 35.000000      908      908        1        0      908        0      726      726      102     1963        0       13       27
 36.000000      904      904        1        0      904        0      730      730       90     1922        0       13       27
 37.000000      908      908        1        0      908        0      720      720      101     1954        0       13       27
 38.000000      888      888        1        0      888        0      716      716      100     1897        0       13       27
 39.000000      892      892        1        0      892        0      707      707      106     1928        0       13       27
 40.000000      894      894        1        0      894        0      720      720      104     1918        0       13       27
 41.000000      902      902        1        0      902        0      727      726      107     1886        0       15       25
 42.000000      898      898        1        0      898        0      714      713      110     1891        0       13       27
 43.000000      898      898        1        0      898        0      713      712      102     1913        0       13       27
 44.000000      898      898        1        0      898        0      719      718      102     1935        0       14       26
 45.000000      911      911        1        0      911        0      711      710      100     1923        0       14       26
 46.000000      897      897        1        0      897        0      733      732       91     1967        0       14       26
 47.000000      902      902        1        0      902        0      736      736       99     1941        0       15       25
 48.000000      909      909        1        0      909        0      722      722       93     1955        0       12       28
 49.000000      899      899        1        0      899        0      727      727       96     1959        0       15       25
 50.000000      899      899        1        0      899        0      696      696      111     1928        0       13       27
 51.000000      910      910        1        0      910        0      722      722       91     1924        1       12       27
 52.000000      904      904        1        0      904        0      725      725       98     1977        0       14       26
 53.000000      910      910        1        0      910        0      724      724       94     1967        0       15       25
 54.000000      916      916        1        0      916        0      715      714       99     1949        0       15       25
 55.000000      911      911        1        0      911        0      721      721       92     1942        0       14       26
 56.000000      923      923        1        0      923        0      725      725      104     1938        0       15       25
 57.000000      905      905        1        0      905        0      722      722       94     1906        0       13       27
 58.000000      906      906        1        0      906        0      707      706      100     1969        0       14       26
 59.000000      896      896        1        0      896        0      714      714      103     1926        0       13       27
 60.000000      900      900        1        0      900        0      721      721       97     1951        0       12       28
 61.000000      905      905        1        0      905        0      715      715       90     1967        0       13       27
 62.000000      895      895        1        0      895        0      720      719       96     1939        0       13       27
 63.000000      900      900        1        0      900        0      720      719      100     1985        0       12       28
 64.000000      904      904        1        0      904        0      705      701      109     1966        0       13       27
 65.000000      904      904        1        0      904        0      732      731      104     1985        0       12       28
 66.000000      911      911        1        0      911        0      723      723      104     1974        0       15       25
 67.000000      904      904        1        0      904        0      730      730       94     1988        0       12       28
 68.000000      906      906        1        0      906        0      720      718      106     1976        0       13       27
 69.000000      917      917        1        0      917        0      740      740       90     2009        0       15       25
 70.000000      898      898        1        0      898        0      742      742       88     1996        0       12       28
 71.000000      903      903        1        0      903        0      726      726       91     1966        0       12       28
 72.000000      899      899        1        0      899        0      711      710      113     1947        0       13       27
 73.000000      914      914        1        0      914        0      708      705      109     2010        0       14       26
 74.000000      906      906        1        0      906        0      719      718       94     1987        0       14       26
 75.000000      901      901        1        0      901        0      726      725      100     1955        0       12       28
 76.000000      917      917        1        0      917        0      730      728       89     1992        0       15       25
 77.000000      917      917        1       14      901        2      719      718      105     1956        0       13       27
 78.000000      908      908        1        0      908        0      720      719       89     1960        0       12       28
 79.000000      913      913        1        0      913        0      727      727       88     2009        0       12       28
 80.000000      904      904        1        0      904        0      730      726      103     1990        0       13       27
 81.000000      920      920        1        0      920        0      738      737       91     1989        1       11       28
 82.000000      910      910        1        0      910        0      728      725      100     2015        0       13       27
 83.000000      901      901        1        0      901        0      728      727      101     1962        0       13       27
 84.000000      896      896        1        0      896        0      716      716       98     1980        0       13       27
 85.000000      899      899        1        0      899        0      724      724      107     1955        0       13       27
 86.000000      902      902        1        0      902        0      722      721       97     1967        0       13       27
 87.000000      899      899        1        0      899        0      734      733       94     1953        0       12       28
 88.000000      906      906        1        0      906        0      708      706      115     1996        0       13       27
 89.000000      923      923        1        0      923        0      733      731       94     1957        1       13       26
 90.000000      920      920        1        0      920        0      731      729      100     1964        1       12       27
 91.000000      897      897        1        0      897        0      719      718      102     1975        0       13       27
 92.000000      914      914        1        0      914        0      723      722       87     1995        0       14       26
 93.000000      897      897        1        0      897        0      707      705      104     2003        0       13       27
 94.000000      921      921        1        0      921        0      731      730       94     1994        1       13       26
 95.000000      900      900        1        0      900        0      732      731       96     1985        0       13       27
 96.000000      898      898        1        0      898        0      711      708      105     1985        0       12       28
 97.000000      910      910        1        0      910        0      716      715       92     1967        1       14       25
 98.000000      913      913        1        0      913        0      724      723       95     1984        0       14       26
 99.000000      911      911        1        0      911        0      718      717       99     1989        1       12       27
 100.000000      916      916        1        0      916        0      733      732       89     2003        1       12       27
 101.000000      923      923        1        0      923        0      730      728      102     1993        1       13       26
 102.000000      907      907        1        0      907        0      741      739       95     1912        0       13       27
 103.000000      909      909        1        0      909        0      723      722       89     1992        0       13       27
 104.000000      907      907        1        0      907        0      727      727      102     2003        0       12       28
 105.000000      913      913        1        0      913        0      716      714       96     1999        0       13       27
 106.000000      914      914        1        0      914        0      739      738       84     1999        0       13       27
 107.000000      909      909        1        0      909        0      731      727       99     1997        0       13       27
 108.000000      918      918        1        0      918        0      740      738      100     2009        0       14       26
 109.000000      914      914        1        0      914        0      731      730      106     1992        0       13       27
 110.000000      908      908        1        0      908        0      732      732       94     1994        0       13       27
 111.000000      917      917        1        0      917        0      724      723      104     1952        0       15       25
 112.000000      915      915        1        0      915        0      726      726      107     1936        0       14       26
 113.000000      918      918        1        0      918        0      726      724       97     1977        0       14       26
 114.000000      904      904        1        0      904        0      717      715      103     1978        0       13       27
 115.000000      911      911        1        0      911        0      712      712       95     1969        0       14       26
 116.000000      913      913        1        0      913        0      739      738       93     1961        0       14       26
 117.000000      919      919        1        0      919        0      733      733       95     1951        0       14       26
 118.000000      909      909        1        0      909        0      742      741       87     1939        0       13       27
 119.000000      910      910        1        0      910        0      727      727       98     1961        0       13       27
 120.000000      925      925        1        0      925        0      735      732       97     1918        0       16       24
 121.000000      921      921        1        0      921        0      728      725       98     1921        0       13       27
 122.000000      915      915        1        0      915        0      730      726       98     1920        0       14       26
 123.000000      917      917        1        0      917        0      729      728       95     1959        0       13       27
 124.000000      917      917        1        0      917        0      731      731       97     1956        0       15       25
 125.000000      922      922        1        0      922        0      728      727      105     1924        0       16       24
 126.000000      911      911        1        0      911        0      731      729      105     1950        0       13       27
 127.000000      912      912        1        0      912        0      726      726       98     1957        0       15       25
 128.000000      891      891        1        0      891        0      701      695      120     1943        0       12       28
 129.000000      902      902        1        0      902        0      710      709      106     1985        0       13       27
 130.000000      903      903        1        0      903        0      727      727      103     1948        0       14       26
 131.000000      906      906        1        0      906        0      715      714       94     1978        0       14       26
 132.000000      915      915        1        0      915        0      722      720       95     1964        0       15       25
 133.000000      913      913        1        0      913        0      716      716       93     1980        0       15       25
 134.000000      898      898        1        0      898        0      716      715      104     1923        0       13       27
 135.000000      903      903        1        0      903        0      705      704       94     1969        0       13       27
 136.000000      910      910        1        0      910        0      715      714      109     1941        0       15       25
 137.000000      887      887        1        0      887        0      716      715       98     1931        0       12       28
 138.000000      889      889        1        0      889        0      717      717       93     1925        0       12       28
 139.000000      901      901        1        0      901        0      713      712      102     1949        0       14       26
 140.000000      889      889        1        0      889        0      707      706      104     2007        0       12       28
 141.000000      923      923        1        0      923        0      712      712       99     1961        0       15       25
 142.000000      900      900        1        0      900        0      720      719       99     1965        0       14       26
 143.000000      899      899        1        0      899        0      719      719       95     1974        0       12       28
 144.000000      914      914        1        0      914        0      719      718      101     1963        0       13       27
 145.000000      901      901        1        0      901        0      720      720      105     1952        0       14       26
 146.000000      894      894        1        0      894        0      706      705      101     1912        0       12       28
 147.000000      905      905        1        0      905        0      704      701       87     1932        0       14       26
 148.000000      895      895        1        0      895        0      713      712       97     1923        0       13       27
 149.000000      900      900        1        0      900        0      714      712      103     1928        0       14       26
 150.000000      895      895        1        0      895        0      712      712       92     1919        0       13       27
 151.000000      890      890        1        0      890        0      704      702      105     1917        0       12       28
 152.000000      914      914        1        0      914        0      701      700      108     1945        0       12       28
 153.000000      892      892        1        0      892        0      700      699      108     1926        0       11       29
 154.000000      910      910        1        0      910        0      691      690      106     1957        0       13       27
 155.000000      895      895        1        0      895        0      714      714       95     1949        0       13       27
 156.000000      915      915        1        0      915        0      702      702      103     1939        0       14       26
 157.000000      910      910        1        0      910        0      703      699       94     1983        0       13       27
 158.000000      906      906        1        0      906        0      697      696      109     1951        0       16       24
 159.000000      913      913        1        0      913        0      715      714      106     1961        0       14       26
 160.000000      906      906        1        0      906        0      709      707      107     1944        0       16       24
 161.000000      911      911        1        0      911        0      706      705      103     1940        0       16       24
 162.000000      892      892        1        0      892        0      710      710      100     1944        0       12       28
 163.000000      907      907        1        0      907        0      705      705      110     1944        0       15       25
 164.000000      893      893        1        0      893        0      693      691      112     1923        0       14       26
 165.000000      895      895        1        0      895        0      708      707       97     1985        0       14       26
 166.000000      891      891        1        0      891        0      719      719      111     1966        0       14       26
 167.000000      901      901        1        0      901        0      694      694      118     1939        0       13       27
 168.000000      894      894        1        0      894        0      713      711       96     1936        0       13       27
 169.000000      892      892        1        0      892        0      722      722       85     1929        0       13       27
 170.000000      907      907        1        0      907        0      709      709      100     1962        0       14       26
 171.000000      897      897        1        0      897        0      706      704      102     1936        0       14       26
 172.000000      912      912        1        0      912        0      716      715      100     1957        0       14       26
 173.000000      913      913        1        0      913        0      723      721       99     1946        0       14       26
 174.000000      920      920        1        0      920        0      710      708      106     1964        0       15       25
 175.000000      907      907        1        0      907        0      711      711      106     1938        0       12       28
 176.000000      916      916        1        0      916        0      710      708       98     1975        0       15       25
 177.000000      905      905        1        0      905        0      723      719       97     1945        0       12       28
 178.000000      913      913        1        0      913        0      723      722       99     1967        0       15       25
 179.000000      912      912        1        0      912        0      715      713       96     1987        0       14       26
 180.000000      907      907        1        0      907        0      708      704      100     1958        0       13       27
 181.000000      903      903        1        0      903        0      708      706       96     1982        0       11       29
 182.000000      900      900        1        0      900        0      708      707      102     1964        0       10       30
 183.000000      887      887        1        0      887        0      714      714       95     1951        0       10       30
 184.000000      898      898        1        0      898        0      703      702       99     1968        0       13       27
 185.000000      905      905        1        0      905        0      691      690      110     1954        0       13       27
 186.000000      903      903        1        0      903        0      711      710       98     1966        0       13       27
 187.000000      882      882        1        0      882        0      693      691      104     1980        0       11       29
 188.000000      898      898        1        0      898        0      702      701      102     1957        0       11       29
 189.000000      894      894        1        0      894        0      699      698      105     1952        0       14       26
 190.000000      889      889        1        0      889        0      697      696       98     1916        0       14       26
 191.000000      899      899        1        0      899        0      715      714      102     1929        0       14       26
 192.000000      892      892        1        0      892        0      716      713      100     1945        0       12       28
 193.000000      894      894        1        0      894        0      710      708       99     1943        0       11       29
 194.000000      889      889        1        0      889        0      703      703      105     1939        0       11       29
 195.000000      867      867        1        0      867        0      704      702      106     1957        0       11       29
 196.000000      879      879        1        0      879        0      704      701      105     1923        0       11       29
 197.000000      893      893        1        0      893        0      694      692      109     1952        0       12       28
 198.000000      895      895        1        0      895        0      692      689      116     1951        0       13       27
 199.000000      893      893        1        0      893        0      686      682      117     1912        0       13       27
 200.000000      895      895        1        0      895        0      691      687      109     1916        0       12       28
 201.000000      890      890        1        0      890        0      698      697      101     1961        0       10       30
 202.000000      893      893        1        0      893        0      690      689      110     1960        0       11       29
 203.000000      895      895        1        0      895        0      697      697      105     1926        0       11       29
 204.000000      910      910        1        0      910        0      680      679      102     1909        0       10       30
 205.000000      890      890        1        0      890        0      692      692      110     1928        0       10       30
 206.000000      904      904        1        0      904        0      708      708       92     1944        0       12       28
 207.000000      931      931        1        0      931        0      690      690      106     1918        0       12       28
 208.000000      901      901        1        0      901        0      696      695      109     1925        0       12       28
 209.000000      888      888        1        0      888        0      694      692      116     1916        0        9       31
 210.000000      879      879        1        0      879        0      682      681      104     1897        0        9       31
 211.000000      895      895        1        0      895        0      689      688      103     1886        0       11       29
 212.000000      893      893        1        0      893        0      699      699      108     1899        0       12       28
 213.000000      913      901        2        0      913        0      702      702      111     1926        0       13       27
 214.000000      880      880        1        0      880        0      690      689      104     1921        0       12       28
 215.000000      887      887        1        0      887        0      699      699      102     1930        0       14       26
 216.000000      887      887        1        0      887        0      702      700      100     1929        0       12       28
 217.000000      881      881        1        0      881        0      700      699       99     1936        0       11       29
 218.000000      893      893        1        0      893        0      708      706      105     1909        0       14       26
 219.000000      894      894        1        0      894        0      695      695       98     1916        0       13       27
 220.000000      895      895        1        0      895        0      696      695      110     1916        0       13       27
 221.000000      887      887        1        0      887        0      696      694      114     1955        0       11       29
 222.000000      886      886        1        0      886        0      696      695      108     1941        0       12       28
 223.000000      892      892        1        0      892        0      697      696      100     1934        0       12       28
 224.000000      902      902        1        0      902        0      684      683      108     1903        0       12       28
 225.000000      895      895        1        0      895        0      677      673      112     1879        0       13       27
 226.000000      884      884        1        0      884        0      687      686      104     1871        0       12       28
 227.000000      893      893        1        0      893        0      681      680      110     1909        0       12       28
 228.000000      898      898        1        0      898        0      668      668      121     1914        0       15       25
 229.000000      908      908        1        0      908        0      688      687      110     1904        0       14       26
 230.000000      891      891        1        0      891        0      682      682      114     1883        0        9       31
 231.000000      894      894        1        0      894        0      697      695      110     1923        0       10       30
 232.000000      897      897        1        0      897        0      683      682      109     1914        0       11       29
 233.000000      891      891        1        0      891        0      694      693       97     1922        0       12       28
 234.000000      899      899        1        0      899        0      695      694       98     1915        0       15       25
 235.000000      892      892        1        0      892        0      687      686      109     1895        0       11       29
 236.000000      903      903        1        0      903        0      699      698      102     1915        0       14       26
 237.000000      899      899        1        0      899        0      694      693      114     1944        0       14       26
 238.000000      902      902        1        0      902        0      698      698      103     1916        0       14       26
 239.000000      903      903        1        0      903        0      686      683      111     1938        0       14       26
 240.000000      893      893        1        0      893        0      688      686      112     1891        0       13       27
 241.000000      881      881        1        0      881        0      696      695      106     1907        0       11       29
 242.000000      884      884        1        0      884        0      687      687      108     1921        0       10       30
 243.000000      887      887        1        0      887        0      679      678      114     1888        0       12       28
 244.000000      900      900        1        0      900        0      700      698       97     1894        0       15       25
 245.000000      886      886        1        0      886        0      687      687      100     1945        0       12       28
 246.000000      886      886        1        0      886        0      672      671      111     1958        0        9       31
 247.000000      902      902        1        0      902        0      685      684      110     1980        0       15       25
 248.000000      889      889        1        0      889        0      678      677      110     1930        0       10       30
 249.000000      922      898        3        0      922        0      677      675      114     1916        0       18       22
 250.000000      888      888        1        0      888        0      681      681      112     1916        0       12       28
 251.000000      899      899        1        0      899        0      683      680      111     1902        0       15       25
 252.000000      888      888        1        0      888        0      684      683      115     1907        0       13       27
 253.000000      891      891        1        0      891        0      679      676      111     1949        0       10       30
 254.000000      895      895        1        7      880        8      699      697      103     1937        0       11       29
 255.000000      898      898        1        0      898        0      694      694       99     1975        0       12       28
 256.000000      906      906        1        7      891        8      693      693      100     1932        0       12       28
 257.000000      897      897        1        0      897        0      694      691      108     1917        0       12       28
 258.000000      895      895        1        0      895        0      690      688      102     1918        0       12       28
 259.000000      906      906        1        0      906        0      685      685      109     1917        0       11       29
 260.000000      890      890        1        0      890        0      685      684      108     1913        0       11       29
 261.000000      891      891        1        0      891        0      686      685      107     1920        0       11       29
 262.000000      886      886        1        0      886        0      673      673      115     1940        0       11       29
 263.000000      882      882        1        0      882        0      684      682      102     1898        0       11       29
 264.000000      889      889        1        0      889        0      685      684      101     1928        0       11       29
 265.000000      894      894        1        0      894        0      670      670      110     1960        0       11       29
 266.000000      888      888        1        0      888        0      677      674      118     1916        0       10       30
 267.000000      903      903        1        0      903        0      684      682      102     1919        0       13       27
 268.000000      899      899        1        0      899        0      684      682      100     1889        0       13       27
 269.000000      897      897        1        0      897        0      687      685      110     1953        0       13       27
 270.000000      900      900        1        0      900        0      693      693      114     1916        0       14       26
 271.000000      893      893        1        0      893        0      700      699      114     1935        0       12       28
 272.000000      891      891        1        0      891        0      687      685      109     1899        0       12       28
 273.000000      896      896        1        0      896        0      686      686      101     1912        0       12       28
 274.000000      917      917        1        0      917        0      696      696      101     1951        1       14       25
 275.000000      906      906        1        0      906        0      703      698      109     1921        0       14       26
 276.000000      896      896        1        0      896        0      684      682      123     1949        0       13       27
 277.000000      889      889        1        0      889        0      694      693       99     1926        0       13       27
 278.000000      896      896        1        0      896        0      686      681      118     1906        0       13       27
 279.000000      898      898        1        0      898        0      696      695      102     1952        0       14       26
 280.000000      889      889        1        0      889        0      688      687      103     1935        0       13       27
 281.000000      882      882        1        0      882        0      681      681      105     1932        0       11       29
 282.000000      872      872        1        0      872        0      694      692      106     1909        0       11       29
 283.000000      893      893        1        0      893        0      688      686      115     1933        0       14       26
 284.000000      881      881        1        0      881        0      684      682      106     1915        0       12       28
 285.000000      897      897        1        0      897        0      679      679      111     1952        0       13       27
 286.000000      887      887        1        0      887        0      688      687      109     1904        0       11       29
 287.000000      888      888        1        0      888        0      676      675      123     1903        0       12       28
 288.000000      881      881        1        0      881        0      691      688      108     1905        0       12       28
 289.000000      882      882        1        0      882        0      687      686      117     1895        0       12       28
 290.000000      883      883        1        0      883        0      687      686      109     1925        0       12       28
 291.000000      892      892        1        0      892        0      672      671      114     1916        0       13       27
 292.000000      893      893        1        0      893        0      685      682      118     1894        0       11       29
 293.000000      894      894        1        0      894        0      660      655      112     1877        0       13       27
 294.000000      900      900        1        0      900        0      685      682      101     1912        0       13       27
 295.000000      895      895        1        0      895        0      685      679      110     1916        0       13       27
 296.000000      888      888        1        0      888        0      672      671      111     1856        0       13       27
 297.000000      910      910        1        0      910        0      675      673      111     1902        0       14       26
 298.000000      886      886        1        0      886        0      687      682      104     1919        0       13       27
 299.000000      885      885        1        0      885        0      676      673      111     1911        0       12       28
 300.000000      890      890        1        0      890        0      682      678      104     1895        0       11       29
 301.000000      882      882        1        0      882        0      688      686      109     1914        0       12       28
 302.000000      881      881        1        0      881        0      681      680      109     1918        0       11       29
 303.000000      918      918        1        0      918        0      692      690      105     1925        0       15       25
 304.000000      915      915        1        0      915        0      697      696       97     1939        0       14       26
 305.000000      916      916        1        0      916        0      691      688      100     1943        0       13       27
 306.000000      897      897        1        0      897        0      699      696       99     1940        0       12       28
 307.000000      920      920        1        0      920        0      697      695      107     1912        0       13       27
 308.000000      911      911        1        0      911        0      686      680      116     1901        0       10       30
 309.000000      936      936        1        0      936        0      683      681      111     1920        0       13       27
 310.000000      902      902        1        0      902        0      692      691      113     1907        0       12       28
 311.000000      907      907        1        0      907        0      692      690      103     1954        0       12       28
 312.000000      896      896        1        0      896        0      676      672      122     1915        0       11       29
 313.000000      904      904        1        0      904        0      702      701      111     1891        0       12       28
 314.000000      896      896        1        0      896        0      677      674      113     1903        0       11       29
 315.000000      898      898        1        0      898        0      694      692      109     1944        0       11       29
 316.000000      903      903        1        0      903        0      681      681      104     1906        0       12       28
 317.000000      908      908        1        0      908        0      678      675      109     1908        0       11       29
 318.000000      908      908        1        0      908        0      697      697      110     1922        0       11       29
 319.000000      895      895        1        0      895        0      683      683      114     1948        0       11       29
 320.000000      910      898        2        0      910        0      686      685      107     1940        0       13       27
 321.000000      888      888        1        0      888        0      686      684      108     1930        0       12       28
 322.000000      906      906        1        0      906        0      708      708      106     1919        1       11       28
 323.000000      892      892        1        0      892        0      691      689      102     1920        0       11       29
 324.000000      891      891        1        0      891        0      716      713      101     1949        0       11       29
 325.000000      921      921        1        0      921        0      692      690      126     1937        1       12       27
 326.000000      917      917        1        0      917        0      700      699      115     1937        0       14       26
 327.000000      900      900        1        0      900        0      700      699      115     1911        0       11       29
 328.000000      899      899        1        0      899        0      699      699      114     1938        0       10       30
 329.000000      916      916        1        0      916        0      696      696      114     1978        0       12       28
 330.000000      907      907        1        0      907        0      700      700      108     1958        0       11       29
 331.000000      906      906        1        0      906        0      710      710      101     1977        0       12       28
 332.000000      902      902        1        0      902        0      695      694      113     1996        0       11       29
 333.000000      905      905        1        0      905        0      707      705      100     1972        0       11       29
 334.000000      890      890        1        0      890        0      688      688      108     1978        0       11       29
 335.000000      897      897        1        0      897        0      688      685      106     1960        0       13       27
 336.000000      886      886        1        0      886        0      688      688      105     1942        0       11       29
 337.000000      900      900        1        0      900        0      697      696      106     1963        0       17       23
 338.000000      876      876        1        0      876        0      691      690      107     1916        0       11       29
 339.000000      882      882        1        0      882        0      707      706      103     1948        0       11       29
 340.000000      893      893        1        0      893        0      694      692      106     1971        0       14       26
 341.000000      887      887        1        0      887        0      715      715       94     1913        0       11       29
 342.000000      896      896        1        0      896        0      708      707      100     1935        0       10       30
 343.000000      897      897        1        0      897        0      690      690      108     1935        0       12       28
 344.000000      881      881        1        0      881        0      692      691       95     1891        0       11       29
 345.000000      889      889        1        0      889        0      710      706       90     1920        0       11       29
 346.000000      878      878        1        0      878        0      700      698      106     1938        0       10       30
 347.000000      883      883        1        0      883        0      689      686      118     1921        0       10       30
 348.000000      889      889        1        0      889        0      704      702       95     1937        0       13       27
 349.000000      899      899        1        0      899        0      703      701       98     1995        0       11       29
 350.000000      890      890        1        0      890        0      707      706      102     1933        0       10       30
 351.000000      896      896        1        0      896        0      706      705      109     1946        0       12       28
 352.000000      891      891        1        0      891        0      703      698      113     1970        0       11       29
 353.000000      904      904        1        0      904        0      708      706      110     1962        0       12       28
 354.000000      892      892        1        0      892        0      704      702      120     1994        0       12       28
 355.000000      912      912        1        0      912        0      699      696      121     1951        0       15       25
 356.000000      893      893        1        0      893        0      700      698      109     1942        0       12       28
 357.000000      902      902        1        0      902        0      717      717      106     1940        0       13       27
 358.000000      897      897        1        0      897        0      716      713      101     1967        0       11       29
 359.000000      906      906        1        0      906        0      714      713      107     1942        0       13       27
 360.000000      907      907        1        0      907        0      694      694      120     1930        0       14       26
 361.000000      905      905        1        0      905        0      709      709      107     1955        0       14       26
 362.000000      894      894        1        0      894        0      712      711       98     1960        0       11       29
 363.000000      899      899        1        0      899        0      708      708      104     1963        0       12       28
 364.000000      895      895        1        0      895        0      704      704       99     1947        0       10       30
 365.000000      885      885        1        0      885        0      701      699      129     1949        0       10       30
 366.000000      890      890        1        0      890        0      717      716      102     1938        0       10       30
 367.000000      916      916        1        0      916        0      706      704      107     1932        0       15       25
 368.000000      898      898        1        0      898        0      719      715       99     1930        0       14       26
 369.000000      906      906        1        0      906        0      723      719       97     1939        0       12       28
 370.000000      908      908        1        0      908        0      710      709      108     1954        0       12       28
 371.000000      898      898        1        0      898        0      713      712      106     1938        0       13       27
 372.000000      888      888        1        0      888        0      714      714      111     1947        0       10       30
 373.000000      896      896        1        0      896        0      728      727      102     1961        0       10       30
 374.000000      921      921        1        0      921        0      734      733      102     1960        0       16       24
 375.000000      884      884        1        0      884        0      724      722      102     1986        0        9       31
 376.000000      889      889        1        0      889        0      700      700      127     1939        0       10       30
 377.000000      920      920        1        0      920        0      712      710      110     1970        0       12       28
 378.000000      900      900        1        0      900        0      724      723      109     1985        0       11       29
 379.000000      912      912        1        0      912        0      722      721      105     1969        0       14       26
 380.000000      914      914        1        0      914        0      710      707      126     1952        0       13       27
 381.000000      908      908        1        0      908        0      725      724       99     1923        0       14       26
 382.000000      900      900        1        0      900        0      714      714      114     1936        0       12       28
 383.000000      906      906        1        0      906        0      710      709      101     1924        0        9       31
 384.000000      913      913        1        0      913        0      717      716      101     1940        0       12       28
 385.000000      889      889        1        0      889        0      711      710      100     1934        0       11       29
 386.000000      894      894        1        0      894        0      722      721       98     1979        0       11       29
 387.000000      911      911        1        0      911        0      704      704      109     1907        0       11       29
 388.000000      910      910        1        0      910        0      699      698      112     1923        1       10       29
 389.000000      895      895        1        0      895        0      702      701      103     1936        0       10       30
 390.000000      891      891        1        0      891        0      714      714      105     1932        0        9       31
 391.000000      890      890        1        0      890        0      703      701      110     1942        0       10       30
 392.000000      883      883        1        0      883        0      697      694      108     1914        0       10       30
 393.000000      887      887        1        0      887        0      704      702       97     1926        0       10       30
 394.000000      895      895        1        0      895        0      708      707      115     1926        0       10       30
 395.000000      895      895        1        0      895        0      716      716       91     1918        0       11       29
 396.000000      892      892        1        0      892        0      710      709      100     1935        0       10       30
 397.000000      893      893        1        0      893        0      704      703       98     1914        0       10       30
 398.000000      900      900        1        0      900        0      708      707      112     1934        0        8       32
 399.000000      887      887        1        0      887        0      705      705      102     1936        0        8       32
 400.000000      893      893        1        0      893        0      691      691      110     1948        0        9       31
 401.000000      899      899        1        0      899        0      715      715       92     1979        0       10       30
 402.000000      898      898        1        0      898        0      698      698      117     1939        0        9       31
 403.000000      916      916        1        0      916        0      704      703       99     1956        0       12       28
 404.000000      918      918        1        0      918        0      720      717      100     1950        0        9       31
 405.000000      911      911        1        0      911        0      698      698      108     1951        0       10       30
 406.000000      916      916        1        0      916        0      707      707       97     1970        0       10       30
 407.000000      904      904        1        0      904        0      700      699       98     1938        0       10       30
 408.000000      928      928        1        0      928        0      700      699      100     1934        0       10       30
 409.000000      895      895        1        0      895        0      702      702      113     1871        0        9       31
 410.000000      902      902        1        0      902        0      711      710      114     1895        0        9       31
 411.000000      911      911        1        0      911        0      695      694      113     1943        0       11       29
 412.000000      924      924        1        0      924        0      713      711      104     1939        0       12       28
 413.000000      908      908        1        0      908        0      697      695      108     1910        0        9       31
 414.000000      906      906        1        0      906        0      705      703      113     1921        0       10       30
 415.000000      908      908        1        0      908        0      699      698      112     1909        0       10       30
 416.000000      912      912        1        0      912        0      707      706      114     1914        0       10       30
 417.000000      906      906        1        0      906        0      700      699      113     1905        0       10       30
 418.000000      904      904        1        0      904        0      693      693      112     1924        0        8       32
 419.000000      905      905        1        0      905        0      709      708      110     1888        0       10       30
 420.000000      910      910        1        0      910        0      704      702      114     1952        0       12       28
 421.000000      901      901        1        0      901        0      719      719       99     1915        0       10       30
 422.000000      908      908        1        0      908        0      704      702      102     1923        0       13       27
 423.000000      897      897        1        0      897        0      706      704      107     1908        0       10       30
 424.000000      896      896        1        0      896        0      704      703      121     1930        0        9       31
 425.000000      899      899        1        0      899        0      719      717       91     1924        0        9       31
 426.000000      906      893        2        0      906        0      705      704       95     1915        0       10       30
 427.000000      893      893        1        0      893        0      698      697      102     1913        0        9       31
 428.000000      893      893        1        0      878       15      697      694       95     1891        0        8       32
 429.000000      894      894        1        0      894        0      696      695      110     1912        0       10       30
 430.000000      903      891        2        0      903        0      699      699      101     1873        0       10       30
 431.000000      904      891        2        0      904        0      704      704      108     1940        0        9       31
 432.000000      896      896        1        0      896        0      697      695      107     1916        0       10       30
 433.000000      898      898        1        0      898        0      692      692      112     1910        0       10       30
 434.000000      899      899        1        0      899        0      705      703      110     1927        0       11       29
 435.000000      901      901        1        0      901        0      708      708      100     1922        0       10       30
 436.000000      909      909        1        0      909        0      707      705       95     1897        0       11       29
 437.000000      901      901        1        0      901        0      718      717       98     1898        0       10       30
 438.000000      906      894        2        0      906        0      695      695      107     1901        0       10       30
 439.000000      888      888        1        0      888        0      695      694      106     1914        0        8       32
 440.000000      911      897        2        0      911        0      700      699      101     1898        0       10       30
 441.000000      898      898        1        0      898        0      699      699      111     1922        0        9       31
 442.000000      894      894        1        0      894        0      704      703       94     1934        0        8       32
 443.000000      913      901        2        0      913        0      707      705      108     1983        0        9       31
 444.000000      916      916        1        0      916        0      704      703      116     1951        0       12       28
 445.000000      901      901        1        0      901        0      704      704       95     1916        0        9       31
 446.000000      906      893        2        0      906        0      697      697      110     1938        0        9       31
 447.000000      913      901        2        0      913        0      683      683      119     1952        0       10       30
 448.000000      912      900        2        0      912        0      712      712       93     1949        0        9       31
 449.000000      910      898        2        0      910        0      704      704      108     1998        0       10       30
 450.000000      927      915        2        0      927        0      696      696      109     1911        0        9       31
 451.000000      911      899        2        0      911        0      691      691      107     1956        0        9       31
 452.000000      893      893        1        0      893        0      704      704      107     1940        0        9       31
 453.000000      896      896        1        0      896        0      700      700      109     1926        0        8       32
 454.000000      898      898        1        0      898        0      694      694      111     1928        0        9       31
 455.000000      885      885        1        0      885        0      682      682      109     1888        0        9       31
 456.000000      905      905        1        0      905        0      697      695      113     1934        0       10       30
 457.000000      915      915        1        0      915        0      698      697      112     1975        0       10       30
 458.000000      893      893        1        0      893        0      698      697      111     1916        0        8       32
 459.000000      889      889        1        0      889        0      699      699      100     1944        0        9       31
 460.000000      902      902        1        0      902        0      705      705      112     1945        0        9       31
 461.000000      896      896        1        0      896        0      696      691      103     1893        0        9       31
 462.000000      890      890        1        0      890        0      680      680      103     1902        0        9       31
 463.000000      889      889        1        0      889        0      708      707       97     1862        0        9       31
 464.000000      898      898        1        0      898        0      696      695      108     1926        0        9       31
 465.000000      894      894        1        0      894        0      681      680      109     1889        0        8       32
 466.000000      893      893        1        0      893        0      693      691      107     1895        0        9       31
 467.000000      893      893        1        0      893        0      690      685      113     1915        0        8       32
 468.000000      921      921        1        0      921        0      687      686      108     1929        0       11       29
 469.000000      895      895        1        0      895        0      700      698      105     1881        0       11       29
 470.000000      892      892        1        0      892        0      694      693      106     1885        0        8       32
 471.000000      896      896        1        0      896        0      698      695      111     1890        0        9       31
 472.000000      892      892        1        0      892        0      710      709      110     1904        0        8       32
 473.000000      891      891        1        0      891        0      703      703      108     1923        0        8       32
 474.000000      897      897        1        0      897        0      701      697      110     1907        0        9       31
 475.000000      887      887        1        0      887        0      698      696      107     1939        0        8       32
 476.000000      895      895        1        0      895        0      702      698      105     1930        0        9       31
 477.000000      904      904        1        0      904        0      708      707       83     1978        0       11       29
 478.000000      908      908        1        0      908        0      695      695      104     1953        0       12       28
 479.000000      919      919        1        0      919        0      701      697      112     1953        0       12       28
 480.000000      909      909        1        0      909        0      709      708      105     1961        0       11       29
 481.000000      917      917        1        0      917        0      690      687      120     1928        0        9       31
 482.000000      898      898        1        0      898        0      711      709      106     1946        0        8       32
 483.000000      904      904        1        0      904        0      723      722       99     1946        0        9       31
 484.000000      918      918        1        0      918        0      703      703      112     1921        0        9       31
 485.000000      913      913        1        0      913        0      710      707      111     1947        0        8       32
 486.000000      926      926        1        0      926        0      698      696      118     1965        0       11       29
 487.000000      916      916        1        0      916        0      715      710      113     1963        0        8       32
 488.000000      926      926        1        0      926        0      723      720      113     1923        0       12       28
 489.000000      926      926        1        0      926        0      704      700      115     1932        0       10       30
 490.000000      924      924        1        0      924        0      717      717      101     1915        0       10       30
 491.000000      950      950        1        0      950        0      711      706      115     1926        0       13       27
 492.000000      916      916        1        0      916        0      717      715      106     1952        0       10       30
 493.000000      919      919        1        0      919        0      730      729      100     1965        0       10       30
 494.000000      917      917        1        0      917        0      730      728       98     1923        0       10       30
 495.000000      918      918        1        0      918        0      714      712      103     1909        0       10       30
 496.000000      933      933        1        0      933        0      728      728      107     1991        0        9       31
 497.000000      945      945        1        0      945        0      719      716      110     1962        0       10       30
 498.000000      945      945        1        0      945        0      731      729      101     1974        0       12       28
 499.000000      933      933        1        0      933        0      725      722      102     1968        0       10       30
 500.000000      936      936        1        0      936        0      728      722      105     1955        0       10       30
 501.000000      930      930        1        0      930        0      735      734       98     1959        0        9       31
 502.000000      947      947        1        0      947        0      733      730       98     1982        0       11       29
 503.000000      940      940        1        0      940        0      739      736      105     2005        0       11       29
 504.000000      936      936        1        0      936        0      745      744       98     1963        0       10       30
 505.000000      951      951        1        0      951        0      738      736       97     1977        0       11       29
 506.000000      936      936        1        0      936        0      727      724      111     1953        0       12       28
 507.000000      926      926        1        0      926        0      728      727      109     1952        0        9       31
 508.000000      930      930        1        0      930        0      727      726      101     1979        0        9       31
 509.000000      931      931        1        0      931        0      709      707      125     1969        0        7       33
 510.000000      944      944        1        0      944        0      741      739       91     2001        0        9       31
 511.000000      951      951        1        0      951        0      716      715      102     1977        0       12       28
 512.000000      932      932        1        0      932        0      725      725       96     2007        0        9       31
 513.000000      919      919        1        0      919        0      721      719      103     1949        0       11       29
 514.000000      912      912        1        0      912        0      727      726      109     1971        0       10       30
 515.000000      922      922        1        0      922        0      739      737      101     1982        0        9       31
 516.000000      928      928        1        0      928        0      724      722      101     1973        0       10       30
 517.000000      928      928        1        0      928        0      742      740      104     1973        0       10       30
 518.000000      936      936        1        0      936        0      735      732      106     1973        0       12       28
 519.000000      928      928        1        0      928        0      733      730      106     1970        0        9       31
 520.000000      935      935        1        0      935        0      739      736      103     1988        0       11       29
 521.000000      943      943        1        0      943        0      739      738      107     2035        0       12       28
 522.000000      929      929        1        0      929        0      733      732      115     1984        0       10       30
 523.000000      931      931        1        0      931        0      738      736      104     1966        0       10       30
 524.000000      924      924        1        0      924        0      714      713      114     1992        0        8       32
 525.000000      945      945        1       14      930        1      718      715      129     1993        0        9       31
 526.000000      933      933        1        0      933        0      727      723      118     2003        0        8       32
 527.000000      927      927        1        0      927        0      729      727      102     1973        0        8       32
 528.000000      941      941        1        0      941        0      741      736       98     2004        0       12       28
 529.000000      939      939        1        0      939        0      726      726      100     1965        1       11       28
 530.000000      934      934        1        0      934        0      743      741       97     2001        0       10       30
 531.000000      950      950        1        0      950        0      725      722      100     1958        0       11       29
 532.000000      927      927        1        0      927        0      739      736      103     1979        0        8       32
 533.000000      933      933        1        0      933        0      719      719      102     1972        0        8       32
 534.000000      940      940        1        0      940        0      732      730      107     1976        0        8       32
 535.000000      943      943        1        0      943        0      743      741       91     1996        0       10       30
 536.000000      938      938        1        0      938        0      747      745       97     1971        0        8       32
 537.000000      940      940        1        0      940        0      739      736      102     1969        0       11       29
 538.000000      943      943        1        0      943        0      733      731      114     1969        0       11       29
 539.000000      918      918        1        0      918        0      732      730      111     1973        0        8       32
 540.000000      927      927        1        0      927        0      736      733      101     1953        0        8       32
 541.000000      914      914        1        0      914        0      739      735      107     1965        0        7       33
 542.000000      912      912        1        0      912        0      740      740       90     1969        0        7       33
 543.000000      918      918        1        0      918        0      737      735      105     1967        0        7       33
 544.000000      907      907        1        0      907        0      744      743       93     1943        0        6       34
 545.000000      919      919        1        0      919        0      738      738       91     1935        0        7       33
 546.000000      920      920        1        0      920        0      743      740       97     1946        0        7       33
 547.000000      911      911        1        0      911        0      744      742       97     1965        0        9       31
 548.000000      913      913        1        0      913        0      746      746       99     1926        0        7       33
 549.000000      912      912        1        0      912        0      722      718      108     1946        0        7       33
 550.000000      912      912        1        0      912        0      739      737       97     1938        0        7       33
 551.000000      914      914        1        0      914        0      741      737       97     1979        0        6       34
 552.000000      927      927        1        0      927        0      733      732       91     1975        0       12       28
 553.000000      922      922        1        0      922        0      732      728      111     1966        0        8       32
 554.000000      911      911        1        0      911        0      748      744       95     1951        0        7       33
 555.000000      905      905        1        0      905        0      715      712      124     1987        0        8       32
 556.000000      921      921        1        0      921        0      715      714      109     1962        0       10       30
 557.000000      914      914        1        0      914        0      745      743       93     1965        0        7       33
 558.000000      925      925        1        0      925        0      729      729      103     1977        0        9       31
 559.000000      922      922        1        0      922        0      736      733      100     1995        0       10       30
 560.000000      913      913        1        0      913        0      733      732       96     1966        0        8       32
 561.000000      923      923        1        0      923        0      733      730      102     1978        0        9       31
 562.000000      919      919        1        0      919        0      750      747       99     1997        0        9       31
 563.000000      923      923        1        0      923        0      738      736       91     2016        0        9       31
 564.000000      919      919        1        0      919        0      726      724      113     1996        0        8       32
 565.000000      915      915        1        0      915        0      735      735       89     2026        0       10       30
 566.000000      936      936        1        0      936        0      726      726       95     2011        0       11       29
 567.000000      919      919        1        0      919        0      739      737       95     1981        0        7       33
 568.000000      917      917        1        0      917        0      738      733      103     1970        0        8       32
 569.000000      920      920        1        0      920        0      740      736      106     1972        0        9       31
 570.000000      920      920        1        0      920        0      740      739      101     1970        0       10       30
 571.000000      918      918        1        0      918        0      727      727       98     1950        0        7       33
 572.000000      928      928        1        0      928        0      740      738      109     2029        0       11       29
 573.000000      930      930        1        0      930        0      746      743      108     2001        0        9       31
 574.000000      935      935        1        0      935        0      751      749       91     1984        0       12       28
 575.000000      915      915        1        0      915        0      726      726       94     1988        0        9       31
 576.000000      909      909        1        0      909        0      733      731      106     2042        0        8       32
 577.000000      927      927        1        0      927        0      742      742      106     2003        0       11       29
 578.000000      923      923        1        0      923        0      725      724      114     1991        0        9       31
 579.000000      924      924        1        0      924        0      729      729      103     1984        0        9       31
 580.000000      922      922        1        0      922        0      739      738      100     1977        0        8       32
 581.000000      916      916        1        0      916        0      738      738      103     1997        0        9       31
 582.000000      923      923        1        0      923        0      739      736       95     1989        0        9       31
 583.000000      913      913        1        0      913        0      747      746      105     1989        0        8       32
 584.000000      912      912        1        0      912        0      745      744       96     1961        0        7       33
 585.000000      911      911        1        0      911        0      735      734      101     1968        0        8       32
 586.000000      912      912        1        0      912        0      747      746      105     1997        0        9       31
 587.000000      912      912        1        0      912        0      741      741      116     1957        0        8       32
 588.000000      926      926        1        0      926        0      733      731       97     1958        0       12       28
 589.000000      921      921        1        0      921        0      745      743      103     1982        0        8       32
 590.000000      935      935        1        0      935        0      739      737      104     2000        0       10       30
 591.000000      908      908        1        0      908        0      740      737       99     1966        0        8       32
 592.000000      909      909        1        0      909        0      732      732      107     1994        0        8       32
 593.000000      911      911        1        0      911        0      735      732      108     1975        0        9       31
 594.000000      915      915        1        0      915        0      738      737      104     1971        0        8       32
 595.000000      904      904        1        0      904        0      739      738       99     1984        0        6       34
 596.000000      915      915        1        0      915        0      730      728      115     1969        0        8       32
 597.000000      907      907        1        0      907        0      740      740      102     1954        0        7       33
 598.000000      902      902        1        0      902        0      740      737       98     1966        0        7       33
 599.000000      912      912        1        0      912        0      726      725      101     1965        0       10       30
 600.000000      913      913        1        0      913        0      734      733      108     1957        0        8       32
 601.000000      902      902        1        0      902        0      721      720      105     1931        0        7       33
 602.000000      905      905        1        0      905        0      738      735       95     1934        0        9       31
 603.000000      896      896        1        0      896        0      733      730      100     1936        0        6       34
 604.000000      914      914        1       11      900        3      709      708      103     1952        0       10       30
 605.000000      903      903        1        0      903        0      722      719      111     1940        0        7       33
 606.000000      919      919        1        0      919        0      737      734      116     1944        1        8       31
 607.000000      916      916        1        0      916        0      741      741       90     2009        0        7       33
 608.000000      915      915        1        0      915        0      744      742       96     1981        0        8       32
 609.000000      912      912        1        0      912        0      733      732      112     1989        0        8       32
 610.000000      907      907        1        0      907        0      739      736       94     1975        0        6       34
 611.000000      910      910        1        0      910        0      718      718      108     1995        0        7       33
 612.000000      923      923        1        0      923        0      736      735       96     2016        0       11       29
 613.000000      923      923        1        0      923        0      727      727      108     1989        0        8       32
 614.000000      909      909        1        0      909        0      730      729      111     1969        0        9       31
 615.000000      917      917        1        0      917        0      733      733       91     1961        0        9       31
 616.000000      913      913        1        0      913        0      726      726      103     1983        0        9       31
 617.000000      922      922        1        0      922        0      733      731       97     1940        0        9       31
 618.000000      927      927        1        0      927        0      732      729      101     1973        0        8       32
 619.000000      922      922        1        0      922        0      734      733      117     1975        0        9       31
 620.000000      901      901        1        0      901        0      730      729       92     1961        0        7       33
 621.000000      906      906        1        0      906        0      722      720      118     1991        0        8       32
 622.000000      902      902        1        0      902        0      726      725      106     1959        0        8       32
 623.000000      910      910        1        0      910        0      714      713       98     1985        0        7       33
 624.000000      930      930        1        0      930        0      728      727       98     1990        0       11       29
 625.000000      921      921        1        0      921        0      718      716      108     1997        0       10       30
 626.000000      919      919        1        0      919        0      708      706      106     1975        0       12       28
 627.000000      909      909        1        0      909        0      723      723       93     1961        0        8       32
 628.000000      900      900        1        0      900        0      730      729       93     1973        0        8       32
 629.000000      913      913        1        0      913        0      723      717      103     1994        0        9       31
 630.000000      915      915        1        0      915        0      715      715      102     1951        0       10       30
 631.000000      904      904        1        0      904        0      711      709      116     1964        0        7       33
 632.000000      905      905        1        0      905        0      716      709      111     1992        0        7       33
 633.000000      912      912        1        0      912        0      710      709      107     1951        0        8       32
 634.000000      912      912        1        0      912        0      721      718      107     1973        0        7       33
 635.000000      901      901        1        0      901        0      717      715      103     1984        0        7       33
 636.000000      910      910        1        0      910        0      719      717      114     1978        0        8       32
 637.000000      902      902        1        0      902        0      718      715      116     1989        0        9       31
 638.000000      916      916        1        0      916        0      710      709      106     1962        0        9       31
 639.000000      914      914        1        0      914        0      708      708      129     1956        0        7       33
 640.000000      907      907        1        0      907        0      708      707      114     2003        0        9       31
 641.000000      909      909        1        0      909        0      705      703      111     1992        0        7       33
 642.000000      927      927        1        0      927        0      713      711      109     1998        0        9       31
 643.000000      895      895        1        0      895        0      727      727       97     1992        0        7       33
 644.000000      898      898        1        0      898        0      709      709      100     1984        0        5       35
 645.000000      920      920        1        0      920        0      709      707      104     2006        0        9       31
 646.000000      916      916        1        0      916        0      713      713      101     1995        0       11       29
 647.000000      914      914        1        0      914        0      722      722       92     1981        0        9       31
 648.000000      926      926        1        0      926        0      725      725      101     1965        0       11       29
 649.000000      917      917        1        0      917        0      723      722       94     1986        0       11       29
 650.000000      941      941        1        0      941        0      713      710      104     1980        0       13       27
 651.000000      937      937        1        0      937        0      727      726      115     1957        0       13       27
 652.000000      918      918        1        0      918        0      715      714      104     1964        0        8       32
 653.000000      906      906        1        0      906        0      719      719      103     1964        0        7       33
 654.000000      915      915        1        0      915        0      726      724      105     1927        0       10       30
 655.000000      914      914        1        0      914        0      718      717      100     1908        0       10       30
 656.000000      906      906        1        0      906        0      717      717      101     1919        0        7       33
 657.000000      916      916        1        0      916        0      715      715       97     1933        0       10       30
 658.000000      918      918        1        0      918        0      698      697      106     1930        0       11       29
 659.000000      936      936        1        0      936        0      712      710      102     1907        0       12       28
 660.000000      916      916        1        0      916        0      710      710      100     1933        0       10       30
 661.000000      921      921        1        0      921        0      703      702      106     1919        0       11       29
 662.000000      917      917        1        0      917        0      714      710      114     1920        0        9       31
 663.000000      939      939        1        0      939        0      714      714      107     1930        0       14       26
 664.000000      921      921        1        0      921        0      718      715      105     1939        0       11       29
 665.000000      930      930        1        0      930        0      696      693      119     1964        0       12       28
 666.000000      907      907        1        0      907        0      683      681      115     1942        0        9       31
 667.000000      921      921        1        0      921        0      694      691      117     1953        0       11       29
 668.000000      889      889        1        0      889        0      704      702      101     1915        0       10       30
 669.000000      924      924        1        0      924        0      705      705      102     1961        0       12       28
 670.000000      933      933        1        0      933        0      709      708      104     1978        0       12       28
 671.000000      925      925        1        0      925        0      718      716      120     1923        0       11       29
 672.000000      908      908        1        0      908        0      717      713      102     1923        0        8       32
 673.000000      922      922        1        0      922        0      712      710      122     1948        0       10       30
 674.000000      915      915        1        0      915        0      706      704      107     1924        0        9       31
 675.000000      924      924        1        0      924        0      712      710      109     1971        0       10       30
 676.000000      932      932        1        0      932        0      714      712      114     1943        0       11       29
 677.000000      919      919        1        0      919        0      703      701      112     1919        0       11       29
 678.000000      915      915        1        0      915        0      705      703      115     1922        0        9       31
 679.000000      909      909        1        0      909        0      715      714      116     1912        0        8       32
 680.000000      911      911        1        0      911        0      712      710      119     1932        0        9       31
 681.000000      911      911        1        0      911        0      692      691      123     1926        0       10       30
 682.000000      930      930        1        0      930        0      709      706      115     1934        0       10       30
 683.000000      925      925        1        0      925        0      691      690      123     1943        0       10       30
 684.000000      915      915        1        0      915        0      709      706      115     1936        0        9       31
 685.000000      915      915        1        0      915        0      724      723      113     1938        0        9       31
 686.000000      917      917        1        0      917        0      719      718      111     1973        0        9       31
 687.000000      937      937        1        0      937        0      706      705      108     1940        0       10       30
 688.000000      926      926        1        0      926        0      708      707      109     1948        0        9       31
 689.000000      921      921        1        0      921        0      717      716      109     1945        0        9       31
 690.000000      924      924        1        0      924        0      707      705      101     1901        0        9       31
 691.000000      933      933        1        0      933        0      712      710      106     1942        0       10       30
 692.000000      916      916        1        0      916        0      728      723      106     1947        0       11       29
 693.000000      917      917        1        0      917        0      710      710       99     1960        0        9       31
 694.000000      906      906        1        0      906        0      719      714      109     1944        0        9       31
 695.000000      904      904        1        0      904        0      710      706      116     1977        0        8       32
 696.000000      903      903        1        0      903        0      715      712      109     1986        0       10       30
 697.000000      901      901        1        0      901        0      713      712      104     1963        0       10       30
 698.000000      930      930        1        0      930        0      717      717      108     1947        0       11       29
 699.000000      913      913        1        0      913        0      728      724      101     1979        0       10       30
 700.000000      907      907        1        0      907        0      731      729      106     1943        0       10       30
 701.000000      925      925        1        0      925        0      711      706      121     2007        0       11       29
 702.000000      921      921        1        0      921        0      701      700      124     1993        0       11       29
 703.000000      917      917        1        0      917        0      705      700      111     1937        0       10       30
 704.000000      937      937        1        0      937        0      725      723      106     1959        0       13       27
 705.000000      913      913        1        0      913        0      716      712       97     1960        0       10       30
 706.000000      919      919        1        0      919        0      717      713      114     1969        0       10       30
 707.000000      909      909        1        0      909        0      717      714      113     1943        0        8       32
 708.000000      915      915        1        0      915        0      712      710      120     1963        0       10       30
 709.000000      926      926        1        0      926        0      718      716      107     1957        0       11       29
 710.000000      909      909        1        0      909        0      718      717      107     1941        0        9       31
 711.000000      918      918        1        0      918        0      716      713      116     1921        0       10       30
 712.000000      912      912        1        0      912        0      720      718      108     1939        0        9       31
 713.000000      918      918        1        0      918        0      714      711      110     1972        0        9       31
 714.000000      918      918        1        0      918        0      722      720      101     1943        0        9       31
 715.000000      908      908        1        0      908        0      714      714      110     1919        0        9       31
 716.000000      936      936        1        0      936        0      714      712      109     1945        0       11       29
 717.000000      910      910        1        0      910        0      726      726      100     1912        0        9       31
 718.000000      941      941        1        0      941        0      719      717      106     1949        1       12       27
 719.000000      907      907        1        0      907        0      721      718      107     1916        0        9       31
 720.000000      924      924        1        0      924        0      709      707      107     1923        0       12       28
 721.000000      935      935        1        0      935        0      699      698      116     1902        0       12       28
 722.000000      922      922        1        0      922        0      708      708      111     1912        0       10       30
 723.000000      921      921        1        0      921        0      725      721       99     1946        0        9       31
 724.000000      922      922        1        0      922        0      721      719      108     1936        0       10       30
 725.000000      911      911        1        0      911        0      700      697      103     1919        0       10       30
 726.000000      911      911        1        0      911        0      722      719      100     1932        0        8       32
 727.000000      907      907        1        0      907        0      728      723      105     1956        0        7       33
 728.000000      912      912        1        0      912        0      720      717      101     1943        0        7       33
 729.000000      918      918        1        0      918        0      726      726      105     1913        0        9       31
 730.000000      937      937        1        0      937        0      722      721      105     1953        0        9       31
 731.000000      915      915        1        0      915        0      721      718      101     1988        0        7       33
 732.000000      914      914        1        0      914        0      721      717      103     1957        0        7       33
 733.000000      919      919        1        0      919        0      718      716       97     1935        0        8       32
 734.000000      907      907        1        0      907        0      720      718      107     1943        0        7       33
 735.000000      907      907        1        0      907        0      709      709      115     1935        0        7       33
 736.000000      930      930        1        0      930        0      716      715       99     1925        0        9       31
 737.000000      911      911        1        0      911        0      723      723       96     1950        0        7       33
 738.000000      905      905        1        0      905        0      706      706      107     1920        0        7       33
 739.000000      920      920        1        0      920        0      721      720      110     1918        0       10       30
 740.000000      902      902        1        0      902        0      703      703      106     1927        0        7       33
 741.000000      915      915        1        0      915        0      704      703      109     1934        0        8       32
 742.000000      909      909        1        0      909        0      714      714      100     1927        0        8       32
 743.000000      907      907        1        0      907        0      710      706      107     1939        0        7       33
 744.000000      919      919        1        0      919        0      711      710      105     1941        0        8       32
 745.000000      904      904        1        0      904        0      703      702      114     1932        0        8       32
 746.000000      902      902        1        0      902        0      713      711      105     1902        0        8       32
 747.000000      915      915        1        0      915        0      720      716      110     1909        0        8       32
 748.000000      922      922        1        0      922        0      709      707      110     1908        0        8       32
 749.000000      914      914        1        0      914        0      712      710      117     1933        0        9       31
 750.000000      922      922        1        0      922        0      720      716      104     1910        0       11       29
 751.000000      927      927        1        0      927        0      708      706      100     1929        0       10       30
 752.000000      908      908        1        0      908        0      704      700      109     1938        0        7       33
 753.000000      912      912        1        0      912        0      700      698      124     1916        0        8       32
 754.000000      928      928        1        0      928        0      711      711      102     1942        1        9       30
 755.000000      903      903        1        0      903        0      717      716      105     1953        0        7       33
 756.000000      906      906        1        0      906        0      712      712      113     1908        0        7       33
 757.000000      910      910        1        0      910        0      713      712      107     1937        0        9       31
 758.000000      897      897        1        0      897        0      716      714      109     1906        0        7       33
 759.000000      904      904        1        0      904        0      707      707       97     1908        0        8       32
 760.000000      898      898        1        0      898        0      708      707      113     1907        0        7       33
 761.000000      907      907        1        0      907        0      713      711      105     1933        0        7       33
 762.000000      900      900        1        0      900        0      701      700      103     1915        0        7       33
 763.000000      904      904        1        0      904        0      714      713      106     1927        0        7       33
 764.000000      903      903        1        0      903        0      708      708      111     1940        0        8       32
 765.000000      905      905        1        0      905        0      707      706      101     1950        0        7       33
 766.000000      910      910        1        0      910        0      696      695      104     1936        0        8       32
 767.000000      904      904        1        0      904        0      708      706      106     1932        0        8       32
 768.000000      902      902        1        0      902        0      701      700      106     1956        0        7       33
 769.000000      892      892        1        0      892        0      707      705      102     1943        0        7       33
 770.000000      898      898        1        0      898        0      709      707      107     1924        0        7       33
 771.000000      901      901        1        0      901        0      699      696      108     1926        0        6       34
 772.000000      901      901        1        0      901        0      707      702      119     1925        0        6       34
 773.000000      910      910        1        0      910        0      702      702      122     1918        0        7       33
 774.000000      912      912        1        0      912        0      695      695      112     1938        0        6       34
 775.000000      914      914        1        0      914        0      709      708       96     1953        0        7       33
 776.000000      902      902        1        0      902        0      697      694      108     1939        0        6       34
 777.000000      914      914        1        0      914        0      710      710      104     1922        0        6       34
 778.000000      919      919        1        0      919        0      711      710      109     1917        0        8       32
 779.000000      947      947        1        0      947        0      703      697      121     1943        0       16       24
 780.000000      911      911        1        0      911        0      714      710      104     1931        0        6       34
 781.000000      906      906        1        0      906        0      717      716      100     1937        0        7       33
 782.000000      910      910        1        0      910        0      715      714      106     1942        0        7       33
 783.000000      937      937        1        0      937        0      708      708      107     1956        0       10       30
 784.000000      893      893        1        0      893        0      704      704       99     1926        0        6       34
 785.000000      904      904        1        0      904        0      702      699      103     1954        0        6       34
 786.000000      908      908        1        0      908        0      700      699      111     1939        0        6       34
 787.000000      907      907        1        0      907        0      719      718      104     1948        0        9       31
 788.000000      917      917        1        0      917        0      723      722       98     1901        0        8       32
 789.000000      919      919        1        0      919        0      706      705      119     1920        0        8       32
 790.000000      905      905        1        0      905        0      705      705      112     1914        0        7       33
 791.000000      908      908        1        0      908        0      714      712      105     1940        0        8       32
 792.000000      894      894        1        0      894        0      708      708      111     1944        0        6       34
 793.000000      907      895        2        0      907        0      715      714      114     1918        0        6       34
 794.000000      907      895        2        0      907        0      712      712       96     1944        0        6       34
 795.000000      921      921        1        0      921        0      717      714      106     1968        0        8       32
 796.000000      926      913        2        0      926        0      716      714      104     1947        0        8       32
 797.000000      923      910        2        0      923        0      720      719       96     1942        0        8       32
 798.000000      919      907        2        0      919        0      710      708      107     1920        0        7       33
 799.000000      925      925        1        0      925        0      703      701      109     1956        0        7       33
 800.000000      928      915        2        0      928        0      711      708      105     1961        0        9       31
 801.000000      931      918        2        0      931        0      701      699      114     1958        0        8       32
 802.000000      928      928        1        0      928        0      709      707      106     1940        0       10       30
 803.000000      929      917        2        0      929        0      716      715      102     1955        0        6       34
 804.000000      937      925        2        0      937        0      710      710      114     1955        0        7       33
 805.000000      904      892        2        0      904        0      712      712       99     1945        0        5       35
 806.000000      928      904        3        0      928        0      711      708      104     1951        0        7       33
 807.000000      926      914        2        0      926        0      703      701      101     1947        0       12       28
 808.000000      908      908        1        0      908        0      708      708      107     1930        0        7       33
 809.000000      920      908        2        0      920        0      708      707      111     1933        0        8       32
 810.000000      912      912        1        0      912        0      700      699      118     1889        0        7       33
 811.000000      917      905        2        0      917        0      712      712      107     1923        0        6       34
 812.000000      916      904        2        0      916        0      702      702      101     1949        0        6       34
 813.000000      937      913        3        0      937        0      709      708      108     1938        0        9       31
 814.000000      915      903        2        0      915        0      703      702      105     1951        0        8       32
 815.000000      910      897        2        0      910        0      698      698      106     1927        0        6       34
 816.000000      931      919        2        8      917        6      701      701      111     1955        0        9       31
 817.000000      916      892        3        0      916        0      699      699      105     1938        0        7       33
 818.000000      908      908        1        8      894        6      678      675      121     1949        0        5       35
 819.000000      898      886        2        0      898        0      701      699      119     1954        0        6       34
 820.000000      910      898        2        0      910        0      691      690      108     1944        0        6       34
 821.000000      896      896        1        0      896        0      697      697      107     1978        0        7       33
 822.000000      896      883        2        0      896        0      705      703      105     1963        0        5       35
 823.000000      923      910        2        0      923        0      706      704      106     1952        0        8       32
 824.000000      925      913        2        0      925        0      687      685      105     1960        0       10       30
 825.000000      898      886        2        0      898        0      693      692      116     1927        0        6       34
 826.000000      936      936        1        8      922        6      703      702      118     2006        0        9       31
 827.000000      918      918        1        8      904        6      697      697      118     2005        0        8       32
 828.000000      945      945        1        8      931        6      694      689      124     1955        0       10       30
 829.000000      910      898        2        0      910        0      703      701      106     1960        0       11       29
 830.000000      922      922        1        8      908        6      706      704      117     1948        0       10       30
 831.000000      953      953        1        8      939        6      712      708      114     1947        0       12       28
 832.000000      918      906        2        0      918        0      705      702      108     1926        0        9       31
 833.000000      927      915        2        0      927        0      688      687      111     1979        0       11       29
 834.000000      910      898        2        0      910        0      695      693      118     1960        0        8       32
 835.000000      919      907        2        0      919        0      707      706      108     1947        0       10       30
 836.000000      925      913        2        0      925        0      700      699      114     1956        0        9       31
 837.000000      915      903        2        0      915        0      706      703      108     1978        0        8       32
 838.000000      897      897        1        0      897        0      702      700      105     1901        0        9       31
 839.000000      916      916        1        0      916        0      723      720      109     1981        0       11       29
 840.000000      932      932        1        0      932        0      705      704      110     1973        0       12       28
 841.000000      932      932        1        0      932        0      700      699      101     1963        1       11       28
 842.000000      933      933        1        0      933        0      694      692      114     1981        0       12       28
 843.000000      893      893        1        0      893        0      702      701       99     1945        0       10       30
 844.000000      913      913        1        0      913        0      690      687      108     1954        0       10       30
 845.000000      900      900        1        0      900        0      697      696      107     1972        0       10       30
 846.000000      898      898        1        0      898        0      706      704      107     1957        0        9       31
 847.000000      913      913        1        0      913        0      705      699      105     1959        0       12       28
 848.000000      919      919        1        0      919        0      717      712      101     1949        0       11       29
 849.000000      927      927        1        0      927        0      715      711      115     1965        0       12       28
 850.000000      927      927        1        0      927        0      708      706      100     1958        0       14       26
 851.000000      913      913        1        0      913        0      711      710      104     1948        0       11       29
 852.000000      923      923        1        0      923        0      702      701      101     1919        0       11       29
 853.000000      908      908        1        0      908        0      719      718      102     1910        0       10       30
 854.000000      903      903        1        0      903        0      695      694      119     1952        0       10       30
 855.000000      918      918        1        0      918        0      720      719       94     1920        0       13       27
 856.000000      895      895        1        0      895        0      703      702      101     1877        0        9       31
 857.000000      919      919        1        0      919        0      703      702      108     1928        0       11       29
 858.000000      904      904        1        0      904        0      693      693      111     1943        0       10       30
 859.000000      905      905        1        0      905        0      706      705       96     1921        0       10       30
 860.000000      908      896        2        0      908        0      705      702      117     1943        0       10       30
 861.000000      893      893        1        0      893        0      713      710      118     1959        0        8       32
 862.000000      920      920        1        0      920        0      704      702      112     1935        0        9       31
 863.000000      904      904        1        0      904        0      701      700      105     1975        0       10       30
 864.000000      912      912        1        0      912        0      691      687      108     1951        0       10       30
 865.000000      905      905        1        0      905        0      697      694      100     1934        0        9       31
 866.000000      931      931        1        0      931        0      713      711      106     1919        0       12       28
 867.000000      910      910        1        0      910        0      708      706      113     1909        0       11       29
 868.000000      905      905        1        0      905        0      696      694      105     1914        0        9       31
 869.000000      902      902        1        0      902        0      699      695      117     1900        0        9       31
 870.000000      903      903        1        0      903        0      704      702       96     1933        0        9       31
 871.000000      907      907        1        0      907        0      702      699      117     1926        0       10       30
 872.000000      911      911        1        0      911        0      698      696      120     1927        0       11       29
 873.000000      909      909        1        0      909        0      720      718      104     1943        1       11       28
 874.000000      908      908        1        0      908        0      694      693      110     1948        0       11       29
 875.000000      904      904        1        0      904        0      710      709      110     1955        0       11       29
 876.000000      896      896        1        0      896        0      688      685      122     1930        0       10       30
 877.000000      891      891        1        0      891        0      704      703      110     1978        0        9       31
 878.000000      909      909        1        0      909        0      713      708      111     1971        0       11       29
 879.000000      902      902        1        0      902        0      694      693      113     1962        0       11       29
 880.000000      907      907        1        0      907        0      688      686      119     1940        0       11       29
 881.000000      889      889        1        0      889        0      697      695      103     1929        0        9       31
 882.000000      889      889        1        0      889        0      698      696      111     1928        0       10       30
 883.000000      909      909        1        0      909        0      678      678      113     1893        0       10       30
 884.000000      900      900        1        0      900        0      693      689      122     1947        0       10       30
 885.000000      897      897        1        0      897        0      691      690      115     1911        0       10       30
 886.000000      899      899        1        0      899        0      710      709      110     1941        0        9       31
 887.000000      901      901        1        0      901        0      708      705      110     1936        0       11       29
 888.000000      907      907        1        0      907        0      705      703      118     1928        0       11       29
 889.000000      889      889        1        0      889        0      699      694      115     1958        0        7       33
 890.000000      905      905        1        0      905        0      693      690      114     1971        0        9       31
 891.000000      901      901        1        0      901        0      687      683      125     1966        0       11       29
 892.000000      888      888        1        0      888        0      712      710      110     1934        0        8       32
 893.000000      896      896        1        0      896        0      713      711      109     1960        0        9       31
 894.000000      885      885        1        0      885        0      706      704      109     1947        0        8       32
 895.000000      882      882        1        0      882        0      713      711      107     1946        0        7       33
 896.000000      887      887        1        0      887        0      707      704      112     1934        0        8       32
 897.000000      882      882        1        0      882        0      708      706      104     1940        0        8       32
 898.000000      883      883        1        0      883        0      708      705      104     1908        0        8       32
 899.000000      878      878        1        0      878        0      701      699      108     1930        0        8       32
 900.000000      901      901        1        0      901        0      705      704      106     1931        0       10       30
 901.000000      890      890        1        0      890        0      705      702      106     1939        0        9       31
 902.000000      915      915        1        0      915        0      697      695      122     1964        0       10       30
 903.000000      898      898        1        0      898        0      706      703      108     1946        1        7       32
 904.000000      875      875        1        0      875        0      694      692      106     1934        0        7       33
 905.000000      879      879        1        0      879        0      702      700      115     1971        0        7       33
 906.000000      886      886        1        0      886        0      707      705      117     1909        0        9       31
 907.000000      872      872        1        0      872        0      708      705      105     1917        0        6       34
 908.000000      870      870        1        0      870        0      706      701      111     1913        0        6       34
 909.000000      887      887        1        0      887        0      700      697      109     1913        0        8       32
 910.000000      883      883        1        0      883        0      708      707      101     1900        0        8       32
 911.000000      899      899        1        0      884       15      686      682      120     1921        0        9       31
 912.000000      882      882        1        7      863       12      695      692      110     1906        0        9       31
 913.000000      892      892        1        0      892        0      684      683      104     1913        0        8       32
 914.000000      871      871        1        0      871        0      688      684      101     1905        0        8       32
 915.000000      889      889        1        0      889        0      686      682      113     1909        0        8       32
 916.000000      882      882        1        0      882        0      699      696      108     1923        0        8       32
 917.000000      893      893        1        0      893        0      699      699      114     1898        0        8       32
 918.000000      889      889        1        0      889        0      703      700      110     1883        0        8       32
 919.000000      891      891        1        0      891        0      683      681      114     1877        0        8       32
 920.000000      895      895        1        0      895        0      682      675      108     1887        0        7       33
 921.000000      900      900        1        0      900        0      679      677      113     1861        0       10       30
 922.000000      899      899        1        0      899        0      668      665      124     1912        0       10       30
 923.000000      890      890        1        0      890        0      680      678      110     1870        0       10       30
 924.000000      902      902        1        4      887       11      679      677      111     1892        0       11       29
 925.000000      906      906        1        0      906        0      690      689      115     1935        0       10       30
 926.000000      924      924        1        0      924        0      689      687       96     1893        0       10       30
 927.000000      895      895        1        0      895        0      689      688      110     1884        0        7       33
 928.000000      904      904        1        0      904        0      679      676      115     1919        0        9       31
 929.000000      910      910        1        0      910        0      696      688      108     1889        0       11       29
 930.000000      878      878        1        0      878        0      685      684      113     1882        0        5       35
 931.000000      902      902        1        0      902        0      692      690       99     1905        0        8       32
 932.000000      874      874        1        0      874        0      677      677      118     1891        0        7       33
 933.000000      895      895        1        0      895        0      678      675      114     1928        0        9       31
 934.000000      900      900        1        0      900        0      673      672      121     1913        0        9       31
 935.000000      896      896        1        0      896        0      684      678      102     1920        0        9       31
 936.000000      895      895        1        0      895        0      680      678      119     1924        0        8       32
 937.000000      899      899        1        0      884       15      682      679      113     1873        0        9       31
 938.000000      897      897        1        0      897        0      673      669      121     1904        0        8       32
 939.000000      901      901        1        0      901        0      694      690      115     1895        0       11       29
 940.000000      886      886        1        0      886        0      676      673      122     1940        0        7       33
 941.000000      882      882        1        0      882        0      689      687      112     1938        0        7       33
 942.000000      889      889        1        0      889        0      690      688      103     1923        0        7       33
 943.000000      892      892        1        0      892        0      676      675      105     1915        0        8       32
 944.000000      885      885        1        4      870       11      678      677      107     1938        0        8       32
 945.000000      881      881        1        0      881        0      666      664      107     1901        0        8       32
 946.000000      893      893        1        0      893        0      672      670      115     1911        0        7       33
 947.000000      879      879        1        0      879        0      696      696       92     1938        0        8       32
 948.000000      902      879        2        0      902        0      694      693      103     1928        0        9       31
 949.000000      876      876        1        0      876        0      700      699      101     1902        0        6       34
 950.000000      902      902        1        0      902        0      699      699      102     1921        0        8       32
 951.000000      878      878        1        0      878        0      679      678      112     1889        0        8       32
 952.000000      866      866        1        0      866        0      684      681      102     1908        0        7       33
 953.000000      878      878        1        0      878        0      687      685      106     1913        0        7       33
 954.000000      874      874        1        0      874        0      688      686       99     1873        0        7       33
 955.000000      891      891        1        0      891        0      680      680       95     1907        0        8       32
 956.000000      874      874        1        0      874        0      682      681      107     1938        0        8       32
 957.000000      876      876        1        0      876        0      697      695      100     1879        0        7       33
 958.000000      882      882        1        0      882        0      680      678      117     1913        0        7       33
 959.000000      883      883        1        0      883        0      680      679      113     1907        0        8       32
 960.000000      887      887        1        0      887        0      677      676      105     1906        0        8       32
 961.000000      884      884        1        0      884        0      701      699       94     1906        0        7       33
 962.000000      897      897        1        0      897        0      699      695      100     1914        0        8       32
 963.000000      882      882        1        0      882        0      700      698       95     1880        0        8       32
 964.000000      890      890        1        0      890        0      704      701       99     1907        0        8       32
 965.000000      881      881        1        0      881        0      705      704       95     1892        0        6       34
 966.000000      893      893        1        0      893        0      701      699       94     1907        0        8       32
 967.000000      881      881        1        0      881        0      689      689      100     1911        0        6       34
 968.000000      892      892        1        0      892        0      703      701       98     1911        0        8       32
 969.000000      902      902        1        0      902        0      697      693      100     1903        0        7       33
 970.000000      893      893        1        0      893        0      699      698      107     1937        0        7       33
 971.000000      886      886        1        0      886        0      702      702      106     1910        0        6       34
 972.000000      892      892        1        0      892        0      707      707      101     1899        0        8       32
 973.000000      902      902        1        0      902        0      698      698      105     1908        0       10       30
 974.000000      899      899        1        0      899        0      685      684      104     1910        0        9       31
 975.000000      905      905        1        0      905        0      683      682      114     1926        0       10       30
 976.000000      909      909        1        0      909        0      692      692      106     1942        0        7       33
 977.000000      898      898        1        0      898        0      693      688      104     1933        0        8       32
 978.000000      906      906        1        0      906        0      698      697      101     1925        0        9       31
 979.000000      890      890        1        0      890        0      694      693      107     1921        0        7       33
 980.000000      889      889        1        0      889        0      697      695       91     1947        0        8       32
 981.000000      903      903        1        0      903        0      679      677      108     1928        0        8       32
 982.000000      887      887        1        0      887        0      687      685      105     1938        0        7       33
 983.000000      876      876        1        0      876        0      679      677      111     1914        0        6       34
 984.000000      906      906        1        0      906        0      685      684      115     1927        0        8       32
 985.000000      871      871        1        0      871        0      690      688      112     1881        0        5       35
 986.000000      896      896        1        0      896        0      683      683      105     1926        0        9       31
 987.000000      888      888        1        0      888        0      689      687      107     1942        0        7       33
 988.000000      907      907        1        0      907        0      692      691      102     1955        0       10       30
 989.000000      887      887        1        0      887        0      695      695      105     1898        1        8       31
 990.000000      898      898        1        0      898        0      680      680      105     1924        0        8       32
 991.000000      885      885        1        0      885        0      678      678      106     1901        0        9       31
 992.000000      870      870        1        0      870        0      691      691      106     1919        0        7       33
 993.000000      877      877        1        0      877        0      694      694       93     1902        0        8       32
 994.000000      868      868        1        0      868        0      701      700       97     1901        0        5       35
 995.000000      887      887        1        0      887        0      687      686      106     1891        1        8       31
 996.000000      895      895        1        0      895        0      676      676      107     1915        0       11       29
 997.000000      870      870        1        0      870        0      693      692      110     1918        0        7       33
 998.000000      870      870        1        0      870        0      681      680      118     1893        0        5       35
 999.000000      881      881        1        0      881        0      692      692       97     1903        0        7       33
 1000.000000      868      868        1        0      868        0      682      682      102     1937        0        6       34
 1001.000000      873      873        1        0      873        0      697      696      102     1906        0        7       33
 1002.000000      864      864        1        0      864        0      688      687       98     1859        0        4       36
 1003.000000      886      886        1        0      886        0      696      695      106     1922        1        6       33
 1004.000000      883      883        1        0      883        0      679      679      107     1938        0        9       31
 1005.000000      885      885        1        0      885        0      682      681      109     1880        0        7       33
 1006.000000      878      878        1        0      878        0      689      688      105     1906        0        7       33
 1007.000000      875      875        1        0      875        0      691      690      104     1924        0        7       33
 1008.000000      885      885        1        0      885        0      672      670      116     1896        0        7       33
 1009.000000      873      873        1        0      873        0      690      690      105     1925        0        5       35
 1010.000000      880      880        1        0      880        0      700      700       92     1931        0        8       32
 1011.000000      880      880        1        0      880        0      702      700      100     1946        0       10       30
 1012.000000      878      878        1        0      878        0      690      688      101     1944        0        7       33
 1013.000000      901      901        1        0      901        0      697      695       97     1953        0       11       29
 1014.000000      887      887        1        0      887        0      699      698       93     1977        0        9       31
 1015.000000      876      876        1        0      876        0      683      682      110     1901        0        7       33
 1016.000000      880      880        1        0      880        0      694      692      110     1915        0        7       33
 1017.000000      881      881        1        0      881        0      686      685      100     1946        0        7       33
 1018.000000      897      897        1        0      897        0      691      690       97     1920        0        9       31
 1019.000000      873      873        1        0      873        0      693      692      104     1919        0        6       34
 1020.000000      872      872        1        0      872        0      690      689       96     1912        0        7       33
 1021.000000      896      896        1        0      896        0      674      670      105     1922        0        9       31
 1022.000000      882      882        1        0      882        0      690      689      108     1917        0        7       33
 1023.000000      891      891        1        0      891        0      695      694       99     1937        0        8       32
 1024.000000      899      899        1        0      899        0      693      691      101     1952        0       10       30
 1025.000000      894      894        1        0      894        0      693      693      101     1901        0       10       30
 1026.000000      899      899        1        0      899        0      712      712       97     1948        0       10       30
 1027.000000      894      894        1        0      894        0      697      697       98     1929        0       10       30
 1028.000000      888      888        1        0      888        0      696      696       96     1959        0       10       30
 1029.000000      898      898        1        0      898        0      699      698       95     1916        0        9       31
 1030.000000      894      894        1        0      894        0      687      687       92     1932        0        8       32
 1031.000000      878      878        1        0      878        0      692      692       95     1918        0        8       32
 1032.000000      881      881        1        0      881        0      696      695       98     1925        0        8       32
 1033.000000      888      888        1        0      888        0      701      700       93     1909        0        8       32
 1034.000000      903      903        1        0      903        0      686      686       98     1921        0        8       32
 1035.000000      905      888        2       17      888        0      707      704       88     1923        0       10       30
 1036.000000      894      894        1        0      894        0      700      699      105     1927        0        9       31
 1037.000000      904      904        1        0      904        0      691      691      110     1922        0       10       30
 1038.000000      900      900        1        0      900        0      697      697      106     1938        0        9       31
 1039.000000      901      901        1        0      901        0      714      714       98     1936        0        9       31
 1040.000000      907      907        1        0      907        0      694      693       98     1902        0       11       29
 1041.000000      894      894        1        0      894        0      705      703       98     1881        0        9       31
 1042.000000      894      894        1        0      894        0      697      697      107     1892        0        8       32
 1043.000000      896      896        1        0      896        0      699      699      108     1936        0        8       32
 1044.000000      897      897        1        0      897        0      701      700      104     1952        0        8       32
 1045.000000      906      906        1        0      906        0      706      704      105     1973        0       10       30
 1046.000000      891      891        1        0      891        0      702      702      103     1962        0        8       32
 1047.000000      901      901        1        0      901        0      703      701      101     1942        0        9       31
 1048.000000      910      910        1        0      910        0      700      699      103     1937        0       10       30
 1049.000000      910      910        1        0      910        0      715      715      100     1906        0       10       30
 1050.000000      899      899        1        0      899        0      697      697      112     1909        0        7       33
 1051.000000      905      905        1        0      905        0      692      691      105     1958        0        8       32
 1052.000000      897      897        1        0      897        0      688      687      116     1926        0        9       31
 1053.000000      898      898        1        0      898        0      690      689      108     1929        0        8       32
 1054.000000      903      903        1        0      903        0      697      697       99     1934        0       10       30
 1055.000000      899      899        1        0      899        0      689      686      117     1945        0        7       33
 1056.000000      899      899        1        0      899        0      687      687      122     1929        0        8       32
 1057.000000      898      898        1        0      898        0      686      686      112     1933        0        9       31
 1058.000000      910      910        1        0      910        0      680      678      106     1918        0        7       33
 1059.000000      889      889        1        0      889        0      699      699      105     1924        0        9       31
 1060.000000      883      883        1        0      883        0      697      697      108     1920        0        8       32
 1061.000000      889      889        1        0      889        0      694      693      112     1952        0        8       32
 1062.000000      885      885        1        0      885        0      675      675      117     1930        0        8       32
 1063.000000      876      876        1        0      876        0      686      686      113     1941        0        8       32
 1064.000000      881      881        1        0      881        0      686      684      103     1938        0        9       31
 1065.000000      878      878        1        0      878        0      695      693      102     1949        0        7       33
 1066.000000      883      883        1        0      883        0      678      678       96     1946        0        8       32
 1067.000000      865      865        1        0      865        0      679      678      105     1892        0        6       34
 1068.000000      884      884        1        0      884        0      687      686      110     1928        0        7       33
 1069.000000      878      878        1        0      878        0      694      693      105     1923        0        6       34
 1070.000000      881      881        1        0      881        0      690      690      101     1956        0        6       34
 1071.000000      883      883        1        0      883        0      688      686      110     1936        0        9       31
 1072.000000      879      879        1        0      879        0      685      683      110     1926        0        7       33
 1073.000000      876      876        1        0      876        0      695      693       98     1910        0        5       35
 1074.000000      887      887        1        0      887        0      687      686      108     1933        0        5       35
 1075.000000      874      874        1        0      874        0      683      682      100     1890        0        7       33
 1076.000000      877      877        1        0      877        0      686      685      104     1898        0        6       34
 1077.000000      874      874        1        0      874        0      684      683      101     1904        0        5       35
 1078.000000      881      881        1        0      881        0      690      687      107     1934        0        6       34
 1079.000000      873      873        1        0      873        0      691      691      114     1922        0        6       34
 1080.000000      876      876        1        0      876        0      678      678      118     1927        0        5       35
 1081.000000      874      874        1        0      874        0      691      689      102     1923        0        5       35
 1082.000000      883      883        1        0      883        0      686      684      115     1915        0        7       33
 1083.000000      879      879        1        0      879        0      691      688      101     1942        0        6       34
 1084.000000      880      880        1        0      880        0      681      678      125     1919        0        6       34
 1085.000000      876      876        1        0      876        0      680      679      110     1898        0        5       35
 1086.000000      878      878        1        0      878        0      677      677      105     1919        0        6       34
 1087.000000      878      878        1        0      878        0      683      682      104     1916        0        5       35
 1088.000000      883      883        1        0      883        0      686      684      104     1902        0        5       35
 1089.000000      875      875        1        0      875        0      673      672      114     1894        0        6       34
 1090.000000      885      885        1        0      885        0      695      695       98     1912        0        6       34
 1091.000000      896      896        1       11      880        5      692      690      106     1927        0        8       32
 1092.000000      890      890        1        0      890        0      694      692       98     1972        0        5       35
 1093.000000      884      884        1        0      884        0      692      691      108     1891        0        5       35
 1094.000000      898      898        1        0      898        0      681      680      107     1873        0        9       31
 1095.000000      883      883        1        0      883        0      676      673      101     1905        0        6       34
 1096.000000      891      891        1        0      891        0      677      676      111     1907        0        6       34
 1097.000000      879      879        1        0      879        0      675      674      111     1880        0        6       34
 1098.000000      868      868        1        0      868        0      683      681      104     1872        0        5       35
 1099.000000      877      877        1        0      877        0      692      692       98     1890        0        7       33
 1100.000000      880      880        1        0      880        0      676      676       97     1895        0        5       35
 1101.000000      887      887        1        0      887        0      685      682      105     1869        0        6       34
 1102.000000      877      877        1        0      877        0      687      687      102     1843        0        5       35
 1103.000000      878      878        1        0      878        0      707      704       92     1907        0        5       35
 1104.000000      891      891        1        0      891        0      696      694      102     1891        0        5       35
 1105.000000      886      886        1        0      886        0      694      693      104     1893        0        6       34
 1106.000000      894      894        1        0      894        0      683      681      103     1891        0        6       34
 1107.000000      900      900        1        0      900        0      689      689      108     1910        0        5       35
 1108.000000      885      885        1        0      885        0      695      695      109     1889        0        6       34
 1109.000000      904      904        1        0      904        0      694      694      105     1853        0        8       32
 1110.000000      921      921        1        0      921        0      687      686      115     1890        0        9       31
 1111.000000      913      913        1        0      913        0      704      703       93     1936        0       10       30
 1112.000000      890      890        1        0      890        0      714      713      100     1945        0        7       33
 1113.000000      911      911        1        0      911        0      715      714      104     1932        0        7       33
 1114.000000      904      904        1        0      904        0      709      709      105     1931        0        8       32
 1115.000000      894      894        1        0      894        0      716      716      104     1898        0        7       33
 1116.000000      906      906        1        0      906        0      706      705      113     1910        0        8       32
 1117.000000      926      926        1        0      926        0      698      695      109     1915        0       10       30
 1118.000000      920      920        1        0      920        0      706      705      108     1912        0        8       32
 1119.000000      918      918        1        0      918        0      693      688      117     1942        0        8       32
 1120.000000      920      920        1        0      920        0      708      708      107     1920        0        8       32
 1121.000000      910      898        2        0      910        0      706      705      115     1919        0       11       29
 1122.000000      905      905        1        0      905        0      700      700      106     1909        0       10       30
 1123.000000      906      893        2        0      906        0      706      706      105     1921        0        9       31
 1124.000000      896      896        1        0      896        0      701      700      110     1909        0        7       33
 1125.000000      907      907        1        0      907        0      695      692      112     1939        0        8       32
 1126.000000      902      888        2        0      902        0      695      695      114     1925        0       11       29
 1127.000000      886      886        1        0      886        0      700      700      100     1954        0        6       34
 1128.000000      896      896        1        0      896        0      710      709      105     1932        0        8       32
 1129.000000      894      894        1        0      894        0      696      696      108     1928        0        7       33
 1130.000000      887      887        1        0      887        0      683      682      116     1945        0        5       35
 1131.000000      884      884        1        0      884        0      689      688      104     1935        0        6       34
 1132.000000      896      896        1        0      896        0      704      704      102     1928        0        8       32
 1133.000000      888      888        1        0      888        0      696      695      111     1915        0        6       34
 1134.000000      897      897        1        0      897        0      709      709       99     1943        0        8       32
 1135.000000      909      909        1        0      909        0      704      704      108     1942        0        7       33
 1136.000000      905      905        1        0      905        0      697      696      109     1958        0        9       31
 1137.000000      894      894        1        0      894        0      704      702      110     1888        0        7       33
 1138.000000      906      906        1        0      906        0      711      710      106     1930        0        9       31
 1139.000000      903      903        1        0      903        0      714      714      104     1945        0        9       31
 1140.000000      907      907        1        0      907        0      695      695      101     1928        0        9       31
 1141.000000      893      893        1        0      893        0      703      701      102     1910        0        7       33
 1142.000000      893      893        1        0      893        0      685      684      116     1962        0       10       30
 1143.000000      881      881        1        0      881        0      709      709       84     1925        0        8       32
 1144.000000      908      908        1        0      908        0      696      696      117     1960        0        8       32
 1145.000000      888      888        1        0      888        0      709      708      108     1951        0        7       33
 1146.000000      889      889        1        0      889        0      714      713      102     1950        0        7       33
 1147.000000      893      893        1        0      893        0      704      703       99     1935        0        7       33
 1148.000000      890      890        1        0      890        0      693      693      123     1929        0        8       32
 1149.000000      925      925        1        0      925        0      702      701      105     1939        0       11       29
 1150.000000      903      903        1        0      903        0      709      709       93     1950        0        9       31
 1151.000000      897      897        1        0      897        0      673      673      116     1938        0        9       31
 1152.000000      885      885        1        0      885        0      688      686      109     1919        0        7       33
 1153.000000      890      890        1        0      890        0      698      697      114     1953        0        8       32
 1154.000000      892      892        1        0      892        0      706      705      106     1949        0        7       33
 1155.000000      888      888        1        0      888        0      724      724      100     1961        0        7       33
 1156.000000      887      887        1        0      887        0      697      696      103     1931        0        8       32
 1157.000000      885      885        1        0      885        0      708      708      104     1930        0        8       32
 1158.000000      893      893        1        0      893        0      696      696      103     1928        0        9       31
 1159.000000      893      893        1        0      893        0      687      685      124     1926        0        8       32
 1160.000000      893      893        1        0      893        0      710      710      103     1910        0        8       32
 1161.000000      894      894        1        0      894        0      709      709      103     1903        0        8       32
 1162.000000      891      891        1        0      891        0      711      711      101     1892        0        8       32
 1163.000000      897      897        1        0      897        0      687      686      108     1891        0        9       31
 1164.000000      899      899        1        0      899        0      693      693      113     1934        0        8       32
 1165.000000      903      903        1        0      903        0      706      705      112     1912        0        9       31
 1166.000000      899      899        1        0      899        0      707      707      107     1921        0        7       33
 1167.000000      900      900        1        0      900        0      679      679      122     1915        0        8       32
 1168.000000      900      900        1        0      900        0      697      696      110     1910        0        8       32
 1169.000000      891      891        1        0      891        0      694      694      103     1898        0        8       32
 1170.000000      901      901        1        0      901        0      694      693      107     1928        0        7       33
 1171.000000      899      899        1        0      899        0      700      699      112     1914        0        9       31
 1172.000000      891      891        1        0      891        0      702      700       94     1951        0        8       32
 1173.000000      895      895        1        0      895        0      704      704      102     1939        0       10       30
 1174.000000      891      891        1        0      891        0      703      702      100     1946        0        9       31
 1175.000000      897      897        1        0      897        0      703      702      103     1972        0       10       30
 1176.000000      880      880        1        0      880        0      705      704      104     1936        0        7       33
 1177.000000      882      882        1        0      882        0      698      697      106     1987        0        8       32
 1178.000000      878      878        1        0      878        0      701      701      106     1949        0        6       34
 1179.000000      869      869        1        0      869        0      686      684      112     1909        0        6       34
 1180.000000      893      893        1        0      893        0      709      709      105     1923        0        8       32
 1181.000000      877      877        1        0      877        0      704      703      102     1917        0        7       33
 1182.000000      889      889        1        0      889        0      706      706      107     1933        0       10       30
 1183.000000      873      873        1        0      873        0      708      707      107     1942        0        6       34
 1184.000000      876      876        1        0      876        0      711      709      116     1935        0        6       34
 1185.000000      878      878        1        0      878        0      706      706      107     1935        0        7       33
 1186.000000      872      872        1        0      872        0      701      700      100     1922        0        6       34
 1187.000000      875      875        1        0      875        0      720      720      111     1950        0        6       34
 1188.000000      872      872        1        0      872        0      709      708      102     1892        0        6       34
 1189.000000      875      875        1        0      875        0      707      706      104     1921        0        6       34
 1190.000000      871      871        1        0      871        0      706      703      111     1945        0        6       34
 1191.000000      885      885        1        0      885        0      697      697      111     1917        0        8       32
 1192.000000      897      897        1        0      897        0      708      707      100     1954        0        8       32
 1193.000000      894      894        1        0      894        0      704      703       98     1906        0        7       33
 1194.000000      889      889        1        0      889        0      697      696       97     1942        0        8       32
 1195.000000      903      890        2        0      903        0      674      673      119     1896        0        7       33
 1196.000000      892      892        1        0      892        0      693      691      105     1929        0        7       33
 1197.000000      908      896        2        0      908        0      702      701      104     1932        0        8       32
 1198.000000      903      903        1        0      903        0      707      707      109     1915        0        8       32
 1199.000000      909      909        1        0      909        0      692      690      118     1926        0        8       32
 1200.000000      912      912        1        0      912        0      699      695      113     1911        0        8       32
 1201.000000      905      905        1        0      905        0      693      690      116     1952        0        8       32
 1202.000000      904      904        1        0      904        0      716      714      107     1935        0        9       31
 1203.000000      912      912        1        0      912        0      684      684      127     1958        0        8       32
 1204.000000      912      912        1        0      912        0      707      704      106     1904        0        8       32
 1205.000000      917      917        1        0      917        0      700      698      110     1951        0       11       29
 1206.000000      922      922        1        0      922        0      713      712       99     1943        0       10       30
 1207.000000      933      933        1        0      933        0      697      697      113     1939        0       11       29
 1208.000000      906      906        1        0      906        0      719      715      103     1918        0        9       31
 1209.000000      909      909        1        0      909        0      696      695      106     1936        0        9       31
 1210.000000      902      902        1        0      902        0      688      686      118     1930        0        7       33
 1211.000000      916      916        1        0      916        0      699      698      111     1909        0       10       30
 1212.000000      905      905        1        0      905        0      698      696       99     1923        0        8       32
 1213.000000      908      908        1        0      908        0      708      705      109     1878        0        8       32
 1214.000000      880      880        1        0      880        0      701      700      114     1876        0        7       33
 1215.000000      885      885        1        0      885        0      700      700      108     1903        0        9       31
 1216.000000      877      877        1        0      877        0      704      703       97     1921        0        7       33
 1217.000000      885      885        1        0      885        0      711      710      102     1890        0        6       34
 1218.000000      891      891        1        0      891        0      697      696      112     1887        0       10       30
 1219.000000      892      892        1        0      892        0      699      697      105     1904        0        8       32
 1220.000000      901      901        1        0      901        0      710      710      100     1884        0        9       31
 1221.000000      894      894        1        0      894        0      709      709      106     1952        0        9       31
 1222.000000      889      889        1        0      889        0      700      699      106     1928        0        8       32
 1223.000000      916      916        1        0      916        0      708      706      113     1926        0       10       30
 1224.000000      903      903        1        0      903        0      710      710      113     1939        0       10       30
 1225.000000      895      895        1        0      895        0      718      718      106     1925        0        7       33
 1226.000000      884      884        1        0      884        0      724      724      105     1926        0        7       33
 1227.000000      898      898        1        0      898        0      715      713      109     1910        0        9       31
 1228.000000      902      902        1        0      902        0      724      724      102     1902        0       11       29
 1229.000000      890      890        1        0      890        0      698      695      103     1902        0        8       32
 1230.000000      885      885        1        0      885        0      720      718      105     1920        0        8       32
 1231.000000      890      890        1        0      890        0      699      698      107     1931        0        9       31
 1232.000000      897      897        1        0      897        0      714      713      113     1901        0        9       31
 1233.000000      901      901        1        0      901        0      706      706      111     1924        0        9       31
 1234.000000      898      898        1        0      898        0      712      712      103     1881        0       10       30
 1235.000000      898      898        1        0      898        0      711      710      105     1903        0        8       32
 1236.000000      899      899        1        0      899        0      715      715      103     1911        0       10       30
 1237.000000      901      901        1        0      901        0      696      694      111     1932        0       10       30
 1238.000000      901      901        1        0      901        0      707      705      111     1926        0        9       31
 1239.000000      909      909        1        0      909        0      709      709      105     1940        0       12       28
 1240.000000      906      906        1        0      906        0      712      710      105     1893        0       10       30
 1241.000000      914      914        1        0      914        0      710      710      113     1947        0       10       30
 1242.000000      914      914        1        0      914        0      718      717      111     1943        0       12       28
 1243.000000      907      907        1        0      907        0      702      701      111     1951        0        9       31
 1244.000000      905      905        1        0      905        0      711      710      105     1955        0       10       30
 1245.000000      899      899        1        0      899        0      701      701      106     1949        0        7       33
 1246.000000      908      908        1        0      908        0      716      715      101     1949        0        8       32
 1247.000000      914      914        1        0      914        0      712      711      106     1961        0       10       30
 1248.000000      889      889        1        0      889        0      711      711      101     1916        0        7       33
 1249.000000      903      903        1        0      903        0      704      701      103     1926        0        9       31
 1250.000000      893      893        1        0      893        0      696      694      103     1916        0        7       33
 1251.000000      884      884        1        0      884        0      702      702       94     1922        0        7       33
 1252.000000      894      894        1        0      894        0      695      695      110     1936        0       10       30
 1253.000000      895      895        1        0      895        0      694      693      106     1928        0        9       31
 1254.000000      903      903        1        0      903        0      680      676      115     1925        0        8       32
 1255.000000      902      902        1        0      902        0      704      703      101     1939        0        8       32
 1256.000000      903      903        1        0      903        0      703      699      107     1927        0        6       34
 1257.000000      890      890        1        0      890        0      703      703      100     1884        0        6       34
 1258.000000      878      878        1        0      878        0      673      670      115     1892        1        7       32
 1259.000000      886      886        1        0      886        0      695      694      101     1916        0        6       34
 1260.000000      890      890        1        0      890        0      690      690      108     1912        0        5       35
 1261.000000      898      898        1        0      898        0      683      680      112     1968        0        9       31
 1262.000000      898      898        1        0      898        0      700      700       90     1888        0        6       34
 1263.000000      904      904        1        0      904        0      692      692       99     1916        0       10       30
 1264.000000      906      906        1        0      906        0      677      676      119     1924        0        8       32
 1265.000000      901      901        1        0      901        0      680      678      109     1923        0        7       33
 1266.000000      894      894        1        0      894        0      678      677      112     1919        0        8       32
 1267.000000      889      889        1        0      889        0      692      690      104     1912        0        8       32
 1268.000000      897      897        1        0      897        0      702      701      104     1956        0        8       32
 1269.000000      910      910        1        0      910        0      684      681      113     1912        0       11       29
 1270.000000      908      908        1        0      908        0      694      690      111     1906        0       11       29
 1271.000000      891      891        1        0      891        0      697      696      103     1895        0        6       34
 1272.000000      886      886        1        0      886        0      705      703      105     1892        0        7       33
 1273.000000      880      880        1        0      880        0      688      686      104     1894        0        7       33
 1274.000000      879      879        1        0      879        0      692      691      103     1965        0        6       34
 1275.000000      891      891        1        0      891        0      685      685      101     1913        0        7       33
 1276.000000      887      887        1        0      887        0      711      708       93     1918        0        7       33
 1277.000000      891      891        1        0      891        0      698      697      105     1881        0        6       34
 1278.000000      884      884        1        0      884        0      700      698      100     1904        0        7       33
 1279.000000      880      880        1        0      880        0      688      685       90     1883        0        9       31
 1280.000000      882      882        1        0      882        0      670      668      113     1890        0        7       33
 1281.000000      881      881        1        0      881        0      684      682      114     1870        0        7       33
 1282.000000      875      875        1        0      875        0      673      673      103     1877        0        5       35
 1283.000000      876      876        1        0      876        0      690      690      103     1902        0        4       36
 1284.000000      874      874        1        0      874        0      692      690      102     1936        0        4       36
 1285.000000      866      866        1        0      866        0      701      701       97     1900        0        6       34
 1286.000000      871      871        1        0      871        0      688      688       99     1936        0        4       36
 1287.000000      881      881        1        0      881        0      686      685       96     1893        0        7       33
 1288.000000      891      891        1        0      891        0      685      683      109     1916        0       10       30
 1289.000000      888      888        1        0      888        0      689      686      112     1908        0        7       33
 1290.000000      884      884        1        0      884        0      675      673      109     1907        0        8       32
 1291.000000      882      882        1        0      882        0      681      679      106     1904        0        6       34
 1292.000000      889      889        1        0      889        0      687      686       95     1920        0       10       30
 1293.000000      877      877        1        0      877        0      688      688       98     1913        0        6       34
 1294.000000      877      877        1        0      877        0      685      683      106     1927        0        6       34
 1295.000000      878      878        1        0      878        0      684      682      109     1898        0        6       34
 1296.000000      894      894        1        0      894        0      684      682      115     1932        0        8       32
 1297.000000      894      894        1        0      894        0      692      690       99     1936        0        4       36
 1298.000000      880      868        2        0      880        0      692      692      103     1920        0        8       32
 1299.000000      870      870        1        0      870        0      686      685       97     1940        0        4       36
 1300.000000      874      874        1        0      874        0      678      677      103     1938        0        7       33
 1301.000000      880      880        1        0      880        0      680      680       98     1918        0        7       33
 1302.000000      884      884        1        0      884        0      684      683       99     1865        0        7       33
 1303.000000      881      881        1        0      881        0      667      666      108     1898        0        8       32
 1304.000000      889      889        1        0      889        0      681      681      103     1872        0        7       33
 1305.000000      891      891        1        0      891        0      684      682       99     1900        0        6       34
 1306.000000      879      879        1        0      879        0      680      679      111     1930        0        7       33
 1307.000000      883      883        1        0      883        0      692      692      105     1914        0        8       32
 1308.000000      888      888        1        0      888        0      694      692      104     1935        0        9       31
 1309.000000      873      873        1        0      873        0      684      681      119     1924        0        7       33
 1310.000000      886      886        1        0      886        0      686      686      102     1930        0        9       31
 1311.000000      869      869        1        0      869        0      689      686      107     1913        0        7       33
 1312.000000      878      878        1        0      878        0      681      681      108     1934        0        7       33
 1313.000000      873      873        1        0      873        0      693      688      109     1878        0        6       34
 1314.000000      879      879        1        0      879        0      680      677      114     1889        0        8       32
 1315.000000      877      877        1        0      877        0      681      679      109     1923        0        6       34
 1316.000000      891      891        1        0      891        0      679      679      102     1911        0        7       33
 1317.000000      885      885        1        0      885        0      686      686      102     1898        0        7       33
 1318.000000      902      902        1        0      902        0      685      685      113     1913        0       10       30
 1319.000000      879      879        1        0      879        0      692      691      107     1915        0        6       34
 1320.000000      906      906        1        0      906        0      692      692      105     1907        0        8       32
 1321.000000      903      903        1        0      903        0      672      669      114     1905        0        6       34
 1322.000000      896      896        1        0      896        0      671      670      116     1914        0        6       34
 1323.000000      897      897        1       10      882        5      676      674      120     1904        0        9       31
 1324.000000      878      878        1        0      878        0      686      686      101     1912        0        5       35
 1325.000000      888      888        1        0      888        0      684      682      110     1929        0        9       31
 1326.000000      876      876        1        0      876        0      680      679       99     1914        0        5       35
 1327.000000      891      891        1        0      891        0      697      694      103     1951        0        7       33
 1328.000000      892      880        2        0      892        0      680      680      115     1976        0        6       34
 1329.000000      892      880        2        0      892        0      676      675      119     1955        0        8       32
 1330.000000      888      888        1        0      888        0      685      683      110     1956        0        8       32
 1331.000000      880      880        1        0      880        0      688      686      104     1921        0       10       30
 1332.000000      890      890        1        0      890        0      694      693      105     1938        0       10       30
 1333.000000      889      877        2        0      889        0      683      682      106     1920        0        8       32
 1334.000000      887      887        1        0      887        0      683      681      117     1916        0        7       33
 1335.000000      876      876        1        0      876        0      686      684      104     1945        0        7       33
 1336.000000      885      885        1        0      885        0      685      683      104     1930        0        7       33
 1337.000000      883      883        1        0      883        0      692      691      102     1899        0        6       34
 1338.000000      905      905        1        0      905        0      677      677      103     1904        0       10       30
 1339.000000      874      874        1        0      874        0      687      686       98     1935        0        6       34
 1340.000000      873      873        1        0      873        0      673      671      116     1900        0        5       35
 1341.000000      880      880        1        0      880        0      677      676      102     1880        0        5       35
 1342.000000      885      885        1        0      885        0      688      686      109     1873        0        8       32
 1343.000000      885      872        2        0      885        0      678      677      114     1914        0        8       32
 1344.000000      873      873        1        0      873        0      672      671      113     1957        0        7       33
 1345.000000      886      886        1        0      886        0      687      687      100     1928        0        8       32
 1346.000000      881      881        1        0      881        0      671      670      113     1939        0        8       32
 1347.000000      865      865        1        0      865        0      677      676      105     1909        0        7       33
 1348.000000      879      879        1        0      879        0      675      672      112     1948        0        8       32
 1349.000000      868      868        1        0      868        0      679      678      107     1895        0        5       35
 1350.000000      870      870        1        0      870        0      685      681      108     1890        0        5       35
 1351.000000      874      874        1        0      874        0      686      684       98     1928        0        6       34
 1352.000000      875      875        1        0      875        0      685      682      101     1948        0        6       34
 1353.000000      868      868        1        0      868        0      662      657      108     1905        0        7       33
 1354.000000      863      863        1        0      863        0      686      686      115     1902        0        7       33
 1355.000000      862      862        1        0      862        0      704      700      103     1965        0        6       34
 1356.000000      886      886        1        0      886        0      675      672      116     1932        0        8       32
 1357.000000      877      877        1        0      877        0      689      688      112     1918        0        8       32
 1358.000000      862      862        1        0      862        0      690      689      111     1894        0        6       34
 1359.000000      868      868        1        0      868        0      672      672      112     1890        0        7       33
 1360.000000      867      867        1        0      867        0      676      674      109     1895        0        7       33
 1361.000000      865      865        1        0      865        0      692      691      116     1903        0        6       34
 1362.000000      866      866        1        0      866        0      681      681       97     1891        0        7       33
 1363.000000      863      863        1        0      863        0      681      678      106     1894        0        6       34
 1364.000000      866      866        1        0      866        0      678      678      105     1908        0        6       34
 1365.000000      864      864        1        0      864        0      690      689      105     1890        0        7       33
 1366.000000      893      893        1        0      893        0      685      682      106     1918        0       10       30
 1367.000000      876      876        1        0      876        0      688      687      104     1904        0        9       31
 1368.000000      875      875        1        0      875        0      679      679      118     1922        0        9       31
 1369.000000      875      875        1        0      875        0      701      700       99     1927        0        7       33
 1370.000000      872      872        1        0      872        0      687      685      115     1909        0        8       32
 1371.000000      867      867        1        0      867        0      679      679      106     1879        0        5       35
 1372.000000      890      890        1        0      890        0      680      679      116     1919        0        9       31
 1373.000000      884      884        1        0      884        0      680      680      100     1925        0        8       32
 1374.000000      872      872        1        0      872        0      679      677      109     1936        0        7       33
 1375.000000      872      872        1        0      872        0      684      682      106     1910        0        6       34
 1376.000000      886      886        1        0      886        0      685      684       94     1878        0        8       32
 1377.000000      878      878        1        0      878        0      698      695       87     1916        0        9       31
 1378.000000      881      881        1        0      881        0      672      672      110     1910        0        8       32
 1379.000000      883      883        1        0      883        0      686      686      100     1885        0       10       30
 1380.000000      880      880        1        0      880        0      689      688       96     1901        0        9       31
 1381.000000      879      879        1        0      879        0      680      679      106     1898        0        8       32
 1382.000000      874      874        1        0      874        0      693      693      109     1904        0        8       32
 1383.000000      874      874        1        0      874        0      692      690      103     1909        0        6       34
 1384.000000      878      878        1        0      878        0      678      676      107     1949        0        9       31
 1385.000000      878      878        1        0      878        0      699      695      100     1955        0        9       31
 1386.000000      881      881        1        0      881        0      695      695       98     1905        0       10       30
 1387.000000      883      883        1        0      883        0      684      683      114     1912        0        9       31
 1388.000000      882      882        1        0      882        0      699      698       97     1924        0        8       32
 1389.000000      891      891        1        0      891        0      692      689      103     1929        0       11       29
 1390.000000      877      877        1        0      877        0      696      695       93     1932        0        8       32
 1391.000000      883      883        1        0      883        0      704      704      100     1917        0        9       31
 1392.000000      884      884        1        0      884        0      688      688      105     1923        0        8       32
 1393.000000      892      892        1        0      892        0      696      694      102     1926        0       10       30
 1394.000000      885      885        1        0      885        0      704      702      109     1903        0        8       32
 1395.000000      880      880        1        0      880        0      698      696       93     1917        0        9       31
 1396.000000      897      897        1        0      897        0      685      684      110     1908        0        8       32
 1397.000000      904      904        1        0      904        0      690      690      102     1958        0       11       29
 1398.000000      893      893        1        0      893        0      691      691       96     1932        0        8       32
 1399.000000      894      894        1        0      894        0      676      676      109     1879        0        8       32
 1400.000000      884      884        1        0      884        0      695      695      100     1894        0        8       32
 1401.000000      885      885        1        0      885        0      688      687      100     1897        0        8       32
 1402.000000      869      869        1        0      869        0      676      675      119     1904        0        6       34
 1403.000000      882      882        1        0      882        0      688      688      103     1909        0        8       32
 1404.000000      894      894        1        0      894        0      691      691       95     1909        0        8       32
 1405.000000      880      880        1        0      880        0      692      692      100     1936        0        9       31
 1406.000000      888      888        1        0      888        0      680      680      120     1881        0        7       33
 1407.000000      883      883        1        0      883        0      689      688      109     1939        0        8       32
 1408.000000      895      895        1        0      895        0      688      688      101     1905        0        9       31
 1409.000000      883      883        1        0      883        0      686      683      115     1941        0        8       32
 1410.000000      887      887        1        0      887        0      705      704      100     1966        0        8       32
 1411.000000      888      888        1        0      888        0      703      702       98     1925        0        7       33
 1412.000000      887      887        1        0      887        0      698      696      112     1918        0        7       33
 1413.000000      886      886        1        0      886        0      693      692      105     1937        0        9       31
 1414.000000      885      885        1        0      885        0      689      686      108     1942        0        9       31
 1415.000000      881      881        1        0      881        0      696      694      102     1926        0        8       32
 1416.000000      888      888        1        0      888        0      701      699       97     1941        0        7       33
 1417.000000      888      888        1        0      888        0      679      678      110     1921        0        8       32
 1418.000000      887      887        1        0      887        0      690      687       97     1899        0        5       35
 1419.000000      891      891        1        0      891        0      692      689      103     1914        0        7       33
 1420.000000      890      890        1        0      890        0      691      690       96     1911        0        6       34
 1421.000000      878      878        1        0      878        0      684      682      107     1878        0        6       34
 1422.000000      881      881        1        0      881        0      695      693      105     1911        0        5       35
 1423.000000      872      872        1        0      872        0      689      687      110     1867        0        3       37
 1424.000000      870      870        1        0      870        0      675      673      107     1881        0        5       35
 1425.000000      896      896        1        0      896        0      665      662      114     1910        0        8       32
 1426.000000      887      887        1        0      887        0      689      687       99     1913        0        7       33
 1427.000000      879      879        1        0      879        0      696      696      106     1907        0        6       34
 1428.000000      894      894        1        0      894        0      687      685      109     1932        0        7       33
 1429.000000      882      882        1        0      882        0      677      677      105     1931        0        7       33
 1430.000000      891      891        1        0      891        0      691      691       92     1922        0        8       32
 1431.000000      902      902        1        0      902        0      677      676      108     1874        0       11       29
 1432.000000      894      894        1        0      894        0      679      679      106     1883        0       10       30
 1433.000000      907      907        1        0      907        0      680      679       99     1933        0       10       30
 1434.000000      901      901        1        0      901        0      689      687      106     1905        0        9       31
 1435.000000      888      888        1        0      888        0      684      684      111     1916        0        7       33
 1436.000000      888      888        1        0      888        0      687      685      108     1917        0        8       32
 1437.000000      893      893        1        0      893        0      684      684      107     1907        0       10       30
 1438.000000      894      894        1        0      894        0      680      678      118     1909        0        9       31
 1439.000000      884      884        1        0      884        0      689      688      102     1935        0        6       34
 1440.000000      904      904        1        0      904        0      677      676      102     1906        0       10       30
 1441.000000      896      896        1        0      896        0      683      683       98     1938        0       11       29
 1442.000000      894      894        1        0      894        0      686      683      107     1957        0       11       29
 1443.000000      889      889        1        0      889        0      683      682       92     1935        0        6       34
 1444.000000      867      867        1        0      867        0      670      666      109     1907        0        5       35
 1445.000000      881      881        1        0      881        0      664      664      116     1924        0        5       35
 1446.000000      883      883        1        0      883        0      674      672      120     1945        0        7       33
 1447.000000      893      893        1        0      893        0      686      685      116     1940        0        8       32
 1448.000000      884      884        1        0      884        0      661      660      115     1923        0        6       34
 1449.000000      879      879        1        0      879        0      659      656      115     1931        0        8       32
 1450.000000      886      886        1        0      886        0      677      677      100     1922        0        5       35
 1451.000000      881      881        1        0      881        0      677      676      112     1951        0        6       34
 1452.000000      891      891        1        0      891        0      679      679      107     1936        0        8       32
 1453.000000      888      888        1        0      888        0      682      681      105     1934        0        3       37
 1454.000000      878      878        1        0      878        0      677      675      110     1919        0        5       35
 1455.000000      901      901        1        0      901        0      678      675      117     1916        0        7       33
 1456.000000      901      901        1        0      901        0      691      687      111     1909        0        8       32
 1457.000000      919      919        1        0      919        0      681      681      112     1942        0       10       30
 1458.000000      899      899        1        0      899        0      696      693      115     1967        0        6       34
 1459.000000      908      908        1        0      908        0      694      694      108     1922        1        8       31
 1460.000000      898      898        1        0      898        0      687      686      119     1903        0        5       35
 1461.000000      909      909        1        0      909        0      673      673      117     1939        0        7       33
 1462.000000      893      893        1        0      893        0      673      673      111     1911        0        8       32
 1463.000000      884      884        1        0      884        0      687      686      124     1912        0        7       33
 1464.000000      902      902        1        0      902        0      693      692      113     1950        0       10       30
 1465.000000      901      901        1        0      901        0      707      706      115     1936        0        8       32
 1466.000000      898      898        1        0      898        0      705      701      112     1967        0        8       32
 1467.000000      905      905        1        0      905        0      710      709      103     1927        0       10       30
 1468.000000      895      895        1        0      895        0      696      696      109     1919        0        8       32
 1469.000000      896      896        1        0      896        0      702      701      108     1965        0        8       32
 1470.000000      892      892        1        0      892        0      711      711      111     1929        0        7       33
 1471.000000      901      901        1        0      901        0      687      686      115     1951        0        5       35
 1472.000000      901      901        1        0      901        0      697      696       96     1964        0        6       34
 1473.000000      898      898        1        0      898        0      686      684      109     1952        0        8       32
 1474.000000      882      882        1        0      882        0      695      695      106     1949        0        4       36
 1475.000000      884      884        1        0      884        0      699      696      102     1996        0        7       33
 1476.000000      897      897        1        0      897        0      681      679      110     1915        0        8       32
 1477.000000      879      879        1        0      879        0      686      683      102     1900        0        7       33
 1478.000000      895      895        1        0      895        0      673      672      110     1929        0        8       32
 1479.000000      893      893        1        0      893        0      681      680      102     1902        0        9       31
 1480.000000      899      899        1        0      899        0      683      682      110     1932        0        7       33
 1481.000000      902      902        1        0      902        0      682      681      112     1956        0       10       30
 1482.000000      883      883        1        0      883        0      694      693      108     1916        0        6       34
 1483.000000      888      888        1        0      888        0      684      684      102     1932        1        5       34
 1484.000000      887      887        1        0      887        0      682      681      108     1926        1        5       34
 1485.000000      887      887        1        0      887        0      674      673      110     1917        0        6       34
 1486.000000      879      879        1        0      879        0      676      675      111     1928        0        5       35
 1487.000000      879      879        1        0      879        0      679      678      127     1915        0        6       34
 1488.000000      892      892        1        0      892        0      661      659      107     1883        0        9       31
 1489.000000      872      872        1        0      872        0      666      666      108     1877        0        5       35
 1490.000000      893      893        1        0      893        0      679      677      112     1943        0        6       34
 1491.000000      940      940        1        0      940        0      682      681      103     1963        0       10       30
 1492.000000      894      894        1        0      894        0      680      679      111     1937        0        7       33
 1493.000000      925      925        1        0      909       16      673      671       99     1925        0       12       28
 1494.000000      903      903        1        0      903        0      672      672      101     1926        0        9       31
 1495.000000      907      907        1        0      907        0      665      665      110     1923        1        7       32
 1496.000000      885      885        1        0      885        0      674      670      104     1921        0        7       33
 1497.000000      891      891        1        0      891        0      666      664      114     1946        1        6       33
 1498.000000      883      883        1        0      883        0      682      681      104     1946        0        7       33
 1499.000000      892      892        1        0      892        0      662      658      110     1949        0        8       32
 1500.000000      893      893        1        0      893        0      661      660      120     1928        0        7       33
 1501.000000      907      907        1        0      907        0      666      664      115     1912        0        7       33
 1502.000000      894      894        1        0      894        0      668      667      105     1955        0        8       32
 1503.000000      888      888        1        0      888        0      658      656      115     1930        0        5       35
 1504.000000      880      880        1        0      880        0      646      645      127     1905        1        5       34
 1505.000000      887      887        1        0      887        0      669      667      111     1886        0        7       33
 1506.000000      893      893        1        0      893        0      668      667      112     1946        0        8       32
 1507.000000      881      881        1        0      881        0      668      665      118     1879        0        7       33
 1508.000000      907      907        1        0      907        0      665      665      115     1903        0        9       31
 1509.000000      891      891        1        0      891        0      677      676      109     1920        0        6       34
 1510.000000      893      893        1        0      893        0      664      663      115     1899        0        7       33
 1511.000000      886      886        1        0      886        0      660      660      114     1910        0        6       34
 1512.000000      894      894        1        0      894        0      680      678      106     1926        0        8       32
 1513.000000      907      907        1        0      907        0      666      665      114     1902        0        8       32
 1514.000000      883      883        1        0      883        0      672      670      119     1937        0        6       34
 1515.000000      897      897        1        0      897        0      679      676      101     1919        0        9       31
 1516.000000      915      915        1        0      915        0      679      679      108     1909        0       10       30
 1517.000000      895      895        1        0      895        0      683      682      105     1922        0        8       32
 1518.000000      915      915        1        0      915        0      674      673      106     1929        0        9       31
 1519.000000      900      900        1        0      900        0      675      674       98     1873        0        8       32
 1520.000000      892      892        1        0      892        0      688      688      110     1919        0        7       33
 1521.000000      892      892        1        0      892        0      665      665      108     1914        0        8       32
 1522.000000      903      903        1        0      903        0      662      661      111     1907        0        9       31
 1523.000000      899      899        1        0      899        0      687      687      106     1917        0        9       31
 1524.000000      888      888        1        0      888        0      663      661      117     1936        0        6       34
 1525.000000      890      890        1        0      890        0      671      668      111     1921        0        7       33
 1526.000000      889      889        1        0      889        0      685      680      104     1883        0        8       32
 1527.000000      890      890        1        0      890        0      686      686      100     1935        1        4       35
 1528.000000      905      905        1        0      905        0      701      699      108     1935        0        7       33
 1529.000000      912      912        1        0      912        0      679      677      108     1908        0        9       31
 1530.000000      908      908        1        0      908        0      695      692      100     1903        0        9       31
 1531.000000      910      910        1        0      910        0      680      679      112     1935        0        7       33
 1532.000000      910      910        1        0      910        0      675      673      101     1926        0        9       31
 1533.000000      894      894        1        0      894        0      671      670      107     1902        0        8       32
 1534.000000      914      914        1        0      914        0      675      675      104     1895        1       12       27
 1535.000000      897      897        1        0      897        0      682      682      108     1873        0       10       30
 1536.000000      884      884        1        0      884        0      668      665      116     1900        0        7       33
 1537.000000      882      882        1        0      882        0      683      683      105     1921        0        8       32
 1538.000000      885      885        1        0      885        0      686      685      109     1935        0        9       31
 1539.000000      887      887        1        0      887        0      681      680      108     1887        0        8       32
 1540.000000      892      892        1        0      892        0      679      677      109     1900        0        6       34
 1541.000000      875      875        1        0      875        0      678      677      107     1886        0        8       32
 1542.000000      881      881        1        0      881        0      676      675      105     1900        0        8       32
 1543.000000      896      896        1        0      896        0      686      684      108     1913        1        7       32
 1544.000000      891      891        1        0      891        0      694      691      102     1928        1        7       32
 1545.000000      893      893        1        0      893        0      678      675      110     1933        1        9       30
 1546.000000      893      893        1        0      893        0      675      674      105     1911        0       10       30
 1547.000000      889      889        1        0      889        0      683      680      103     1944        0        8       32
 1548.000000      895      895        1        0      895        0      696      694      101     1947        0        9       31
 1549.000000      891      891        1        0      891        0      693      692      102     1914        0       10       30
 1550.000000      901      901        1        0      901        0      692      692       95     1957        1        9       30
 1551.000000      884      884        1        0      884        0      683      682       92     1924        1        6       33
 1552.000000      889      889        1        0      889        0      684      683      104     1908        0        7       33
 1553.000000      889      889        1        0      889        0      682      682      106     1928        0        7       33
 1554.000000      898      898        1        0      898        0      686      685      106     1916        1        6       33
 1555.000000      897      897        1        0      897        0      691      691      106     1954        0        6       34
 1556.000000      897      897        1        0      897        0      687      685      106     1913        1        8       31
 1557.000000      891      891        1        0      891        0      676      676      103     1920        0        7       33
 1558.000000      887      887        1        0      887        0      680      680      108     1939        1        7       32
 1559.000000      892      892        1        0      892        0      671      670      111     1923        0        7       33
 1560.000000      903      903        1        0      903        0      680      677      116     1937        0       11       29
 1561.000000      902      902        1        0      902        0      673      670      108     1956        1        9       30
 1562.000000      889      889        1        0      889        0      680      679      104     1922        0        8       32
 1563.000000      902      902        1        0      902        0      685      684      112     1908        0       11       29
 1564.000000      890      890        1        0      890        0      684      683      111     1936        0        8       32
 1565.000000      891      891        1        0      891        0      684      683      102     1929        0        8       32
 1566.000000      889      889        1        0      889        0      675      675      107     1902        0        9       31
 1567.000000      906      906        1        0      906        0      692      692      102     1914        1        5       34
 1568.000000      900      900        1        0      900        0      678      677      111     1880        0        7       33
 1569.000000      886      886        1        0      886        0      667      666      113     1946        0        7       33
 1570.000000      887      887        1        0      887        0      686      686      103     1932        0        6       34
 1571.000000      889      889        1        0      889        0      685      685      116     1961        0        6       34
 1572.000000      882      882        1        0      882        0      679      676      114     1932        0        6       34
 1573.000000      884      884        1        0      884        0      682      682      116     1958        0        8       32
 1574.000000      890      890        1        0      890        0      694      691      112     1956        0        6       34
 1575.000000      891      891        1        0      891        0      679      677      124     1935        0        7       33
 1576.000000      899      899        1        0      899        0      685      682      120     1945        1        8       31
 1577.000000      904      904        1        0      904        0      688      686      101     1941        0       10       30
 1578.000000      889      889        1        0      889        0      672      669      111     1938        0        6       34
 1579.000000      899      899        1        0      899        0      694      694      101     1965        1        9       30
 1580.000000      907      907        1        0      907        0      683      682      105     1915        0       11       29
 1581.000000      916      904        2        0      916        0      688      687      114     1972        1        8       31
 1582.000000      906      894        2        0      906        0      685      683      113     1957        0        8       32
 1583.000000      902      890        2        0      902        0      689      686      117     1962        0       10       30
 1584.000000      894      894        1        0      894        0      675      674      104     1938        1        7       32
 1585.000000      884      884        1        0      884        0      677      676      112     1939        0        8       32
 1586.000000      884      884        1        0      884        0      684      684      111     1936        1        6       33
 1587.000000      896      896        1        0      896        0      679      676      111     1941        1       11       28
 1588.000000      903      903        1        0      903        0      689      687      102     1956        1        7       32
 1589.000000      917      917        1        0      917        0      666      666      111     1924        0       13       27
 1590.000000      894      894        1        0      894        0      688      684      115     1930        0       10       30
 1591.000000      908      908        1        0      908        0      691      688       93     1936        1       13       26
 1592.000000      890      890        1        0      890        0      679      674      117     1913        0        9       31
 1593.000000      902      902        1        0      902        0      684      682      108     1922        0        9       31
 1594.000000      891      891        1        0      891        0      684      682      107     1923        0        8       32
 1595.000000      904      904        1        0      904        0      685      684      103     1870        0       13       27
 1596.000000      888      888        1        0      888        0      690      685      108     1938        0        7       33
 1597.000000      900      900        1        0      900        0      687      684      109     1945        0        9       31
 1598.000000      895      895        1        0      895        0      681      678      121     1924        0        8       32
 1599.000000      889      889        1        0      889        0      683      683      104     1895        0        8       32
 1600.000000      884      884        1        0      884        0      683      682      118     1894        0        8       32
 1601.000000      896      896        1        0      896        0      690      690      107     1942        0        7       33
 1602.000000      892      892        1        0      892        0      691      690      104     1903        0        8       32
 1603.000000      893      893        1        0      893        0      694      694       96     1918        0       10       30
 1604.000000      886      886        1        0      886        0      670      669      116     1882        0        8       32
 1605.000000      893      893        1        0      893        0      685      684      110     1925        0        6       34
 1606.000000      876      876        1        0      876        0      683      682      126     1962        0        6       34
 1607.000000      875      875        1        0      875        0      690      688       99     1933        0        6       34
 1608.000000      891      891        1        0      891        0      693      690      104     1928        0        9       31
 1609.000000      919      919        1        0      919        0      672      669      101     1915        0       13       27
 1610.000000      881      881        1        0      881        0      683      680      109     1909        0        7       33
 1611.000000      888      888        1        0      888        0      688      687       98     1903        0        7       33
 1612.000000      871      871        1        0      871        0      664      662      103     1876        0        8       32
 1613.000000      877      877        1        0      877        0      678      676      115     1915        0        7       33
 1614.000000      881      881        1        0      881        0      677      676      115     1921        0        7       33
 1615.000000      891      891        1        0      891        0      665      662      113     1903        0        8       32
 1616.000000      875      875        1        0      875        0      670      665      111     1882        0        7       33
 1617.000000      873      873        1        0      873        0      665      663      126     1884        0        7       33
 1618.000000      889      889        1        0      889        0      677      674      123     1898        0        9       31
 1619.000000      884      884        1        0      884        0      668      667      135     1906        0        9       31
 1620.000000      877      877        1        0      877        0      683      679      110     1896        1        6       33
 1621.000000      874      874        1        0      874        0      675      673      123     1909        0        7       33
 1622.000000      869      869        1        0      869        0      677      673      119     1918        0        7       33
 1623.000000      871      871        1        0      871        0      682      680      115     1907        0        8       32
 1624.000000      898      898        1        0      898        0      689      688      107     1893        0        9       31
 1625.000000      883      883        1        0      883        0      687      686      111     1921        0        6       34
 1626.000000      902      902        1        0      902        0      691      690      107     1933        0        7       33
 1627.000000      902      902        1        0      902        0      689      687      102     1938        0        9       31
 1628.000000      903      903        1        0      903        0      693      693      109     1934        0        9       31
 1629.000000      935      935        1       12      919        4      697      696      112     1970        0       13       27
 1630.000000      895      895        1        0      895        0      703      702      102     1902        0        8       32
 1631.000000      902      902        1        0      902        0      697      697      105     1941        0        9       31
 1632.000000      886      886        1        0      886        0      693      693      105     1935        0        7       33
 1633.000000      905      905        1        0      905        0      702      699      100     1952        0        8       32
 1634.000000      911      911        1        0      911        0      688      687       98     1954        0       13       27
 1635.000000      889      889        1        0      889        0      682      680      113     1927        0        8       32
 1636.000000      874      874        1        0      874        0      690      689      116     1923        0        8       32
 1637.000000      879      879        1        0      879        0      694      694      101     1939        0        7       33
 1638.000000      873      873        1        0      873        0      700      700      105     1950        0        6       34
 1639.000000      873      873        1        0      873        0      695      695      122     1960        0        7       33
 1640.000000      881      881        1        0      881        0      705      703      110     1957        0        9       31
 1641.000000      894      882        2        0      894        0      703      697      109     1969        0        9       31
 1642.000000      909      897        2        0      909        0      696      694      115     1982        0       11       29
 1643.000000      907      894        2        0      907        0      694      693      107     1963        0       14       26
 1644.000000      922      894        2        0      922        0      707      703      105     1934        0       15       25
 1645.000000      929      929        1        0      929        0      702      701      106     1961        0       14       26
 1646.000000      919      919        1        0      919        0      673      670      121     1946        0       12       28
 1647.000000      902      902        1        0      902        0      678      675      109     1925        0       10       30
 1648.000000      894      894        1        0      894        0      701      700      105     1927        0       10       30
 1649.000000      879      879        1        0      879        0      703      702      119     1907        0        9       31
 1650.000000      876      876        1        0      876        0      708      707      102     1965        0        9       31
 1651.000000      952      952        1        0      952        0      711      707      109     1987        0       13       27
 1652.000000      897      897        1        0      897        0      697      696      112     1942        0       10       30
 1653.000000      889      889        1        0      889        0      689      686      123     1921        0        9       31
 1654.000000      899      887        2        0      899        0      704      701      111     1947        0       10       30
 1655.000000      896      896        1        0      896        0      699      699      121     1950        0        7       33
 1656.000000      898      898        1        0      898        0      712      706      113     1908        1       12       27
 1657.000000      912      912        1        0      912        0      701      697      122     1911        0       11       29
 1658.000000      898      898        1        0      898        0      710      705      101     1927        1       10       29
 1659.000000      928      928        1        0      928        0      686      684      125     1931        0       12       28
 1660.000000      920      920        1        0      920        0      708      706      107     1904        0       10       30
 1661.000000      945      945        1        0      945        0      700      697      120     1971        1       11       28
 1662.000000      957      957        1        0      957        0      709      706      107     1928        0       13       27
 1663.000000      910      910        1        0      910        0      697      697      101     1935        1       10       29
 1664.000000      890      890        1        0      890        0      696      692      110     1935        0       10       30
 1665.000000      916      916        1        0      916        0      702      700      111     1928        0       12       28
 1666.000000      899      899        1        0      899        0      702      699      109     1891        0        8       32
 1667.000000      903      903        1        0      903        0      698      698      110     1917        0       11       29
 1668.000000      889      889        1        0      889        0      693      692      109     1931        0        9       31
 1669.000000      889      889        1        0      889        0      696      695      111     1929        0        9       31
 1670.000000      895      895        1        0      895        0      695      694      112     1933        0       10       30
 1671.000000      920      920        1        0      920        0      683      681      106     1958        0       12       28
 1672.000000      902      902        1        0      902        0      704      704      105     1968        0        9       31
 1673.000000      915      915        1        0      915        0      696      695      116     1963        0       11       29
 1674.000000      892      892        1        0      892        0      679      677      123     1922        0        9       31
 1675.000000      880      880        1        0      880        0      677      676      119     1927        0        8       32
 1676.000000      922      922        1        0      922        0      703      701       97     1911        1       12       27
 1677.000000      896      896        1        0      896        0      697      693      119     1920        0        9       31
 1678.000000      898      898        1        0      898        0      705      705      108     1909        0        8       32
 1679.000000      915      915        1        0      915        0      695      695      107     1927        0       10       30
 1680.000000      909      909        1        0      909        0      703      697      118     1915        0       10       30
 1681.000000      900      900        1        0      900        0      688      687      126     1912        0        8       32
 1682.000000      903      903        1        0      903        0      684      681      112     1905        0        9       31
 1683.000000      895      895        1        0      895        0      679      676      125     1886        0        7       33
 1684.000000      911      911        1        0      911        0      682      678      127     1919        0       10       30
 1685.000000      914      914        1        0      914        0      686      682      113     1905        0        8       32
 1686.000000      921      921        1        0      921        0      700      699      104     1958        0       10       30
 1687.000000      925      925        1        0      925        0      686      682      106     1930        0       11       29
 1688.000000      903      903        1        0      903        0      682      677      114     1926        0        9       31
 1689.000000      885      885        1        0      885        0      669      668      109     1950        0        6       34
 1690.000000      891      891        1        0      891        0      683      683      104     1931        0        8       32
 1691.000000      900      900        1        0      900        0      688      687      111     1936        0       12       28
 1692.000000      900      900        1        0      900        0      682      677      120     1937        0        9       31
 1693.000000      875      875        1        0      875        0      667      666      126     1966        0        7       33
 1694.000000      888      888        1        0      888        0      679      675      116     1923        0        7       33
 1695.000000      883      883        1        0      883        0      689      687      119     1945        0        8       32
 1696.000000      888      888        1        0      888        0      675      672      115     1938        0        6       34
 1697.000000      888      888        1        0      888        0      682      679      114     1921        0        7       33
 1698.000000      893      893        1        0      893        0      686      686      107     1942        0        8       32
 1699.000000      908      908        1        0      908        0      687      686      109     1929        0        7       33
 1700.000000      896      896        1        0      896        0      700      696      124     1953        0        8       32
 1701.000000      888      888        1        0      888        0      683      683      125     1922        0        8       32
 1702.000000      883      883        1        0      883        0      678      675      107     1950        0        6       34
 1703.000000      873      873        1        0      873        0      678      673      113     1955        0        5       35
 1704.000000      879      879        1        0      879        0      697      694      108     1907        0        6       34
 1705.000000      888      888        1        0      888        0      673      667      117     1904        0        7       33
 1706.000000      892      892        1        0      892        0      686      683      109     1929        0        6       34
 1707.000000      906      906        1        0      906        0      688      686      109     1939        0        9       31
 1708.000000      892      892        1        0      892        0      690      687      107     1942        0        7       33
 1709.000000      888      888        1        0      888        0      699      698      107     1911        0        6       34
 1710.000000      885      885        1        0      885        0      666      665      106     1911        0        5       35
 1711.000000      902      902        1        0      902        0      671      669      112     1890        0       10       30
 1712.000000      907      907        1        0      907        0      673      672      129     1953        0        7       33
 1713.000000      883      883        1        0      883        0      674      673      107     1944        0        7       33
 1714.000000      908      908        1       15      893        0      685      682      112     1941        0        8       32
 1715.000000      909      909        1        0      909        0      678      677      117     1931        0        8       32
 1716.000000      916      916        1        0      916        0      687      685      130     1911        0        8       32
 1717.000000      894      894        1        0      894        0      694      692      108     1940        0        7       33
 1718.000000      874      874        1        0      874        0      670      669      110     1913        0        4       36
 1719.000000      890      890        1        0      890        0      682      682      114     1914        0       10       30
 1720.000000      883      883        1        0      883        0      683      679      124     1885        0        9       31
 1721.000000      884      884        1        0      884        0      668      666      121     1876        0        6       34
 1722.000000      871      871        1        0      871        0      672      670      116     1866        0        6       34
 1723.000000      865      865        1        0      865        0      660      655      112     1912        0        6       34
 1724.000000      870      870        1        0      870        0      668      668      107     1893        0        6       34
 1725.000000      869      869        1        0      869        0      658      656      119     1891        0        7       33
 1726.000000      872      872        1        0      872        0      665      661      109     1850        0        9       31
 1727.000000      866      866        1        0      866        0      649      648      113     1850        0        6       34
 1728.000000      874      874        1        0      874        0      664      662      111     1900        0        7       33
 1729.000000      879      879        1        0      879        0      662      660      123     1871        0        9       31
 1730.000000      907      907        1        0      907        0      659      659      110     1829        0       11       29
 1731.000000      890      890        1        0      890        0      658      656      104     1851        0       10       30
 1732.000000      889      889        1        0      889        0      655      652      116     1895        0       10       30
 1733.000000      868      868        1        0      868        0      658      656      112     1882        0        7       33
 1734.000000      883      883        1        0      883        0      656      653      102     1852        0        8       32
 1735.000000      887      887        1        0      887        0      655      653      114     1841        0        9       31
 1736.000000      867      867        1        0      867        0      656      654      112     1833        0        7       33
 1737.000000      875      875        1        0      875        0      659      656      107     1847        0        8       32
 1738.000000      873      873        1        0      873        0      653      650      104     1835        0        7       33
 1739.000000      872      872        1        0      872        0      660      658      113     1859        0        6       34
 1740.000000      867      867        1        0      867        0      661      661      104     1872        0        8       32
 1741.000000      875      875        1        0      875        0      660      659      111     1864        0        8       32
 1742.000000      879      879        1        0      879        0      676      673      108     1852        0        8       32
 1743.000000      882      882        1        0      882        0      658      658      115     1859        0        8       32
 1744.000000      876      876        1        0      876        0      669      667      114     1887        0        8       32
 1745.000000      881      881        1        0      881        0      670      667      118     1895        0        8       32
 1746.000000      881      881        1        0      881        0      658      655      120     1857        0        7       33
 1747.000000      881      881        1        0      881        0      655      653      124     1875        0       10       30
 1748.000000      874      874        1        0      874        0      653      651      111     1836        0        8       32
 1749.000000      876      876        1        0      876        0      670      669      117     1873        0        7       33
 1750.000000      879      879        1        0      879        0      684      680      118     1855        0        8       32
 1751.000000      888      888        1        0      888        0      650      648      121     1866        0        9       31
 1752.000000      901      901        1        0      901        0      673      671      101     1869        0       11       29
 1753.000000      907      907        1        0      907        0      666      666      111     1894        0       11       29
 1754.000000      904      904        1        0      904        0      650      648      119     1907        0       10       30
 1755.000000      894      894        1        0      894        0      662      662      114     1884        0        8       32
 1756.000000      932      932        1        0      932        0      668      668      117     1901        0       14       26
 1757.000000      888      888        1        0      888        0      666      664      112     1900        0        7       33
 1758.000000      880      880        1        0      880        0      660      657      113     1865        0        9       31
 1759.000000      895      895        1        0      895        0      668      668      108     1886        0       12       28
 1760.000000      900      900        1        0      900        0      658      656      120     1883        0       10       30
 1761.000000      898      898        1        0      898        0      675      673      105     1901        0        8       32
 1762.000000      911      911        1        0      911        0      675      674      107     1870        0       12       28
 1763.000000      904      904        1        0      904        0      657      655      124     1885        0        9       31
 1764.000000      906      906        1        0      906        0      668      666      116     1894        0       10       30
 1765.000000      906      906        1        0      906        0      664      662      107     1918        0        8       32
 1766.000000      899      899        1        0      899        0      675      674      107     1864        0       10       30
 1767.000000      896      896        1        0      896        0      676      673      102     1891        0        9       31
 1768.000000      895      895        1        0      895        0      670      667      101     1873        0        9       31
 1769.000000      898      898        1        0      898        0      665      663      114     1881        0       11       29
 1770.000000      886      886        1        0      886        0      665      664      105     1902        0        9       31
 1771.000000      898      898        1        0      898        0      656      654      109     1897        0       10       30
 1772.000000      902      902        1        0      902        0      659      657      113     1909        0       12       28
 1773.000000      898      898        1        0      898        0      658      657      107     1892        0       13       27
 1774.000000      890      890        1        0      890        0      665      663      109     1911        0        9       31
 1775.000000      898      898        1        0      898        0      661      659      114     1856        0        9       31
 1776.000000      899      899        1        0      899        0      662      660      110     1860        0        8       32
 1777.000000      882      882        1        0      882        0      663      662       92     1873        0        9       31
 1778.000000      872      872        1        0      872        0      652      650      119     1901        0        9       31
 1779.000000      869      869        1        0      869        0      662      661      112     1874        0        8       32
 1780.000000      890      890        1        0      890        0      670      667      116     1890        0       10       30
 1781.000000      898      898        1        0      898        0      677      675      109     1908        0       10       30
 1782.000000      901      901        1        0      901        0      673      671      108     1932        0       10       30
 1783.000000      886      886        1        0      886        0      669      668      109     1891        0        8       32
 1784.000000      858      858        1        0      858        0      658      656      117     1917        0        7       33
 1785.000000      884      884        1        0      884        0      667      665      115     1894        0        8       32
 1786.000000      898      898        1        0      898        0      666      665      104     1880        0       11       29
 1787.000000      894      894        1        0      894        0      672      668      116     1899        0       10       30
 1788.000000      885      885        1        0      885        0      652      650      122     1864        0        9       31
 1789.000000      883      883        1        0      883        0      665      665      100     1856        0       10       30
 1790.000000      881      881        1        0      881        0      658      658      112     1869        0       11       29
 1791.000000      888      888        1        0      888        0      658      655      118     1897        0       10       30
 1792.000000      893      893        1        0      893        0      644      643      122     1873        0       11       29
 1793.000000      890      890        1        0      890        0      659      658      100     1903        0       10       30
 1794.000000      897      897        1        4      881       12      645      642      107     1931        0       10       30
 1795.000000      881      881        1        0      881        0      651      650      116     1899        0        9       31
 1796.000000      865      865        1        0      865        0      651      647      108     1868        0        9       31
 1797.000000      878      878        1        0      878        0      659      657      105     1893        0       10       30
 1798.000000      871      871        1        0      871        0      644      639      108     1858        0       10       30
 1799.000000      881      881        1        0      881        0      643      640      127     1860        0        8       32
 1800.000000      887      887        1        8      872        7      645      641      117     1843        0        8       32
 1801.000000      879      879        1        8      864        7      640      634      126     1865        0        8       32
 1802.000000      898      898        1        5      883       10      664      660      103     1878        0        9       31
 1803.000000      883      883        1        0      883        0      646      646      109     1880        0        7       33
 1804.000000      885      885        1        0      885        0      653      652      109     1841        0        8       32
 1805.000000      880      880        1        0      880        0      657      656      101     1890        0        8       32
 1806.000000      877      877        1        0      877        0      635      632      116     1904        0        7       33
 1807.000000      886      886        1        0      886        0      656      655      107     1914        0        9       31
 1808.000000      878      878        1       14      864        0      656      654      105     1898        0        6       34
 1809.000000      875      875        1       14      861        0      659      657       97     1895        0        6       34
 1810.000000      869      869        1        0      869        0      649      645      107     1878        0        7       33
 1811.000000      868      868        1        0      868        0      643      641      123     1912        0        9       31
 1812.000000      860      860        1        0      860        0      662      658      111     1912        0        7       33
 1813.000000      877      877        1        0      877        0      656      655      108     1871        0        8       32
 1814.000000      867      867        1        0      867        0      653      649      101     1880        0        6       34
 1815.000000      878      878        1        0      878        0      644      643      111     1904        0       10       30
 1816.000000      860      860        1        0      860        0      636      635      109     1882        0        7       33
 1817.000000      865      865        1        0      865        0      639      639      103     1902        0        6       34
 1818.000000      878      878        1        0      878        0      650      649      108     1872        0        9       31
 1819.000000      867      867        1        0      867        0      635      631      111     1867        0        7       33
 1820.000000      857      857        1        0      857        0      626      626      106     1822        0        6       34
 1821.000000      855      855        1        0      855        0      644      644       97     1909        0        6       34
 1822.000000      868      868        1        0      868        0      645      645      103     1891        0        8       32
 1823.000000      895      895        1        0      895        0      649      646      108     1904        0        9       31
 1824.000000      863      863        1        0      863        0      643      638      124     1878        0        8       32
 1825.000000      859      859        1        0      859        0      635      633      107     1837        0        7       33
 1826.000000      890      890        1        0      890        0      651      648      115     1891        0        9       31
 1827.000000      869      869        1        0      869        0      649      649      104     1889        0        6       34
 1828.000000      887      875        2        0      887        0      652      650      113     1899        0       11       29
 1829.000000      867      867        1        0      867        0      662      656      113     1847        0        7       33
 1830.000000      862      862        1        0      862        0      653      650      108     1872        0        7       33
 1831.000000      871      871        1        0      871        0      651      648      104     1884        0        7       33
 1832.000000      872      872        1        0      872        0      657      655      109     1883        0        7       33
 1833.000000      874      874        1        0      874        0      646      646      111     1875        0        7       33
 1834.000000      859      859        1        0      859        0      644      644      111     1900        0        7       33
 1835.000000      860      860        1        0      860        0      651      649      101     1839        0        7       33
 1836.000000      856      856        1        0      856        0      632      632      123     1895        0        7       33
 1837.000000      859      859        1        0      859        0      655      655      112     1838        0        7       33
 1838.000000      862      862        1        0      862        0      650      650      112     1862        0        6       34
 1839.000000      849      849        1        0      849        0      655      652      107     1854        0        5       35
 1840.000000      863      863        1        0      863        0      651      649      115     1855        0       10       30
 1841.000000      863      863        1        0      863        0      655      650      114     1825        0        7       33
 1842.000000      843      843        1        0      843        0      653      651      109     1826        0        5       35
 1843.000000      850      850        1        0      850        0      651      648      119     1842        0        8       32
 1844.000000      847      847        1        0      847        0      650      649      103     1853        0        6       34
 1845.000000      855      855        1        0      855        0      653      653      101     1856        0        7       33
 1846.000000      864      864        1        0      864        0      663      663       96     1876        0        7       33
 1847.000000      863      863        1        0      863        0      640      640      110     1855        0        6       34
 1848.000000      869      869        1        0      869        0      634      633      115     1903        0        8       32
 1849.000000      861      861        1        0      861        0      658      657      115     1855        0        8       32
 1850.000000      851      851        1        0      851        0      651      650      113     1851        0        5       35
 1851.000000      855      855        1        0      855        0      651      649      100     1861        0        7       33
 1852.000000      844      844        1        0      844        0      640      637      126     1874        0        7       33
 1853.000000      851      851        1        0      851        0      647      645      114     1897        0        8       32
 1854.000000      843      843        1        0      843        0      667      665      106     1868        0        5       35
 1855.000000      849      849        1        0      849        0      662      660      104     1859        0        6       34
 1856.000000      844      844        1        0      844        0      665      664      105     1895        0        5       35
 1857.000000      843      843        1        0      843        0      653      651      118     1851        0        6       34
 1858.000000      851      851        1        0      851        0      642      641      120     1879        0        8       32
 1859.000000      851      851        1        0      851        0      663      663      104     1890        0        7       33
 1860.000000      847      847        1        0      847        0      660      659      107     1837        0        8       32
 1861.000000      877      877        1        0      877        0      658      657      116     1873        0       11       29
 1862.000000      857      857        1        0      857        0      654      653      113     1859        0        8       32
 1863.000000      858      858        1        0      858        0      658      656      113     1862        0        8       32
 1864.000000      853      853        1        0      853        0      662      661      107     1860        0        7       33
 1865.000000      845      845        1        0      845        0      666      664      104     1851        0        7       33
 1866.000000      847      847        1        0      847        0      666      665      111     1858        0        7       33
 1867.000000      844      844        1        0      844        0      663      662      112     1853        0        6       34
 1868.000000      843      843        1        0      843        0      655      655      121     1866        0        6       34
 1869.000000      849      849        1        0      849        0      660      656      125     1890        0        8       32
 1870.000000      868      868        1        0      868        0      677      676      102     1858        1        7       32
 1871.000000      845      845        1        0      845        0      659      658      115     1867        0        8       32
 1872.000000      845      845        1        0      845        0      664      664      113     1918        0        8       32
 1873.000000      847      847        1        0      847        0      654      653      115     1877        0        8       32
 1874.000000      869      857        2       15      854        0      655      652      113     1899        0        7       33
 1875.000000      846      846        1        0      846        0      659      657      102     1881        0        7       33
 1876.000000      852      840        2        0      852        0      654      653      114     1895        0        8       32
 1877.000000      847      847        1        0      847        0      648      646      117     1865        0        8       32
 1878.000000      846      846        1        0      846        0      658      658      106     1902        0        7       33
 1879.000000      850      850        1        0      850        0      676      674      102     1854        0        7       33
 1880.000000      841      841        1        0      841        0      674      673      119     1899        0        9       31
 1881.000000      866      866        1        0      866        0      669      668      117     1888        0        9       31
 1882.000000      869      869        1        0      869        0      649      648      133     1908        0        9       31
 1883.000000      867      867        1        0      867        0      660      660      104     1910        0        9       31
 1884.000000      852      852        1        0      852        0      669      667      115     1885        0        9       31
 1885.000000      871      858        2        0      871        0      662      662      115     1923        0        9       31
 1886.000000      863      863        1        0      863        0      671      667      108     1923        0        8       32
 1887.000000      854      854        1        0      854        0      669      668      104     1923        0        8       32
 1888.000000      857      857        1        0      857        0      663      662      114     1878        0        9       31
 1889.000000      857      857        1        0      857        0      649      649      111     1894        0        9       31
 1890.000000      860      860        1        0      860        0      655      653      121     1866        0        9       31
 1891.000000      869      869        1        0      869        0      664      664      116     1859        0        9       31
 1892.000000      877      877        1        0      877        0      663      657      116     1890        0       10       30
 1893.000000      859      859        1        0      859        0      662      660      113     1890        0       10       30
 1894.000000      882      882        1        0      882        0      647      646      115     1865        0       15       25
 1895.000000      850      850        1        0      850        0      656      653      111     1856        0        9       31
 1896.000000      860      860        1        0      860        0      667      663      113     1845        0        9       31
 1897.000000      873      873        1        0      873        0      649      647      121     1863        0       11       29
 1898.000000      852      852        1        0      852        0      665      663      122     1830        0        8       32
 1899.000000      855      855        1        0      855        0      659      659      113     1855        0        9       31
 1900.000000      851      851        1        0      851        0      656      655      106     1846        0       10       30
 1901.000000      848      848        1        0      848        0      667      665      105     1810        0        8       32
 1902.000000      855      855        1        0      855        0      668      665      110     1832        0       10       30
 1903.000000      848      848        1        0      848        0      656      655      108     1867        0        8       32
 1904.000000      854      854        1        0      854        0      653      653      103     1872        0       10       30
 1905.000000      848      848        1        0      848        0      659      656      109     1847        0       11       29
 1906.000000      862      862        1        0      862        0      667      663      107     1871        0        9       31
 1907.000000      852      852        1        0      852        0      668      666      101     1860        0       10       30
 1908.000000      853      853        1        0      853        0      654      654      111     1880        0        9       31
 1909.000000      871      871        1        0      871        0      670      669      105     1886        0       11       29
 1910.000000      855      855        1        0      855        0      673      673      106     1856        0        9       31
 1911.000000      858      858        1        0      858        0      663      662      101     1848        0        9       31
 1912.000000      860      860        1        0      860        0      665      664      115     1850        0       10       30
 1913.000000      873      873        1        0      873        0      664      662      111     1843        1       10       29
 1914.000000      883      883        1        0      883        0      652      649      110     1867        0       11       29
 1915.000000      857      857        1        0      857        0      650      648      121     1806        0        9       31
 1916.000000      866      866        1        0      866        0      656      656      104     1878        0       10       30
 1917.000000      868      868        1        0      868        0      674      674       98     1888        0        9       31
 1918.000000      881      881        1        0      881        0      664      661      110     1902        0        9       31
 1919.000000      867      867        1        0      867        0      664      662      116     1864        0        9       31
 1920.000000      874      874        1        0      874        0      665      663      107     1877        0        9       31
 1921.000000      870      870        1        0      870        0      668      668      110     1863        0        9       31
 1922.000000      860      860        1        0      860        0      644      642      112     1863        0        9       31
 1923.000000      867      867        1        0      867        0      668      666      104     1932        0        9       31
 1924.000000      886      886        1        0      886        0      658      657      107     1946        0        9       31
 1925.000000      865      865        1        0      865        0      661      658      106     1893        0        8       32
 1926.000000      878      878        1        0      878        0      662      662      108     1906        0        9       31
 1927.000000      873      873        1        0      873        0      660      660      107     1891        0        9       31
 1928.000000      864      864        1        0      864        0      658      656      105     1920        0        8       32
 1929.000000      867      867        1        0      867        0      652      650      106     1914        0        8       32
 1930.000000      873      873        1        0      873        0      671      667      108     1911        0        8       32
 1931.000000      874      874        1        0      874        0      656      651      119     1913        0        9       31
 1932.000000      884      884        1        0      884        0      671      668      104     1889        0        9       31
 1933.000000      879      879        1        0      879        0      662      658      119     1897        0       10       30
 1934.000000      875      875        1        0      875        0      655      654      100     1877        0        8       32
 1935.000000      862      862        1        0      862        0      662      659      113     1895        0        9       31
 1936.000000      859      859        1        0      859        0      662      659      103     1893        0        8       32
 1937.000000      870      870        1        0      870        0      666      665      106     1904        0       10       30
 1938.000000      850      850        1        0      850        0      652      650      109     1844        0        8       32
 1939.000000      860      860        1        0      860        0      652      649      124     1926        0        9       31
 1940.000000      849      849        1        0      849        0      674      670      108     1912        0        8       32
 1941.000000      859      859        1        0      859        0      676      675       97     1864        0        8       32
 1942.000000      858      858        1        0      858        0      662      660      110     1884        0        8       32
 1943.000000      877      877        1        0      877        0      662      660      109     1908        0        9       31
 1944.000000      855      855        1        0      855        0      666      664      113     1893        0       10       30
 1945.000000      849      849        1        0      849        0      666      662      105     1898        0        9       31
 1946.000000      833      833        1        0      833        0      661      660      104     1871        0        8       32
 1947.000000      817      817        1        0      817        0      646      645      103     1890        0        6       34
 1948.000000      867      867        1        0      867        0      642      642      106     1870        0       10       30
 1949.000000      848      848        1        0      848        0      634      633      123     1887        0        8       32
 1950.000000      839      839        1        0      839        0      651      650      104     1873        0        7       33
 1951.000000      861      861        1        0      861        0      652      647      112     1870        0        9       31
 1952.000000      866      866        1        0      866        0      654      652       95     1887        0        9       31
 1953.000000      840      840        1        0      840        0      662      660      107     1842        0        7       33
 1954.000000      867      853        2       14      853        0      653      653      103     1840        0       11       29
 1955.000000      844      844        1        0      844        0      654      653      106     1847        0        8       32
 1956.000000      841      841        1        0      841        0      662      658       92     1846        0        8       32
 1957.000000      861      861        1        0      861        0      662      659      102     1893        0        9       31
 1958.000000      853      853        1        0      853        0      663      661      110     1870        0        9       31
 1959.000000      851      851        1        0      851        0      643      640      116     1873        0        8       32
 1960.000000      862      862        1        0      862        0      657      656      108     1896        0       10       30
 1961.000000      858      858        1        0      858        0      658      657      100     1903        0        9       31
 1962.000000      864      864        1        0      864        0      673      671      105     1876        0       10       30
 1963.000000      885      885        1        0      885        0      660      658      112     1912        1       11       28
 1964.000000      870      870        1        0      870        0      645      645       97     1879        0       11       29
 1965.000000      851      851        1        0      851        0      645      645      102     1894        0        8       32
 1966.000000      867      867        1        0      867        0      654      653      100     1855        0       10       30
 1967.000000      867      867        1        0      867        0      669      665       95     1857        0        9       31
 1968.000000      876      876        1        0      876        0      666      664      102     1933        0        9       31
 1969.000000      877      877        1        0      877        0      669      667      107     1915        1        7       32
 1970.000000      885      885        1        0      885        0      665      662      101     1911        0        9       31
 1971.000000      856      856        1        0      856        0      660      659      112     1927        0        9       31
 1972.000000      857      857        1        0      857        0      651      650      106     1886        0       10       30
 1973.000000      870      870        1        0      870        0      645      644      103     1887        0       11       29
 1974.000000      863      863        1        0      863        0      646      645      107     1887        0       10       30
 1975.000000      857      857        1        0      857        0      664      661       93     1898        0       10       30
 1976.000000      849      849        1        0      849        0      659      658      110     1895        0       11       29
 1977.000000      851      851        1        0      851        0      639      637      115     1911        0        8       32
 1978.000000      838      838        1        0      838        0      644      643      107     1876        0        8       32
 1979.000000      873      873        1        0      873        0      650      647      103     1916        0        9       31
 1980.000000      836      836        1        0      836        0      644      644      109     1875        0        8       32
 1981.000000      844      844        1        0      844        0      637      636      104     1891        0        8       32
 1982.000000      844      844        1        0      844        0      647      645      101     1854        0        8       32
 1983.000000      853      853        1        0      853        0      663      661       89     1871        0        9       31
 1984.000000      844      844        1        0      844        0      635      633      103     1890        0        7       33
 1985.000000      845      845        1        0      845        0      645      645       99     1898        0        8       32
 1986.000000      835      835        1        0      835        0      663      659      100     1874        0        7       33
 1987.000000      825      825        1        0      825        0      650      650       98     1893        0        8       32
 1988.000000      841      841        1        0      841        0      642      642      111     1880        0        7       33
 1989.000000      844      831        2        0      844        0      655      655      101     1927        0        6       34
 1990.000000      832      832        1        0      832        0      655      654      106     1914        0        8       32
 1991.000000      827      827        1        0      827        0      655      655      108     1866        0        7       33
 1992.000000      856      856        1       16      840        0      662      660       97     1883        0       10       30
 1993.000000      833      833        1        0      833        0      649      647      106     1889        0        7       33
 1994.000000      844      844        1        0      844        0      649      649      101     1923        0        7       33
 1995.000000      857      857        1        0      857        0      658      656      100     1880        0        7       33
 1996.000000      851      851        1        0      851        0      646      645       97     1934        0        8       32
 1997.000000      849      849        1        0      849        0      650      650      104     1902        0        8       32
 1998.000000      850      850        1        0      850        0      651      646      104     1890        0        8       32
 1999.000000      837      837        1        0      837        0      647      646      118     1883        0        7       33
 2000.000000      844      844        1        0      844        0      647      643      109     1867        0        8       32
 2001.000000      850      850        1        0      850        0      633      631      120     1895        0       10       30
 2002.000000      845      845        1        0      845        0      643      642      129     1879        0        8       32
 2003.000000      865      865        1        0      865        0      656      655      110     1885        0        9       31
 2004.000000      860      860        1        0      860        0      649      647      117     1866        1        8       31
 2005.000000      858      858        1        0      858        0      664      663       96     1877        0        8       32
 2006.000000      855      855        1        0      855        0      667      664       97     1872        0        8       32
 2007.000000      855      855        1        0      855        0      659      655      116     1860        0        8       32
 2008.000000      866      866        1        0      866        0      663      663      107     1858        0        8       32
 2009.000000      855      855        1        0      855        0      675      673      101     1889        0        8       32
 2010.000000      860      860        1        0      860        0      667      667      103     1858        0        9       31
 2011.000000      857      857        1        0      857        0      658      657      119     1885        0        9       31
 2012.000000      866      866        1        0      866        0      674      672       95     1893        0        8       32
 2013.000000      875      875        1        0      875        0      663      663      120     1862        0        9       31
 2014.000000      870      870        1        0      870        0      661      658      105     1920        0        8       32
 2015.000000      881      881        1        0      881        0      668      668       97     1894        0       10       30
 2016.000000      870      870        1        0      870        0      667      667      109     1908        0        9       31
 2017.000000      883      883        1        0      883        0      663      659      119     1912        0       12       28
 2018.000000      877      877        1        0      877        0      672      670      101     1906        0        9       31
 2019.000000      856      856        1        0      856        0      665      665      101     1919        0        9       31
 2020.000000      885      885        1        0      885        0      660      658      112     1857        0       15       25
 2021.000000      855      855        1        0      855        0      657      656       96     1864        0        9       31
 2022.000000      869      869        1        0      869        0      652      649      109     1909        0       10       30
 2023.000000      864      864        1        0      864        0      645      644      102     1825        0        9       31
 2024.000000      867      867        1        0      867        0      656      654       90     1852        0        8       32
 2025.000000      848      848        1        0      848        0      662      661      103     1888        0        9       31
 2026.000000      854      854        1        0      854        0      648      647      115     1884        0        9       31
 2027.000000      860      860        1        0      860        0      669      667      100     1907        0        9       31
 2028.000000      855      855        1        0      855        0      658      656      100     1882        0        9       31
 2029.000000      874      874        1        0      874        0      669      669      101     1893        0       13       27
 2030.000000      864      864        1        0      864        0      653      651      110     1876        0        9       31
 2031.000000      865      865        1        0      865        0      660      660      112     1852        0       11       29
 2032.000000      872      872        1        0      872        0      672      671      105     1890        0       11       29
 2033.000000      901      901        1        0      901        0      676      676       86     1894        0       11       29
 2034.000000      886      886        1        0      886        0      660      659      112     1893        1       11       28
 2035.000000      882      882        1        0      882        0      675      673      105     1898        0       11       29
 2036.000000      857      857        1        0      857        0      681      679      102     1894        0       11       29
 2037.000000      869      869        1        0      869        0      681      680      107     1887        0       12       28
 2038.000000      865      865        1        0      865        0      684      683       99     1918        0       11       29
 2039.000000      873      873        1        0      873        0      667      666      106     1902        0       11       29
 2040.000000      868      868        1        0      868        0      666      665      116     1872        0       11       29
 2041.000000      861      861        1        0      861        0      667      666      110     1875        0       11       29
 2042.000000      873      873        1        0      873        0      676      675       97     1874        0       14       26
 2043.000000      882      882        1        0      882        0      673      669      123     1875        0       11       29
 2044.000000      870      870        1        0      870        0      671      669      102     1859        0       11       29
 2045.000000      874      874        1        0      874        0      674      673      116     1902        0       11       29
 2046.000000      867      867        1        0      867        0      655      651      126     1937        0       11       29
 2047.000000      871      871        1        0      871        0      670      667      120     1929        0       11       29
 2048.000000      848      848        1        0      848        0      662      662      112     1869        0        8       32
 2049.000000      871      871        1        0      871        0      654      652      115     1931        0       11       29
 2050.000000      867      867        1        0      867        0      661      658      109     1923        0        9       31
 2051.000000      886      886        1        0      886        0      669      668      106     1926        0       12       28
 2052.000000      877      877        1        0      877        0      686      684      105     1899        0       11       29
 2053.000000      865      865        1        0      865        0      666      665      105     1886        0       11       29
 2054.000000      857      857        1        0      857        0      678      677      104     1910        0       10       30
 2055.000000      852      852        1        0      852        0      679      679      105     1912        0        8       32
 2056.000000      871      871        1        0      871        0      682      679      103     1915        0        9       31
 2057.000000      863      863        1        0      863        0      672      669      110     1863        0        8       32
 2058.000000      856      856        1        0      856        0      659      659      117     1900        0        8       32
 2059.000000      865      865        1        0      865        0      684      683       91     1898        0        8       32
 2060.000000      860      860        1        0      860        0      689      688       96     1936        0        8       32
 2061.000000      875      875        1        0      875        0      683      680      113     1907        0        8       32
 2062.000000      877      877        1        0      877        0      686      686       99     1885        0        8       32
 2063.000000      861      861        1        0      861        0      680      677      105     1919        0        8       32
 2064.000000      870      870        1        0      870        0      696      696      102     1916        0        7       33
 2065.000000      862      862        1        0      862        0      672      669      110     1915        0        7       33
 2066.000000      870      870        1        0      870        0      684      680      106     1896        0        8       32
 2067.000000      865      865        1        0      865        0      679      678      104     1913        0        8       32
 2068.000000      864      864        1        0      864        0      682      679      115     1909        0        8       32
 2069.000000      867      867        1        0      867        0      675      673      114     1910        0        9       31
 2070.000000      864      864        1        0      864        0      676      670      122     1913        0        8       32
 2071.000000      862      862        1        0      862        0      666      662      112     1905        0        8       32
 2072.000000      899      886        2        0      899        0      666      666      112     1910        0       13       27
 2073.000000      869      869        1        0      869        0      673      670      106     1899        0        8       32
 2074.000000      864      864        1        0      864        0      683      681      100     1927        0        8       32
 2075.000000      875      875        1        0      875        0      672      671      116     1908        0        9       31
 2076.000000      876      876        1        0      876        0      670      667      110     1928        0        9       31
 2077.000000      872      872        1        0      872        0      668      667      119     1887        0        8       32
 2078.000000      867      867        1        0      867        0      674      673      112     1923        0        8       32
 2079.000000      878      878        1        0      878        0      680      678      112     1930        0        8       32
 2080.000000      876      876        1        0      876        0      662      661      113     1931        0        8       32
 2081.000000      885      885        1        0      885        0      681      679      114     1928        0        9       31
 2082.000000      881      881        1        0      881        0      680      676      107     1933        0        6       34
 2083.000000      892      892        1        0      892        0      685      683      115     1932        0        8       32
 2084.000000      885      885        1        0      885        0      680      680      112     1895        0        7       33
 2085.000000      879      879        1        0      879        0      695      694      103     1944        0        8       32
 2086.000000      873      873        1        0      873        0      688      686      107     1910        0        8       32
 2087.000000      879      879        1        0      879        0      684      680      109     1928        0        8       32
 2088.000000      881      881        1        0      881        0      691      691      100     1897        0        8       32
 2089.000000      861      861        1        0      861        0      696      694      110     1952        0        6       34
 2090.000000      877      865        2        0      877        0      684      682      110     1917        0        7       33
 2091.000000      888      888        1        0      888        0      680      680      107     1966        1        7       32
 2092.000000      876      876        1        0      876        0      687      686       96     1886        0        9       31
 2093.000000      896      896        1        0      896        0      688      686      104     1934        0        8       32
 2094.000000      883      883        1        0      883        0      690      689      107     1893        0        8       32
 2095.000000      867      867        1        0      867        0      676      675      113     1887        0        7       33
 2096.000000      879      879        1        0      879        0      697      696      105     1926        0        8       32
 2097.000000      873      873        1        0      873        0      687      686      110     1902        0        8       32
 2098.000000      894      882        2        0      894        0      684      681      111     1870        0       10       30
 2099.000000      889      889        1        0      889        0      686      685      108     1915        0        8       32
 2100.000000      915      915        1        0      915        0      691      689       99     1923        0        9       31
 2101.000000      913      913        1        0      913        0      680      680       97     1934        0       10       30
 2102.000000      927      927        1        0      927        0      681      680      111     1940        0       11       29
 2103.000000      915      915        1        0      915        0      668      667      106     1963        0       10       30
 2104.000000      872      872        1        0      872        0      688      687      104     1952        0        7       33
 2105.000000      883      883        1        0      883        0      688      687      106     1907        0        8       32
 2106.000000      889      889        1        0      889        0      689      689      111     1867        0       10       30
 2107.000000      895      895        1        0      895        0      687      686      112     1917        0        9       31
 2108.000000      886      886        1        0      886        0      695      694      107     1927        0        9       31
 2109.000000      885      885        1        0      885        0      708      707      109     1932        1        7       32
 2110.000000      899      899        1        0      899        0      668      667      119     1912        0        8       32
 2111.000000      874      874        1        0      874        0      676      672      109     1885        0        8       32
 2112.000000      879      879        1        0      879        0      693      689      110     1930        0        8       32
 2113.000000      868      868        1        0      868        0      667      663      116     1912        0        7       33
 2114.000000      905      905        1        0      905        0      682      681      121     1936        0        9       31
 2115.000000      878      878        1        0      878        0      688      686      101     1919        1        6       33
 2116.000000      869      869        1        0      869        0      678      675      112     1892        0        7       33
 2117.000000      856      856        1        0      856        0      671      669      119     1887        0        6       34
 2118.000000      889      889        1        0      889        0      672      668      114     1913        0       10       30
 2119.000000      878      878        1        0      878        0      683      681      107     1926        0        9       31
 2120.000000      901      901        1        0      901        0      681      680      120     1951        0        9       31
 2121.000000      896      896        1        0      896        0      684      682      112     1939        0        9       31
 2122.000000      891      891        1        0      891        0      693      688      115     1946        0        9       31
 2123.000000      894      894        1        0      894        0      689      686      117     1921        0       11       29
 2124.000000      904      904        1        0      904        0      707      705      109     1927        0       10       30
 2125.000000      923      923        1       14      909        0      687      685      112     1928        1       10       29
 2126.000000      900      900        1        0      900        0      693      692      115     1916        0        7       33
 2127.000000      897      897        1        0      897        0      681      681      107     1931        0       11       29
 2128.000000      898      898        1        0      898        0      681      679      119     1929        0       11       29
 2129.000000      897      897        1        0      897        0      673      673      113     1909        0       10       30
 2130.000000      911      911        1        0      911        0      682      681      114     1946        0       11       29
 2131.000000      900      900        1        0      900        0      685      683      121     1929        0       11       29
 2132.000000      910      910        1        0      910        0      679      675      120     1909        0       11       29
 2133.000000      898      898        1        0      898        0      659      657      125     1919        0       12       28
 2134.000000      902      902        1        0      902        0      681      680      120     1923        0        9       31
 2135.000000      898      898        1        0      898        0      688      688      114     1886        0       10       30
 2136.000000      899      899        1        0      899        0      685      682      114     1874        0       12       28
 2137.000000      885      885        1        0      885        0      694      693      113     1900        0        9       31
 2138.000000      886      886        1        0      886        0      682      682      110     1922        0        9       31
 2139.000000      909      909        1        0      909        0      692      691      116     1962        0       10       30
 2140.000000      899      899        1        0      899        0      679      679      113     1915        0       10       30
 2141.000000      917      917        1        0      917        0      683      679      110     1903        0       13       27
 2142.000000      900      900        1        0      900        0      687      683      102     1912        0       11       29
 2143.000000      922      922        1        0      922        0      674      667      116     1949        0       12       28
 2144.000000      916      916        1        0      916        0      689      688      100     1880        0        8       32
 2145.000000      908      908        1        0      908        0      689      688      107     1908        0        9       31
 2146.000000      914      914        1        0      914        0      674      673      110     1951        0       10       30
 2147.000000      899      899        1        0      899        0      675      672      122     1924        0        9       31
 2148.000000      895      895        1        0      895        0      686      685      110     1937        0        7       33
 2149.000000      895      895        1        0      895        0      689      687      113     1908        0        7       33
 2150.000000      887      887        1        0      887        0      681      680      120     1914        0        7       33
 2151.000000      912      912        1        0      912        0      674      671      125     1928        0        8       32
 2152.000000      883      883        1        0      883        0      681      679      118     1912        0        7       33
 2153.000000      900      900        1        0      900        0      684      680      114     1905        0        9       31
 2154.000000      904      904        1        0      904        0      695      693      110     1931        0        9       31
 2155.000000      888      888        1        0      888        0      699      694      114     1903        0        8       32
 2156.000000      902      902        1        0      902        0      697      694      115     1914        0       10       30
 2157.000000      911      911        1        0      911        0      704      700      110     1914        0        9       31
 2158.000000      913      913        1        0      913        0      687      683      118     1928        0       11       29
 2159.000000      936      924        2        0      936        0      690      687      121     1941        0       14       26
 2160.000000      906      906        1        0      906        0      689      684      107     1949        0       11       29
 2161.000000      921      921        1        0      921        0      695      693      118     1872        0       14       26
 2162.000000      909      909        1        0      909        0      714      712      101     1920        0       13       27
 2163.000000      919      919        1        0      919        0      706      705      103     1917        0       12       28
 2164.000000      916      916        1        0      916        0      703      701      117     1925        0       14       26
 2165.000000      915      915        1        0      915        0      693      691      126     1911        0       12       28
 2166.000000      920      920        1        0      920        0      702      700      118     1945        0       12       28
 2167.000000      914      914        1        0      914        0      708      708      108     1950        0       13       27
 2168.000000      912      912        1        0      912        0      707      706      112     1893        0       10       30
 2169.000000      925      925        1        0      925        0      708      705      122     1936        0       10       30
 2170.000000      932      932        1        0      932        0      706      703      110     1934        0       13       27
 2171.000000      930      930        1        0      930        0      719      717      116     1958        0       14       26
 2172.000000      918      918        1        0      918        0      724      720      109     1939        0       11       29
 2173.000000      923      923        1        0      923        0      704      702      129     1962        0       13       27
 2174.000000      922      922        1        0      922        0      707      705      104     1945        0       11       29
 2175.000000      921      921        1        0      921        0      715      710      119     1899        0       11       29
 2176.000000      918      918        1        0      918        0      722      722      104     1945        0       10       30
 2177.000000      910      910        1        0      910        0      704      702      129     1932        0       10       30
 2178.000000      900      900        1        0      900        0      695      694      129     1964        0        9       31
 2179.000000      927      927        1        0      927        0      723      721      111     1911        0       10       30
 2180.000000      901      901        1        0      901        0      708      705      119     1955        0        8       32
 2181.000000      903      903        1        0      903        0      723      721      106     1934        0       10       30
 2182.000000      898      898        1        0      898        0      705      702      118     1926        0       10       30
 2183.000000      898      898        1        0      898        0      710      707      112     1934        0        8       32
 2184.000000      902      902        1        0      902        0      722      719      115     1922        0       10       30
 2185.000000      911      911        1        0      911        0      721      719      118     1960        0       11       29
 2186.000000      914      914        1        0      914        0      724      722      109     1959        0       11       29
 2187.000000      892      892        1        0      892        0      699      698      114     1932        0        8       32
 2188.000000      888      888        1        0      888        0      714      713       95     1928        0       11       29
 2189.000000      905      905        1        0      905        0      701      698      117     1936        0       10       30
 2190.000000      892      892        1        0      892        0      709      708      104     1933        0        9       31
 2191.000000      901      901        1        0      901        0      709      708      107     1933        0        9       31
 2192.000000      894      894        1        0      894        0      692      690      116     1941        0        9       31
 2193.000000      896      896        1        0      896        0      693      692      120     1942        0        9       31
 2194.000000      907      907        1        0      907        0      703      701      117     1926        0       11       29
 2195.000000      893      893        1        0      893        0      716      710      112     1932        0        8       32
 2196.000000      907      907        1        0      907        0      694      690      122     1941        1       10       29
 2197.000000      896      896        1        0      896        0      719      715       99     1959        0        8       32
 2198.000000      910      910        1        0      910        0      714      713       96     1945        0       10       30
 2199.000000      897      897        1        0      897        0      718      714      105     1972        0       10       30
 2200.000000      930      930        1        0      930        0      715      711      115     1946        0       12       28
 2201.000000      925      925        1        0      925        0      711      708      116     1955        0       12       28
 2202.000000      898      898        1        0      898        0      706      704      111     1944        0        8       32
 2203.000000      917      917        1        0      917        0      693      689      121     1984        0       10       30
 2204.000000      901      901        1        0      901        0      716      711      107     1919        0        9       31
 2205.000000      896      896        1        0      896        0      714      712      115     1941        0        8       32
 2206.000000      905      905        1        0      905        0      693      692      124     1915        0       10       30
 2207.000000      903      903        1        0      903        0      710      710      111     1947        0        8       32
 2208.000000      908      908        1        0      908        0      711      709      119     1957        0       10       30
 2209.000000      910      910        1        0      910        0      709      708      102     1941        0        6       34
 2210.000000      905      905        1        0      905        0      693      692      115     1897        0        7       33
 2211.000000      898      898        1        0      898        0      682      682      106     1900        0        8       32
 2212.000000      900      900        1        0      900        0      694      691      113     1916        0       10       30
 2213.000000      925      925        1        0      925        0      709      707      102     1941        0       13       27
 2214.000000      907      907        1        0      907        0      697      696      110     1901        0        9       31
 2215.000000      911      911        1        0      911        0      703      702       93     1954        1        7       32
 2216.000000      905      905        1        0      905        0      698      697      107     1940        0        8       32
 2217.000000      911      911        1        0      911        0      693      693      119     1904        0        9       31
 2218.000000      897      897        1        0      897        0      682      677      109     1949        0        8       32
 2219.000000      905      905        1        0      905        0      703      700      101     1921        0        6       34
 2220.000000      921      921        1        0      921        0      694      692      114     1933        0        8       32
 2221.000000      918      918        1        0      918        0      710      709       90     1945        0        9       31
 2222.000000      907      907        1        0      907        0      711      708       92     1912        0        7       33
 2223.000000      908      908        1        0      908        0      715      715       98     1885        0        9       31
 2224.000000      915      915        1        0      915        0      710      710       98     1929        0        8       32
 2225.000000      904      904        1        0      904        0      703      701      111     1949        0        6       34
 2226.000000      930      930        1        0      930        0      707      706      103     1935        0       10       30
 2227.000000      926      926        1        0      926        0      692      692      121     1963        1        8       31
 2228.000000      920      920        1        0      920        0      711      711      100     1951        0        9       31
 2229.000000      918      918        1        0      918        0      716      714      100     1930        0        8       32
 2230.000000      922      922        1        0      922        0      714      713       96     1917        0       10       30
 2231.000000      923      923        1        0      923        0      700      697      110     1932        0        9       31
 2232.000000      947      947        1        0      947        0      710      708       95     1911        0       12       28
 2233.000000      913      913        1        0      913        0      693      690      116     1946        0        8       32
 2234.000000      922      922        1        0      922        0      710      708      113     1930        0       10       30
 2235.000000      934      934        1        0      934        0      700      698       99     1928        0       10       30
 2236.000000      945      945        1        0      945        0      703      703      104     1969        0        9       31
 2237.000000      938      938        1        0      938        0      711      710      108     1894        0       11       29
 2238.000000      928      928        1        0      928        0      723      722      102     1925        0        9       31
 2239.000000      928      928        1        0      928        0      707      703      106     1922        0        9       31
 2240.000000      945      945        1        0      945        0      713      711      109     1978        0       12       28
 2241.000000      925      925        1        0      925        0      709      707      115     1957        0        9       31
 2242.000000      921      921        1        0      921        0      706      705      107     1921        0        8       32
 2243.000000      939      927        2        0      939        0      715      714      107     1955        0       13       27
 2244.000000      944      944        1        0      944        0      710      705      112     1943        1       10       29
 2245.000000      929      929        1        0      929        0      715      713      109     1953        0       10       30
 2246.000000      951      951        1        0      951        0      708      706      110     1967        0       15       25
 2247.000000      889      889        1        0      889        0      702      700      114     1993        0        8       32
 2248.000000      932      932        1        0      932        0      726      723      112     1960        0       11       29
 2249.000000      913      913        1        0      913        0      708      705      115     1926        0       11       29
 2250.000000      918      918        1        0      918        0      716      713      109     1925        0       11       29
 2251.000000      952      952        1       12      933        7      692      691      119     1926        0       15       25
 2252.000000      924      924        1        0      924        0      712      710      101     1917        0       12       28
 2253.000000      923      923        1        0      923        0      701      695      120     1948        0       12       28
 2254.000000      921      921        1       11      903        7      713      712      105     1912        0       10       30
 2255.000000      897      897        1        0      897        0      718      716      104     1937        0        9       31
 2256.000000      926      914        2        0      926        0      712      709      107     1940        0       10       30
 2257.000000      891      891        1        0      891        0      712      710      104     1940        0        8       32
 2258.000000      897      897        1        0      897        0      705      703      108     1927        0        8       32
 2259.000000      895      895        1        0      895        0      700      697      115     1917        0        9       31
 2260.000000      905      905        1        0      905        0      705      703      113     1926        0       10       30
 2261.000000      939      927        2        0      939        0      701      699      102     1941        0       11       29
 2262.000000      907      907        1        0      907        0      703      702      120     1900        0        9       31
 2263.000000      909      909        1        0      909        0      705      703      107     1934        0        8       32
 2264.000000      917      917        1        0      917        0      708      708      113     1931        0        9       31
 2265.000000      909      909        1        0      909        0      720      718      100     1906        0        9       31
 2266.000000      916      916        1        0      916        0      692      690      124     1945        0       10       30
 2267.000000      900      900        1        0      900        0      713      710       99     1936        0        8       32
 2268.000000      899      899        1        0      899        0      711      709      102     1949        0        7       33
 2269.000000      911      911        1        0      911        0      717      715      103     1921        0       10       30
 2270.000000      894      894        1        0      894        0      699      696      104     1947        0        7       33
 2271.000000      908      908        1        0      908        0      687      684      113     1935        0        9       31
 2272.000000      923      923        1        0      923        0      710      710       96     1908        0        9       31
 2273.000000      908      908        1        0      908        0      711      711      104     1903        0        8       32
 2274.000000      922      922        1        0      922        0      693      691      112     1939        0       10       30
 2275.000000      917      917        1        0      917        0      709      708      108     1966        0        9       31
 2276.000000      927      927        1        0      927        0      695      690      116     1918        0       10       30
 2277.000000      919      919        1        0      919        0      696      694      107     1935        0        9       31
 2278.000000      919      919        1        0      919        0      696      696      112     1961        0        9       31
 2279.000000      915      915        1        0      915        0      705      703      109     1941        0       11       29
 2280.000000      920      920        1        0      920        0      697      695      115     1942        0        9       31
 2281.000000      921      921        1        0      921        0      710      709       99     1941        0       10       30
 2282.000000      950      938        2        0      950        0      712      710      108     1984        0       13       27
 2283.000000      924      924        1        0      924        0      694      691      113     1943        0       11       29
 2284.000000      940      940        1        0      940        0      695      692      113     1936        0       12       28
 2285.000000      935      935        1        0      935        0      707      702      100     1908        0       11       29
 2286.000000      939      939        1        0      939        0      692      687      106     1959        0       13       27
 2287.000000      931      931        1        0      931        0      698      698      113     1903        0       10       30
 2288.000000      944      944        1        0      944        0      715      711      106     1897        0       11       29
 2289.000000      939      939        1        0      939        0      707      706      109     1915        0       12       28
 2290.000000      926      926        1        0      926        0      697      694      121     1924        0        8       32
 2291.000000      918      918        1        0      918        0      691      689      117     1921        0        8       32
 2292.000000      915      915        1        0      915        0      708      707      103     1935        0        9       31
 2293.000000      905      905        1        0      905        0      693      693      119     1896        0        7       33
 2294.000000      920      920        1        0      920        0      689      686      118     1930        0       11       29
 2295.000000      935      935        1        0      935        0      698      695      116     1929        0       11       29
 2296.000000      924      924        1        0      924        0      694      693      107     1931        0        9       31
 2297.000000      938      938        1        0      938        0      693      691      118     1932        0       11       29
 2298.000000      919      919        1        0      919        0      686      683      114     1915        0        9       31
 2299.000000      915      915        1        0      915        0      701      699      112     1930        0        8       32
 2300.000000      904      904        1        0      904        0      717      714      101     1959        0        7       33
 2301.000000      921      921        1        0      921        0      703      702      102     1920        0        8       32
 2302.000000      921      921        1        0      921        0      701      698      116     1930        0        9       31
 2303.000000      906      906        1        0      906        0      689      686      124     1889        0        8       32
 2304.000000      920      920        1        0      920        0      706      705      103     1948        0       10       30
 2305.000000      915      915        1        0      915        0      676      676      126     1919        0        8       32
 2306.000000      919      919        1        0      919        0      709      707      104     1914        0       10       30
 2307.000000      905      905        1        0      905        0      696      695       99     1908        0        8       32
 2308.000000      930      930        1        0      930        0      713      712      112     1927        0       11       29
 2309.000000      924      924        1        0      924        0      709      706      106     1965        0        9       31
 2310.000000      923      923        1        0      923        0      707      705      109     1931        0       10       30
 2311.000000      935      935        1        0      935        0      709      706      111     1956        0       11       29
 2312.000000      918      918        1        0      918        0      701      700      108     1946        0        8       32
 2313.000000      941      941        1        0      941        0      710      707      100     1929        0       10       30
 2314.000000      942      942        1        0      942        0      696      695      108     1956        0       12       28
 2315.000000      925      925        1        0      925        0      707      704      107     1896        0        8       32
 2316.000000      927      927        1        0      927        0      708      708       98     1949        1        9       30
 2317.000000      933      933        1        0      933        0      700      698      118     1927        0       10       30
 2318.000000      922      922        1        0      922        0      703      701      105     1957        1        9       30
 2319.000000      917      917        1        0      917        0      699      699      110     1914        0       10       30
 2320.000000      916      916        1        0      916        0      702      701      107     1933        0        8       32
 2321.000000      933      933        1        0      933        0      700      700      119     1918        1        9       30
 2322.000000      917      917        1        0      917        0      699      697      105     1965        0        9       31
 2323.000000      951      951        1        0      951        0      694      691      122     1945        0       13       27
 2324.000000      939      939        1        0      939        0      712      708      105     1973        0       12       28
 2325.000000      953      953        1        0      953        0      694      691      111     1933        1       12       27
 2326.000000      926      926        1        0      926        0      699      695      120     1914        0        9       31
 2327.000000      947      947        1        0      947        0      709      707      112     1933        1       11       28
 2328.000000      955      955        1        0      955        0      716      713      118     1932        1       13       26
 2329.000000      921      921        1        0      921        0      700      699      111     1970        0       10       30
 2330.000000      952      952        1        0      952        0      698      697      112     1934        1       12       27
 2331.000000      957      957        1        0      957        0      704      699      119     1956        1       16       23
 2332.000000      955      955        1        0      955        0      702      701      103     1942        1       12       27
 2333.000000      966      966        1        0      966        0      702      699      103     1937        1       12       27
 2334.000000      937      937        1        0      937        0      715      711      111     1939        1       10       29
 2335.000000      947      947        1        0      947        0      711      709      106     1958        0       14       26
 2336.000000      939      939        1        0      939        0      701      698      109     1932        0       12       28
 2337.000000      938      938        1        0      938        0      703      699       99     1899        0       14       26
 2338.000000      934      934        1        0      934        0      704      703      104     1920        0       12       28
 2339.000000      937      937        1        0      937        0      710      708      102     1967        0       15       25
 2340.000000      915      915        1        0      915        0      709      709       86     1968        0       10       30
 2341.000000      958      958        1        0      958        0      690      689      105     1949        1       12       27
 2342.000000      950      950        1        0      950        0      710      707      117     1938        1       13       26
 2343.000000      932      932        1        0      932        0      702      701      108     1976        0       11       29
 2344.000000      935      935        1        0      935        0      711      711      112     1992        1        9       30
 2345.000000      938      938        1        0      938        0      709      707      115     1936        0       13       27
 2346.000000      925      925        1        0      925        0      706      704      116     1928        0       11       29
 2347.000000      925      925        1        0      925        0      712      711      108     1950        0       12       28
 2348.000000      917      917        1        0      917        0      718      717      100     1966        0        9       31
 2349.000000      917      917        1        0      917        0      720      715       99     1975        0       10       30
 2350.000000      923      923        1        0      923        0      727      727      116     1956        1        9       30
 2351.000000      910      910        1        0      910        0      712      712      119     1961        0        9       31
 2352.000000      915      915        1        0      915        0      709      708      116     1944        0       10       30
 2353.000000      913      913        1        0      913        0      721      718      114     1946        0       10       30
 2354.000000      918      918        1        0      918        0      721      718      101     1946        0       10       30
 2355.000000      924      924        1        0      924        0      711      709      116     1992        0       12       28
 2356.000000      920      920        1        0      920        0      718      715      106     1950        0       11       29
 2357.000000      918      918        1        0      918        0      707      706      102     1943        0       11       29
 2358.000000      920      920        1        0      920        0      708      707      106     1997        0       12       28
 2359.000000      913      913        1        0      913        0      704      703      112     1972        0       11       29
 2360.000000      922      922        1        0      922        0      719      717      110     1939        0       11       29
 2361.000000      920      920        1        0      920        0      720      720      106     1968        0       10       30
 2362.000000      909      909        1        0      909        0      708      708      114     1953        0       10       30
 2363.000000      917      917        1        0      917        0      706      705      116     1967        0        9       31
 2364.000000      924      924        1        0      924        0      715      714      111     1948        0       12       28
 2365.000000      944      944        1        0      944        0      721      720      106     1981        0       13       27
 2366.000000      916      916        1        0      916        0      717      714      106     1953        0        9       31
 2367.000000      920      920        1        0      920        0      701      699      110     1944        0        9       31
 2368.000000      922      922        1        0      922        0      715      713      115     1941        0       10       30
 2369.000000      914      914        1        0      914        0      724      723      105     1944        0        8       32
 2370.000000      916      916        1        0      916        0      717      717       97     1954        0        9       31
 2371.000000      925      925        1        0      925        0      700      699      112     1950        0        9       31
 2372.000000      919      919        1        0      919        0      713      711      104     1944        0        9       31
 2373.000000      917      917        1        0      917        0      711      710      101     1961        0        9       31
 2374.000000      923      923        1        0      923        0      704      702      105     1939        0       10       30
 2375.000000      931      931        1        0      931        0      720      718       98     1928        0       10       30
 2376.000000      916      916        1        0      916        0      708      708      102     1914        0        9       31
 2377.000000      920      920        1        0      920        0      704      702      113     1925        0       10       30
 2378.000000      916      916        1        0      916        0      700      700      101     1920        0        8       32
 2379.000000      927      927        1        0      927        0      706      706       98     1930        0       11       29
 2380.000000      924      924        1        0      924        0      717      716       96     1926        0       11       29
 2381.000000      936      936        1        0      936        0      713      713       94     1982        0       14       26
 2382.000000      925      925        1        0      925        0      715      713      101     1916        0       10       30
 2383.000000      918      918        1        0      918        0      717      715      109     1955        0        9       31
 2384.000000      953      953        1        0      953        0      712      711      104     1965        0       15       25
 2385.000000      931      931        1        0      931        0      717      716      107     1938        0       12       28
 2386.000000      933      933        1        0      933        0      711      706       93     1953        0       12       28
 2387.000000      936      936        1        0      936        0      689      687      119     1964        0       10       30
 2388.000000      942      942        1        0      942        0      710      706      112     1938        0       13       27
 2389.000000      945      945        1        0      945        0      716      715      105     1948        0       12       28
 2390.000000      946      946        1        0      946        0      710      709      109     1939        0       12       28
 2391.000000      946      946        1        0      946        0      705      702      123     1907        0       13       27
 2392.000000      963      963        1        0      963        0      691      690      116     1920        0       16       24
 2393.000000      934      934        1        0      934        0      709      705      109     1926        0       12       28
 2394.000000      939      939        1        0      939        0      708      707      110     1954        0       11       29
 2395.000000      929      929        1        0      929        0      691      690      104     1959        0       12       28
 2396.000000      941      941        1        0      941        0      706      705      114     1926        0       12       28
 2397.000000      948      948        1        0      948        0      700      700      110     1926        0       13       27
 2398.000000      938      938        1        0      938        0      708      704      121     1946        0       11       29
 2399.000000      929      929        1        0      929        0      699      698      123     1929        0        8       32
 2400.000000      930      930        1        0      930        0      721      717      106     1940        0       10       30
 2401.000000      948      948        1        0      948        0      717      715      110     1928        0       14       26
 2402.000000      949      949        1        0      949        0      709      708      111     1959        1       12       27
 2403.000000      939      939        1        0      939        0      714      712      106     1965        0       13       27
 2404.000000      950      950        1       14      936        0      692      690      121     1962        0       13       27
 2405.000000      945      945        1        0      945        0      714      714      109     1973        1       11       28
 2406.000000      972      972        1       20      952        0      715      711      116     1966        2       13       25
 2407.000000      935      935        1        0      935        0      705      703      113     1950        0       11       29
 2408.000000      930      930        1        0      930        0      712      710      113     1948        0       11       29
 2409.000000      938      938        1        0      938        0      694      694      114     1943        0       11       29
 2410.000000      942      942        1        0      942        0      712      711      110     1920        1       10       29
 2411.000000      939      939        1        0      939        0      703      702      112     1906        0       11       29
 2412.000000      928      928        1        0      928        0      693      692      101     1901        0        9       31
 2413.000000      939      939        1        0      939        0      723      720      101     1919        0       13       27
 2414.000000      938      938        1        0      938        0      709      706      112     1929        1       10       29
 2415.000000      946      934        2        0      946        0      707      705      108     1935        1       11       28
 2416.000000      952      952        1        0      952        0      715      711      112     1941        0       13       27
 2417.000000      948      948        1        0      948        0      714      713      112     1931        0       13       27
 2418.000000      932      932        1        0      932        0      716      713      103     1949        0       12       28
 2419.000000      955      955        1        0      955        0      716      713      104     1952        0       14       26
 2420.000000      944      944        1        0      944        0      728      726      106     1981        0       13       27
 2421.000000      932      932        1        0      932        0      720      719      101     1952        0       12       28
 2422.000000      951      951        1        0      951        0      726      724      108     1972        1       14       25
 2423.000000      930      930        1        0      930        0      734      732      116     1980        0        8       32
 2424.000000      959      959        1        0      959        0      710      707      133     2001        0       12       28
 2425.000000      947      947        1        0      947        0      722      720      108     1980        1        8       31
 2426.000000      934      934        1        0      934        0      727      723      111     1960        0       10       30
 2427.000000      937      937        1        0      937        0      732      731      103     1952        0       10       30
 2428.000000      937      937        1        0      937        0      721      720       96     1946        0        8       32
 2429.000000      943      943        1        0      943        0      725      720      101     1961        0       11       29
 2430.000000      949      949        1        0      949        0      725      723      108     1944        1       10       29
 2431.000000      962      962        1        0      962        0      726      724      111     1961        0       14       26
 2432.000000      961      961        1        0      961        0      723      721       98     1976        2       14       24
 2433.000000      943      943        1        0      943        0      706      703      117     1968        1        9       30
 2434.000000      955      955        1       12      939        4      732      730      101     1964        0       14       26
 2435.000000      921      921        1        0      921        0      718      715      115     1967        0        9       31
 2436.000000      929      929        1        0      929        0      731      730      105     1980        1        8       31
 2437.000000      946      946        1        0      946        0      731      729       91     1973        0       11       29
 2438.000000      935      935        1        0      935        0      749      748       99     1941        0       11       29
 2439.000000      952      952        1        0      952        0      737      736       97     1967        0       13       27
 2440.000000      928      928        1        0      928        0      724      722      116     1938        0       10       30
 2441.000000      943      943        1        0      943        0      733      731      105     1956        0       14       26
 2442.000000      937      937        1        0      937        0      728      724      111     1999        0        9       31
 2443.000000      936      936        1        0      936        0      724      721      101     1959        0        9       31
 2444.000000      929      929        1        0      929        0      723      722      106     1953        0        8       32
 2445.000000      948      948        1        0      948        0      737      733      116     1992        0        9       31
 2446.000000      937      937        1        0      937        0      732      730      112     2000        0       10       30
 2447.000000      937      937        1        0      937        0      734      733      111     1960        0       11       29
 2448.000000      942      942        1        0      942        0      735      731      106     1972        0       11       29
 2449.000000      955      955        1        0      955        0      734      732      105     1980        0       12       28
 2450.000000      943      943        1        0      943        0      732      731      104     1969        0       12       28
 2451.000000      950      950        1        0      950        0      723      721      109     1952        0       12       28
 2452.000000      961      961        1        0      961        0      736      732      104     1938        0       14       26
 2453.000000      950      950        1        0      950        0      733      732      108     1984        0       14       26
 2454.000000      941      941        1        0      941        0      719      716      111     1987        0       11       29
 2455.000000      951      951        1        0      951        0      749      747       98     1982        0       12       28
 2456.000000      955      955        1        0      955        0      731      728      115     1930        0       12       28
 2457.000000      966      966        1        0      966        0      742      741      112     1973        0       12       28
 2458.000000      955      955        1        0      955        0      727      726      112     1940        0       12       28
 2459.000000      949      949        1        0      949        0      738      734      117     1965        0       11       29
 2460.000000      965      965        1        0      965        0      738      736      104     1950        0       10       30
 2461.000000      964      964        1        0      964        0      731      726      108     1980        0       12       28
 2462.000000      979      979        1        0      979        0      735      729      112     1977        0       15       25
 2463.000000      971      971        1        0      971        0      717      711      114     1968        0       13       27
 2464.000000      947      947        1        0      947        0      721      711      113     1980        0       14       26
 2465.000000      963      963        1        0      963        0      735      732      107     2006        1       12       27
 2466.000000      952      952        1        0      952        0      728      728      104     1981        0       10       30
 2467.000000      955      955        1        0      955        0      726      724      107     1953        0       13       27
 2468.000000      966      966        1        0      966        0      732      728      115     1947        0       13       27
 2469.000000      982      982        1        0      982        0      743      738      114     2025        1       14       25
 2470.000000      953      953        1        0      953        0      727      724      116     1985        0       12       28
 2471.000000      959      959        1        0      959        0      724      722      119     2003        1       11       28
 2472.000000      955      955        1        0      955        0      715      712      114     1953        0       11       29
 2473.000000      985      985        1        0      985        0      712      710      119     1953        1       17       22
 2474.000000      963      963        1        0      963        0      720      718      110     1992        0       12       28
 2475.000000      954      954        1        0      954        0      701      695      134     1973        0       13       27
 2476.000000      959      959        1        0      959        0      733      729      114     1982        1       12       27
 2477.000000      974      974        1        0      974        0      721      714      119     1992        0       18       22
 2478.000000      972      972        1        0      972        0      731      728      102     1978        0       16       24
 2479.000000      971      971        1        0      971        0      732      729      113     2013        0       13       27
 2480.000000      976      976        1        0      976        0      722      720      114     2011        0       14       26
 2481.000000      977      977        1        0      977        0      737      733      113     1990        0       15       25
 2482.000000      960      960        1        0      960        0      722      721       97     1981        0       14       26
 2483.000000      953      953        1        0      953        0      719      717      110     1971        0       12       28
 2484.000000      968      968        1        0      968        0      716      714      109     1986        1       14       25
 2485.000000      977      977        1        0      977        0      737      736      109     1983        1       14       25
 2486.000000      958      958        1        0      958        0      735      733       98     1962        0       14       26
 2487.000000      939      939        1        0      939        0      741      740       93     1980        0       11       29
 2488.000000      966      966        1        0      966        0      731      730       98     1980        0       16       24
 2489.000000      958      958        1        0      958        0      748      746      102     1998        1       13       26
 2490.000000      963      963        1        0      963        0      752      748      117     2008        0       15       25
 2491.000000      978      978        1        0      978        0      751      747      107     2028        1       11       28
 2492.000000      969      969        1        0      969        0      750      749       97     2013        1       13       26
 2493.000000      965      965        1        0      965        0      738      737      108     2019        1       13       26
 2494.000000      965      965        1        0      965        0      740      734      108     2002        0       14       26
 2495.000000      974      974        1        0      974        0      724      720      110     1998        1       14       25
 2496.000000      959      959        1        0      959        0      731      731      103     1987        1       13       26
 2497.000000      965      965        1        0      965        0      744      742      110     1973        1       13       26
 2498.000000      957      957        1        0      957        0      735      733      104     1996        1       12       27
 2499.000000      982      982        1        0      982        0      743      743      104     2012        0       16       24
 2500.000000      965      965        1        0      965        0      743      743       89     2006        1       12       27
 2501.000000      948      948        1        0      948        0      736      734       96     1954        0       11       29
 2502.000000      960      960        1        0      960        0      737      737       99     2008        1       13       26
 2503.000000      950      950        1        0      950        0      739      737       91     1993        1       12       27
 2504.000000      946      946        1        0      946        0      743      740       98     2023        1       10       29
 2505.000000      968      968        1        0      968        0      720      718      104     1947        1       13       26
 2506.000000      955      955        1        0      955        0      724      723       93     1979        0       13       27
 2507.000000      969      969        1        0      969        0      734      734      101     1980        0       16       24
 2508.000000      968      968        1        0      968        0      746      745       93     1988        0       14       26
 2509.000000      964      964        1        0      964        0      727      726      109     1975        0       16       24
 2510.000000      988      988        1        0      988        0      737      733      107     2035        2       17       21
 2511.000000      966      966        1        0      966        0      735      735      109     1987        0       17       23
 2512.000000      962      962        1        0      962        0      731      730      106     1983        1       16       23
 2513.000000      977      977        1        0      977        0      742      741      105     2019        1       14       25
 2514.000000      968      968        1        0      968        0      741      741       99     1968        0       17       23
 2515.000000      981      981        1        0      981        0      732      728      108     2000        0       17       23
 2516.000000      972      972        1        0      972        0      722      720      113     1952        1       15       24
 2517.000000      966      966        1        0      966        0      720      719      115     1978        1       12       27
 2518.000000      982      982        1        0      982        0      732      731      109     2017        1       16       23
 2519.000000      966      966        1        0      966        0      747      744      102     1970        0       15       25
 2520.000000      982      969        2        0      982        0      736      734      107     1989        0       15       25
 2521.000000      977      977        1        0      977        0      737      735      110     1979        0       14       26
 2522.000000      970      970        1        0      970        0      726      725      106     1964        0       15       25
 2523.000000      994      994        1        0      994        0      747      746       95     2000        2       13       25
 2524.000000      961      961        1        0      961        0      745      743       89     1999        1       14       25
 2525.000000      978      978        1        0      978        0      735      733      104     1992        0       17       23
 2526.000000      959      959        1        0      959        0      719      718      107     1981        0       13       27
 2527.000000      968      968        1        0      968        0      745      745       95     1999        1       16       23
 2528.000000      945      945        1        0      945        0      738      736      118     1963        0       14       26
 2529.000000      947      947        1        6      933        8      724      721      120     1998        0       14       26
 2530.000000      956      956        1        0      956        0      742      739      111     1967        0       15       25
 2531.000000      970      970        1        0      970        0      724      720      121     1974        1       16       23
 2532.000000      963      963        1        0      963        0      734      734      104     2000        0       14       26
 2533.000000      955      955        1        0      955        0      738      738      104     1980        0       15       25
 2534.000000      969      969        1        0      969        0      724      723      116     2005        0       14       26
 2535.000000      977      977        1        0      977        0      742      741      103     2011        1       14       25
 2536.000000      955      955        1        0      955        0      737      737      109     1987        1       13       26
 2537.000000      947      947        1        0      947        0      741      740       99     1990        0       14       26
 2538.000000      945      945        1        0      945        0      723      722      113     1984        1       13       26
 2539.000000      963      963        1        0      963        0      721      720      114     1997        0       13       27
 2540.000000      972      972        1        0      972        0      736      736      101     2030        0       12       28
 2541.000000      960      960        1        0      960        0      728      728      104     2003        0       12       28
 2542.000000      956      956        1        0      956        0      740      739       98     1977        0       12       28
 2543.000000      971      971        1        0      971        0      758      755      100     2047        0       14       26
 2544.000000      971      971        1        0      971        0      748      747      111     1994        1       14       25
 2545.000000      971      971        1        0      971        0      735      733      116     2008        0       14       26
 2546.000000      961      961        1        0      961        0      744      742      111     1976        0       13       27
 2547.000000      984      984        1        0      984        0      740      740      105     1999        1       16       23
 2548.000000      965      965        1        0      965        0      745      742      112     2036        0       15       25
 2549.000000      962      962        1        0      962        0      734      733      105     2033        1       13       26
 2550.000000      959      959        1        0      959        0      748      748      100     1982        0       15       25
 2551.000000      963      963        1        0      963        0      731      731       98     1990        0       14       26
 2552.000000      972      972        1        0      972        0      751      749      109     1994        0       14       26
 2553.000000      969      969        1        0      969        0      747      746       85     2001        1       13       26
 2554.000000      969      969        1        0      969        0      738      737      109     1975        1       11       28
 2555.000000      970      970        1        0      970        0      716      715      114     1987        1       11       28
 2556.000000      974      974        1        0      974        0      726      726      124     1975        0       15       25
 2557.000000      969      969        1        0      969        0      743      742      104     1976        0       12       28
 2558.000000      966      966        1        0      966        0      732      730      111     2025        0       14       26
 2559.000000      962      962        1        0      962        0      739      738      111     1952        0       14       26
 2560.000000      960      960        1        0      960        0      734      733      118     2023        0       14       26
 2561.000000      986      986        1        0      986        0      741      740      107     2012        0       16       24
 2562.000000      982      982        1        6      968        8      738      735      113     1983        0       18       22
 2563.000000      979      979        1       10      965        4      723      719      113     1993        1       13       26
 2564.000000      988      988        1        7      969       12      731      730      111     2007        1       13       26
 2565.000000      983      983        1        0      983        0      731      728      119     2005        2       14       24
 2566.000000      976      976        1        0      976        0      731      729      107     2014        0       13       27
 2567.000000      990      990        1        4      976       10      737      733      111     1988        1       13       26
 2568.000000      992      992        1        0      992        0      748      747       95     2036        1       15       24
 2569.000000      999      999        1        0      999        0      743      741      101     2031        1       14       25
 2570.000000      961      961        1        0      961        0      740      740      100     1970        0       15       25
 2571.000000      985      985        1       11      970        4      740      738      114     1986        1       15       24
 2572.000000      977      977        1        0      977        0      741      740      104     1984        0       16       24
 2573.000000      955      955        1        0      955        0      741      740      111     1961        0       14       26
 2574.000000      958      958        1        0      958        0      753      750       98     1966        0       16       24
 2575.000000      971      971        1        0      971        0      759      755      101     2006        0       15       25
 2576.000000      962      962        1        0      962        0      751      750      101     2006        0       15       25
 2577.000000      979      979        1        7      965        7      729      726      112     1984        1       15       24
 2578.000000      988      988        1        4      974       10      740      737      108     2002        2       14       24
 2579.000000      986      986        1        7      972        7      738      735      104     1979        1       14       25
 2580.000000      978      978        1        0      978        0      746      745      104     1979        1       13       26
 2581.000000      967      967        1        4      953       10      730      727      108     1964        0       14       26
 2582.000000      955      955        1        0      955        0      722      718      120     1972        0       14       26
 2583.000000      965      965        1        0      965        0      730      729      111     1977        0       16       24
 2584.000000      972      972        1       13      958        1      726      725      108     1976        1       15       24
 2585.000000      981      981        1       24      952        5      733      732      116     1962        0       15       25
 2586.000000      967      967        1       10      952        5      721      721      115     1958        1       12       27
 2587.000000      973      973        1        0      973        0      730      729      105     2033        0       14       26
 2588.000000      988      988        1       13      974        1      723      718      122     1934        1       14       25
 2589.000000      996      996        1       13      982        1      731      729      107     1987        0       14       26
 2590.000000     1010     1010        1       18      980       12      746      742      108     1987        2       16       22
 2591.000000      980      980        1        0      980        0      742      736      119     1997        1       16       23
 2592.000000      982      982        1       13      968        1      733      730      113     1987        1       16       23
 2593.000000      990      990        1       13      976        1      739      739      112     1987        2       13       25
 2594.000000      941      941        1        0      941        0      726      724      102     2006        0       15       25
 2595.000000      936      936        1        0      936        0      733      732      109     1995        1       12       27
 2596.000000      953      953        1        0      953        0      726      724      109     1983        2       11       27
 2597.000000      945      945        1        0      945        0      726      723      111     1982        0       14       26
 2598.000000      964      964        1        0      964        0      719      718      111     1989        1       14       25
 2599.000000      966      966        1        0      966        0      728      727      108     1989        0       13       27
 2600.000000      948      948        1        0      948        0      739      737      106     2000        0       15       25
 2601.000000      945      945        1        0      945        0      727      726      117     2017        0       14       26
 2602.000000      940      940        1        0      940        0      735      730      114     2021        0       12       28
 2603.000000      956      956        1        0      956        0      738      735       96     1999        0       16       24
 2604.000000      963      963        1        0      963        0      728      727      107     2008        0       14       26
 2605.000000      943      943        1        0      943        0      744      742      104     2000        0       13       27
 2606.000000      954      954        1        0      954        0      754      751      100     2017        0       14       26
 2607.000000      961      949        2        0      961        0      750      744      109     2004        0       13       27
 2608.000000      946      946        1        0      946        0      749      744      111     2018        0       14       26
 2609.000000      959      959        1        0      959        0      742      741      116     2041        0       16       24
 2610.000000      956      956        1        0      956        0      753      751      105     2015        0       16       24
 2611.000000      950      950        1        0      950        0      743      742       91     1999        1       13       26
 2612.000000      949      949        1        0      949        0      741      739      102     2025        0       15       25
 2613.000000      965      965        1        0      965        0      755      752      105     2033        0       15       25
 2614.000000      953      953        1        0      953        0      739      733      105     2024        1       15       24
 2615.000000      952      952        1        0      952        0      734      734      108     2005        0       16       24
 2616.000000      960      960        1        0      960        0      742      740      109     2012        0       15       25
 2617.000000      958      958        1        0      958        0      747      744      102     1944        0       15       25
 2618.000000      969      969        1        0      969        0      742      740      107     2032        1       16       23
 2619.000000      966      966        1        0      966        0      732      730      105     2021        1       14       25
 2620.000000      968      968        1        0      968        0      744      742      103     2012        1       14       25
 2621.000000      973      973        1        0      973        0      737      732      106     2004        0       15       25
 2622.000000      968      968        1        0      968        0      734      732      104     2050        1       15       24
 2623.000000      999      999        1        0      999        0      716      714      131     2032        2       13       25
 2624.000000      983      983        1        0      983        0      714      711      133     1969        1       13       26
 2625.000000      991      991        1        0      991        0      739      737      112     2004        1       15       24
 2626.000000      971      971        1        0      971        0      739      739       99     2003        1       14       25
 2627.000000      980      980        1        0      980        0      733      732      112     1985        1       15       24
 2628.000000      994      994        1        0      994        0      716      712      119     2010        2       14       24
 2629.000000      936      936        1        0      936        0      724      720      111     1952        1       12       27
 2630.000000      961      961        1        0      961        0      731      731      116     1972        1       14       25
 2631.000000      958      958        1        0      958        0      715      714      119     1956        0       13       27
 2632.000000      962      962        1        0      962        0      721      719      107     1978        0       15       25
 2633.000000      983      983        1        0      983        0      729      729      120     2023        2       15       23
 2634.000000      966      966        1        0      966        0      738      737      122     1996        1       14       25
 2635.000000      971      971        1        0      971        0      734      729      108     1989        1       15       24
 2636.000000      965      965        1        0      965        0      734      733      116     2047        1       14       25
 2637.000000      969      969        1        0      969        0      735      733      108     2011        1       13       26
 2638.000000      985      985        1        0      985        0      756      754      110     2018        1       15       24
 2639.000000      983      983        1        0      983        0      749      746      109     2032        1       16       23
 2640.000000      988      988        1        0      988        0      756      754      105     2014        0       16       24
 2641.000000      971      971        1        0      971        0      737      735      105     2024        1       16       23
 2642.000000      976      976        1        0      976        0      734      730      109     1986        0       17       23
 2643.000000      969      969        1        0      969        0      747      743       97     1984        2       14       24
 2644.000000      963      963        1        0      963        0      720      719      118     2001        0       14       26
 2645.000000      945      945        1        0      945        0      738      733      101     2017        1       13       26
 2646.000000      971      971        1        0      971        0      749      748      105     2001        2       13       25
 2647.000000      968      968        1        0      968        0      729      726      120     2002        1       15       24
 2648.000000      976      976        1        0      976        0      752      749      103     1989        1       15       24
 2649.000000      970      970        1        0      970        0      750      748      107     2028        1       16       23
 2650.000000      951      951        1        0      951        0      734      730      108     2031        1       13       26
 2651.000000      974      974        1        0      974        0      749      746      100     2027        3       12       25
 2652.000000      970      970        1        0      970        0      728      725      109     2026        1       15       24
 2653.000000      957      957        1        0      957        0      735      735      104     1987        1       16       23
 2654.000000      957      957        1        0      957        0      719      717      115     2010        1       15       24
 2655.000000      949      949        1        0      949        0      719      718      118     1995        0       15       25
 2656.000000      946      946        1        0      946        0      735      732      114     2027        1       14       25
 2657.000000      961      961        1        0      961        0      704      703      111     2000        0       16       24
 2658.000000      956      956        1        0      956        0      715      713      116     1972        0       15       25
 2659.000000      945      945        1        0      945        0      714      713      112     1962        0       15       25
 2660.000000      951      951        1        0      951        0      724      723      114     1984        0       16       24
 2661.000000      972      972        1        0      972        0      731      729      110     2016        1       16       23
 2662.000000      966      966        1        0      966        0      730      729      108     2021        1       16       23
 2663.000000      972      972        1        0      972        0      741      737      114     1995        2       13       25
 2664.000000      983      983        1        0      983        0      724      723      115     2009        2       14       24
 2665.000000      979      979        1        0      979        0      740      740      113     2011        0       16       24
 2666.000000      981      981        1        0      981        0      734      732      117     1992        0       16       24
 2667.000000      955      955        1        0      955        0      718      716      124     1976        1       13       26
 2668.000000      979      979        1        0      979        0      726      725      108     1954        1       16       23
 2669.000000      956      956        1        0      956        0      715      713      123     1945        1       15       24
 2670.000000      982      982        1        0      982        0      737      737      105     1991        0       16       24
 2671.000000      961      961        1        0      961        0      733      731      111     2006        0       14       26
 2672.000000      962      962        1        0      962        0      729      725      109     1978        2       14       24
 2673.000000      972      972        1        0      972        0      733      731      121     2019        2       14       24
 2674.000000      964      964        1        0      964        0      720      720      115     1986        1       15       24
 2675.000000      964      964        1        0      964        0      712      709      117     2000        1       12       27
 2676.000000      968      968        1        0      968        0      729      727      114     2007        1       12       27
 2677.000000      957      957        1        0      957        0      753      753       98     1983        0       14       26
 2678.000000      946      946        1        0      946        0      728      727      104     1975        0       14       26
 2679.000000      955      955        1        0      955        0      741      741      102     2036        0       11       29
 2680.000000      930      930        1        0      930        0      745      745       89     1971        0       10       30
 2681.000000      932      932        1        0      932        0      742      740      105     1975        0       11       29
 2682.000000      952      952        1        0      952        0      740      737      122     2020        0       15       25
 2683.000000      970      970        1        0      970        0      737      735       99     1998        2       13       25
 2684.000000      939      939        1        0      939        0      729      728      111     1981        1       13       26
 2685.000000      969      957        2        0      969        0      745      744      101     1985        0       18       22
 2686.000000      964      964        1        0      964        0      751      750      101     2027        1       14       25
 2687.000000      956      956        1        0      956        0      754      752      105     2003        1       13       26
 2688.000000      968      968        1        0      968        0      750      750       98     1986        2       14       24
 2689.000000      946      946        1        0      946        0      735      734      109     2012        2       11       27
 2690.000000      967      967        1        0      967        0      751      750       93     1992        2       10       28
 2691.000000      960      960        1        0      960        0      742      740       97     2002        0       13       27
 2692.000000      945      945        1        0      945        0      749      749       93     1986        0       13       27
 2693.000000      974      974        1        0      974        0      755      753      110     2008        2       16       22
 2694.000000      963      963        1        0      963        0      753      748      106     2019        1       12       27
 2695.000000      982      982        1        0      982        0      744      741      103     2045        2       14       24
 2696.000000      964      964        1        0      964        0      747      747      107     2002        1       14       25
 2697.000000      956      956        1        0      956        0      754      754       99     1993        2       11       27
 2698.000000      971      971        1        0      971        0      730      728      120     1980        1       14       25
 2699.000000      977      977        1        0      977        0      745      742      124     2015        2       14       24
 2700.000000      949      949        1        0      949        0      744      742       98     1991        0       14       26
 2701.000000      944      944        1        0      944        0      741      740      109     2023        0       13       27
 2702.000000      988      988        1        0      988        0      747      745      106     2010        2       15       23
 2703.000000      979      979        1        0      979        0      754      750      101     2024        0       17       23
 2704.000000      962      962        1        0      962        0      759      759       97     1997        0       15       25
 2705.000000      963      963        1        0      963        0      751      750      103     2048        0       14       26
 2706.000000      974      974        1        0      974        0      755      754      105     2020        1       15       24
 2707.000000      955      955        1        0      955        0      754      752       94     2027        0       16       24
 2708.000000      973      973        1        0      973        0      744      744      120     2027        1       15       24
 2709.000000      971      971        1        0      971        0      752      749      102     2022        1       14       25
 2710.000000      969      969        1        0      969        0      754      752      104     2023        1       14       25
 2711.000000      954      954        1        0      954        0      732      731      108     2035        1       13       26
 2712.000000      971      971        1        0      971        0      734      731      117     2011        1       12       27
 2713.000000      978      978        1        0      978        0      750      749      104     1990        1       14       25
 2714.000000      971      971        1        0      971        0      747      747       99     2034        1       14       25
 2715.000000      971      971        1        0      971        0      741      740      113     2009        1       13       26
 2716.000000      994      994        1        0      994        0      723      723      116     2038        0       17       23
 2717.000000      973      973        1        0      973        0      748      746      116     2029        1       14       25
 2718.000000      969      969        1        0      969        0      740      739      121     2035        1       14       25
 2719.000000      987      987        1        0      987        0      745      745      105     2044        1       15       24
 2720.000000      979      979        1        0      979        0      758      757      103     2037        1       15       24
 2721.000000      954      954        1        0      954        0      737      737      110     2003        0       13       27
 2722.000000      984      984        1        0      984        0      734      734      100     1992        2       11       27
 2723.000000      946      946        1        0      946        0      756      756       87     2000        0       12       28
 2724.000000      949      949        1        0      949        0      742      742      106     1999        2       11       27
 2725.000000      965      965        1        0      965        0      737      734      101     2006        1       13       26
 2726.000000      960      960        1        0      960        0      744      744      103     1997        2       13       25
 2727.000000      961      961        1        0      961        0      759      758       96     1973        1       14       25
 2728.000000      965      965        1        0      965        0      751      751       97     1999        1       13       26
 2729.000000      963      963        1        0      963        0      741      740      109     2023        0       12       28
 2730.000000      961      961        1        0      961        0      738      738      101     2014        0       12       28
 2731.000000      946      946        1        0      946        0      745      745       96     1996        2       11       27
 2732.000000      954      954        1        0      954        0      735      732      110     2012        1       11       28
 2733.000000      964      964        1        0      964        0      752      749      103     1995        1       13       26
 2734.000000      951      951        1        0      951        0      730      727      113     1973        1       12       27
 2735.000000      964      952        2        0      964        0      740      736      113     1998        1       13       26
 2736.000000      942      942        1        0      942        0      751      749      107     1999        1       11       28
 2737.000000      960      960        1        0      960        0      730      726      109     2035        1       13       26
 2738.000000      964      964        1        0      964        0      751      751       93     2044        0       14       26
 2739.000000      962      962        1        0      962        0      740      739      104     2025        1       12       27
 2740.000000      956      956        1        0      956        0      749      748      111     2039        0       15       25
 2741.000000      966      966        1        0      966        0      739      735      122     2026        2       14       24
 2742.000000      966      966        1        0      966        0      755      753      103     2005        2       13       25
 2743.000000      970      970        1        0      970        0      754      753      113     2033        1       14       25
 2744.000000      967      967        1        0      967        0      718      714      129     2015        1       15       24
 2745.000000      960      960        1        0      960        0      739      738      102     2001        1       12       27
 2746.000000      965      965        1        0      965        0      734      730      116     1997        0       14       26
 2747.000000      985      985        1        0      985        0      737      736      113     2028        3       11       26
 2748.000000      959      959        1        0      959        0      758      755      100     2043        0       14       26
 2749.000000      978      978        1        0      978        0      746      744      104     1985        1       12       27
 2750.000000      963      963        1        0      963        0      737      735      112     2021        0       14       26
 2751.000000      964      964        1        0      964        0      730      729      128     1985        1       13       26
 2752.000000      986      986        1        0      986        0      744      741      105     1985        2       15       23
 2753.000000      992      992        1        0      992        0      740      736      109     2017        1       13       26
 2754.000000      962      962        1        0      962        0      737      735      109     1981        1       10       29
 2755.000000      969      969        1        0      969        0      726      724      116     1950        2       10       28
 2756.000000      985      985        1        0      985        0      728      728      113     2015        1       14       25
 2757.000000      970      970        1        0      970        0      725      720      110     1969        1       13       26
 2758.000000      962      962        1        0      962        0      730      728      115     2015        0       14       26
 2759.000000      970      970        1        0      970        0      727      726      118     1989        1       12       27
 2760.000000      989      989        1        0      989        0      740      739      105     2019        2       14       24
 2761.000000      968      968        1        0      968        0      738      736      103     2004        0       17       23
 2762.000000      967      967        1        0      967        0      739      736      104     2005        0       13       27
 2763.000000      972      972        1        0      972        0      718      715      112     1998        2       13       25
 2764.000000      962      962        1        0      962        0      727      726      109     1982        0       12       28
 2765.000000      974      974        1        0      974        0      727      726      104     2017        1       11       28
 2766.000000      965      965        1        0      965        0      738      736      112     1965        1       11       28
 2767.000000      953      953        1        0      953        0      730      728      110     1976        0       10       30
 2768.000000      969      969        1        0      969        0      745      743       97     2001        2       11       27
 2769.000000      962      962        1        0      962        0      743      741      100     1979        2       11       27
 2770.000000      971      971        1        0      971        0      736      735      107     2003        1       13       26
 2771.000000      959      959        1        0      959        0      731      730      102     2020        1       14       25
 2772.000000      947      947        1        0      947        0      739      738       96     1994        0       11       29
 2773.000000      947      947        1        0      947        0      723      720      105     1960        1       12       27
 2774.000000      952      952        1        0      952        0      730      729      103     1997        0       14       26
 2775.000000      951      951        1        0      951        0      733      732      106     1970        0       13       27
 2776.000000      938      938        1        0      938        0      738      738      107     1987        0       10       30
 2777.000000      955      955        1        0      955        0      735      734      108     1958        0       12       28
 2778.000000      956      956        1        0      956        0      725      725      111     1987        1       11       28
 2779.000000      959      959        1        0      959        0      729      727      100     2029        1       11       28
 2780.000000      966      966        1        0      966        0      720      718      106     2007        2       12       26
 2781.000000      971      971        1        0      971        0      748      746       89     2011        0       15       25
 2782.000000      959      959        1        0      959        0      733      731       99     2002        1       14       25
 2783.000000      959      959        1        0      959        0      730      727       99     1935        0       13       27
 2784.000000      958      958        1        0      958        0      738      734      104     2003        0       13       27
 2785.000000      970      970        1        0      970        0      736      736       95     2029        0       15       25
 2786.000000      963      963        1        0      963        0      741      740       96     1960        2       13       25
 2787.000000      971      971        1        0      971        0      728      725       97     1948        1       13       26
 2788.000000      951      951        1        0      951        0      726      725       94     1971        1       11       28
 2789.000000      934      934        1        0      934        0      725      724      103     1996        0       12       28
 2790.000000      965      965        1        0      965        0      732      730      106     1949        0       16       24
 2791.000000      960      960        1        0      960        0      724      722      108     1988        0       16       24
 2792.000000      924      924        1        0      924        0      723      722      105     1946        0       11       29
 2793.000000      924      924        1        0      924        0      730      729       96     1954        0       10       30
 2794.000000      923      923        1        0      923        0      736      736       90     1967        0       11       29
 2795.000000      933      933        1        0      933        0      723      723      106     1972        0       12       28
 2796.000000      934      934        1        0      934        0      732      731      101     1991        1       11       28
 2797.000000      920      920        1        0      920        0      740      737       97     1976        0        9       31
 2798.000000      912      912        1        0      912        0      732      730      109     1960        0       10       30
 2799.000000      914      914        1        0      914        0      727      727       93     1973        1        9       30
 2800.000000      922      922        1        0      922        0      725      725      101     1963        0        9       31
 2801.000000      932      932        1        0      932        0      731      731      103     1977        1        9       30
 2802.000000      928      928        1        0      928        0      732      732      105     1966        1        9       30
 2803.000000      932      932        1        0      932        0      736      734      100     1996        0       12       28
 2804.000000      927      927        1        0      927        0      736      734      103     1980        1        7       32
 2805.000000      934      934        1        0      934        0      755      753       91     1970        2        8       30
 2806.000000      941      941        1        0      941        0      756      754       91     1993        2       10       28
 2807.000000      930      930        1        0      930        0      742      739       98     1973        2       10       28
 2808.000000      932      932        1        0      932        0      739      739       98     1960        1       10       29
 2809.000000      936      936        1        0      936        0      733      733      113     1992        1       10       29
 2810.000000      940      940        1        0      940        0      744      744       96     1964        0       11       29
 2811.000000      947      947        1        0      947        0      731      730      116     1975        2        8       30
 2812.000000      941      941        1        0      941        0      723      720      107     1974        0       11       29
 2813.000000      939      939        1        0      939        0      729      726      105     1969        1       11       28
 2814.000000      934      934        1        0      934        0      723      722      103     1966        0       11       29
 2815.000000      921      921        1        0      921        0      710      710      112     1928        0       11       29
 2816.000000      937      937        1        0      937        0      711      711      103     1919        1        9       30
 2817.000000      947      947        1        0      947        0      718      717      109     1968        1       10       29
 2818.000000      942      942        1        0      942        0      722      721      103     1977        0       10       30
 2819.000000      947      947        1        0      947        0      725      724       99     1976        1       10       29
 2820.000000      938      938        1        0      938        0      736      736       99     1944        1        9       30
 2821.000000      940      940        1        0      940        0      740      738       95     1938        0       10       30
 2822.000000      932      932        1        0      932        0      729      728      107     1969        0       10       30
 2823.000000      924      924        1        0      924        0      742      741      107     1943        0       10       30
 2824.000000      920      920        1        0      920        0      740      737       94     1979        0        9       31
 2825.000000      932      932        1        0      932        0      742      737      103     1978        2        8       30
 2826.000000      944      944        1        0      944        0      732      727      105     1945        0       12       28
 2827.000000      935      935        1        0      935        0      741      737      104     1966        0       10       30
 2828.000000      947      947        1        0      947        0      747      745       96     1982        0       11       29
 2829.000000      927      927        1        0      927        0      739      735      105     1971        0        9       31
 2830.000000      943      943        1        0      943        0      728      727      105     1957        1       10       29
 2831.000000      937      937        1        0      937        0      735      732      106     1984        1        8       31
 2832.000000      931      931        1        0      931        0      748      748       94     1969        1        9       30
 2833.000000      942      942        1        0      942        0      738      737      102     1999        1       11       28
 2834.000000      946      946        1        0      946        0      730      730       98     1970        1       10       29
 2835.000000      932      932        1        0      932        0      735      733      108     1979        0       10       30
 2836.000000      945      945        1        0      945        0      734      731      105     1961        0       12       28
 2837.000000      939      939        1        0      939        0      717      716      119     1955        1       11       28
 2838.000000      930      930        1        0      930        0      714      713      111     1941        2        8       30
 2839.000000      935      935        1        0      935        0      711      710      111     1963        0       12       28
 2840.000000      941      941        1        0      941        0      724      724      104     1952        1       11       28
 2841.000000      939      939        1        0      939        0      719      718      105     1954        1       11       28
 2842.000000      949      949        1        0      949        0      724      722       93     1941        2       10       28
 2843.000000      930      930        1        0      930        0      713      712      115     1975        2        9       29
 2844.000000      929      929        1        0      929        0      712      710      123     1943        2       10       28
 2845.000000      920      920        1        0      920        0      716      715      114     1931        2        9       29
 2846.000000      918      918        1        0      918        0      708      705      115     1951        0       12       28
 2847.000000      945      945        1        0      945        0      711      709      119     1930        2       11       27
 2848.000000      930      930        1        0      930        0      713      705      122     1912        0       13       27
 2849.000000      924      924        1        0      924        0      720      719      106     1914        0       12       28
 2850.000000      946      946        1        0      946        0      720      719      101     1957        2       13       25
 2851.000000      932      932        1        0      932        0      703      702      108     1933        2       10       28
 2852.000000      945      945        1        0      945        0      710      708      113     1952        1       12       27
 2853.000000      949      949        1        0      949        0      694      691      115     1982        0       14       26
 2854.000000      938      938        1        0      938        0      703      703      107     1970        1       12       27
 2855.000000      927      927        1        0      927        0      700      700      110     1932        0       13       27
 2856.000000      920      920        1        0      920        0      713      710      111     1975        0       13       27
 2857.000000      946      946        1        0      946        0      719      717      105     1942        2       11       27
 2858.000000      931      931        1        0      931        0      715      713      122     2006        0       13       27
 2859.000000      942      942        1        0      942        0      714      713      119     1993        1       13       26
 2860.000000      937      937        1        0      937        0      709      704      110     1938        2       11       27
 2861.000000      905      905        1        0      905        0      704      701      118     1963        0       10       30
 2862.000000      904      904        1        0      904        0      712      711      113     1964        0       12       28
 2863.000000      921      921        1        0      921        0      694      691      120     1990        0       11       29
 2864.000000      918      918        1        0      918        0      706      705      108     1965        0       12       28
 2865.000000      932      932        1        0      932        0      708      707      111     1965        0       14       26
 2866.000000      918      918        1        0      918        0      716      714      107     1935        0       13       27
 2867.000000      923      923        1        0      923        0      706      706      106     1910        0       13       27
 2868.000000      929      929        1        0      929        0      698      695      110     1974        0       14       26
 2869.000000      941      941        1        0      941        0      710      707      101     1957        1       15       24
 2870.000000      922      922        1        0      922        0      720      719      100     1918        0       13       27
 2871.000000      931      931        1        0      931        0      701      701      103     1954        1       14       25
 2872.000000      909      909        1        0      909        0      709      709      105     1949        0       11       29
 2873.000000      918      918        1        0      918        0      717      715      102     1941        0       11       29
 2874.000000      912      912        1        0      912        0      712      710      108     1940        0       11       29
 2875.000000      924      924        1        0      924        0      690      689      119     1932        0       13       27
 2876.000000      931      931        1        0      931        0      721      719      113     1934        0       15       25
 2877.000000      928      928        1        0      928        0      720      718      109     1915        0       13       27
 2878.000000      931      931        1        0      931        0      721      716      105     1917        0       12       28
 2879.000000      940      940        1        0      940        0      723      723      111     1951        0       15       25
 2880.000000      921      921        1        0      921        0      727      724      118     1962        0       13       27
 2881.000000      922      922        1        0      922        0      711      709      118     1953        0       15       25
 2882.000000      923      923        1        0      923        0      727      723      106     1969        0       13       27
 2883.000000      916      916        1        0      916        0      724      720      106     1948        0       12       28
 2884.000000      921      921        1        0      921        0      715      714      118     1950        0       14       26
 2885.000000      930      930        1        0      930        0      725      720      120     1938        0       15       25
 2886.000000      927      927        1        0      927        0      733      732      105     1948        0       15       25
 2887.000000      937      937        1        0      937        0      712      708      111     1967        0       14       26
 2888.000000      914      914        1        0      914        0      707      702      115     1941        0       14       26
 2889.000000      914      914        1        0      914        0      718      715      109     1965        0       14       26
 2890.000000      936      936        1        0      936        0      721      716      104     1952        0       17       23
 2891.000000      917      917        1        0      917        0      724      722      116     1950        0       15       25
 2892.000000      922      922        1        0      922        0      717      716      115     1949        0       16       24
 2893.000000      919      919        1        0      919        0      718      718      118     1988        0       15       25
 2894.000000      892      892        1        0      892        0      723      719      107     1955        0       13       27
 2895.000000      921      921        1        0      921        0      719      716      114     1955        0       12       28
 2896.000000      932      932        1        0      932        0      721      719      115     1949        0       14       26
 2897.000000      941      941        1        0      941        0      714      712      121     1960        0       13       27
 2898.000000      942      942        1        0      942        0      719      717      119     1976        1       12       27
 2899.000000      940      940        1        0      940        0      724      721      109     1976        0       13       27
 2900.000000      939      939        1        0      939        0      710      709      110     1957        0       15       25
 2901.000000      947      947        1        0      947        0      712      711      111     1958        0       15       25
 2902.000000      991      991        1        0      991        0      731      730      109     1942        1       17       22
 2903.000000      958      958        1        0      958        0      728      725      113     2004        1       12       27
 2904.000000      949      949        1        0      949        0      722      722      113     1984        0       13       27
 2905.000000      952      952        1        0      952        0      707      704      114     1952        0       15       25
 2906.000000      950      950        1        0      950        0      714      714      114     1994        0       15       25
 2907.000000      954      954        1        0      954        0      713      712      103     1953        1       14       25
 2908.000000      956      956        1        0      956        0      722      715      107     1977        2       13       25
 2909.000000      949      949        1        0      949        0      721      716      116     1921        2       12       26
 2910.000000      940      940        1        0      940        0      732      729      107     1992        1       12       27
 2911.000000      947      947        1        0      947        0      730      729      110     2007        0       12       28
 2912.000000      937      937        1        0      937        0      721      716      113     1969        0       15       25
 2913.000000      946      946        1        0      946        0      734      731      107     1939        1       13       26
 2914.000000      941      941        1        0      941        0      723      723       88     1977        1       13       26
 2915.000000      967      967        1        0      967        0      705      703      111     1968        1       14       25
 2916.000000      935      935        1        0      935        0      716      712      115     1969        0       14       26
 2917.000000      961      961        1        0      961        0      698      694      125     1965        2       12       26
 2918.000000      949      949        1        0      949        0      716      713      117     1982        1       14       25
 2919.000000      922      922        1        0      922        0      729      727      107     1937        0       13       27
 2920.000000      918      918        1        0      918        0      717      712      101     1927        0       15       25
 2921.000000      946      946        1        0      946        0      721      720      109     1943        0       15       25
 2922.000000      941      941        1        0      941        0      723      721      110     1938        1       13       26
 2923.000000      940      940        1        0      940        0      716      713       99     1939        1       12       27
 2924.000000      927      927        1        0      927        0      715      713      105     1968        1       12       27
 2925.000000      927      915        2        0      927        0      719      716      111     1942        1       12       27
 2926.000000      929      929        1        0      929        0      724      722      103     1962        1       12       27
 2927.000000      929      929        1        0      929        0      729      726      115     1939        1       12       27
 2928.000000      923      923        1        0      923        0      735      730      100     1965        0       14       26
 2929.000000      922      922        1        0      922        0      730      724      109     1973        0       13       27
 2930.000000      924      924        1        0      924        0      725      720      115     1991        1       12       27
 2931.000000      943      943        1        0      943        0      728      726      117     1958        1       12       27
 2932.000000      922      922        1        0      922        0      719      717      114     1932        0       13       27
 2933.000000      921      921        1        0      921        0      731      728      112     1946        0       14       26
 2934.000000      925      925        1        0      925        0      738      732      114     1974        1       13       26
 2935.000000      926      926        1        0      926        0      718      717      116     1980        0       13       27
 2936.000000      923      923        1        0      923        0      728      727      101     1914        0       13       27
 2937.000000      918      918        1        0      918        0      730      728       99     1951        0       13       27
 2938.000000      923      923        1        0      923        0      728      725      109     1949        0       14       26
 2939.000000      924      924        1        0      924        0      747      743      116     1971        0       14       26
 2940.000000      936      936        1        0      936        0      731      728      110     1966        1       13       26
 2941.000000      945      945        1        0      945        0      734      731      116     1987        1       14       25
 2942.000000      942      942        1        0      942        0      707      705      135     1983        1       14       25
 2943.000000      921      921        1        0      921        0      722      721      112     1993        1       11       28
 2944.000000      924      924        1        0      924        0      720      719      115     1952        0       14       26
 2945.000000      922      922        1        0      922        0      723      722      113     1934        0       14       26
 2946.000000      924      924        1        0      924        0      724      722      113     1984        1       12       27
 2947.000000      923      923        1        0      923        0      723      721      115     1951        1       13       26
 2948.000000      940      940        1        0      940        0      729      724      108     1978        0       13       27
 2949.000000      948      948        1        0      948        0      727      725      107     1972        2       11       27
 2950.000000      947      947        1       12      932        3      729      724      119     1975        1       12       27
 2951.000000      933      933        1        0      933        0      728      727      106     1965        1       11       28
 2952.000000      945      945        1        0      945        0      737      734      102     1968        1       15       24
 2953.000000      935      935        1        0      935        0      719      717      112     1959        0       13       27
 2954.000000      928      928        1        0      928        0      715      712      111     1949        0       11       29
 2955.000000      933      933        1        0      933        0      713      712      100     1958        1       11       28
 2956.000000      934      934        1        0      934        0      722      719      100     1992        2       12       26
 2957.000000      929      929        1        0      929        0      728      725      102     1953        1       12       27
 2958.000000      927      927        1        0      927        0      721      721      106     1949        1       12       27
 2959.000000      929      929        1        0      929        0      722      720      111     1971        0       13       27
 2960.000000      928      928        1        0      928        0      727      725       97     1941        1       11       28
 2961.000000      930      930        1        0      930        0      722      718      114     1962        1       12       27
 2962.000000      939      939        1        0      939        0      723      721      101     1948        1       12       27
 2963.000000      927      927        1        0      927        0      723      722       96     1921        1       13       26
 2964.000000      915      915        1        0      915        0      729      726      103     1944        1       11       28
 2965.000000      930      930        1        0      930        0      711      710      111     1977        1       11       28
 2966.000000      924      924        1        0      924        0      718      718      110     1939        1       12       27
 2967.000000      919      919        1        0      919        0      723      723      109     1942        1       12       27
 2968.000000      919      919        1        0      919        0      715      713      119     1938        1       12       27
 2969.000000      920      920        1        0      920        0      718      714      116     1912        1       10       29
 2970.000000      918      918        1        0      918        0      721      720      102     1919        1       10       29
 2971.000000      928      928        1        0      928        0      720      718      115     1932        1       11       28
 2972.000000      921      921        1        0      921        0      699      698      112     1939        1       10       29
 2973.000000      926      926        1        0      926        0      712      712      110     1946        1       12       27
 2974.000000      924      924        1        0      924        0      712      712      106     1897        1       11       28
 2975.000000      927      927        1        0      927        0      702      700      119     1935        1       10       29
 2976.000000      922      922        1        0      922        0      708      706      103     1933        1       11       28
 2977.000000      936      936        1        0      936        0      686      683      108     1940        0       13       27
 2978.000000      923      923        1        0      923        0      694      693      114     1973        1       12       27
 2979.000000      927      927        1        0      927        0      694      692      109     1957        1       11       28
 2980.000000      924      924        1        0      924        0      715      713      103     1937        1       12       27
 2981.000000      927      927        1        0      927        0      705      702      117     1950        1       10       29
 2982.000000      945      945        1        0      945        0      702      702      116     1977        1       12       27
 2983.000000      938      938        1        0      938        0      703      701      106     1958        1       16       23
 2984.000000      932      932        1        0      932        0      700      697      120     1922        0       13       27
 2985.000000      940      940        1        0      940        0      705      704      113     1956        1       13       26
 2986.000000      935      935        1        0      935        0      699      697      123     1924        1        9       30
 2987.000000      925      925        1        0      925        0      708      706      117     1931        1       10       29
 2988.000000      913      913        1        0      913        0      708      708      101     1930        1       10       29
 2989.000000      924      924        1        0      924        0      705      703      109     1959        1       10       29
 2990.000000      948      948        1        0      948        0      707      703      114     1969        1       13       26
 2991.000000      928      928        1        0      928        0      695      695      117     1972        0       13       27
 2992.000000      922      922        1        0      922        0      706      704      116     1932        1       11       28
 2993.000000      925      925        1        0      925        0      701      698      121     1957        1       10       29
 2994.000000      942      942        1        0      942        0      693      692      118     1971        1       14       25
 2995.000000      936      936        1        0      936        0      711      710      109     1900        0       13       27
 2996.000000      938      938        1        0      938        0      691      691      130     1929        1       11       28
 2997.000000      927      927        1        0      927        0      693      693      114     1958        1       10       29
 2998.000000      937      937        1        0      937        0      693      692      124     1920        1       12       27
 2999.000000      949      949        1        0      949        0      707      705      114     1951        1       11       28
 3000.000000      927      927        1        0      927        0      697      696      112     1916        1        9       30
 3001.000000      936      936        1        0      936        0      688      685      122     1912        1       12       27
 3002.000000      936      936        1        0      936        0      697      695      105     1936        1       11       28
 3003.000000      938      938        1        0      938        0      702      701      117     1937        1       13       26
 3004.000000      936      936        1        0      936        0      708      706      118     1962        1       11       28
 3005.000000      949      949        1        0      949        0      705      703      118     1950        1       12       27
 3006.000000      937      937        1        0      937        0      695      692      108     1894        1       10       29
 3007.000000      932      932        1        0      932        0      711      711      112     1933        1       11       28
 3008.000000      936      936        1        0      936        0      706      702      115     1938        0       11       29
 3009.000000      931      931        1        0      931        0      702      700      111     1958        2       10       28
 3010.000000      934      934        1        0      934        0      694      693      116     1973        1       10       29
 3011.000000      926      926        1        0      926        0      698      694      120     1968        2       10       28
 3012.000000      922      922        1        0      922        0      674      673      137     1966        1        9       30
 3013.000000      941      941        1        0      941        0      706      703      111     2009        1       11       28
 3014.000000      925      925        1        0      925        0      696      695      125     1944        1       11       28
 3015.000000      934      934        1        0      934        0      705      703      122     1912        0       12       28
 3016.000000      922      922        1        0      922        0      694      693      116     1965        1       11       28
 3017.000000      936      936        1        0      936        0      700      699      108     1985        1       12       27
 3018.000000      924      924        1        0      924        0      694      693      123     1961        1       10       29
 3019.000000      930      930        1        0      930        0      683      682      133     1971        0       11       29
 3020.000000      920      920        1        0      920        0      703      701      123     1966        1       10       29
 3021.000000      941      941        1        0      941        0      693      692      123     1960        1       12       27
 3022.000000      941      941        1        0      941        0      696      695      115     1967        1       10       29
 3023.000000      924      924        1        0      924        0      690      687      113     1937        1       10       29
 3024.000000      910      910        1        0      910        0      685      682      122     1973        1        9       30
 3025.000000      915      915        1        0      915        0      673      670      123     1964        1       10       29
 3026.000000      909      909        1        0      909        0      702      701      105     1936        1        8       31
 3027.000000      917      917        1        0      917        0      691      690      119     1986        0       11       29
 3028.000000      923      923        1        0      923        0      705      703      111     1965        1       11       28
 3029.000000      937      937        1        0      937        0      722      720       97     1957        1       12       27
 3030.000000      923      923        1        0      923        0      707      704      104     1970        0       11       29
 3031.000000      923      923        1        0      923        0      705      702      107     1955        1       10       29
 3032.000000      929      929        1        0      929        0      719      717       94     1941        1        9       30
 3033.000000      932      932        1        0      932        0      705      700      110     1944        1        8       31
 3034.000000      936      936        1        0      936        0      711      709      115     1937        1       12       27
 3035.000000      955      955        1        0      955        0      713      710      109     1962        2        9       29
 3036.000000      926      926        1        0      926        0      704      701      113     1910        1       10       29
 3037.000000      920      920        1        0      920        0      704      700      101     1943        1        9       30
 3038.000000      936      936        1        0      936        0      686      686      107     1932        0       13       27
 3039.000000      928      928        1        0      928        0      702      699      111     1922        1        9       30
 3040.000000      909      909        1        0      909        0      691      688      110     1895        1       10       29
 3041.000000      917      917        1        0      917        0      712      711      100     1946        1        7       32
 3042.000000      927      927        1        0      927        0      704      703      110     1928        1       10       29
 3043.000000      919      919        1        0      919        0      706      701      118     1926        1        8       31
 3044.000000      917      917        1        0      917        0      704      699      107     1948        1        9       30
 3045.000000      931      931        1        0      931        0      712      712       98     1929        1       10       29
 3046.000000      927      927        1        0      927        0      700      700      105     1890        1       10       29
 3047.000000      914      914        1        0      914        0      703      701      103     1890        0       11       29
 3048.000000      917      917        1        0      917        0      698      696      100     1935        1       10       29
 3049.000000      925      925        1        0      925        0      689      689      106     1886        1       10       29
 3050.000000      920      920        1        0      920        0      693      691      104     1920        1        9       30
 3051.000000      948      948        1        0      948        0      700      698      105     1909        1       14       25
 3052.000000      931      931        1        0      931        0      696      696      103     1921        2        9       29
 3053.000000      921      921        1        0      921        0      698      698      110     1928        0       10       30
 3054.000000      942      942        1        0      942        0      700      696      113     1949        0       15       25
 3055.000000      924      924        1        0      924        0      691      688      109     1925        1       10       29
 3056.000000      934      934        1        0      934        0      701      699      107     1909        1       10       29
 3057.000000      925      925        1        0      925        0      677      672      108     1914        1        9       30
 3058.000000      922      922        1        0      922        0      696      694      104     1879        0       11       29
 3059.000000      920      920        1        0      920        0      691      688      112     1930        2        7       31
 3060.000000      911      911        1        0      911        0      689      687      110     1940        1        8       31
 3061.000000      923      923        1        0      923        0      709      703       99     1909        1       10       29
 3062.000000      909      909        1        0      909        0      706      701      107     1893        1        9       30
 3063.000000      905      905        1        0      905        0      720      718       94     1898        1        8       31
 3064.000000      941      941        1        0      941        0      708      706      108     1961        1       11       28
 3065.000000      900      900        1        0      900        0      697      693      117     1895        1        8       31
 3066.000000      933      933        1        0      933        0      683      681      111     1914        1       10       29
 3067.000000      924      924        1        0      924        0      695      694       96     1952        1       10       29
 3068.000000      919      919        1        0      919        0      689      688      104     1956        1        9       30
 3069.000000      926      926        1        0      926        0      707      704      100     1918        2        8       30
 3070.000000      920      920        1        0      920        0      695      695      107     1910        1        9       30
 3071.000000      909      909        1        0      909        0      694      689      115     1905        1       10       29
 3072.000000      922      922        1        0      922        0      691      690      111     1902        0       10       30
 3073.000000      932      932        1        0      932        0      697      697      106     1923        0       10       30
 3074.000000      922      922        1        0      922        0      711      711       88     1897        1       10       29
 3075.000000      931      931        1        0      931        0      704      701      113     1917        0       10       30
 3076.000000      947      947        1        0      947        0      709      709      101     1903        1       10       29
 3077.000000      923      923        1        0      923        0      685      683      123     1893        0       10       30
 3078.000000      933      933        1        0      933        0      702      701      110     1933        0       10       30
 3079.000000      909      909        1        0      909        0      706      705      107     1929        1       10       29
 3080.000000      913      913        1        0      913        0      700      700      101     1893        0       10       30
 3081.000000      924      924        1        0      924        0      694      692      114     1939        1       10       29
 3082.000000      905      905        1        0      905        0      701      699      115     1934        0       10       30
 3083.000000      904      904        1        0      904        0      709      708      110     1862        0       10       30
 3084.000000      914      914        1        0      914        0      683      682      111     1935        1        9       30
 3085.000000      916      916        1        0      916        0      711      710      101     1918        2        9       29
 3086.000000      903      903        1        0      903        0      702      701      106     1895        1       10       29
 3087.000000      922      922        1        0      922        0      707      705      106     1896        1       10       29
 3088.000000      918      918        1        0      918        0      705      704       98     1905        1        9       30
 3089.000000      902      902        1        0      902        0      689      687      118     1930        0       10       30
 3090.000000      910      910        1        0      910        0      698      697      100     1930        1       10       29
 3091.000000      916      916        1        0      916        0      716      716      106     1962        1       10       29
 3092.000000      917      917        1        0      917        0      693      691      116     1925        1       10       29
 3093.000000      933      933        1        0      933        0      714      713       83     1904        4        9       27
 3094.000000      910      910        1        0      910        0      712      710      100     1925        0       11       29
 3095.000000      918      918        1        0      918        0      703      702      103     1901        1       11       28
 3096.000000      901      901        1        0      901        0      700      698      125     1931        0       10       30
 3097.000000      911      911        1        0      911        0      713      711       97     1955        2       10       28
 3098.000000      911      911        1        0      911        0      713      712      116     1932        1        8       31
 3099.000000      904      904        1        0      904        0      710      709       99     1946        0       10       30
 3100.000000      914      914        1        0      914        0      723      723      109     1932        1       10       29
 3101.000000      912      912        1        0      912        0      716      715      115     1949        1       10       29
 3102.000000      933      933        1        0      933        0      706      705      109     1951        0       10       30
 3103.000000      918      918        1        0      918        0      710      710      129     1954        1       10       29
 3104.000000      921      921        1        0      921        0      701      699      117     1964        1       10       29
 3105.000000      919      919        1        0      919        0      715      714      112     1923        1       10       29
 3106.000000      922      922        1        0      922        0      710      707      110     1915        1       10       29
 3107.000000      936      936        1        0      936        0      702      701      105     1964        0       10       30
 3108.000000      947      947        1        0      947        0      703      700      105     1934        0       10       30
 3109.000000      920      920        1        0      920        0      702      702      112     1919        0       10       30
 3110.000000      917      917        1        0      917        0      702      701      109     1945        1       10       29
 3111.000000      916      916        1        0      916        0      702      699      101     1917        1       10       29
 3112.000000      929      929        1        0      929        0      714      711      106     1935        1       10       29
 3113.000000      906      906        1        0      906        0      700      700      104     1894        1       10       29
 3114.000000      914      914        1        0      914        0      705      703      102     1915        1       10       29
 3115.000000      915      915        1        0      915        0      699      698      109     1884        1       10       29
 3116.000000      906      906        1        0      906        0      705      705      108     1925        1        9       30
 3117.000000      897      897        1        0      897        0      696      696      104     1961        0        8       32
 3118.000000      917      917        1        0      917        0      707      707       94     1949        0        9       31
 3119.000000      915      915        1        0      915        0      723      721       95     1942        1        8       31
 3120.000000      925      925        1        0      925        0      709      706      112     1947        1       10       29
 3121.000000      920      920        1        0      920        0      718      716      109     1912        1       10       29
 3122.000000      911      911        1        0      911        0      717      715      110     1942        0       10       30
 3123.000000      905      905        1        0      905        0      713      710      103     1928        0       10       30
 3124.000000      912      912        1        0      912        0      707      705      115     1922        1       10       29
 3125.000000      925      925        1        0      925        0      729      728      100     1974        3        8       29
 3126.000000      913      913        1        0      913        0      712      712      106     2000        0       10       30
 3127.000000      912      912        1        0      912        0      699      698      104     1988        1       10       29
 3128.000000      919      919        1        0      919        0      709      708       99     1970        2        9       29
 3129.000000      923      923        1        0      923        0      710      707      108     1946        1       11       28
 3130.000000      908      908        1        0      908        0      703      701      108     1944        0       11       29
 3131.000000      906      906        1        0      906        0      717      714       99     1984        0       10       30
 3132.000000      919      919        1        0      919        0      713      713      111     1980        0       10       30
 3133.000000      936      936        1        0      936        0      724      723      110     1955        1       10       29
 3134.000000      918      918        1        0      918        0      733      729      101     1954        0       10       30
 3135.000000      914      914        1        0      914        0      723      723      102     1963        2        8       30
 3136.000000      922      922        1        0      922        0      722      721       98     1961        0       11       29
 3137.000000      910      910        1        0      910        0      717      713      112     1948        0       10       30
 3138.000000      926      926        1        0      926        0      716      714      105     1941        1        9       30
 3139.000000      918      918        1        0      918        0      711      709      120     1958        0       10       30
 3140.000000      927      927        1        0      927        0      714      712      105     2003        1        9       30
 3141.000000      933      933        1        0      933        0      715      713      111     1950        2        8       30
 3142.000000      937      937        1        0      937        0      712      708      105     1987        3        8       29
 3143.000000      937      937        1        0      937        0      704      701      105     1938        1       11       28
 3144.000000      937      937        1        0      937        0      712      709      109     1972        0       11       29
 3145.000000      933      933        1        0      933        0      707      707      103     1949        0       11       29
 3146.000000      911      911        1        0      911        0      706      706      104     1947        1       10       29
 3147.000000      953      953        1        0      953        0      720      719       96     1954        2       11       27
 3148.000000      909      909        1        0      909        0      714      713      103     1963        0       12       28
 3149.000000      938      938        1        0      938        0      720      718      105     1958        0       13       27
 3150.000000      930      930        1        0      930        0      710      708      114     1985        2        9       29
 3151.000000      922      922        1        0      922        0      702      701      116     1960        3        8       29
 3152.000000      949      949        1        0      949        0      723      721      106     1948        3        9       28
 3153.000000      946      946        1        0      946        0      710      708      110     1971        1       12       27
 3154.000000      929      929        1        0      929        0      706      706      109     1942        2       11       27
 3155.000000      915      915        1        0      915        0      724      723       97     1988        1       12       27
 3156.000000      938      938        1        0      938        0      728      727       99     1973        0       13       27
 3157.000000      931      931        1        0      931        0      706      706      106     2009        2       12       26
 3158.000000      915      915        1        0      915        0      709      708       97     1987        1       10       29
 3159.000000      927      927        1        0      927        0      707      705       93     1945        1       10       29
 3160.000000      930      930        1        0      930        0      717      715      102     1973        1       10       29
 3161.000000      943      943        1        0      943        0      718      718      101     1947        1       10       29
 3162.000000      934      934        1        0      934        0      720      718      105     1978        2        9       29
 3163.000000      944      944        1        0      944        0      710      709      104     1956        2       11       27
 3164.000000      931      931        1        0      931        0      724      723      110     1964        2        9       29
 3165.000000      954      954        1        0      954        0      721      721      100     1975        1       11       28
 3166.000000      925      925        1        0      925        0      723      722      102     1966        1       10       29
 3167.000000      925      925        1        0      925        0      717      716      102     1994        0       11       29
 3168.000000      923      923        1        0      923        0      726      723      101     1989        0       11       29
 3169.000000      923      923        1        0      923        0      719      718      104     1994        1       10       29
 3170.000000      930      930        1        0      930        0      715      713      103     1963        0       11       29
 3171.000000      918      918        1        0      918        0      725      724       96     1954        0       11       29
 3172.000000      932      932        1        0      932        0      721      717      103     1996        2        9       29
 3173.000000      931      931        1        0      931        0      724      722       95     1951        2       10       28
 3174.000000      908      908        1        0      908        0      700      698      118     1977        1        9       30
 3175.000000      920      920        1        0      920        0      705      704      103     1943        1       10       29
 3176.000000      919      919        1        0      919        0      713      711      107     1951        1       10       29
 3177.000000      939      939        1        0      939        0      707      707      104     1925        1       10       29
 3178.000000      937      937        1        0      937        0      710      708       95     1941        2        9       29
 3179.000000      939      939        1        0      939        0      731      729       96     1939        0        9       31
 3180.000000      932      932        1        0      932        0      744      743       84     1935        1        9       30
 3181.000000      946      946        1        0      946        0      721      720      100     1952        2        8       30
 3182.000000      933      933        1        0      933        0      731      730       96     1930        2        9       29
 3183.000000      935      935        1        0      935        0      712      709       97     1939        1        9       30
 3184.000000      926      926        1        0      926        0      715      711      103     1894        0        9       31
 3185.000000      930      930        1        0      930        0      718      716       98     1958        2        9       29
 3186.000000      937      937        1        0      937        0      714      710       97     1946        1        9       30
 3187.000000      928      928        1        0      928        0      722      719       96     1922        3        7       30
 3188.000000      914      914        1        0      914        0      727      726       97     1938        0        9       31
 3189.000000      919      919        1        0      919        0      713      710      100     1977        2        8       30
 3190.000000      916      916        1        0      916        0      711      707      105     1913        1        9       30
 3191.000000      916      916        1        0      916        0      724      722       95     1949        2        7       31
 3192.000000      939      939        1        0      939        0      730      729       90     1971        2       10       28
 3193.000000      919      919        1        0      919        0      712      709      109     1968        0       11       29
 3194.000000      939      939        1        0      939        0      715      713      112     1984        2        8       30
 3195.000000      913      913        1        0      913        0      707      704      105     1963        2        7       31
 3196.000000      918      918        1        0      918        0      721      719      103     1974        1        8       31
 3197.000000      938      938        1        0      938        0      723      721      105     1960        1        9       30
 3198.000000      920      920        1        0      920        0      706      705      104     1941        1        8       31
 3199.000000      937      937        1        0      937        0      736      735      104     1998        1        9       30
 3200.000000      949      949        1        0      949        0      731      730      101     1972        1        9       30
 3201.000000      947      947        1        0      947        0      735      734       92     1967        2        9       29
 3202.000000      911      911        1        0      911        0      731      731       97     1957        1       10       29
 3203.000000      922      922        1        0      922        0      734      732       97     1953        2        7       31
 3204.000000      918      918        1        0      918        0      734      730       94     1934        2        7       31
 3205.000000      928      928        1        0      928        0      733      733      104     1956        1        8       31
 3206.000000      909      909        1        0      909        0      723      721      112     1956        0        9       31
 3207.000000      927      927        1        0      927        0      721      720      109     1949        2       10       28
 3208.000000      930      930        1        0      930        0      730      727      100     1975        2        8       30
 3209.000000      903      903        1        0      903        0      722      719      105     1957        0       10       30
 3210.000000      922      922        1        0      922        0      710      706      121     1984        0       11       29
 3211.000000      926      926        1        0      926        0      726      726       98     1980        1       10       29
 3212.000000      915      915        1        0      915        0      724      723      102     1977        0       12       28
 3213.000000      919      919        1        0      919        0      727      724      110     1968        0       11       29
 3214.000000      934      934        1        0      934        0      724      724      115     1964        0       12       28
 3215.000000      914      914        1        0      914        0      717      712      112     1961        1        9       30
 3216.000000      933      921        2        0      933        0      719      718       92     1939        1       11       28
 3217.000000      928      916        2        0      928        0      731      728      103     2006        0       12       28
 3218.000000      916      916        1        0      916        0      717      713      104     1965        1        9       30
 3219.000000      925      925        1        0      925        0      733      731      110     1952        1       10       29
 3220.000000      919      919        1        0      919        0      727      725       92     1968        0       11       29
 3221.000000      917      917        1        0      917        0      742      742       95     1953        1        9       30
 3222.000000      919      919        1        0      919        0      729      728       96     2003        2       10       28
 3223.000000      916      916        1        0      916        0      734      734      101     1976        0       12       28
 3224.000000      923      923        1        0      923        0      735      731       97     1958        1       10       29
 3225.000000      926      926        1        0      926        0      728      728       93     1979        1       10       29
 3226.000000      920      920        1        0      920        0      739      735       91     1961        1        9       30
 3227.000000      925      925        1        0      925        0      726      719      121     1966        1       12       27
 3228.000000      925      925        1        0      925        0      730      723      103     1959        3        7       30
 3229.000000      933      933        1        0      933        0      723      723       96     2001        0       11       29
 3230.000000      917      917        1        0      917        0      716      709      114     1973        1        8       31
 3231.000000      918      918        1        0      918        0      741      739       95     1951        0        9       31
 3232.000000      915      915        1        0      915        0      731      730       96     1955        1        8       31
 3233.000000      910      910        1        0      910        0      725      723      108     1956        0        9       31
 3234.000000      943      943        1        0      943        0      725      722      104     1974        1       10       29
 3235.000000      914      914        1        0      914        0      727      725      101     1963        1        8       31
 3236.000000      921      921        1        0      921        0      731      729       99     1942        2        7       31
 3237.000000      907      907        1        0      907        0      728      728       99     1952        0        8       32
 3238.000000      925      925        1        0      925        0      728      727       91     1958        1        8       31
 3239.000000      932      932        1        0      932        0      738      732      104     1975        1       10       29
 3240.000000      930      930        1        0      930        0      733      732      115     1961        1        8       31
 3241.000000      930      930        1        0      930        0      715      713      119     1979        0        9       31
 3242.000000      917      917        1        0      917        0      731      729       97     1962        0        8       32
 3243.000000      922      922        1        0      922        0      722      720      104     1975        1        9       30
 3244.000000      925      925        1        0      925        0      731      729       98     1971        1        8       31
 3245.000000      930      930        1        0      930        0      730      728      108     1966        0       12       28
 3246.000000      928      928        1        0      928        0      742      739       89     2019        1        8       31
 3247.000000      922      922        1        0      922        0      742      736       91     1979        1       11       28
 3248.000000      925      925        1        0      925        0      730      729      106     1964        0       10       30
 3249.000000      909      909        1        0      909        0      723      722       93     1937        0        8       32
 3250.000000      913      913        1        0      913        0      731      729       92     1958        0        9       31
 3251.000000      915      915        1        0      915        0      749      746      105     1955        0        8       32
 3252.000000      935      935        1        0      935        0      742      739       97     1946        0       10       30
 3253.000000      946      946        1        0      946        0      736      733      101     1963        0       13       27
 3254.000000      950      950        1        0      950        0      725      724      113     1971        2       11       27
 3255.000000      937      937        1        0      937        0      741      740       98     2000        0       13       27
 3256.000000      929      929        1        0      929        0      737      735      105     1976        0       12       28
 3257.000000      936      936        1        0      936        0      738      735      102     1970        2        9       29
 3258.000000      925      925        1        0      925        0      740      740       92     1986        1        8       31
 3259.000000      937      937        1        0      937        0      726      725       96     1941        3        6       31
 3260.000000      928      928        1        0      928        0      728      725       98     1983        0       10       30
 3261.000000      930      930        1        0      930        0      723      720      110     1953        1        9       30
 3262.000000      921      921        1        0      921        0      722      721       95     1934        0       10       30
 3263.000000      931      931        1        0      931        0      728      726       92     1960        1        9       30
 3264.000000      911      911        1        0      911        0      719      715      101     1959        1        9       30
 3265.000000      918      918        1        0      918        0      728      726       96     1942        1        9       30
 3266.000000      929      929        1        0      929        0      724      723      102     1941        1        9       30
 3267.000000      914      914        1        0      914        0      730      729      108     1972        0        9       31
 3268.000000      918      918        1        0      918        0      722      720      105     1960        0        9       31
 3269.000000      927      927        1        0      927        0      726      723      100     1938        0        9       31
 3270.000000      934      934        1        0      934        0      725      725       95     1963        1       10       29
 3271.000000      939      939        1        0      939        0      741      740       95     1954        1        9       30
 3272.000000      926      926        1        0      926        0      753      751       87     1953        0        9       31
 3273.000000      939      939        1        0      939        0      753      752       93     1986        0       10       30
 3274.000000      929      929        1        0      929        0      739      739      101     1955        1        9       30
 3275.000000      918      918        1        0      918        0      741      740       95     1958        0        8       32
 3276.000000      929      929        1        0      929        0      738      737      101     2005        1        8       31
 3277.000000      931      931        1        0      931        0      734      733       96     1986        2        7       31
 3278.000000      948      948        1        0      948        0      732      731       87     1984        2        8       30
 3279.000000      925      925        1        0      925        0      735      733       87     1991        0        9       31
 3280.000000      926      926        1        0      926        0      726      724      102     1965        1        8       31
 3281.000000      927      927        1        0      927        0      725      725       88     1978        1        9       30
 3282.000000      921      921        1        0      921        0      726      724       88     1973        2        8       30
 3283.000000      937      937        1        0      937        0      729      729       94     2001        2        8       30
 3284.000000      924      924        1        0      924        0      732      732       97     1994        1        9       30
 3285.000000      927      927        1        0      927        0      730      728      102     1986        2        9       29
 3286.000000      918      918        1        0      918        0      723      721      110     1923        0       10       30
 3287.000000      928      928        1        0      928        0      725      725      105     1996        1        9       30
 3288.000000      918      918        1        0      918        0      725      723      103     1953        0       10       30
 3289.000000      919      919        1        0      919        0      711      710      114     1971        1       10       29
 3290.000000      939      939        1        0      939        0      742      738       92     1966        0       11       29
 3291.000000      925      925        1        0      925        0      723      722      103     1961        0       10       30
 3292.000000      936      936        1        0      936        0      726      725      109     2001        1       11       28
 3293.000000      922      922        1        0      922        0      735      732       89     1985        1       10       29
 3294.000000      908      908        1        0      908        0      736      734       88     1913        0        9       31
 3295.000000      932      932        1        0      932        0      737      736       98     1978        1        9       30
 3296.000000      925      925        1        0      925        0      741      739      103     1973        1        9       30
 3297.000000      923      923        1        0      923        0      742      740       87     1965        0       11       29
 3298.000000      938      938        1        0      938        0      731      731       92     1972        1       10       29
 3299.000000      929      929        1        0      929        0      742      739       91     1976        2       10       28
 3300.000000      945      945        1        0      945        0      739      737       93     1952        1       11       28
 3301.000000      912      912        1        0      912        0      733      732      103     1933        0       11       29
 3302.000000      930      930        1        0      930        0      741      741       94     1977        0       12       28
 3303.000000      935      935        1        0      935        0      737      737       97     1959        1       11       28
 3304.000000      933      933        1        0      933        0      737      736       98     1969        2        9       29
 3305.000000      924      924        1        0      924        0      740      739       85     1968        1       10       29
 3306.000000      922      922        1        0      922        0      723      721      108     1963        1       10       29
 3307.000000      945      945        1        0      945        0      725      724       99     1974        2       11       27
 3308.000000      922      922        1        0      922        0      730      729      104     1985        2        8       30
 3309.000000      925      925        1        0      925        0      727      727       93     2000        2        9       29
 3310.000000      927      927        1        0      927        0      736      736       98     1986        0       12       28
 3311.000000      932      932        1        0      932        0      731      731      100     1968        1       11       28
 3312.000000      935      922        2        0      935        0      717      715      106     1946        0       13       27
 3313.000000      924      924        1        0      924        0      727      726       96     1956        1        9       30
 3314.000000      929      929        1        0      929        0      722      721       99     1967        2        9       29
 3315.000000      924      924        1        0      924        0      735      734       93     1936        1       11       28
 3316.000000      929      929        1        0      929        0      730      729      105     1972        1        9       30
 3317.000000      925      925        1        0      925        0      724      724      109     1957        0       12       28
 3318.000000      920      920        1        0      920        0      721      720      102     1958        2        9       29
 3319.000000      921      921        1        0      921        0      722      721       98     1913        0       11       29
 3320.000000      923      923        1        0      923        0      718      716       95     1957        0       13       27
 3321.000000      932      932        1        0      932        0      727      726       91     1942        1        9       30
 3322.000000      928      928        1        0      928        0      722      719       98     1927        0       10       30
 3323.000000      923      923        1        0      923        0      724      722      105     1982        1        9       30
 3324.000000      945      945        1        0      945        0      744      743       79     1974        0       12       28
 3325.000000      934      934        1        0      934        0      728      727       86     1952        3        8       29
 3326.000000      921      921        1        0      921        0      722      721      103     1934        0       10       30
 3327.000000      927      927        1        0      927        0      724      722       88     1940        0       10       30
 3328.000000      926      926        1        0      926        0      731      731       85     1907        0       13       27
 3329.000000      931      931        1        0      931        0      720      717      100     1948        2        9       29
 3330.000000      935      935        1        0      935        0      730      728      107     1930        0        8       32
 3331.000000      928      928        1        0      928        0      723      721       85     1954        0       11       29
 3332.000000      923      923        1        0      923        0      733      733       92     1919        0       11       29
 3333.000000      915      915        1        0      915        0      718      715      102     1917        0       10       30
 3334.000000      918      918        1        0      918        0      719      716      103     1917        0       10       30
 3335.000000      936      936        1        0      936        0      721      720       95     1935        0       10       30
 3336.000000      943      943        1        0      943        0      711      709      104     1899        0       11       29
 3337.000000      933      933        1        0      933        0      727      725       93     1941        1        9       30
 3338.000000      931      931        1        0      931        0      736      736      100     1949        1       11       28
 3339.000000      934      934        1        0      934        0      749      748       91     1956        0       10       30
 3340.000000      939      939        1        0      939        0      735      732      104     1929        1        9       30
 3341.000000      953      953        1        0      953        0      741      741       95     1986        0       10       30
 3342.000000      942      942        1        0      942        0      722      721      114     1924        1       10       29
 3343.000000      937      937        1        0      937        0      738      737       93     1941        0       10       30
 3344.000000      943      943        1        0      943        0      755      753       86     1972        1        7       32
 3345.000000      928      928        1        0      928        0      741      740       95     1944        1       10       29
 3346.000000      930      930        1        0      930        0      744      743      102     1969        0        9       31
 3347.000000      934      934        1        0      934        0      733      733       99     1934        0       11       29
 3348.000000      938      938        1        0      938        0      717      716      115     1980        0       11       29
 3349.000000      932      932        1        0      932        0      730      727       96     2001        0       11       29
 3350.000000      960      960        1        0      960        0      725      722      103     1953        1       13       26
 3351.000000      924      924        1        0      924        0      721      721       98     1941        1        8       31
 3352.000000      939      939        1        0      939        0      731      730      102     1927        0       11       29
 3353.000000      929      929        1        0      929        0      742      741       92     1939        1       10       29
 3354.000000      942      942        1        0      942        0      732      729      103     1973        0        9       31
 3355.000000      962      962        1        0      962        0      739      738      106     1978        1        9       30
 3356.000000      951      951        1        0      951        0      755      754      106     2007        0        9       31
 3357.000000      954      954        1        0      954        0      753      752      102     1962        0       10       30
 3358.000000      947      947        1        0      947        0      747      747       99     1967        0       10       30
 3359.000000      949      949        1        0      949        0      746      746       90     1975        0       11       29
 3360.000000      945      945        1        0      945        0      743      743       97     1976        0       11       29
 3361.000000      951      951        1        0      951        0      750      750       95     1976        1       10       29
 3362.000000      948      948        1        0      948        0      743      740      106     2010        0       11       29
 3363.000000      943      943        1        0      943        0      755      755       91     1958        0       10       30
 3364.000000      947      947        1        0      947        0      749      749       97     2001        0       10       30
 3365.000000      948      948        1        0      948        0      734      732       92     1985        0       11       29
 3366.000000      948      948        1        0      948        0      737      735      103     2019        1       11       28
 3367.000000      951      951        1        0      951        0      711      709      118     1949        1       13       26
 3368.000000      944      944        1        0      944        0      733      732      103     1995        0       11       29
 3369.000000      946      946        1        0      946        0      736      736       97     1977        0       11       29
 3370.000000      936      936        1        0      936        0      733      732      103     1974        0       11       29
 3371.000000      960      948        2        0      960        0      726      725      103     1967        1       14       25
 3372.000000      948      948        1        0      948        0      735      732       97     1977        0       10       30
 3373.000000      936      936        1        0      936        0      737      736       96     1989        0       10       30
 3374.000000      932      932        1        0      932        0      751      748       96     1973        1       11       28
 3375.000000      934      934        1        0      934        0      733      731       99     1963        0       11       29
 3376.000000      930      930        1        0      930        0      730      727      103     1930        1       10       29
 3377.000000      932      932        1        0      932        0      722      722      104     1955        0       12       28
 3378.000000      931      931        1        0      931        0      728      727      105     1957        0       11       29
 3379.000000      949      949        1        0      949        0      738      736      102     1977        1       11       28
 3380.000000      926      926        1        0      926        0      742      742       87     1946        0       10       30
 3381.000000      938      938        1        0      938        0      747      747       95     1929        1       10       29
 3382.000000      938      938        1        0      938        0      719      719      104     1988        1       10       29
 3383.000000      931      931        1        0      931        0      729      728       97     1968        1       10       29
 3384.000000      934      934        1        0      934        0      732      732       87     1958        1       10       29
 3385.000000      928      928        1        0      928        0      732      732       85     1961        1       10       29
 3386.000000      937      937        1        0      937        0      720      718       97     1935        1       11       28
 3387.000000      958      958        1        0      958        0      720      720      108     1932        1       12       27
 3388.000000      940      940        1        0      940        0      725      723      101     1932        1       10       29
 3389.000000      943      943        1        0      943        0      736      735       88     1941        0       10       30
 3390.000000      939      939        1        0      939        0      724      722       90     1968        0        9       31
 3391.000000      933      933        1        0      933        0      729      729      100     1953        0        9       31
 3392.000000      930      930        1        0      930        0      730      728      106     1957        0        9       31
 3393.000000      946      946        1        0      946        0      737      736       89     2004        1        8       31
 3394.000000      941      941        1        0      941        0      739      739       92     1974        1       10       29
 3395.000000      930      930        1        0      930        0      736      736       92     1942        0        9       31
 3396.000000      959      959        1        0      959        0      736      736      110     1984        2       10       28
 3397.000000      948      948        1        0      948        0      731      728       98     2005        0       11       29
 3398.000000      955      943        2        0      955        0      728      728       88     1967        1       15       24
 3399.000000      951      951        1        0      951        0      727      726       97     1984        0       13       27
 3400.000000      949      949        1        0      949        0      735      733       92     1988        1       10       29
 3401.000000      935      935        1        0      935        0      723      722       87     1927        0       13       27
 3402.000000      939      939        1        0      939        0      703      703      103     1949        1       11       28
 3403.000000      929      929        1        0      929        0      702      699      107     1936        0        9       31
 3404.000000      942      942        1        0      942        0      717      717       97     1944        0       11       29
 3405.000000      929      929        1        0      929        0      712      712       99     1940        0       11       29
 3406.000000      940      940        1        0      940        0      720      719       99     1981        0       11       29
 3407.000000      941      941        1        0      941        0      716      713       95     1942        1       10       29
 3408.000000      918      918        1        0      918        0      706      703      100     1946        0        9       31
 3409.000000      927      927        1        0      927        0      712      709      106     1962        0       10       30
 3410.000000      946      946        1        0      946        0      698      695      106     1925        2       10       28
 3411.000000      908      908        1        0      908        0      695      689      102     1954        0       11       29
 3412.000000      912      912        1        0      912        0      718      714      117     1928        0        9       31
 3413.000000      912      912        1        0      912        0      699      697      108     1968        0        9       31
 3414.000000      911      911        1        0      911        0      707      705      116     1979        0       10       30
 3415.000000      919      919        1        0      919        0      707      705      103     1945        0       10       30
 3416.000000      918      918        1        0      918        0      713      709      109     1971        0       11       29
 3417.000000      918      918        1        0      918        0      715      713      101     1981        1        9       30
 3418.000000      907      907        1        0      907        0      716      712      103     1920        0        9       31
 3419.000000      915      915        1        9      901        5      716      714      104     1937        0       11       29
 3420.000000      906      906        1        0      906        0      706      703       94     1920        0        8       32
 3421.000000      901      901        1        0      901        0      706      706      102     1956        0       10       30
 3422.000000      915      915        1        0      915        0      713      712       95     1985        0       10       30
 3423.000000      928      928        1        0      928        0      690      687      111     1960        0       11       29
 3424.000000      916      916        1        0      916        0      719      715       97     1973        0        9       31
 3425.000000      925      925        1        0      925        0      701      700      102     1949        0       12       28
 3426.000000      929      929        1        0      929        0      702      700       96     1956        0       11       29
 3427.000000      906      906        1        0      906        0      702      699      107     1947        0        9       31
 3428.000000      925      925        1        0      925        0      696      694      116     1969        0       11       29
 3429.000000      942      942        1        0      942        0      703      702      111     1974        1       11       28
 3430.000000      934      934        1        0      934        0      702      702      100     1962        0        9       31
 3431.000000      923      923        1        0      923        0      709      704      102     1970        0       10       30
 3432.000000      933      933        1        0      933        0      720      720       94     1957        1       10       29
 3433.000000      933      933        1        0      933        0      712      710       92     1970        0       12       28
 3434.000000      918      918        1        0      918        0      705      702       96     1943        1        9       30
 3435.000000      923      923        1        0      923        0      707      704      112     1935        1        9       30
 3436.000000      932      932        1        0      932        0      697      696      105     1932        1       11       28
 3437.000000      917      917        1        0      917        0      714      713       87     1931        0       11       29
 3438.000000      937      937        1        0      937        0      707      706       94     1971        1       11       28
 3439.000000      910      910        1        0      910        0      716      716      100     1961        1       10       29
 3440.000000      924      924        1        0      924        0      709      707      100     1959        2        9       29
 3441.000000      948      948        1        0      948        0      711      711      104     1990        2        9       29
 3442.000000      920      920        1        0      920        0      719      718      107     1990        2        8       30
 3443.000000      914      914        1        0      914        0      727      725       99     1944        0        9       31
 3444.000000      915      915        1        0      915        0      715      711       96     1973        2        7       31
 3445.000000      923      923        1        0      923        0      716      716       92     1916        1        9       30
 3446.000000      906      906        1        0      906        0      711      708       99     1937        1        8       31
 3447.000000      908      908        1        0      908        0      722      720       93     1942        1        8       31
 3448.000000      903      903        1        0      903        0      728      727      101     1927        0        9       31
 3449.000000      928      928        1        0      928        0      733      731       95     1968        1        8       31
 3450.000000      925      925        1        0      925        0      727      725      107     1953        0       10       30
 3451.000000      916      916        1        0      916        0      710      709      100     2013        1        9       30
 3452.000000      919      919        1        0      919        0      726      723       94     1918        1        8       31
 3453.000000      916      916        1        0      916        0      728      724       88     1950        1        8       31
 3454.000000      906      906        1        0      906        0      714      712      103     1925        0        8       32
 3455.000000      910      910        1        0      910        0      715      714       93     1932        0        9       31
 3456.000000      922      922        1        0      922        0      728      728      103     1986        1        7       32
 3457.000000      906      906        1        0      906        0      710      709       99     1936        0        8       32
 3458.000000      913      913        1        0      913        0      728      728       91     1918        0        8       32
 3459.000000      919      919        1        0      919        0      735      733       97     1944        1        8       31
 3460.000000      917      917        1        0      917        0      724      723      109     1952        2        9       29
 3461.000000      907      907        1        0      907        0      720      716      100     1932        0        9       31
 3462.000000      907      907        1        0      907        0      736      733       97     1929        0        8       32
 3463.000000      913      913        1        0      913        0      715      714      101     1964        0        9       31
 3464.000000      917      917        1        0      917        0      730      728      107     1916        1        9       30
 3465.000000      920      920        1        0      920        0      713      711      105     1916        0        8       32
 3466.000000      922      922        1        0      922        0      700      700      106     1935        2        6       32
 3467.000000      919      919        1        0      919        0      716      715      108     1926        1        7       32
 3468.000000      914      914        1        0      914        0      718      716      105     1932        1        7       32
 3469.000000      910      910        1        0      910        0      720      716      103     1951        0        8       32
 3470.000000      924      924        1        0      924        0      715      709      110     1933        1        8       31
 3471.000000      920      920        1        0      920        0      716      710      104     1934        0        8       32
 3472.000000      929      917        2        0      929        0      704      703      114     1916        2        9       29
 3473.000000      912      912        1        0      912        0      696      693      116     1931        0        7       33
 3474.000000      932      932        1        0      932        0      696      692      122     1900        2        9       29
 3475.000000      926      926        1        0      926        0      715      713      111     1885        2        7       31
 3476.000000      926      926        1        0      926        0      716      712      111     1913        2        6       32
 3477.000000      904      904        1        0      904        0      706      704      108     1913        2        6       32
 3478.000000      913      913        1        0      913        0      714      713      107     1945        1        7       32
 3479.000000      897      897        1        0      897        0      707      705      101     1944        0        7       33
 3480.000000      901      901        1        0      901        0      703      702      101     1942        2        6       32
 3481.000000      905      905        1        0      905        0      697      693      109     1957        1        7       32
 3482.000000      939      913        2        0      939        0      700      699      100     1934        1       12       27
 3483.000000      908      908        1        0      908        0      705      703       94     1972        0        9       31
 3484.000000      910      910        1        0      910        0      711      706      103     1965        1        7       32
 3485.000000      908      908        1        0      908        0      706      705      109     1957        2        6       32
 3486.000000      893      893        1        0      893        0      705      703      118     1905        0        8       32
 3487.000000      893      893        1        0      893        0      702      700      109     1945        1        7       32
 3488.000000      875      875        1        0      875        0      706      704      106     1930        0        7       33
 3489.000000      887      887        1        0      887        0      712      711      108     1953        0        8       32
 3490.000000      908      908        1        0      908        0      685      685      109     1971        1       10       29
 3491.000000      886      886        1        0      886        0      701      698      111     1915        0        8       32
 3492.000000      902      902        1        0      902        0      716      712      113     1969        2        7       31
 3493.000000      924      924        1        0      924        0      714      714      110     1938        2        8       30
 3494.000000      897      897        1        0      897        0      706      706      114     1961        0        9       31
 3495.000000      917      917        1        0      917        0      719      717      100     1933        2        8       30
 3496.000000      899      899        1        0      899        0      710      707      110     2007        0        9       31
 3497.000000      907      907        1        0      907        0      703      700      107     1929        1        9       30
 3498.000000      904      904        1        0      904        0      711      708      117     1913        1        8       31
 3499.000000      920      905        2       15      905        0      702      700      111     1948        1       11       28
 3500.000000      909      909        1        0      909        0      710      710      111     1974        0       11       29
 3501.000000      901      901        1        0      901        0      710      709       98     1955        1        8       31
 3502.000000      917      917        1        0      917        0      713      712      102     1968        1        9       30
 3503.000000      906      906        1        0      906        0      709      705      107     1920        1        8       31
 3504.000000      916      916        1        0      916        0      712      710      107     1923        1        8       31
 3505.000000      913      913        1        0      913        0      708      707       99     1953        1        9       30
 3506.000000      919      919        1        0      919        0      707      707      102     1941        2        9       29
 3507.000000      906      906        1        0      906        0      710      705      104     1975        1        8       31
 3508.000000      928      928        1        0      928        0      712      710      100     1957        1       14       25
 3509.000000      922      922        1        0      922        0      700      698      120     1943        1        8       31
 3510.000000      927      927        1        0      927        0      701      699      103     1960        2        9       29
 3511.000000      911      911        1        0      911        0      719      717      101     1987        2        8       30
 3512.000000      909      909        1        7      895        7      711      705      105     1928        1        9       30
 3513.000000      906      906        1        0      906        0      706      704      108     1945        1       10       29
 3514.000000      913      913        1        0      913        0      702      700      114     1927        2        8       30
 3515.000000      922      922        1        0      922        0      703      701      114     1915        2        9       29
 3516.000000      900      900        1        0      900        0      700      699      114     1918        2        8       30
 3517.000000      929      929        1        0      929        0      696      694      104     1956        1       13       26
 3518.000000      913      913        1        0      913        0      699      698      112     1932        1       11       28
 3519.000000      916      916        1        0      916        0      686      683      115     1939        1       10       29
 3520.000000      918      918        1        0      918        0      693      690      107     1926        0       11       29
 3521.000000      910      910        1        0      910        0      696      691      108     1935        1        9       30
 3522.000000      914      914        1        0      914        0      683      680      112     1906        1       10       29
 3523.000000      910      910        1        0      910        0      695      687      114     1883        1       10       29
 3524.000000      922      922        1        0      922        0      694      690      107     1935        2        9       29
 3525.000000      938      938        1        0      938        0      701      697      118     1937        1       10       29
 3526.000000      915      915        1        0      915        0      716      714      112     1933        0       11       29
 3527.000000      927      927        1        0      927        0      685      684      117     1946        1       11       28
 3528.000000      936      936        1        0      936        0      695      693      104     1955        0       13       27
 3529.000000      924      924        1        0      924        0      699      696      105     1907        1        9       30
 3530.000000      904      904        1        0      904        0      700      698      115     1881        2        8       30
 3531.000000      910      910        1        0      910        0      707      702      116     1953        0       10       30
 3532.000000      920      920        1        0      920        0      700      696      105     1908        2        9       29
 3533.000000      944      929        2       15      929        0      705      702      101     1937        2       11       27
 3534.000000      934      920        2       14      920        0      693      692      105     1919        2       11       27
 3535.000000      917      917        1        0      917        0      704      702      104     1906        1       11       28
 3536.000000      930      918        2        0      930        0      684      680      110     1936        2       10       28
 3537.000000      937      937        1        0      937        0      698      693      112     1895        1       12       27
 3538.000000      920      920        1        0      920        0      695      691      109     1922        1       10       29
 3539.000000      906      894        2        0      906        0      699      698      100     1895        2        8       30
 3540.000000      915      915        1        0      915        0      696      695      108     1917        2        8       30
 3541.000000      894      894        1        0      894        0      712      711      106     1892        2        6       32
 3542.000000      911      911        1        0      911        0      699      696      107     1946        1        9       30
 3543.000000      906      906        1        0      906        0      698      694      117     1903        2        8       30
 3544.000000      907      907        1        0      907        0      706      704      105     1966        0       10       30
 3545.000000      932      920        2        0      932        0      681      677      121     1919        1       13       26
 3546.000000      896      896        1        0      896        0      689      689      108     1926        1        7       32
 3547.000000      914      914        1        0      914        0      696      696      113     1900        2        9       29
 3548.000000      910      898        2        0      910        0      690      689      112     1941        1        9       30
 3549.000000      894      894        1        0      894        0      713      711       97     1889        1        7       32
 3550.000000      892      892        1        0      892        0      700      697      100     1913        2        6       32
 3551.000000      911      911        1        9      895        7      706      702      108     1924        1        8       31
 3552.000000      914      914        1        0      914        0      688      687      105     1930        2        8       30
 3553.000000      919      919        1        0      919        0      694      694      102     1936        2        8       30
 3554.000000      916      916        1        0      916        0      691      688      118     1900        0       11       29
 3555.000000      926      926        1        0      926        0      686      684      105     1898        1       10       29
 3556.000000      906      906        1        0      906        0      690      687      124     1927        0       13       27
 3557.000000      899      899        1        0      899        0      682      681      115     1889        0       11       29
 3558.000000      893      893        1        0      893        0      686      683      111     1877        0        9       31
 3559.000000      915      915        1        0      915        0      697      695       96     1919        1       10       29
 3560.000000      909      909        1        0      909        0      693      691      110     1949        1       10       29
 3561.000000      912      912        1        0      912        0      697      697      114     1923        1       10       29
 3562.000000      907      907        1        0      907        0      710      710      105     1921        0       10       30
 3563.000000      910      910        1        0      910        0      705      702      111     1914        0       10       30
 3564.000000      895      895        1        0      895        0      695      688      109     1895        1        8       31
 3565.000000      902      902        1        0      902        0      705      700      108     1889        1        6       33
 3566.000000      912      912        1        0      912        0      695      690      121     1925        1        8       31
 3567.000000      896      896        1        0      896        0      714      711       95     1923        0        9       31
 3568.000000      893      893        1        0      893        0      686      686      101     1934        2        5       33
 3569.000000      911      911        1        0      911        0      704      701      106     1964        2        7       31
 3570.000000      901      901        1        0      901        0      702      698      110     1927        1        7       32
 3571.000000      878      878        1        0      878        0      694      691      104     1936        0        7       33
 3572.000000      876      876        1        0      876        0      692      690      102     1911        0        7       33
 3573.000000      895      895        1        0      895        0      690      687      106     1944        1        8       31
 3574.000000      892      892        1        0      892        0      697      696      100     1940        1        9       30
 3575.000000      881      881        1        0      881        0      701      699      110     1914        0        9       31
 3576.000000      884      884        1        0      884        0      704      699      105     1893        0        9       31
 3577.000000      894      894        1        0      894        0      693      691      105     1915        2        7       31
 3578.000000      889      889        1        0      889        0      710      709      102     1924        1        8       31
 3579.000000      894      894        1        0      894        0      704      702      100     1921        1        8       31
 3580.000000      901      901        1        0      901        0      698      694      103     1928        1        8       31
 3581.000000      918      918        1        0      918        0      685      683      112     1911        0       10       30
 3582.000000      891      891        1        0      891        0      704      702      105     1950        0        9       31
 3583.000000      912      912        1        0      912        0      698      694       95     1939        2        7       31
 3584.000000      907      907        1        0      907        0      709      706       94     1909        1       10       29
 3585.000000      901      901        1        0      901        0      685      681      110     1936        1        8       31
 3586.000000      918      918        1        0      918        0      710      706      105     1929        1        9       30
 3587.000000      900      900        1        0      900        0      715      713       96     1938        1        8       31
 3588.000000      886      886        1        0      886        0      699      697      105     1889        1        8       31
 3589.000000      908      908        1        0      908        0      704      703       98     1940        1       10       29
 3590.000000      893      893        1        0      893        0      698      694      108     1935        1        8       31
 3591.000000      914      914        1        0      914        0      691      685      112     1932        3        9       28
 3592.000000      903      903        1        0      903        0      700      696      114     1934        0        9       31
 3593.000000      886      886        1        0      886        0      696      690      109     1902        0        9       31
 3594.000000      902      902        1        0      902        0      707      703      110     1925        0        9       31
 3595.000000      897      897        1        0      897        0      696      692      112     1919        0       10       30
 3596.000000      898      898        1        0      898        0      694      692      102     1932        2        7       31
 3597.000000      885      885        1        0      885        0      708      705      103     1938        0        9       31
 3598.000000      879      879        1        0      879        0      699      696      109     1885        2        7       31
 3599.000000      882      882        1       14      868        0      695      692       99     1915        0       10       30
 3600.000000      872      872        1        0      872        0      699      697      104     1912        0        9       31
 3601.000000      891      891        1        0      891        0      696      694      111     1918        1        9       30
 3602.000000      872      872        1        0      872        0      687      684      111     1910        1        8       31
 3603.000000      873      873        1        0      873        0      702      700      108     1900        1        9       30
 3604.000000      877      877        1        0      877        0      700      697       97     1921        2        7       31
 3605.000000      868      868        1        0      868        0      688      686      107     1925        1        8       31
 3606.000000      889      889        1        0      889        0      690      687      104     1938        3        8       29
 3607.000000      882      882        1        0      882        0      700      697      101     1935        0       10       30
 3608.000000      889      875        2        0      889        0      693      691      111     1907        1        9       30
 3609.000000      885      873        2        0      885        0      703      702       93     1908        1        8       31
 3610.000000      879      879        1        0      879        0      711      710       96     1908        2        7       31
 3611.000000      871      871        1        0      871        0      708      708      104     1903        0        9       31
 3612.000000      864      864        1        0      864        0      689      684      108     1906        0        8       32
 3613.000000      880      880        1        0      880        0      692      691      105     1896        1        8       31
 3614.000000      876      876        1        0      876        0      709      706       89     1947        1        8       31
 3615.000000      915      915        1        0      915        0      709      704      101     1950        1        8       31
 3616.000000      874      874        1        0      874        0      685      683      117     1917        1        7       32
 3617.000000      891      891        1        0      891        0      707      706       99     1925        1        9       30
 3618.000000      868      868        1        0      868        0      692      691      102     1951        0        8       32
 3619.000000      872      872        1        0      872        0      687      687      103     1963        0        9       31
 3620.000000      880      880        1        0      880        0      701      700      103     1938        0        9       31
 3621.000000      917      917        1        0      917        0      700      697      115     1972        2        9       29
 3622.000000      918      918        1        0      918        0      699      697      105     1969        1        8       31
 3623.000000      903      903        1        0      903        0      711      711      112     1973        1       10       29
 3624.000000      897      897        1        0      897        0      699      697      104     1945        1        9       30
 3625.000000      886      886        1        0      886        0      686      685      108     1909        1        9       30
 3626.000000      927      927        1        0      927        0      689      687      113     1970        2        8       30
 3627.000000      883      883        1        0      883        0      687      687      106     1900        0       10       30
 3628.000000      911      911        1        0      911        0      684      680      113     1932        0       10       30
 3629.000000      896      896        1        0      896        0      676      674      111     1902        1        9       30
 3630.000000      911      911        1        0      911        0      692      691       97     1954        2        7       31
 3631.000000      908      908        1        0      908        0      690      687      101     1944        2        8       30
 3632.000000      907      907        1        0      907        0      694      691      106     1944        1        9       30
 3633.000000      905      905        1        0      905        0      698      695      101     1919        0       12       28
 3634.000000      914      914        1        0      914        0      703      702       97     1922        2       11       27
 3635.000000      898      898        1        0      898        0      678      677      112     1914        1       10       29
 3636.000000      905      905        1        0      905        0      695      692      112     1917        1       10       29
 3637.000000      897      897        1        0      897        0      692      690      109     1929        1       10       29
 3638.000000      905      905        1        0      905        0      705      704      100     1987        1       10       29
 3639.000000      933      933        1        0      933        0      713      711       95     1957        2       10       28
 3640.000000      920      920        1        0      920        0      705      704      107     1936        1       11       28
 3641.000000      915      915        1        0      915        0      706      704      113     1911        1        9       30
 3642.000000      912      912        1        0      912        0      698      696      105     1920        2        9       29
 3643.000000      908      908        1        0      908        0      717      712      112     1945        0        9       31
 3644.000000      918      918        1        0      918        0      721      721      101     1915        2        8       30
 3645.000000      916      916        1        0      916        0      712      710      108     1948        1        9       30
 3646.000000      911      911        1        0      911        0      708      707      108     1936        0       10       30
 3647.000000      923      910        2        0      923        0      703      703      100     1960        1        9       30
 3648.000000      913      913        1        0      913        0      714      709      112     1929        0       12       28
 3649.000000      912      912        1        0      912        0      700      697      109     1918        1        7       32
 3650.000000      912      912        1        0      912        0      704      703      107     1919        1        8       31
 3651.000000      931      931        1        0      931        0      710      707      111     1936        1       11       28
 3652.000000      927      927        1        0      927        0      715      713      105     1923        2        8       30
 3653.000000      911      911        1        0      911        0      702      701      111     1951        1        9       30
 3654.000000      931      931        1        0      931        0      695      692      107     1939        1        9       30
 3655.000000      922      922        1        0      922        0      700      699      107     1937        1       11       28
 3656.000000      920      920        1        0      920        0      694      694      110     1940        0       11       29
 3657.000000      925      925        1        0      925        0      700      699      115     1942        1       10       29
 3658.000000      916      916        1        0      916        0      705      704      110     1931        1       10       29
 3659.000000      921      921        1        0      921        0      716      716      106     1941        1        9       30
 3660.000000      917      917        1        0      917        0      706      704      115     1913        1        9       30
 3661.000000      931      931        1        0      931        0      708      707      107     1946        1       10       29
 3662.000000      929      929        1        0      929        0      708      707      126     1917        1       10       29
 3663.000000      925      925        1        0      925        0      704      702      111     1961        1        9       30
 3664.000000      912      912        1        0      912        0      710      708      110     1939        0       10       30
 3665.000000      922      922        1        0      922        0      694      689      118     1936        0       10       30
 3666.000000      936      936        1        0      936        0      705      704      108     1973        2        8       30
 3667.000000      923      923        1        0      923        0      699      697      110     1951        0       10       30
 3668.000000      929      929        1        0      929        0      705      700      117     1976        0       10       30
 3669.000000      918      918        1        0      918        0      699      695      112     1967        0       10       30
 3670.000000      922      922        1        0      922        0      694      688      111     1954        0       10       30
 3671.000000      933      933        1        0      933        0      689      687      110     1984        1       12       27
 3672.000000      935      935        1        0      935        0      700      696      110     1945        0       11       29
 3673.000000      955      955        1        0      955        0      684      682      121     1936        1       10       29
 3674.000000      925      925        1        0      925        0      702      699      118     1932        1        9       30
 3675.000000      938      938        1        0      938        0      702      700      111     1909        0       12       28
 3676.000000      938      938        1        0      938        0      693      690      117     1910        1       11       28
 3677.000000      935      935        1        0      935        0      689      686      111     1953        1       11       28
 3678.000000      924      924        1        0      924        0      679      677      114     1926        1       10       29
 3679.000000      919      919        1        0      919        0      684      684      125     1899        1        9       30
 3680.000000      930      930        1        0      930        0      679      679      125     1940        1       10       29
 3681.000000      926      926        1        0      926        0      692      689      121     1928        2        8       30
 3682.000000      926      926        1        0      926        0      701      698      111     1901        1       11       28
 3683.000000      910      910        1        0      910        0      673      672      114     1922        1        9       30
 3684.000000      921      921        1        0      921        0      684      682      122     1903        1       10       29
 3685.000000      933      933        1        0      933        0      675      673      126     1945        2        9       29
 3686.000000      927      927        1        0      927        0      669      668      121     1896        3        9       28
 3687.000000      895      895        1        0      895        0      683      681      121     1895        1        9       30
 3688.000000      900      900        1        0      900        0      671      670      126     1902        1        9       30
 3689.000000      926      926        1        0      926        0      689      687      118     1894        1       10       29
 3690.000000      923      923        1        0      923        0      685      683      116     1907        1       11       28
 3691.000000      927      927        1        0      927        0      685      683      119     1924        1       13       26
 3692.000000      904      904        1        0      904        0      667      667      122     1925        1       10       29
 3693.000000      905      905        1        0      905        0      680      679      118     1897        1        9       30
 3694.000000      923      923        1        0      923        0      677      675      126     1913        1       12       27
 3695.000000      908      908        1        0      908        0      668      665      121     1925        1       11       28
 3696.000000      908      908        1        0      908        0      693      691      104     1934        2        8       30
 3697.000000      911      911        1        0      911        0      687      681      120     1912        1       10       29
 3698.000000      899      899        1        0      899        0      673      672      119     1904        1        9       30
 3699.000000      909      909        1        0      909        0      657      657      115     1922        1       10       29
 3700.000000      905      905        1        0      905        0      665      662      116     1883        1        9       30
 3701.000000      900      900        1        0      900        0      665      663      112     1886        1        9       30
 3702.000000      904      904        1        0      904        0      662      660      105     1876        1        9       30
 3703.000000      907      907        1        0      907        0      661      658      124     1894        2        9       29
 3704.000000      908      908        1        0      908        0      652      651      119     1892        1        9       30
 3705.000000      900      900        1        0      900        0      656      654      116     1877        2        8       30
 3706.000000      911      911        1        0      911        0      675      672      124     1873        1        9       30
 3707.000000      902      902        1        0      902        0      668      668      124     1864        1        8       31
 3708.000000      913      913        1        0      913        0      673      670      122     1870        1       15       24
 3709.000000      903      903        1        0      903        0      685      684      111     1883        1       10       29
 3710.000000      913      913        1        0      913        0      658      654      128     1882        0       11       29
 3711.000000      914      914        1        0      914        0      689      685      124     1884        0       14       26
 3712.000000      909      909        1        0      909        0      677      676      112     1929        1        9       30
 3713.000000      913      913        1        0      913        0      691      689      111     1895        0       10       30
 3714.000000      919      919        1        0      919        0      664      663      126     1906        0       11       29
 3715.000000      915      915        1        0      915        0      674      671      122     1956        1       10       29
 3716.000000      895      895        1        0      895        0      688      687      114     1954        0        9       31
 3717.000000      904      904        1        0      904        0      667      666      118     1957        0       11       29
 3718.000000      908      908        1        0      908        0      672      669      111     1899        0       12       28
 3719.000000      922      922        1        0      922        0      665      662      128     1920        0       10       30
 3720.000000      898      898        1        0      898        0      690      689      104     1929        1        8       31
 3721.000000      913      913        1        0      913        0      678      677      117     1930        0        9       31
 3722.000000      904      904        1        0      904        0      662      658      123     1908        1        9       30
 3723.000000      917      905        2        0      917        0      665      660      108     1911        0       11       29
 3724.000000      899      899        1        0      899        0      660      655      121     1886        0       10       30
 3725.000000      915      915        1        0      915        0      673      672      118     1893        0       10       30
 3726.000000      902      902        1        0      902        0      680      679      112     1921        1        9       30
 3727.000000      921      921        1        0      921        0      681      679      114     1937        0       10       30
 3728.000000      924      910        2        0      924        0      667      664      116     1911        0       12       28
 3729.000000      917      917        1        0      917        0      677      675      123     1891        0       11       29
 3730.000000      901      901        1        0      901        0      678      675      120     1934        1        9       30
 3731.000000      897      897        1        0      897        0      682      681      114     1925        1        7       32
 3732.000000      911      911        1        0      911        0      689      688      112     1898        1       10       29
 3733.000000      913      913        1        0      913        0      688      686      106     1930        1        9       30
 3734.000000      912      912        1        0      912        0      685      685      112     1912        1        9       30
 3735.000000      901      901        1        0      901        0      675      673      115     1919        0        9       31
 3736.000000      900      900        1        0      900        0      656      655      121     1937        0        9       31
 3737.000000      896      896        1        0      896        0      695      694      112     1918        0       10       30
 3738.000000      895      895        1        0      895        0      662      659      129     1895        0        9       31
 3739.000000      898      898        1        0      898        0      689      686      104     1896        0        9       31
 3740.000000      905      905        1        0      905        0      679      676      119     1929        1        8       31
 3741.000000      899      899        1        0      899        0      674      671      114     1880        0        8       32
 3742.000000      910      910        1        0      910        0      667      667      122     1918        1       10       29
 3743.000000      917      917        1        0      917        0      685      683      112     1921        1        8       31
 3744.000000      923      923        1        0      923        0      673      671      115     1892        1        8       31
 3745.000000      929      929        1        0      929        0      671      671      123     1920        1        8       31
 3746.000000      907      907        1        0      907        0      675      675      110     1928        0        9       31
 3747.000000      914      914        1        0      914        0      688      686      106     1935        1        9       30
 3748.000000      908      908        1        0      908        0      684      683      110     1934        0        9       31
 3749.000000      917      917        1        0      917        0      688      686      110     1941        1        9       30
 3750.000000      909      909        1        0      909        0      690      687      113     1958        1        8       31
 3751.000000      911      911        1        0      911        0      701      698      113     1948        1        8       31
 3752.000000      910      910        1        0      910        0      698      697      110     1962        0       10       30
 3753.000000      925      925        1        0      925        0      701      699       97     1974        1       10       29
 3754.000000      936      936        1        0      936        0      696      695      112     1914        0       13       27
 3755.000000      927      927        1        0      927        0      691      690      108     1913        1       11       28
 3756.000000      918      918        1        0      918        0      689      687      111     1931        1        9       30
 3757.000000      922      922        1        0      922        0      684      682      111     1929        3        6       31
 3758.000000      900      900        1        0      900        0      690      689      103     1895        0        9       31
 3759.000000      926      912        2        0      926        0      695      694      105     1942        0       12       28
 3760.000000      906      906        1        0      906        0      692      690      103     1903        1        9       30
 3761.000000      923      923        1        0      923        0      694      690      103     1916        1        9       30
 3762.000000      918      918        1        0      918        0      699      697      108     1888        1        9       30
 3763.000000      924      924        1        0      924        0      693      692      120     1917        0       11       29
 3764.000000      919      919        1        0      919        0      671      669      108     1941        1       11       28
 3765.000000      907      907        1        0      907        0      679      677      114     1932        0        9       31
 3766.000000      910      910        1        0      910        0      675      673      120     1901        0       10       30
 3767.000000      907      907        1        0      907        0      681      681      111     1925        1        8       31
 3768.000000      919      919        1        0      919        0      681      679      113     1909        0        9       31
 3769.000000      930      930        1        0      930        0      686      685      113     1934        0       10       30
 3770.000000      917      917        1        0      917        0      695      692      109     1935        1        9       30
 3771.000000      920      920        1        0      920        0      698      698      111     1931        1       10       29
 3772.000000      915      915        1        0      915        0      705      701      109     1934        0       10       30
 3773.000000      895      895        1        0      895        0      671      667      115     1920        0       10       30
 3774.000000      909      909        1        0      909        0      700      697      103     1929        1        8       31
 3775.000000      916      916        1        0      916        0      693      692      106     1938        0       11       29
 3776.000000      914      914        1        0      914        0      696      696      104     1920        1       10       29
 3777.000000      899      899        1        0      899        0      692      691      123     1931        0        9       31
 3778.000000      907      907        1        0      907        0      695      693       94     1939        1        8       31
 3779.000000      912      912        1        0      912        0      690      689      106     1918        0       10       30
 3780.000000      910      910        1        0      910        0      704      703       98     1935        0        9       31
 3781.000000      903      903        1        0      903        0      699      697      107     1903        0        9       31
 3782.000000      903      903        1        0      903        0      701      700      107     1928        1        9       30
 3783.000000      907      907        1        0      907        0      705      703      116     1928        1        9       30
 3784.000000      904      904        1        0      904        0      695      694      113     1940        0       10       30
 3785.000000      917      917        1        0      917        0      696      696      114     1927        1       10       29
 3786.000000      918      918        1        0      918        0      694      691      115     1938        1        9       30
 3787.000000      896      896        1        0      896        0      694      692      115     1920        0        8       32
 3788.000000      890      890        1        0      890        0      688      687      108     1894        0        9       31
 3789.000000      892      892        1        0      892        0      687      686      111     1925        0        9       31
 3790.000000      884      884        1        0      884        0      685      682      105     1942        0        9       31
 3791.000000      897      897        1        0      897        0      682      679      120     1950        1        8       31
 3792.000000      873      873        1        0      873        0      685      684      114     1918        0        8       32
 3793.000000      881      881        1        0      881        0      695      694      103     1942        0        8       32
 3794.000000      905      905        1        0      905        0      698      695      108     1955        0       14       26
 3795.000000      891      891        1        0      891        0      706      701      110     1944        0        9       31
 3796.000000      891      891        1        0      891        0      698      696      101     1968        0       10       30
 3797.000000      890      890        1        0      890        0      700      700       97     1896        0        8       32
 3798.000000      905      905        1        0      905        0      700      695      102     1895        0       10       30
 3799.000000      886      886        1        0      886        0      690      688      103     1918        1        8       31
 3800.000000      904      904        1        0      904        0      701      699      101     1925        0       10       30
 3801.000000      902      889        2        0      902        0      694      694      100     1946        1        8       31
 3802.000000      896      896        1        0      896        0      699      696      104     1925        0       11       29
 3803.000000      904      904        1        0      904        0      706      703       98     1907        1       10       29
 3804.000000      918      918        1        0      918        0      699      699      107     1895        1       11       28
 3805.000000      919      919        1        0      919        0      703      702      101     1883        1       10       29
 3806.000000      914      914        1        0      914        0      703      703      101     1903        0       10       30
 3807.000000      910      910        1        0      910        0      699      698      105     1911        0        9       31
 3808.000000      900      900        1        0      900        0      696      695      103     1903        0       10       30
 3809.000000      889      889        1        0      889        0      706      705       99     1887        0        9       31
 3810.000000      889      889        1        0      889        0      704      704       94     1865        0        9       31
 3811.000000      890      890        1        0      890        0      699      697      108     1866        1        8       31
 3812.000000      888      888        1        0      888        0      691      690      103     1885        1        8       31
 3813.000000      870      870        1        0      870        0      688      688       95     1869        0        7       33
 3814.000000      889      889        1        0      889        0      678      675      113     1919        0        9       31
 3815.000000      902      902        1        0      902        0      685      683      110     1885        0       11       29
 3816.000000      887      887        1        0      887        0      695      694      111     1916        0        9       31
 3817.000000      878      878        1        0      878        0      703      700      108     1875        0        8       32
 3818.000000      883      883        1        0      883        0      698      697      107     1921        0        9       31
 3819.000000      891      891        1        0      891        0      701      700      103     1906        1        8       31
 3820.000000      895      895        1        0      895        0      704      702      103     1886        0       10       30
 3821.000000      892      892        1        0      892        0      692      689       98     1943        1        8       31
 3822.000000      888      888        1        0      888        0      666      666      110     1953        0        9       31
 3823.000000      886      886        1        0      886        0      687      686       92     1920        0        8       32
 3824.000000      891      891        1        0      891        0      674      673      109     1903        1        7       32
 3825.000000      884      884        1        0      884        0      690      687       97     1918        0        8       32
 3826.000000      873      873        1        0      873        0      691      689       97     1870        0        8       32
 3827.000000      890      890        1        0      890        0      695      693       93     1914        1        8       31
 3828.000000      885      885        1        0      885        0      681      680      103     1939        1        8       31
 3829.000000      874      874        1        0      874        0      678      675      113     1889        0        7       33
 3830.000000      903      903        1        0      903        0      684      679      106     1881        1       10       29
 3831.000000      889      889        1        0      889        0      679      679      120     1893        0       10       30
 3832.000000      883      883        1        0      883        0      669      667      115     1906        0       10       30
 3833.000000      877      877        1        0      877        0      682      681       94     1902        0        9       31
 3834.000000      886      886        1        0      886        0      675      674      107     1929        0       10       30
 3835.000000      883      883        1        0      883        0      678      678      107     1891        0       10       30
 3836.000000      878      878        1        0      878        0      689      688      109     1908        1        8       31
 3837.000000      866      866        1        0      866        0      682      681      104     1920        0        8       32
 3838.000000      879      879        1        0      879        0      672      669      113     1912        0       10       30
 3839.000000      890      890        1        0      890        0      683      681      113     1862        0       10       30
 3840.000000      891      891        1        0      891        0      653      653      112     1889        1       10       29
 3841.000000      870      870        1        0      870        0      652      651      117     1885        0        9       31
 3842.000000      854      854        1        0      854        0      665      665      113     1857        0        7       33
 3843.000000      867      867        1        0      867        0      657      656      105     1918        0       10       30
 3844.000000      859      859        1        0      859        0      672      670      114     1879        1        7       32
 3845.000000      864      864        1        0      864        0      673      670      106     1894        0        9       31
 3846.000000      864      864        1        0      864        0      677      673      113     1901        0        9       31
 3847.000000      856      856        1        0      856        0      663      663      107     1878        0       10       30
 3848.000000      861      861        1        0      861        0      685      682      106     1890        0       10       30
 3849.000000      868      868        1        0      868        0      675      674      107     1924        1        9       30
 3850.000000      876      876        1        0      876        0      665      664      111     1932        0       10       30
 3851.000000      856      856        1        0      856        0      657      657      105     1872        0        9       31
 3852.000000      864      864        1        0      864        0      682      681      106     1891        0        9       31
 3853.000000      865      865        1        0      865        0      658      655      121     1880        0        8       32
 3854.000000      850      850        1        0      850        0      682      681       97     1851        0        7       33
 3855.000000      852      852        1        0      852        0      653      651      117     1869        0        8       32
 3856.000000      849      849        1        0      849        0      661      661      107     1882        0        8       32
 3857.000000      848      848        1        0      848        0      652      652      100     1831        0        7       33
 3858.000000      847      847        1        0      847        0      659      657      122     1834        0        7       33
 3859.000000      846      846        1        0      846        0      653      652      109     1865        0        7       33
 3860.000000      850      850        1        0      850        0      661      658      108     1853        0        7       33
 3861.000000      846      846        1        0      846        0      649      649      118     1847        0        7       33
 3862.000000      852      852        1        0      852        0      660      660      105     1863        0        7       33
 3863.000000      859      859        1        0      859        0      670      669      115     1871        0        8       32
 3864.000000      852      852        1        0      852        0      667      667      113     1875        0        7       33
 3865.000000      851      851        1        0      851        0      651      649      117     1845        0        7       33
 3866.000000      866      866        1        0      866        0      646      644      114     1897        0        7       33
 3867.000000      855      855        1        0      855        0      642      637      119     1857        0        7       33
 3868.000000      860      860        1        0      860        0      652      652      116     1879        0        7       33
 3869.000000      872      872        1        0      872        0      673      669      101     1874        0        9       31
 3870.000000      858      858        1        0      858        0      644      642      124     1859        0        8       32
 3871.000000      867      867        1        0      867        0      666      665      104     1917        0        6       34
 3872.000000      840      840        1        0      840        0      648      646      121     1827        0        7       33
 3873.000000      887      875        2        0      887        0      653      651      108     1891        0        9       31
 3874.000000      844      844        1        0      844        0      658      650      103     1872        0        7       33
 3875.000000      849      849        1        0      849        0      663      662      109     1873        0        7       33
 3876.000000      845      845        1        0      845        0      658      657      110     1825        0        6       34
 3877.000000      858      858        1        0      858        0      660      657      113     1841        0        7       33
 3878.000000      846      846        1        0      846        0      670      668      109     1894        0        7       33
 3879.000000      846      846        1        0      846        0      664      663      108     1856        0        7       33
 3880.000000      858      858        1        0      858        0      661      656      124     1861        0        6       34
 3881.000000      848      848        1        0      848        0      671      671      107     1838        0        7       33
 3882.000000      859      859        1        0      859        0      666      665      111     1845        0        8       32
 3883.000000      859      859        1        0      859        0      654      653      116     1884        0        7       33
 3884.000000      860      860        1        0      860        0      671      670      100     1878        1        6       33
 3885.000000      854      854        1        0      854        0      652      651      108     1866        0        7       33
 3886.000000      856      856        1        0      856        0      649      646      106     1908        0        7       33
 3887.000000      854      854        1        0      854        0      659      659      109     1862        0        7       33
 3888.000000      856      856        1        0      856        0      655      652      116     1874        0        7       33
 3889.000000      848      848        1        0      848        0      671      668      106     1861        0        7       33
 3890.000000      852      852        1        0      852        0      661      659      115     1861        0        7       33
 3891.000000      853      853        1        0      853        0      657      655      114     1864        0        7       33
 3892.000000      861      861        1        0      861        0      658      657      113     1864        0        8       32
 3893.000000      842      842        1        0      842        0      654      650      128     1863        0        7       33
 3894.000000      843      843        1        0      843        0      665      664      107     1846        0        7       33
 3895.000000      849      849        1        0      849        0      662      660      106     1858        0        7       33
 3896.000000      841      841        1        0      841        0      671      670      110     1884        0        7       33
 3897.000000      848      848        1        0      848        0      667      666      110     1855        0        7       33
 3898.000000      868      868        1        0      868        0      667      664      112     1861        0        7       33
 3899.000000      844      844        1        0      844        0      643      639      125     1832        0        7       33
 3900.000000      850      850        1        0      850        0      660      656      118     1872        0        8       32
 3901.000000      856      856        1        0      856        0      655      653      119     1881        0        8       32
 3902.000000      848      848        1        0      848        0      662      658      117     1874        0        8       32
 3903.000000      844      844        1        0      844        0      674      672      107     1845        0        8       32
 3904.000000      847      847        1        0      847        0      664      661      120     1869        0        7       33
 3905.000000      846      846        1        0      846        0      651      650      124     1876        0        8       32
 3906.000000      847      847        1        0      847        0      668      665      108     1879        0        7       33
 3907.000000      845      845        1        0      845        0      667      665      114     1863        0        9       31
 3908.000000      859      859        1        0      859        0      648      646      128     1906        0        7       33
 3909.000000      835      835        1        0      835        0      656      656      119     1870        0        7       33
 3910.000000      843      843        1        0      843        0      659      654      111     1882        0        8       32
 3911.000000      853      853        1        0      853        0      656      655      115     1858        0        8       32
 3912.000000      836      836        1        0      836        0      655      654      121     1836        0        7       33
 3913.000000      854      854        1        0      854        0      671      671      108     1873        0        7       33
 3914.000000      852      852        1        0      852        0      664      661      114     1879        0        7       33
 3915.000000      855      855        1        0      855        0      655      652      115     1871        0        7       33
 3916.000000      845      845        1        0      845        0      654      653      112     1879        0        7       33
 3917.000000      840      840        1        0      840        0      656      656      109     1861        0        7       33
 3918.000000      848      848        1        0      848        0      673      670      109     1859        0        7       33
 3919.000000      838      838        1        0      838        0      666      664      114     1855        0        7       33
 3920.000000      851      851        1        0      851        0      654      651      125     1856        0        7       33
 3921.000000      831      831        1        0      831        0      652      648      113     1884        0        6       34
 3922.000000      836      836        1        0      836        0      633      632      130     1844        0        6       34
 3923.000000      832      832        1        0      832        0      659      657      108     1833        0        6       34
 3924.000000      835      835        1        0      835        0      662      662      112     1862        0        6       34
 3925.000000      842      842        1        0      842        0      670      667      112     1897        0        6       34
 3926.000000      850      850        1        0      850        0      667      665      110     1872        0        6       34
 3927.000000      873      873        1        0      873        0      665      665      108     1860        1       10       29
 3928.000000      855      855        1        0      855        0      649      646      114     1863        0        8       32
 3929.000000      857      857        1        0      857        0      672      671      119     1863        0        7       33
 3930.000000      853      853        1        0      853        0      657      656      112     1861        0        7       33
 3931.000000      859      859        1        0      859        0      641      641      128     1878        0        7       33
 3932.000000      856      856        1        0      856        0      672      671      110     1890        1        5       34
 3933.000000      862      862        1        0      862        0      682      680      109     1878        1        6       33
 3934.000000      857      857        1        0      857        0      674      673      102     1891        0        7       33
 3935.000000      845      845        1        0      845        0      674      674      105     1866        0        6       34
 3936.000000      864      864        1        0      864        0      669      668      102     1879        0        8       32
 3937.000000      877      877        1        0      877        0      670      668      111     1870        0        9       31
 3938.000000      850      850        1        0      850        0      674      673      106     1903        0        8       32
 3939.000000      874      874        1        0      874        0      677      675      115     1922        0       10       30
 3940.000000      865      865        1        0      865        0      677      676      112     1915        0       11       29
 3941.000000      876      876        1        0      876        0      658      655      117     1894        0       12       28
 3942.000000      853      853        1        0      853        0      666      663      101     1932        0        7       33
 3943.000000      849      849        1        0      849        0      658      656      114     1902        0        7       33
 3944.000000      862      862        1        0      862        0      666      664      121     1924        0        6       34
 3945.000000      843      843        1        0      843        0      665      662      106     1886        0        7       33
 3946.000000      856      856        1        0      856        0      670      668      108     1872        0        7       33
 3947.000000      861      861        1        0      861        0      655      654      117     1916        0        7       33
 3948.000000      860      860        1        0      860        0      657      655      116     1880        0        8       32
 3949.000000      845      845        1        0      845        0      662      659      114     1862        0        7       33
 3950.000000      866      866        1        0      866        0      667      664      121     1860        0        7       33
 3951.000000      878      878        1        0      878        0      660      660      115     1876        1        8       31
 3952.000000      863      863        1        0      863        0      671      667      113     1867        0        6       34
 3953.000000      853      853        1        0      853        0      659      659      118     1876        0        6       34
 3954.000000      854      854        1        0      854        0      681      680      115     1854        0        6       34
 3955.000000      867      867        1        0      867        0      670      670      110     1887        0        7       33
 3956.000000      866      866        1        0      866        0      679      676      117     1900        0        6       34
 3957.000000      864      864        1        0      864        0      660      659      124     1879        0        6       34
 3958.000000      861      861        1        0      861        0      672      672      109     1917        0        6       34
 3959.000000      858      858        1        0      858        0      675      674      104     1879        0        5       35
 3960.000000      859      859        1        0      859        0      674      672      113     1884        0        6       34
 3961.000000      863      863        1        0      863        0      684      681      119     1912        0        7       33
 3962.000000      857      857        1        0      857        0      678      675      112     1887        0        6       34
 3963.000000      870      870        1        0      870        0      672      670      111     1924        0        6       34
 3964.000000      870      870        1        0      870        0      656      654      123     1922        0        7       33
 3965.000000      853      853        1        0      853        0      672      668      125     1891        0        6       34
 3966.000000      850      850        1        0      850        0      663      662      121     1856        0        6       34
 3967.000000      856      856        1        0      856        0      652      651      129     1883        0        6       34
 3968.000000      850      850        1        0      850        0      684      680      108     1865        0        6       34
 3969.000000      853      853        1        0      853        0      660      660      122     1863        0        6       34
 3970.000000      847      847        1        0      847        0      656      651      120     1821        0        6       34
 3971.000000      854      854        1        0      854        0      663      660      120     1864        0        6       34
 3972.000000      850      850        1        0      850        0      684      681      114     1887        0        5       35
 3973.000000      851      851        1        0      851        0      678      677      100     1887        0        5       35
 3974.000000      853      853        1        0      853        0      673      671      119     1869        0        6       34
 3975.000000      870      870        1        0      870        0      675      675      117     1873        0        7       33
 3976.000000      850      850        1        0      850        0      679      676      102     1878        0        5       35
 3977.000000      859      859        1        0      859        0      670      669      109     1886        0        5       35
 3978.000000      846      846        1        0      846        0      668      667      110     1856        0        5       35
 3979.000000      843      843        1        0      843        0      666      663      112     1876        0        5       35
 3980.000000      862      862        1        0      862        0      670      669      102     1871        0        5       35
 3981.000000      856      856        1        0      856        0      679      678      108     1903        0        5       35
 3982.000000      857      857        1        0      857        0      665      664      106     1863        0        5       35
 3983.000000      860      860        1        0      860        0      672      670      111     1882        0        5       35
 3984.000000      862      862        1        0      862        0      677      674      106     1883        0        5       35
 3985.000000      870      870        1        0      870        0      664      662      114     1900        0        5       35
 3986.000000      851      851        1        0      851        0      678      675      110     1872        0        5       35
 3987.000000      854      854        1        0      854        0      683      680       96     1887        0        5       35
 3988.000000      857      857        1        0      857        0      672      669      118     1896        0        6       34
 3989.000000      851      851        1        0      851        0      688      686      111     1871        0        5       35
 3990.000000      866      866        1        0      866        0      686      681      106     1938        0        5       35
 3991.000000      840      840        1        0      840        0      684      682      106     1894        0        5       35
 3992.000000      860      860        1        0      860        0      671      670      106     1897        0        5       35
 3993.000000      859      859        1        0      859        0      688      686      105     1902        0        5       35
 3994.000000      859      859        1        0      859        0      691      689      105     1875        0        5       35
 3995.000000      843      843        1        0      843        0      673      670      104     1844        0        5       35
 3996.000000      854      854        1        0      854        0      675      674       96     1871        0        5       35
 3997.000000      875      860        2       15      860        0      672      669      107     1885        0        6       34
 3998.000000      856      856        1        0      856        0      671      669      112     1886        0        6       34
 3999.000000      850      850        1        0      850        0      673      670      112     1884        0        5       35
 4000.000000      856      856        1        0      856        0      675      674      106     1874        0        6       34
 4001.000000      858      858        1        0      858        0      668      666      107     1893        0        5       35
 4002.000000      863      863        1        0      863        0      666      663      121     1923        0        6       34
 4003.000000      862      862        1        0      862        0      682      679      102     1929        0        6       34
 4004.000000      859      859        1        0      859        0      689      689       95     1918        0        4       36
 4005.000000      862      862        1        0      862        0      684      683      104     1895        0        6       34
 4006.000000      851      851        1        0      851        0      676      676      113     1882        0        5       35
 4007.000000      865      865        1        0      865        0      682      680      110     1914        0        5       35
 4008.000000      858      858        1        0      858        0      682      679      117     1898        0        6       34
 4009.000000      858      858        1        0      858        0      680      678      103     1916        0        4       36
 4010.000000      853      853        1        0      853        0      675      674      107     1920        0        4       36
 4011.000000      871      871        1        0      871        0      675      673      122     1914        0        5       35
 4012.000000      845      845        1        0      845        0      668      663      117     1870        0        4       36
 4013.000000      860      860        1        0      860        0      670      666      111     1910        0        4       36
 4014.000000      855      855        1        0      855        0      685      683      109     1852        0        5       35
 4015.000000      878      878        1        0      878        0      669      666      119     1889        0        4       36
 4016.000000      883      883        1        0      883        0      672      670      121     1894        0        5       35
 4017.000000      857      857        1        0      857        0      693      689      108     1878        0        4       36
 4018.000000      878      878        1        0      878        0      671      667      118     1864        0        6       34
 4019.000000      879      879        1        0      879        0      680      677      105     1920        0        5       35
 4020.000000      878      878        1        0      878        0      664      658      117     1884        0        5       35
 4021.000000      854      854        1        0      854        0      668      667      114     1891        0        5       35
 4022.000000      851      851        1        0      851        0      684      683      111     1902        0        5       35
 4023.000000      857      857        1        0      857        0      685      683      101     1861        0        4       36
 4024.000000      877      877        1        0      877        0      679      677      106     1902        0        4       36
 4025.000000      858      858        1        0      858        0      675      673      106     1869        0        5       35
 4026.000000      881      881        1        0      881        0      667      665      114     1877        0        6       34
 4027.000000      859      859        1        0      859        0      666      663      120     1866        0        6       34
 4028.000000      860      860        1        0      860        0      673      673      102     1856        0        4       36
 4029.000000      855      855        1        0      855        0      677      675      104     1883        0        4       36
 4030.000000      857      857        1        0      857        0      681      681       99     1879        0        4       36
 4031.000000      862      862        1        0      862        0      669      665      105     1855        0        5       35
 4032.000000      854      854        1        0      854        0      659      657      113     1871        0        4       36
 4033.000000      869      869        1        0      869        0      677      676       95     1866        0        4       36
 4034.000000      846      846        1        0      846        0      682      681      104     1865        0        5       35
 4035.000000      877      877        1        0      877        0      677      676       98     1914        0        7       33
 4036.000000      857      857        1        0      857        0      676      674      106     1862        0        4       36
 4037.000000      863      863        1        0      863        0      683      678      110     1866        0        4       36
 4038.000000      871      859        2        0      871        0      684      683       99     1886        0        6       34
 4039.000000      866      866        1        0      866        0      684      683      106     1883        0        5       35
 4040.000000      871      858        2        0      871        0      692      690      104     1869        0        7       33
 4041.000000      857      857        1        0      857        0      662      659      127     1877        0        4       36
 4042.000000      870      870        1        0      870        0      675      673      114     1891        0        5       35
 4043.000000      862      862        1        0      862        0      685      685      102     1890        0        5       35
 4044.000000      863      863        1        0      863        0      672      671      113     1894        0        6       34
 4045.000000      868      868        1        0      868        0      675      673      117     1867        0        4       36
 4046.000000      845      845        1        0      845        0      677      676      113     1905        0        5       35
 4047.000000      849      849        1        0      849        0      669      667       93     1889        0        5       35
 4048.000000      845      845        1        0      845        0      671      668      107     1886        0        5       35
 4049.000000      851      851        1        0      851        0      673      671      118     1886        0        5       35
 4050.000000      852      852        1        0      852        0      669      667      108     1909        0        5       35
 4051.000000      839      839        1        0      839        0      681      680      101     1858        0        5       35
 4052.000000      837      837        1        0      837        0      660      659      110     1851        0        5       35
 4053.000000      832      832        1        0      832        0      671      668      114     1885        0        5       35
 4054.000000      833      833        1        0      833        0      676      673       96     1857        0        5       35
 4055.000000      843      843        1        0      843        0      671      670      113     1869        0        6       34
 4056.000000      843      843        1        0      843        0      671      670       93     1888        0        6       34
 4057.000000      843      843        1        0      843        0      664      663      102     1893        0        5       35
 4058.000000      847      847        1        0      847        0      677      675       94     1900        0        4       36
 4059.000000      873      861        2        0      873        0      666      665      102     1904        0        6       34
 4060.000000      846      846        1        0      846        0      669      668      103     1920        0        4       36
 4061.000000      866      866        1        0      866        0      671      670      102     1913        0        7       33
 4062.000000      866      854        2        0      866        0      662      661      103     1936        0        9       31
 4063.000000      871      871        1        0      871        0      652      650      121     1930        0        8       32
 4064.000000      858      858        1        0      858        0      679      678      104     1914        0        4       36
 4065.000000      871      871        1        0      871        0      677      675      108     1923        0        5       35
 4066.000000      876      864        2        0      876        0      683      682      109     1908        0        6       34
 4067.000000      869      869        1        0      869        0      669      669       96     1911        0        4       36
 4068.000000      879      879        1        0      879        0      682      681       98     1887        0        5       35
 4069.000000      878      878        1        0      878        0      678      677       98     1903        0        4       36
 4070.000000      883      883        1        0      883        0      680      680      100     1883        0        5       35
 4071.000000      869      869        1        0      869        0      697      695       97     1924        0        4       36
 4072.000000      883      883        1        0      883        0      679      676      105     1908        1        3       36
 4073.000000      858      858        1        0      858        0      681      679      109     1861        0        5       35
 4074.000000      880      880        1        0      880        0      688      686      102     1899        0        5       35
 4075.000000      872      872        1        0      872        0      679      677      108     1898        0        4       36
 4076.000000      906      894        2        0      906        0      674      671      121     1922        0        7       33
 4077.000000      898      898        1        0      898        0      683      681      103     1922        0        7       33
 4078.000000      887      887        1        0      887        0      685      683      111     1926        0        5       35
 4079.000000      886      886        1        0      886        0      688      686      103     1901        0        5       35
 4080.000000      883      883        1        0      883        0      685      681      114     1902        0        6       34
 4081.000000      877      877        1        0      877        0      686      685      105     1906        0        5       35
 4082.000000      880      880        1        0      880        0      665      663      113     1880        0        5       35
 4083.000000      867      867        1        0      867        0      684      680      107     1890        0        5       35
 4084.000000      877      877        1        0      877        0      678      677      100     1935        0        6       34
 4085.000000      866      866        1        0      866        0      683      679      114     1865        0        5       35
 4086.000000      898      898        1        0      898        0      680      677      102     1923        0        8       32
 4087.000000      891      891        1        0      891        0      691      689      103     1947        0        6       34
 4088.000000      865      865        1        0      865        0      672      670      102     1910        0        5       35
 4089.000000      870      870        1        0      870        0      657      656      108     1951        0        5       35
 4090.000000      888      888        1        0      888        0      694      692       98     1915        0        6       34
 4091.000000      892      892        1        0      892        0      685      682      107     1906        0        6       34
 4092.000000      883      883        1        0      883        0      680      680      105     1873        0        5       35
 4093.000000      877      877        1        0      877        0      663      662      112     1893        0        5       35
 4094.000000      899      899        1        0      899        0      671      670      104     1919        0        7       33
 4095.000000      868      868        1        0      868        0      657      656      121     1870        0        5       35
 4096.000000      871      871        1        0      871        0      652      650      104     1861        0        4       36
 4097.000000      898      898        1        0      898        0      668      666      107     1886        0       11       29
 4098.000000      857      857        1        0      857        0      663      661      119     1862        0        5       35
 4099.000000      879      879        1        0      879        0      676      675      106     1903        0        5       35
 4100.000000      890      890        1        0      890        0      675      674      100     1883        0        7       33
 4101.000000      876      876        1        0      876        0      675      672      104     1874        0        5       35
 4102.000000      848      848        1        0      848        0      670      668      103     1851        0        5       35
 4103.000000      876      876        1        0      876        0      670      667      107     1902        0        5       35
 4104.000000      882      882        1        0      882        0      662      658      103     1845        0        7       33
 4105.000000      865      865        1        0      865        0      680      678      107     1851        0        5       35
 4106.000000      867      867        1        0      867        0      668      668      104     1859        0        5       35
 4107.000000      865      865        1        0      865        0      656      656      111     1884        0        5       35
 4108.000000      865      865        1        0      865        0      659      656      106     1870        0        5       35
 4109.000000      874      874        1        0      874        0      652      650      107     1893        0        6       34
 4110.000000      855      855        1        0      855        0      655      653      101     1863        0        5       35
 4111.000000      859      859        1        0      859        0      662      658      100     1891        0        5       35
 4112.000000      868      868        1        0      868        0      655      653      117     1900        0        7       33
 4113.000000      859      859        1        0      859        0      685      683      110     1933        0        5       35
 4114.000000      862      862        1        0      862        0      676      676      106     1889        0        5       35
 4115.000000      865      865        1        0      865        0      670      668      120     1873        0        5       35
 4116.000000      854      854        1        0      854        0      666      664      106     1918        0        5       35
 4117.000000      857      857        1        0      857        0      676      670      109     1916        0        4       36
 4118.000000      881      881        1        0      881        0      680      675      114     1899        0        7       33
 4119.000000      874      874        1        0      874        0      663      661      106     1876        0        5       35
 4120.000000      871      871        1        0      871        0      672      668      115     1891        0        5       35
 4121.000000      875      875        1        0      875        0      690      688      102     1907        0        4       36
 4122.000000      867      867        1        0      867        0      684      681      107     1934        1        4       35
 4123.000000      865      865        1        0      865        0      685      680      113     1900        0        4       36
 4124.000000      860      860        1        0      860        0      680      678      114     1905        0        5       35
 4125.000000      859      859        1        0      859        0      665      661      129     1863        0        5       35
 4126.000000      872      872        1        0      872        0      680      680      100     1925        0        5       35
 4127.000000      892      892        1        0      892        0      679      678      109     1913        0        5       35
 4128.000000      866      866        1        0      866        0      668      665      125     1924        0        5       35
 4129.000000      869      869        1        0      869        0      681      678      113     1912        0        6       34
 4130.000000      875      875        1        0      875        0      676      675      110     1886        0        5       35
 4131.000000      874      874        1        0      874        0      681      680       98     1908        0        5       35
 4132.000000      885      885        1        0      885        0      672      667      114     1926        0        5       35
 4133.000000      862      862        1        0      862        0      674      672      122     1913        0        5       35
 4134.000000      886      886        1        0      886        0      675      675      110     1911        0        5       35
 4135.000000      886      886        1        0      886        0      668      668      112     1904        0        6       34
 4136.000000      880      880        1        0      880        0      671      668      126     1915        0        6       34
 4137.000000      898      898        1        0      898        0      683      682      110     1932        0        7       33
 4138.000000      886      886        1        0      886        0      679      678      103     1938        0        7       33
 4139.000000      891      891        1        0      891        0      687      684      106     1937        0        6       34
 4140.000000      900      900        1        0      900        0      684      682      114     1961        0        7       33
 4141.000000      885      885        1        0      885        0      678      676      107     1947        0        6       34
 4142.000000      914      914        1        0      914        0      667      666      126     1927        0        7       33
 4143.000000      884      884        1        0      884        0      681      679      102     1927        0        7       33
 4144.000000      879      879        1        0      879        0      669      669      109     1943        0        6       34
 4145.000000      915      915        1        0      915        0      682      682      103     1955        0        6       34
 4146.000000      882      882        1        0      882        0      664      661      120     1939        0        6       34
 4147.000000      898      898        1        0      898        0      686      686      107     1922        0        7       33
 4148.000000      876      876        1        0      876        0      671      670      114     1935        0        6       34
 4149.000000      884      884        1        0      884        0      675      675      106     1919        0        5       35
 4150.000000      865      865        1        0      865        0      678      677       95     1872        0        6       34
 4151.000000      894      894        1        0      894        0      674      673      105     1944        0        6       34
 4152.000000      863      863        1        0      863        0      665      665      109     1909        0        5       35
 4153.000000      853      853        1        0      853        0      656      654      107     1926        0        5       35
 4154.000000      853      853        1        0      853        0      668      666      108     1929        0        5       35
 4155.000000      868      868        1        0      868        0      665      665      106     1972        0        5       35
 4156.000000      885      885        1        0      885        0      677      676      113     1984        0        6       34
 4157.000000      911      911        1        0      911        0      677      676      117     1952        0       11       29
 4158.000000      876      876        1        0      876        0      677      677      100     1948        0        6       34
 4159.000000      853      853        1        0      853        0      654      652      130     1900        0        5       35
 4160.000000      896      896        1        0      896        0      674      670      111     1914        0        7       33
 4161.000000      862      862        1        0      862        0      678      676      103     1929        0        7       33
 4162.000000      875      875        1        0      875        0      666      665      104     1863        0        7       33
 4163.000000      870      870        1        0      870        0      660      659      106     1882        0        6       34
 4164.000000      862      862        1        0      862        0      683      682      100     1919        0        7       33
 4165.000000      860      860        1        0      860        0      672      670      113     1910        0        5       35
 4166.000000      853      853        1        0      853        0      658      656      108     1881        0        5       35
 4167.000000      868      868        1        0      868        0      654      653      116     1893        0        7       33
 4168.000000      886      874        2        0      886        0      677      677      107     1907        0        6       34
 4169.000000      869      869        1        0      869        0      673      673      110     1878        0        7       33
 4170.000000      857      857        1        0      857        0      670      670       94     1886        0        5       35
 4171.000000      861      861        1        0      861        0      665      665      107     1841        0        6       34
 4172.000000      856      856        1        0      856        0      665      665      123     1903        0        5       35
 4173.000000      872      872        1        0      872        0      661      661      111     1914        0        7       33
 4174.000000      854      854        1        0      854        0      678      676      100     1903        0        5       35
 4175.000000      858      858        1        0      858        0      661      660      111     1878        0        5       35
 4176.000000      865      865        1        0      865        0      657      654      109     1895        0        5       35
 4177.000000      875      875        1        0      875        0      669      663      118     1928        0        5       35
 4178.000000      868      846        2        0      868        0      670      668      105     1884        0        5       35
 4179.000000      874      874        1        0      874        0      653      652      108     1864        0        5       35
 4180.000000      868      868        1        0      868        0      667      662      100     1901        0        5       35
 4181.000000      858      858        1        0      858        0      671      668       98     1897        0        5       35
 4182.000000      865      865        1        0      865        0      660      657      129     1858        0        5       35
 4183.000000      874      874        1        0      874        0      666      665      111     1881        0        5       35
 4184.000000      866      866        1        0      866        0      674      673      115     1876        0        5       35
 4185.000000      853      853        1        0      853        0      668      666      120     1882        0        5       35
 4186.000000      845      845        1        0      845        0      658      655      115     1882        0        5       35
 4187.000000      858      858        1        0      858        0      666      664      110     1908        0        5       35
 4188.000000      877      877        1        0      877        0      660      659      113     1882        0        5       35
 4189.000000      853      853        1        0      853        0      648      647      119     1867        0        4       36
 4190.000000      862      862        1        0      862        0      667      664      107     1867        0        4       36
 4191.000000      864      864        1        0      864        0      669      667      107     1926        0        6       34
 4192.000000      868      868        1        0      868        0      667      666      114     1884        0        6       34
 4193.000000      860      860        1        0      860        0      668      667      126     1872        0        5       35
 4194.000000      858      858        1        0      858        0      658      658      117     1898        0        5       35
 4195.000000      863      863        1        0      863        0      646      645      109     1896        0        5       35
 4196.000000      862      862        1        0      862        0      670      667      120     1867        0        6       34
 4197.000000      886      886        1        0      886        0      661      660      113     1877        0        7       33
 4198.000000      848      848        1        0      848        0      642      639      118     1888        0        5       35
 4199.000000      856      856        1        0      856        0      657      655      120     1832        0        5       35
 4200.000000      843      843        1        0      843        0      662      662      121     1860        0        4       36
 4201.000000      845      845        1        0      845        0      667      666      108     1883        0        5       35
 4202.000000      845      845        1        0      845        0      657      657      106     1867        0        5       35
 4203.000000      856      856        1        0      856        0      669      666      105     1880        0        5       35
 4204.000000      846      846        1        0      846        0      660      658      110     1877        0        5       35
 4205.000000      859      859        1        0      859        0      670      670      103     1889        0        5       35
 4206.000000      830      830        1        0      830        0      647      647      117     1853        0        4       36
 4207.000000      830      830        1        0      830        0      648      647      105     1874        0        5       35
 4208.000000      857      857        1        0      857        0      641      641      117     1887        0        5       35
 4209.000000      840      840        1        0      840        0      649      647      101     1845        0        4       36
 4210.000000      851      851        1        0      851        0      657      655       95     1887        0        4       36
 4211.000000      852      852        1        0      852        0      647      646      105     1828        0        5       35
 4212.000000      886      874        2        0      886        0      656      651      108     1873        0        6       34
 4213.000000      881      881        1        0      881        0      668      665      104     1918        0        5       35
 4214.000000      908      908        1        0      908        0      661      660      108     1889        1        7       32
 4215.000000      881      868        2        0      881        0      650      649      106     1855        0        7       33
 4216.000000      853      841        2        0      853        0      655      654      111     1857        0        5       35
 4217.000000      856      844        2        0      856        0      671      669       96     1845        0        5       35
 4218.000000      856      844        2        0      856        0      661      658      103     1879        0        6       34
 4219.000000      869      857        2        0      869        0      660      657      109     1891        0        5       35
 4220.000000      846      846        1        0      846        0      652      651      105     1866        0        5       35
 4221.000000      854      842        2        0      854        0      667      662      109     1878        0        5       35
 4222.000000      887      875        2        0      887        0      654      653      110     1837        0        6       34
 4223.000000      875      863        2        0      875        0      656      654      110     1887        0        6       34
 4224.000000      863      839        3        0      863        0      652      651       99     1832        0        5       35
 4225.000000      873      861        2        0      873        0      656      656      103     1849        1        6       33
 4226.000000      843      843        1        0      843        0      662      661       93     1872        0        5       35
 4227.000000      841      841        1        0      841        0      644      643      114     1874        0        5       35
 4228.000000      856      844        2        0      856        0      664      663      114     1855        0        5       35
 4229.000000      868      856        2        0      868        0      655      653      115     1868        1        7       32
 4230.000000      844      844        1        0      844        0      651      647      113     1828        0        5       35
 4231.000000      839      839        1        0      839        0      655      654      117     1880        0        5       35
 4232.000000      830      830        1        0      830        0      657      651      108     1847        0        6       34
 4233.000000      824      824        1        0      824        0      651      647      112     1841        0        5       35
 4234.000000      831      831        1        0      831        0      650      649      103     1863        0        5       35
 4235.000000      841      841        1        0      841        0      638      636      115     1819        0        5       35
 4236.000000      825      825        1        0      825        0      639      639      111     1854        0        5       35
 4237.000000      829      829        1        0      829        0      652      651      109     1855        0        4       36
 4238.000000      827      827        1        0      827        0      636      634      113     1840        0        4       36
 4239.000000      818      818        1        0      818        0      628      622      119     1840        0        4       36
 4240.000000      818      818        1        0      818        0      635      632      102     1805        0        5       35
 4241.000000      821      821        1        0      821        0      646      644      108     1799        0        5       35
 4242.000000      818      818        1        0      818        0      649      644      104     1796        0        5       35
 4243.000000      816      816        1        0      816        0      652      650      103     1822        0        5       35
 4244.000000      819      819        1        0      819        0      641      640      111     1818        0        5       35
 4245.000000      818      818        1        0      818        0      646      645      104     1830        0        5       35
 4246.000000      823      823        1        0      823        0      645      643      112     1840        0        5       35
 4247.000000      827      827        1        0      827        0      646      645      115     1850        0        4       36
 4248.000000      847      847        1        9      833        5      647      644      116     1860        0        6       34
 4249.000000      838      838        1        0      838        0      656      655       96     1864        1        4       35
 4250.000000      850      850        1        0      850        0      660      658      104     1859        0        5       35
 4251.000000      838      838        1        0      838        0      644      642      115     1871        0        4       36
 4252.000000      865      865        1       10      851        4      662      658      109     1841        0        9       31
 4253.000000      845      845        1       10      831        4      647      645      109     1858        0        5       35
 4254.000000      850      850        1       11      836        3      675      672       98     1896        0        5       35
 4255.000000      865      865        1       10      851        4      666      664      101     1881        0        6       34
 4256.000000      868      868        1       12      853        3      652      650      115     1883        0        6       34
 4257.000000      837      837        1        0      837        0      648      645      123     1866        0        4       36
 4258.000000      854      854        1       10      840        4      662      661      112     1879        0        5       35
 4259.000000      853      853        1       10      839        4      659      658      102     1874        0        5       35
 4260.000000      857      857        1       11      843        3      650      645      114     1878        0        5       35
 4261.000000      848      848        1        0      848        0      664      663      112     1866        0        4       36
 4262.000000      870      870        1       10      856        4      663      662       98     1863        0        5       35
 4263.000000      871      871        1       10      857        4      652      649      104     1887        0        8       32
 4264.000000      855      855        1        0      855        0      641      640      108     1870        0        5       35
 4265.000000      847      847        1        0      847        0      655      653      116     1869        0        4       36
 4266.000000      874      862        2        0      874        0      656      654      111     1851        0        8       32
 4267.000000      846      846        1        0      846        0      659      658      112     1864        0        4       36
 4268.000000      869      857        2        0      869        0      644      641      106     1873        0        7       33
 4269.000000      868      856        2        0      868        0      657      656       95     1859        0        7       33
 4270.000000      856      844        2        0      856        0      643      642      117     1874        0        6       34
 4271.000000      860      848        2        0      860        0      658      655      114     1902        0        6       34
 4272.000000      853      841        2        0      853        0      652      650      111     1872        0        6       34
 4273.000000      858      846        2        0      858        0      645      644      106     1876        0        7       33
 4274.000000      856      844        2        0      856        0      640      637      107     1871        0        5       35
 4275.000000      868      856        2        0      868        0      648      646      113     1819        0        6       34
 4276.000000      867      855        2        0      867        0      662      660      126     1897        0        6       34
 4277.000000      874      862        2        0      874        0      660      659      101     1827        0        6       34
 4278.000000      849      849        1        0      849        0      655      655      107     1846        0        4       36
 4279.000000      868      868        1        0      868        0      640      639      104     1859        0        7       33
 4280.000000      843      843        1        0      843        0      652      651      105     1802        0        4       36
 4281.000000      852      852        1        0      852        0      654      653      112     1828        0        5       35
 4282.000000      843      843        1        0      843        0      653      650      106     1827        0        4       36
 4283.000000      853      853        1        0      853        0      657      656      103     1837        0        5       35
 4284.000000      863      863        1        0      863        0      636      635      101     1845        0        6       34
 4285.000000      856      856        1        0      856        0      653      653      106     1859        0        5       35
 4286.000000      844      844        1        0      844        0      666      665      103     1861        0        4       36
 4287.000000      864      864        1       10      850        4      663      661      103     1886        0        5       35
 4288.000000      871      871        1        8      857        6      663      661      106     1851        0        5       35
 4289.000000      873      873        1       11      859        3      658      656      101     1853        0        5       35
 4290.000000      872      872        1        9      858        5      661      659      101     1881        0        6       34
 4291.000000      857      857        1        0      857        0      649      649      111     1822        0        5       35
 4292.000000      864      864        1        0      864        0      657      655      114     1859        0        4       36
 4293.000000      852      852        1        0      852        0      649      647      103     1857        0        4       36
 4294.000000      851      851        1        0      851        0      648      646      111     1850        0        5       35
 4295.000000      855      855        1        0      855        0      642      640      110     1874        0        4       36
 4296.000000      855      855        1        0      855        0      653      652      102     1897        0        4       36
 4297.000000      859      859        1        0      859        0      647      645      105     1860        0        4       36
 4298.000000      838      838        1        0      838        0      646      644      101     1822        0        4       36
 4299.000000      849      849        1        0      849        0      642      640      104     1866        0        4       36
 4300.000000      843      843        1        0      843        0      637      634      117     1845        1        3       36
 4301.000000      844      844        1        0      844        0      649      646      106     1838        0        4       36
 4302.000000      840      840        1        0      840        0      634      630      103     1837        0        4       36
 4303.000000      830      830        1        0      830        0      633      633      109     1828        0        4       36
 4304.000000      827      827        1        0      827        0      648      645      108     1820        0        4       36
 4305.000000      844      844        1        0      844        0      632      632       96     1832        0        5       35
 4306.000000      830      830        1        0      830        0      635      632      101     1831        0        5       35
 4307.000000      831      831        1        0      831        0      621      620      111     1795        0        5       35
 4308.000000      839      839        1        0      839        0      628      628       98     1798        0        4       36
 4309.000000      836      836        1        0      836        0      642      642       92     1844        0        5       35
 4310.000000      848      848        1        0      848        0      629      629      102     1834        0        8       32
 4311.000000      848      848        1        0      848        0      639      637      107     1816        0        6       34
 4312.000000      825      825        1        0      825        0      612      611      110     1795        0        5       35
 4313.000000      811      811        1        0      811        0      615      615      111     1797        0        5       35
 4314.000000      827      827        1        0      827        0      620      620      106     1770        0        5       35
 4315.000000      827      827        1        0      827        0      621      620      100     1800        0        5       35
 4316.000000      825      825        1        0      825        0      620      619      117     1812        0        5       35
 4317.000000      836      836        1        0      836        0      632      632      104     1801        0        5       35
 4318.000000      829      829        1        0      829        0      632      629      105     1820        0        5       35
 4319.000000      831      831        1        0      831        0      614      611      111     1781        0        5       35
 4320.000000      836      836        1        0      836        0      622      621      110     1782        0        5       35
 4321.000000      829      829        1        0      829        0      630      630      103     1781        0        5       35
 4322.000000      833      833        1        0      833        0      626      622      109     1772        0        5       35
 4323.000000      830      830        1        0      830        0      602      601      135     1795        0        5       35
 4324.000000      842      842        1        0      842        0      628      627      102     1799        0        5       35
 4325.000000      835      835        1        0      835        0      629      629      109     1799        0        4       36
 4326.000000      838      838        1        0      838        0      640      640       99     1793        0        5       35
 4327.000000      833      833        1        0      833        0      626      626      102     1818        0        5       35
 4328.000000      832      832        1        0      832        0      641      639      108     1812        0        5       35
 4329.000000      855      855        1        0      855        0      632      631      108     1839        0        7       33
 4330.000000      850      850        1        0      850        0      646      645       98     1813        0        6       34
 4331.000000      825      825        1        0      825        0      632      632       91     1802        0        5       35
 4332.000000      841      841        1        0      841        0      640      640      107     1774        0        5       35
 4333.000000      836      836        1        0      836        0      634      631      118     1786        0        5       35
 4334.000000      866      866        1        0      866        0      637      635      112     1830        1        7       32
 4335.000000      841      841        1        0      841        0      627      625       98     1825        0        5       35
 4336.000000      853      853        1        0      853        0      641      640      101     1842        1        7       32
 4337.000000      847      847        1        0      847        0      633      631      109     1855        0        8       32
 4338.000000      849      849        1        0      849        0      633      632      107     1832        0        5       35
 4339.000000      866      866        1        0      866        0      638      637      106     1875        0        8       32
 4340.000000      847      847        1        0      847        0      635      631      103     1871        0        6       34
 4341.000000      845      845        1        0      845        0      645      643      102     1831        0        5       35
 4342.000000      860      860        1        0      860        0      624      624      103     1824        0        7       33
 4343.000000      852      852        1        0      852        0      623      623      106     1877        0        7       33
 4344.000000      864      864        1        0      864        0      644      643      103     1819        0        7       33
 4345.000000      842      842        1        0      842        0      642      642      104     1825        0        5       35
 4346.000000      851      851        1        0      851        0      634      634      109     1845        0        6       34
 4347.000000      856      856        1        0      856        0      644      643      115     1852        0        5       35
 4348.000000      841      841        1        0      841        0      647      644      111     1807        0        5       35
 4349.000000      840      840        1        0      840        0      629      626      119     1855        0        5       35
 4350.000000      837      837        1        0      837        0      643      641      115     1846        0        5       35
 4351.000000      834      834        1        0      834        0      644      640      111     1844        0        5       35
 4352.000000      847      847        1        0      847        0      648      647      100     1843        0        7       33
 4353.000000      877      877        1        0      877        0      649      648       95     1840        1       10       29
 4354.000000      832      832        1        0      832        0      655      655      113     1838        0        5       35
 4355.000000      839      839        1        0      839        0      647      643      109     1847        0        5       35
 4356.000000      852      852        1        0      852        0      644      643       96     1829        0        9       31
 4357.000000      836      836        1        0      836        0      638      635      117     1835        0        6       34
 4358.000000      836      836        1        0      836        0      646      644      103     1841        0        5       35
 4359.000000      834      834        1        0      834        0      653      649      108     1843        0        5       35
 4360.000000      860      860        1        0      860        0      638      638      114     1831        0        7       33
 4361.000000      862      862        1        0      862        0      657      657      106     1859        0        6       34
 4362.000000      855      855        1        0      855        0      649      647      106     1811        0        6       34
 4363.000000      844      844        1        0      844        0      641      638      108     1848        0        6       34
 4364.000000      842      842        1        0      842        0      646      645      108     1833        0        6       34
 4365.000000      838      838        1        0      838        0      648      646      123     1827        0        5       35
 4366.000000      858      858        1        0      858        0      656      656      103     1848        0        6       34
 4367.000000      859      859        1        0      859        0      654      650      116     1895        0        7       33
 4368.000000      876      876        1        0      876        0      654      653       93     1866        0        7       33
 4369.000000      860      860        1        0      860        0      659      656      102     1846        0        6       34
 4370.000000      842      842        1        0      842        0      656      655       94     1876        0        7       33
 4371.000000      848      848        1        0      848        0      658      658      117     1852        0        7       33
 4372.000000      838      838        1        0      838        0      657      655      107     1848        0        6       34
 4373.000000      834      834        1        0      834        0      652      649      109     1874        0        5       35
 4374.000000      856      856        1        0      856        0      656      653       98     1829        0        6       34
 4375.000000      844      844        1        0      844        0      661      657      106     1847        0        7       33
 4376.000000      841      841        1        0      841        0      646      643      113     1847        0        6       34
 4377.000000      843      843        1        0      843        0      656      654      106     1860        0        6       34
 4378.000000      852      852        1        0      852        0      646      646      107     1884        0        6       34
 4379.000000      876      876        1        0      876        0      667      667      105     1882        0        8       32
 4380.000000      859      859        1        0      859        0      657      656      106     1882        0        7       33
 4381.000000      857      857        1        0      857        0      663      660      116     1860        0        6       34
 4382.000000      860      860        1        0      860        0      646      644      114     1899        0        6       34
 4383.000000      847      847        1        0      847        0      657      655      111     1870        0        6       34
 4384.000000      851      851        1        0      851        0      643      641      109     1865        0        6       34
 4385.000000      860      860        1        0      860        0      638      634      112     1891        0        6       34
 4386.000000      856      856        1        0      856        0      648      647      111     1847        0        6       34
 4387.000000      880      880        1        0      880        0      662      661       94     1851        0        9       31
 4388.000000      858      858        1        0      858        0      653      649       95     1851        0        8       32
 4389.000000      832      832        1        0      832        0      648      646      108     1864        0        6       34
 4390.000000      843      843        1        0      843        0      625      625      125     1897        0        6       34
 4391.000000      833      833        1        0      833        0      650      650      108     1881        0        6       34
 4392.000000      831      831        1        0      831        0      659      658       89     1874        0        6       34
 4393.000000      836      836        1        0      836        0      643      643      117     1914        0        6       34
 4394.000000      847      847        1        0      847        0      655      654      106     1942        0        6       34
 4395.000000      851      851        1        0      851        0      644      642      115     1892        0        6       34
 4396.000000      817      817        1        0      817        0      639      636      109     1839        0        4       36
 4397.000000      833      833        1        0      833        0      646      642      104     1877        0        4       36
 4398.000000      853      853        1        0      853        0      637      635      121     1819        1        6       33
 4399.000000      837      837        1        0      837        0      644      642      103     1866        0        4       36
 4400.000000      831      831        1        0      831        0      652      650      103     1897        0        4       36
 4401.000000      839      839        1        0      839        0      656      656      114     1882        0        5       35
 4402.000000      846      846        1        0      846        0      649      649       93     1883        0        4       36
 4403.000000      839      839        1        0      839        0      665      664      102     1869        0        4       36
 4404.000000      850      850        1        0      850        0      660      658      101     1853        0        5       35
 4405.000000      839      839        1        0      839        0      638      634      112     1875        0        4       36
 4406.000000      829      829        1        0      829        0      650      648       98     1841        0        5       35
 4407.000000      846      846        1        0      846        0      660      660      109     1839        0        4       36
 4408.000000      840      840        1        0      840        0      645      642      114     1857        0        4       36
 4409.000000      850      850        1        0      850        0      655      653      107     1839        0        4       36
 4410.000000      845      845        1        0      845        0      633      631      110     1834        0        4       36
 4411.000000      854      854        1        0      854        0      660      656      112     1867        0        4       36
 4412.000000      875      875        1        0      875        0      644      643      107     1833        0        7       33
 4413.000000      838      838        1        0      838        0      648      645       91     1824        0        4       36
 4414.000000      844      844        1        0      844        0      644      644      110     1838        0        4       36
 4415.000000      847      847        1        0      847        0      649      645      106     1848        0        6       34
 4416.000000      847      847        1        0      847        0      641      637      108     1846        0        5       35
 4417.000000      844      844        1        0      844        0      650      643      111     1847        0        6       34
 4418.000000      850      850        1        0      850        0      653      650      112     1820        0        7       33
 4419.000000      852      852        1        0      852        0      645      642      119     1866        0        7       33
 4420.000000      864      864        1        0      864        0      646      645      118     1869        0        7       33
 4421.000000      852      852        1        0      852        0      644      643      102     1883        0        7       33
 4422.000000      852      852        1        0      852        0      642      637      105     1889        0        6       34
 4423.000000      842      842        1        0      842        0      637      635      117     1835        0        6       34
 4424.000000      858      858        1        0      858        0      633      631      116     1837        0        6       34
 4425.000000      853      853        1        0      853        0      633      630      119     1811        0        7       33
 4426.000000      847      847        1        0      847        0      623      623      103     1798        0        6       34
 4427.000000      843      843        1        0      843        0      636      636      103     1843        0        8       32
 4428.000000      845      845        1        0      845        0      639      636      132     1825        0        8       32
 4429.000000      843      843        1        0      843        0      638      635      118     1823        0        7       33
 4430.000000      848      848        1        0      848        0      621      616      129     1816        0        7       33
 4431.000000      846      846        1        0      846        0      626      626      110     1801        0        7       33
 4432.000000      864      864        1        0      864        0      637      633      120     1784        1        9       30
 4433.000000      846      846        1        0      846        0      637      635      111     1775        0        7       33
 4434.000000      837      837        1        0      837        0      630      623      121     1794        0        7       33
 4435.000000      839      839        1        0      839        0      639      638      116     1817        0        7       33
 4436.000000      848      848        1        0      848        0      644      643      106     1808        0        8       32
 4437.000000      828      828        1        0      828        0      636      632      100     1811        0        6       34
 4438.000000      835      835        1        0      835        0      642      642      104     1806        0        7       33
 4439.000000      829      829        1        0      829        0      640      639      106     1791        0        5       35
 4440.000000      833      833        1        0      833        0      631      630      112     1820        0        6       34
 4441.000000      824      824        1        0      824        0      643      642       96     1779        0        6       34
 4442.000000      836      836        1        0      836        0      638      634      109     1794        0        6       34
 4443.000000      826      826        1        0      826        0      641      636      109     1829        0        6       34
 4444.000000      843      843        1        0      843        0      643      641      111     1821        0        6       34
 4445.000000      838      838        1        0      838        0      640      638      100     1845        0        6       34
 4446.000000      837      837        1        0      837        0      642      641      109     1849        0        6       34
 4447.000000      837      837        1        0      837        0      640      632      118     1823        0        7       33
 4448.000000      849      849        1        0      849        0      653      650      108     1859        0        7       33
 4449.000000      843      843        1        0      843        0      657      654      107     1833        0        7       33
 4450.000000      858      858        1        0      858        0      662      660      109     1893        0        8       32
 4451.000000      842      842        1        0      842        0      651      646      114     1854        0        6       34
 4452.000000      849      849        1        0      849        0      652      650      117     1882        0        7       33
 4453.000000      838      838        1        0      838        0      644      642      114     1829        0        6       34
 4454.000000      867      867        1        0      867        0      659      657      114     1896        0        8       32
 4455.000000      843      843        1        0      843        0      652      650      102     1919        0        7       33
 4456.000000      842      842        1        0      842        0      656      655      110     1849        0        5       35
 4457.000000      842      842        1        0      842        0      646      643      109     1889        0        5       35
 4458.000000      880      880        1        0      880        0      658      658      103     1849        1       11       28
 4459.000000      849      849        1        0      849        0      655      649      107     1882        0        7       33
 4460.000000      859      859        1        0      859        0      646      643      117     1853        0        7       33
 4461.000000      864      864        1        0      864        0      669      667      112     1864        0        9       31
 4462.000000      851      851        1        0      851        0      657      655      114     1881        1        6       33
 4463.000000      863      863        1        0      863        0      652      652      101     1879        0        8       32
 4464.000000      855      855        1        0      855        0      640      640      113     1873        0       10       30
 4465.000000      854      854        1        0      854        0      655      654      114     1873        0        8       32
 4466.000000      848      848        1        0      848        0      678      677      108     1865        0        6       34
 4467.000000      842      842        1        0      842        0      674      673       98     1871        0        7       33
 4468.000000      854      854        1        0      854        0      655      654      118     1850        0        9       31
 4469.000000      849      849        1        0      849        0      648      644      115     1852        0        7       33
 4470.000000      844      844        1        0      844        0      654      648      136     1856        0        7       33
 4471.000000      845      845        1        0      845        0      638      636      110     1862        0        7       33
 4472.000000      841      841        1        0      841        0      643      641      114     1837        0        6       34
 4473.000000      843      843        1        0      843        0      655      653      117     1835        0        7       33
 4474.000000      839      839        1        0      839        0      634      632      119     1869        0        7       33
 4475.000000      856      856        1        0      856        0      654      650      123     1890        0        9       31
 4476.000000      847      847        1        0      847        0      646      643      115     1822        0        7       33
 4477.000000      830      830        1        0      830        0      647      644      121     1857        0        7       33
 4478.000000      834      834        1        0      834        0      640      637      111     1845        0        7       33
 4479.000000      832      832        1        0      832        0      647      644      112     1830        0        7       33
 4480.000000      834      834        1        0      834        0      655      652      110     1843        0        7       33
 4481.000000      844      844        1        0      844        0      650      647      104     1857        0        7       33
 4482.000000      850      850        1        0      850        0      661      658       95     1839        0        7       33
 4483.000000      849      849        1        0      849        0      653      650      105     1877        0        8       32
 4484.000000      842      842        1        0      842        0      653      651      103     1835        0        7       33
 4485.000000      852      852        1        0      852        0      665      664      102     1848        0        7       33
 4486.000000      849      849        1        0      849        0      655      655      118     1837        0        6       34
 4487.000000      858      858        1        0      858        0      655      649      107     1855        0        7       33
 4488.000000      856      856        1        0      856        0      663      661      108     1848        0        5       35
 4489.000000      859      859        1        0      859        0      654      654      120     1855        0        6       34
 4490.000000      855      855        1        0      855        0      631      628      132     1864        0        6       34
 4491.000000      858      858        1        0      858        0      655      653      119     1867        0        9       31
 4492.000000      853      853        1        0      853        0      675      672      106     1853        0        6       34
 4493.000000      856      856        1        0      856        0      650      647      121     1836        0        6       34
 4494.000000      851      851        1        0      851        0      650      648      121     1839        0        6       34
 4495.000000      859      859        1        0      859        0      658      656      112     1843        0        7       33
 4496.000000      864      864        1        0      864        0      662      662      109     1873        0        6       34
 4497.000000      859      859        1        0      859        0      650      647      112     1854        0        6       34
 4498.000000      846      846        1        0      846        0      647      644      117     1844        0        5       35
 4499.000000      843      843        1        0      843        0      651      649      114     1846        0        6       34
 4500.000000      839      839        1        0      839        0      637      630      114     1818        0        6       34
 4501.000000      846      846        1        0      846        0      650      648      112     1858        0        6       34
 4502.000000      840      840        1        0      840        0      633      628      119     1868        0        6       34
 4503.000000      824      824        1        0      824        0      628      626      103     1843        0        6       34
 4504.000000      842      842        1        0      842        0      658      657      121     1865        0        6       34
 4505.000000      827      827        1        0      827        0      658      656      103     1855        0        7       33
 4506.000000      847      847        1        0      847        0      643      640      107     1862        0        7       33
 4507.000000      839      839        1        0      839        0      649      649      115     1821        1        6       33
 4508.000000      831      831        1        0      831        0      654      653      110     1847        0        7       33
 4509.000000      846      846        1        0      846        0      657      652      105     1872        0        7       33
 4510.000000      855      855        1        0      855        0      663      663       94     1910        0        7       33
 4511.000000      841      841        1        0      841        0      662      660      105     1919        0        7       33
 4512.000000      854      854        1        7      840        7      660      658       98     1908        0        7       33
 4513.000000      855      855        1        0      855        0      677      675      110     1924        0        7       33
 4514.000000      857      857        1        0      857        0      657      655      114     1883        0        6       34
 4515.000000      863      863        1        0      863        0      654      653      114     1888        0        8       32
 4516.000000      868      868        1        0      868        0      682      682       99     1912        0        8       32
 4517.000000      855      855        1        0      855        0      653      651      106     1887        0        6       34
 4518.000000      891      891        1        0      891        0      671      671       99     1930        0        9       31
 4519.000000      891      891        1        0      891        0      660      659      109     1866        0        8       32
 4520.000000      861      861        1        0      861        0      657      654      112     1885        0       10       30
 4521.000000      870      870        1        0      870        0      665      663      126     1881        0        7       33
 4522.000000      883      883        1        0      883        0      647      647      127     1872        0        7       33
 4523.000000      871      871        1        0      871        0      655      653      118     1890        0        8       32
 4524.000000      878      878        1        0      878        0      676      674      109     1867        0        6       34
 4525.000000      855      855        1        0      855        0      664      664      109     1833        0        7       33
 4526.000000      867      867        1        0      867        0      652      650      130     1837        0        7       33
 4527.000000      862      862        1       13      847        2      667      664      120     1902        0        6       34
 4528.000000      867      867        1        0      867        0      666      665      108     1882        1        6       33
 4529.000000      870      870        1        0      870        0      654      652      111     1903        0        7       33
 4530.000000      871      871        1        0      871        0      645      644      117     1866        0        7       33
 4531.000000      872      872        1        0      872        0      660      658      101     1874        0        8       32
 4532.000000      865      865        1        0      865        0      657      657      111     1892        0        8       32
 4533.000000      857      857        1        0      857        0      663      660      110     1880        0        8       32
 4534.000000      846      846        1        0      846        0      675      672      110     1867        0        7       33
 4535.000000      868      868        1        0      868        0      664      663      102     1872        0        7       33
 4536.000000      871      871        1        0      871        0      660      659      103     1888        0        6       34
 4537.000000      856      856        1        0      856        0      685      684      106     1870        0        7       33
 4538.000000      872      872        1        0      872        0      660      658      114     1919        0        7       33
 4539.000000      867      867        1        0      867        0      664      662      114     1887        0        7       33
 4540.000000      882      882        1        0      882        0      650      650      105     1877        0        8       32
 4541.000000      863      863        1        0      863        0      667      665      104     1876        0        7       33
 4542.000000      870      870        1        0      870        0      672      670      105     1874        0        8       32
 4543.000000      881      881        1        0      881        0      666      665      112     1914        0        9       31
 4544.000000      867      867        1        0      867        0      657      657      108     1893        0        9       31
 4545.000000      866      866        1        0      866        0      667      666       99     1915        0        9       31
 4546.000000      880      880        1        0      880        0      668      664      104     1920        0       13       27
 4547.000000      888      888        1        0      888        0      660      659       97     1955        0       12       28
 4548.000000      878      878        1        0      878        0      667      664      109     1887        0       11       29
 4549.000000      879      879        1        0      879        0      661      657      114     1892        0        9       31
 4550.000000      880      880        1        0      880        0      672      669      103     1914        0        9       31
 4551.000000      878      878        1        0      878        0      662      658      121     1912        0       11       29
 4552.000000      875      875        1        0      875        0      666      661      117     1953        0        9       31
 4553.000000      886      886        1        0      886        0      671      668      105     1917        0       11       29
 4554.000000      891      891        1        0      891        0      653      652      113     1929        0        9       31
 4555.000000      873      873        1        0      873        0      681      676      102     1898        0        9       31
 4556.000000      865      865        1        0      865        0      667      664      100     1877        0        9       31
 4557.000000      856      856        1        0      856        0      676      675      107     1881        0        7       33
 4558.000000      884      884        1        0      884        0      668      666      111     1886        0       12       28
 4559.000000      875      875        1        0      875        0      647      644      123     1913        0        9       31
 4560.000000      892      892        1        0      892        0      663      661      111     1908        1       12       27
 4561.000000      872      872        1        0      872        0      670      666      110     1918        0       10       30
 4562.000000      880      880        1        0      880        0      657      653      107     1889        0       10       30
 4563.000000      873      873        1        0      873        0      669      669      101     1907        0        9       31
 4564.000000      882      882        1        0      882        0      669      666      106     1913        0        9       31
 4565.000000      877      877        1        0      877        0      660      656      109     1884        0        7       33
 4566.000000      867      867        1        0      867        0      664      663      107     1904        0        8       32
 4567.000000      886      886        1        0      886        0      666      665      101     1878        1        6       33
 4568.000000      854      854        1        0      854        0      658      655      109     1886        0        7       33
 4569.000000      868      868        1        0      868        0      667      666       99     1863        0        8       32
 4570.000000      867      867        1        0      867        0      668      667      115     1885        0        8       32
 4571.000000      854      854        1        0      854        0      662      659       98     1905        0        8       32
 4572.000000      863      863        1        0      863        0      655      653      109     1843        0        7       33
 4573.000000      844      844        1        0      844        0      664      660       97     1885        0        7       33
 4574.000000      847      847        1        0      847        0      666      665       96     1845        0        6       34
 4575.000000      860      860        1        0      860        0      668      665       96     1855        0        7       33
 4576.000000      838      838        1        0      838        0      669      668       96     1882        0        5       35
 4577.000000      832      832        1        0      832        0      640      637      102     1863        0        4       36
 4578.000000      845      845        1        0      845        0      663      662      102     1892        0        5       35
 4579.000000      864      864        1        0      864        0      657      657       99     1884        0        5       35
 4580.000000      856      856        1        0      856        0      667      667       99     1894        0        6       34
 4581.000000      838      838        1        0      838        0      658      657      115     1898        0        5       35
 4582.000000      858      858        1        0      858        0      663      660      106     1880        0        5       35
 4583.000000      866      866        1        0      866        0      662      661      104     1874        0        9       31
 4584.000000      861      861        1        0      861        0      666      664      100     1890        0        6       34
 4585.000000      844      844        1        0      844        0      662      662       96     1853        0        5       35
 4586.000000      850      850        1        0      850        0      664      660      103     1893        0        6       34
 4587.000000      852      852        1        0      852        0      660      659      101     1852        0        6       34
 4588.000000      844      844        1        0      844        0      664      662      100     1876        0        5       35
 4589.000000      859      859        1        0      859        0      652      652       95     1891        0        6       34
 4590.000000      862      862        1        0      862        0      669      667       96     1909        0        7       33
 4591.000000      863      863        1        0      863        0      658      657      109     1875        0        6       34
 4592.000000      861      861        1        0      861        0      657      655      102     1885        0        6       34
 4593.000000      852      852        1        0      852        0      652      649      106     1885        0        7       33
 4594.000000      851      851        1        0      851        0      653      650      109     1870        0        7       33
 4595.000000      861      861        1        0      861        0      678      675      112     1878        0        8       32
 4596.000000      861      861        1        0      861        0      668      667      101     1888        0        8       32
 4597.000000      862      862        1        0      862        0      661      658      104     1881        0        7       33
 4598.000000      871      871        1        0      871        0      650      650       93     1890        0        9       31
 4599.000000      863      863        1        0      863        0      662      662      100     1870        0        9       31
 4600.000000      839      839        1        0      839        0      651      649      109     1831        0        6       34
 4601.000000      847      847        1        0      847        0      656      653      104     1868        0        6       34
 4602.000000      852      852        1        0      852        0      634      632      111     1876        0        8       32
 4603.000000      860      860        1        0      860        0      650      648      105     1871        0        7       33
 4604.000000      881      881        1        0      881        0      652      651       98     1914        0        7       33
 4605.000000      866      866        1        0      866        0      661      658       92     1852        0        6       34
 4606.000000      858      858        1        0      858        0      654      653      102     1875        0        7       33
 4607.000000      860      860        1        0      860        0      636      634      117     1865        0        9       31
 4608.000000      856      856        1        0      856        0      657      650      109     1854        0        6       34
 4609.000000      855      855        1        0      855        0      653      652       98     1885        0        7       33
 4610.000000      866      866        1        0      866        0      657      657      105     1896        0        6       34
 4611.000000      855      855        1        0      855        0      660      656      104     1868        1        5       34
 4612.000000      867      867        1        0      867        0      635      634      103     1894        0        9       31
 4613.000000      861      861        1        0      861        0      638      637      116     1873        0        8       32
 4614.000000      872      872        1        0      872        0      628      627      128     1878        1        6       33
 4615.000000      871      871        1        0      871        0      655      650      119     1891        0        7       33
 4616.000000      849      849        1        0      849        0      648      648       98     1894        0        8       32
 4617.000000      843      843        1        0      843        0      652      649      101     1874        0        6       34
 4618.000000      849      849        1        0      849        0      645      645      109     1853        0        6       34
 4619.000000      844      844        1        0      844        0      647      646      106     1874        0        7       33
 4620.000000      855      855        1        0      855        0      654      654      108     1877        0        9       31
 4621.000000      844      844        1        0      844        0      653      651      118     1859        0        7       33
 4622.000000      842      842        1        0      842        0      659      658      104     1868        0        6       34
 4623.000000      856      856        1        0      856        0      665      665      103     1879        0        9       31
 4624.000000      852      852        1        0      852        0      652      648      112     1879        0        6       34
 4625.000000      843      843        1        0      843        0      655      652       98     1850        0        6       34
 4626.000000      842      842        1        0      842        0      646      642      103     1873        0        7       33
 4627.000000      852      852        1        0      852        0      644      642      110     1853        0        5       35
 4628.000000      849      849        1        0      849        0      636      633      111     1851        0        6       34
 4629.000000      844      844        1        0      844        0      642      641      108     1863        0        8       32
 4630.000000      858      858        1        0      858        0      648      645      115     1894        0        8       32
 4631.000000      831      831        1        0      831        0      648      643      106     1855        0        5       35
 4632.000000      833      833        1        0      833        0      641      637      118     1871        0        5       35
 4633.000000      840      840        1        0      840        0      638      635      113     1858        0        7       33
 4634.000000      850      850        1        0      850        0      644      636      104     1868        0        6       34
 4635.000000      859      859        1        0      859        0      658      656       92     1880        0        9       31
 4636.000000      833      833        1        0      833        0      655      653      109     1853        0        6       34
 4637.000000      847      847        1        0      847        0      661      660      100     1912        0        9       31
 4638.000000      847      847        1        0      847        0      666      664       93     1879        0        6       34
 4639.000000      856      856        1        0      856        0      652      650       92     1881        0        6       34
 4640.000000      849      849        1        0      849        0      654      653      111     1865        0        6       34
 4641.000000      828      828        1        0      828        0      646      646      107     1838        0        5       35
 4642.000000      845      845        1        0      845        0      630      628      114     1859        0        5       35
 4643.000000      826      826        1        0      826        0      643      641      112     1830        0        5       35
 4644.000000      829      829        1        0      829        0      636      636      103     1910        0        5       35
 4645.000000      839      839        1        0      839        0      634      631      113     1847        0        6       34
 4646.000000      824      824        1        0      824        0      651      648      109     1833        0        4       36
 4647.000000      826      826        1        0      826        0      639      637      110     1828        0        6       34
 4648.000000      853      853        1        0      853        0      635      635      109     1836        0        8       32
 4649.000000      833      833        1        0      833        0      660      659      100     1846        0        6       34
 4650.000000      828      828        1        0      828        0      663      662      100     1831        0        6       34
 4651.000000      841      841        1        0      841        0      634      633      116     1861        0        5       35
 4652.000000      844      844        1        0      844        0      640      639      120     1860        0        6       34
 4653.000000      851      851        1        0      851        0      646      644      115     1869        0        7       33
 4654.000000      824      824        1        0      824        0      650      645      113     1834        0        5       35
 4655.000000      846      846        1        0      846        0      656      654      103     1845        0        8       32
 4656.000000      829      829        1        0      829        0      634      631      120     1850        0        6       34
 4657.000000      840      840        1        0      840        0      652      649       97     1848        0        6       34
 4658.000000      864      864        1        0      864        0      636      634      111     1842        1        7       32
 4659.000000      849      849        1        0      849        0      658      656       92     1861        0        5       35
 4660.000000      852      852        1        0      852        0      661      660      113     1866        0        6       34
 4661.000000      854      854        1        0      854        0      643      642      120     1854        0        6       34
 4662.000000      841      841        1        0      841        0      644      644      114     1855        0        6       34
 4663.000000      843      843        1        0      843        0      649      647      107     1845        0        5       35
 4664.000000      858      858        1        0      858        0      651      648      101     1885        1        6       33
 4665.000000      848      848        1        0      848        0      636      636      102     1830        0        5       35
 4666.000000      868      868        1        0      868        0      659      657      106     1857        0        7       33
 4667.000000      867      867        1        0      867        0      648      646      102     1880        0        6       34
 4668.000000      877      877        1        0      877        0      657      655      100     1874        0        8       32
 4669.000000      864      864        1        0      864        0      658      656      102     1862        0        5       35
 4670.000000      868      868        1        0      868        0      641      641      108     1870        0        5       35
 4671.000000      881      881        1        0      881        0      647      647      105     1891        0        5       35
 4672.000000      889      889        1        0      889        0      645      644      116     1877        0        7       33
 4673.000000      888      888        1        0      888        0      666      663      106     1871        0        6       34
 4674.000000      869      869        1        0      869        0      656      654      117     1893        0        6       34
 4675.000000      877      877        1        0      877        0      664      661      113     1880        0        8       32
 4676.000000      880      880        1        0      880        0      692      688       98     1925        0        6       34
 4677.000000      874      874        1        0      874        0      667      663      123     1908        0        5       35
 4678.000000      893      893        1        0      893        0      681      675      109     1955        0        8       32
 4679.000000      874      862        2        0      874        0      686      682      107     1902        0        5       35
 4680.000000      868      868        1        0      868        0      671      668      121     1911        0        6       34
 4681.000000      857      857        1        0      857        0      665      661      118     1912        0        5       35
 4682.000000      869      869        1        0      869        0      668      665      116     1945        0        5       35
 4683.000000      895      895        1        0      895        0      684      683      112     1878        0        8       32
 4684.000000      861      861        1        0      861        0      673      669      114     1890        0        4       36
 4685.000000      871      871        1        0      871        0      678      678      114     1914        0        7       33
 4686.000000      870      870        1        0      870        0      684      679      114     1906        1        5       34
 4687.000000      858      858        1        0      858        0      674      672      102     1925        0        3       37
 4688.000000      867      867        1        0      867        0      681      677      105     1936        0        6       34
 4689.000000      855      855        1        0      855        0      681      678      104     1878        0        5       35
 4690.000000      854      854        1        0      854        0      669      668      122     1900        0        4       36
 4691.000000      882      882        1        0      882        0      664      662      107     1902        0        6       34
 4692.000000      841      841        1        0      841        0      655      650      121     1857        0        4       36
 4693.000000      847      847        1        0      847        0      675      670      108     1911        0        4       36
 4694.000000      857      857        1        0      857        0      663      660      109     1904        0        6       34
 4695.000000      844      844        1        0      844        0      672      670      110     1888        0        4       36
 4696.000000      846      846        1        0      846        0      661      659      114     1889        0        4       36
 4697.000000      847      847        1        0      847        0      667      666      106     1898        0        4       36
 4698.000000      850      850        1        0      850        0      684      682      107     1875        0        3       37
 4699.000000      859      859        1        0      859        0      678      677      111     1904        0        4       36
 4700.000000      846      846        1        0      846        0      664      664      114     1893        0        4       36
 4701.000000      852      852        1        0      852        0      667      665      109     1912        1        3       36
 4702.000000      851      851        1        0      851        0      664      660      117     1889        0        5       35
 4703.000000      836      836        1        0      836        0      665      661      113     1894        0        4       36
 4704.000000      850      850        1        0      850        0      660      658      140     1899        0        5       35
 4705.000000      840      840        1        0      840        0      673      673       96     1903        0        4       36
 4706.000000      839      839        1        0      839        0      659      657      118     1880        0        4       36
 4707.000000      852      852        1        0      852        0      676      675      112     1883        0        4       36
 4708.000000      852      852        1        0      852        0      654      651      122     1891        0        4       36
 4709.000000      856      856        1        0      856        0      679      677      101     1869        0        3       37
 4710.000000      852      852        1        0      852        0      656      656      103     1862        0        4       36
 4711.000000      838      838        1        0      838        0      649      647      115     1882        0        4       36
 4712.000000      854      854        1        0      854        0      647      645      116     1889        0        4       36
 4713.000000      845      845        1        0      845        0      667      667      103     1869        0        4       36
 4714.000000      838      838        1        0      838        0      674      672      104     1875        0        5       35
 4715.000000      853      853        1        0      853        0      667      666      109     1846        0        5       35
 4716.000000      845      845        1        0      845        0      673      668      124     1813        0        5       35
 4717.000000      847      847        1        0      847        0      675      672      107     1877        0        4       36
 4718.000000      839      839        1        0      839        0      659      657      105     1837        0        5       35
 4719.000000      843      843        1        0      843        0      664      662      113     1909        0        4       36
 4720.000000      847      847        1        0      847        0      659      656      111     1870        0        4       36
 4721.000000      854      854        1        0      854        0      662      658      110     1888        0        4       36
 4722.000000      863      863        1        0      863        0      666      663      111     1907        0        6       34
 4723.000000      840      840        1        0      840        0      644      641      133     1846        0        4       36
 4724.000000      870      870        1        0      870        0      671      669      102     1838        0        5       35
 4725.000000      861      849        2        0      861        0      663      658      108     1857        0        5       35
 4726.000000      856      856        1        0      856        0      651      649      112     1848        0        5       35
 4727.000000      854      854        1        0      854        0      658      655      111     1869        0        5       35
 4728.000000      858      858        1        0      858        0      664      660      117     1883        0        5       35
 4729.000000      851      851        1        0      851        0      664      662      105     1894        0        5       35
 4730.000000      851      851        1        0      851        0      653      650      123     1904        0        6       34
 4731.000000      863      863        1        0      863        0      670      669      119     1910        0        6       34
 4732.000000      856      856        1        0      856        0      657      654      113     1880        0        5       35
 4733.000000      854      854        1        0      854        0      671      669      121     1827        0        5       35
 4734.000000      851      851        1        0      851        0      657      653      122     1880        0        6       34
 4735.000000      846      846        1        0      846        0      663      662      104     1852        0        5       35
 4736.000000      855      855        1        0      855        0      647      644      121     1920        0        5       35
 4737.000000      847      847        1        0      847        0      647      644      121     1893        0        5       35
 4738.000000      848      848        1        0      848        0      657      655      117     1897        0        7       33
 4739.000000      847      847        1        0      847        0      652      651      115     1897        0        5       35
 4740.000000      852      852        1        0      852        0      639      638      126     1907        0        5       35
 4741.000000      851      851        1        0      851        0      650      648      118     1889        0        4       36
 4742.000000      852      852        1        0      852        0      668      663      110     1890        0        5       35
 4743.000000      866      866        1        0      866        0      662      656      117     1880        0        6       34
 4744.000000      855      855        1        0      855        0      658      656      103     1926        0        5       35
 4745.000000      847      847        1        0      847        0      663      659      110     1891        0        4       36
 4746.000000      834      834        1        0      834        0      658      654      116     1918        0        5       35
 4747.000000      833      833        1        0      833        0      667      663      108     1880        0        4       36
 4748.000000      838      838        1        0      838        0      658      654      113     1879        0        5       35
 4749.000000      840      840        1        0      840        0      658      658      109     1873        0        5       35
 4750.000000      843      843        1        0      843        0      662      662       95     1905        0        5       35
 4751.000000      838      838        1        0      838        0      648      646      115     1899        0        5       35
 4752.000000      838      838        1        0      838        0      651      648      111     1887        0        5       35
 4753.000000      849      849        1        0      849        0      666      664      109     1905        0        5       35
 4754.000000      850      850        1        0      850        0      669      667      112     1887        1        6       33
 4755.000000      857      857        1        0      857        0      667      665      112     1865        0        5       35
 4756.000000      849      849        1        0      849        0      660      656      108     1869        0        6       34
 4757.000000      865      865        1        0      865        0      650      644      118     1887        0        8       32
 4758.000000      858      858        1        0      858        0      650      646      109     1858        0        5       35
 4759.000000      833      833        1        0      833        0      656      649      112     1848        0        6       34
 4760.000000      839      839        1        0      839        0      667      665      105     1871        0        5       35
 4761.000000      852      852        1        0      852        0      665      663      109     1866        0        4       36
 4762.000000      858      858        1        0      858        0      669      666       94     1866        0        6       34
 4763.000000      868      868        1        0      868        0      660      655      116     1891        0        6       34
 4764.000000      838      838        1        0      838        0      666      661      114     1876        0        6       34
 4765.000000      895      895        1        0      895        0      662      660      104     1872        0        8       32
 4766.000000      874      874        1        0      874        0      670      668      103     1897        0        6       34
 4767.000000      871      871        1        0      871        0      673      670      109     1879        0        5       35
 4768.000000      885      885        1        0      885        0      670      665      112     1886        0        6       34
 4769.000000      874      874        1        0      874        0      659      656      112     1883        0        7       33
 4770.000000      852      852        1        0      852        0      654      652      118     1833        0        5       35
 4771.000000      863      863        1        0      863        0      662      660      110     1886        0        6       34
 4772.000000      875      875        1        0      875        0      673      670      100     1888        0        6       34
 4773.000000      893      893        1        0      893        0      676      675      103     1885        0        7       33
 4774.000000      873      873        1        0      873        0      658      656      109     1845        0        3       37
 4775.000000      890      890        1        0      890        0      663      660      115     1892        0        7       33
 4776.000000      883      883        1        0      883        0      685      682      112     1875        0        7       33
 4777.000000      891      891        1        0      891        0      670      668      112     1908        0        6       34
 4778.000000      892      892        1        0      892        0      665      663      127     1891        0        8       32
 4779.000000      878      878        1        0      878        0      671      668      124     1870        0        4       36
 4780.000000      878      878        1        0      878        0      675      675      106     1893        0        7       33
 4781.000000      877      877        1        0      877        0      674      669      122     1900        0        4       36
 4782.000000      867      867        1        0      867        0      681      677      112     1874        0        4       36
 4783.000000      876      876        1        0      876        0      660      656      112     1895        0        5       35
 4784.000000      882      882        1        0      882        0      669      664      114     1884        0        4       36
 4785.000000      885      885        1        0      885        0      681      678      105     1882        0        6       34
 4786.000000      880      880        1        0      880        0      662      659      122     1893        0        7       33
 4787.000000      873      873        1        0      873        0      644      638      132     1864        0        4       36
 4788.000000      869      869        1        0      869        0      672      671      120     1885        0        6       34
 4789.000000      890      890        1        0      890        0      668      666      112     1876        0        4       36
 4790.000000      892      892        1       14      878        0      656      654      122     1872        0        8       32
 4791.000000      887      887        1        0      887        0      658      653      140     1882        0        7       33
 4792.000000      869      869        1        0      869        0      668      662      126     1880        0        4       36
 4793.000000      873      873        1        0      873        0      657      656      105     1860        0        4       36
 4794.000000      878      878        1        0      878        0      656      653      114     1902        0        6       34
 4795.000000      873      873        1        0      873        0      656      653      107     1884        0        5       35
 4796.000000      876      876        1        0      876        0      655      651      125     1888        0        6       34
 4797.000000      873      873        1        0      873        0      658      657      120     1856        0        4       36
 4798.000000      863      863        1        0      863        0      650      647      108     1867        0        4       36
 4799.000000      904      904        1       15      889        0      645      642      120     1906        0        9       31
 4800.000000      871      871        1        0      871        0      663      662      134     1880        0        5       35
 4801.000000      862      862        1        0      862        0      666      663      118     1885        0        5       35
 4802.000000      864      864        1        0      864        0      669      666      117     1877        0        5       35
 4803.000000      858      858        1        0      858        0      655      653      116     1889        0        5       35
 4804.000000      865      865        1        0      865        0      641      636      128     1856        0        5       35
 4805.000000      860      860        1        0      860        0      642      638      127     1854        0        3       37
 4806.000000      856      856        1        0      856        0      673      668      123     1876        0        3       37
 4807.000000      862      862        1        0      862        0      656      654      125     1844        0        3       37
 4808.000000      870      870        1       14      856        0      655      648      128     1867        0        6       34
 4809.000000      862      862        1        0      862        0      654      652      115     1868        0        3       37
 4810.000000      859      859        1        0      859        0      656      652      105     1892        0        5       35
 4811.000000      858      858        1        0      858        0      657      652      123     1904        0        6       34
 4812.000000      856      856        1        0      856        0      666      663      121     1909        0        4       36
 4813.000000      869      869        1       14      855        0      650      646      121     1853        0        7       33
 4814.000000      884      884        1        0      884        0      656      649      118     1856        0        6       34
 4815.000000      850      850        1        0      850        0      671      663      111     1876        0        4       36
 4816.000000      847      847        1        0      847        0      646      640      122     1884        0        4       36
 4817.000000      871      871        1        0      871        0      657      653      114     1881        0        6       34
 4818.000000      854      854        1        0      854        0      671      669      111     1839        0        5       35
 4819.000000      859      859        1        0      859        0      666      663      123     1866        0        5       35
 4820.000000      866      866        1        0      866        0      675      671      105     1911        0        6       34
 4821.000000      869      869        1        0      869        0      663      662      117     1904        0        5       35
 4822.000000      855      855        1        0      855        0      667      664       97     1909        0        4       36
 4823.000000      878      863        2        0      878        0      658      651      120     1886        0        9       31
 4824.000000      872      872        1        0      872        0      683      681      104     1892        0        6       34
 4825.000000      861      861        1        0      861        0      669      663      100     1867        0        5       35
 4826.000000      860      860        1        0      860        0      679      677       97     1847        0        5       35
 4827.000000      867      867        1        0      867        0      651      648      130     1906        0        5       35
 4828.000000      864      864        1        0      864        0      655      649      116     1875        0        5       35
 4829.000000      874      874        1        0      874        0      655      652      124     1898        0        5       35
 4830.000000      857      857        1        0      857        0      657      656      121     1885        0        5       35
 4831.000000      880      880        1        0      880        0      671      669       99     1898        0        5       35
 4832.000000      863      863        1        0      863        0      669      660      103     1832        0        5       35
 4833.000000      875      875        1        0      875        0      665      663      112     1891        0        6       34
 4834.000000      863      863        1        0      863        0      665      662      110     1868        0        6       34
 4835.000000      869      869        1        0      869        0      657      655      111     1905        0        6       34
 4836.000000      877      877        1        0      877        0      674      670      113     1882        0        7       33
 4837.000000      876      876        1        0      876        0      668      665      107     1907        0        6       34
 4838.000000      872      872        1        0      872        0      667      664      118     1931        0        6       34
 4839.000000      880      880        1        0      880        0      663      661      105     1887        0        6       34
 4840.000000      858      858        1        0      858        0      665      661      119     1873        0        4       36
 4841.000000      858      858        1        0      858        0      670      665      108     1891        0        5       35
 4842.000000      861      861        1        0      861        0      671      667      107     1881        0        4       36
 4843.000000      863      863        1        0      863        0      671      667      115     1891        0        5       35
 4844.000000      861      861        1        0      861        0      682      679      110     1905        0        5       35
 4845.000000      869      869        1        0      869        0      660      656      126     1906        0        5       35
 4846.000000      873      873        1        0      873        0      678      674      109     1895        0        7       33
 4847.000000      908      908        1       14      894        0      672      669      107     1896        0        8       32
 4848.000000      856      856        1        0      856        0      657      650      114     1852        0        5       35
 4849.000000      867      867        1        0      867        0      657      653      108     1883        0        5       35
 4850.000000      856      856        1        0      856        0      670      667      122     1893        0        5       35
 4851.000000      865      865        1        0      865        0      657      649      110     1885        0        5       35
 4852.000000      852      852        1        0      852        0      673      670      108     1847        0        5       35
 4853.000000      864      864        1        0      864        0      666      662      119     1890        0        6       34
 4854.000000      865      865        1        0      865        0      657      655      110     1898        0        5       35
 4855.000000      869      869        1        0      869        0      652      648      121     1926        0        5       35
 4856.000000      868      868        1        0      868        0      644      637      127     1906        0        4       36
 4857.000000      864      864        1        0      864        0      664      663      103     1919        0        4       36
 4858.000000      875      875        1        0      875        0      649      643      116     1894        0        5       35
 4859.000000      858      858        1        0      858        0      655      649      109     1884        0        5       35
 4860.000000      857      857        1        0      857        0      672      667      101     1883        0        5       35
 4861.000000      863      863        1        0      863        0      662      657      110     1925        0        5       35
 4862.000000      874      874        1        0      874        0      658      653      117     1870        0        5       35
 4863.000000      870      870        1        0      870        0      654      652      104     1896        0        5       35
 4864.000000      866      866        1        0      866        0      673      670      116     1894        0        6       34
 4865.000000      867      867        1        0      867        0      666      662      121     1908        0        6       34
 4866.000000      878      878        1        0      878        0      676      669      115     1917        0        7       33
 4867.000000      870      870        1        0      870        0      661      659      124     1908        0        7       33
 4868.000000      877      877        1        0      877        0      661      656      121     1898        0        6       34
 4869.000000      896      896        1       14      882        0      674      669      112     1892        0        6       34
 4870.000000      877      877        1        0      877        0      676      669      116     1918        0        6       34
 4871.000000      865      865        1        0      865        0      664      662      117     1938        0        7       33
 4872.000000      880      880        1        0      880        0      660      656      102     1881        0        8       32
 4873.000000      883      883        1       10      869        4      677      675      104     1879        0        7       33
 4874.000000      888      888        1       10      874        4      667      665      109     1897        0        6       34
 4875.000000      886      886        1       10      872        4      674      671      108     1852        0        6       34
 4876.000000      879      879        1        0      879        0      642      641      106     1862        0        7       33
 4877.000000      880      880        1        0      880        0      652      647      124     1887        0        6       34
 4878.000000      893      893        1       10      879        4      650      647      123     1900        0        6       34
 4879.000000      880      880        1       10      866        4      655      652      114     1874        0        6       34
 4880.000000      878      878        1        0      878        0      670      667      118     1875        0        6       34
 4881.000000      889      889        1        0      889        0      675      671      108     1944        0        6       34
 4882.000000      885      885        1        0      885        0      665      661      117     1886        0        6       34
 4883.000000      882      882        1        0      882        0      669      667      117     1901        0        5       35
 4884.000000      881      881        1        0      881        0      668      668      109     1906        0        5       35
 4885.000000      889      889        1        0      889        0      673      670      115     1929        0        7       33
 4886.000000      885      885        1        0      885        0      679      674      111     1858        0        6       34
 4887.000000      880      880        1        0      880        0      680      679      108     1910        0        6       34
 4888.000000      900      900        1        0      900        0      684      679      102     1884        0        9       31
 4889.000000      875      875        1        0      875        0      681      677      108     1919        0        5       35
 4890.000000      876      876        1        0      876        0      677      677      110     1897        0        5       35
 4891.000000      874      874        1        0      874        0      688      684      111     1929        0        7       33
 4892.000000      893      893        1        0      893        0      678      672      107     1934        0        6       34
 4893.000000      891      891        1        0      891        0      674      674      110     1934        0        6       34
 4894.000000      890      890        1        0      890        0      676      671      110     1924        0        6       34
 4895.000000      882      882        1        0      882        0      681      676      107     1883        0        5       35
 4896.000000      893      893        1        0      893        0      690      687      100     1922        0        8       32
 4897.000000      883      883        1        0      883        0      706      702       98     1928        0        6       34
 4898.000000      889      889        1        0      889        0      701      696      103     1926        0        6       34
 4899.000000      908      908        1        0      908        0      680      674      112     1939        0        7       33
 4900.000000      929      929        1       10      915        4      680      671      121     1913        0        8       32
 4901.000000      908      908        1       10      894        4      703      696      120     1964        0        5       35
 4902.000000      931      931        1        0      931        0      680      675      126     1966        0        9       31
 4903.000000      920      920        1        0      920        0      689      682      128     1968        0        9       31
 4904.000000      937      937        1       14      923        0      697      691      123     1940        0        8       32
 4905.000000      924      924        1       10      910        4      688      683      125     1970        0        8       32
 4906.000000      928      928        1       14      914        0      696      691      110     1944        0        7       33
 4907.000000      932      932        1       10      918        4      694      692      112     1971        0        9       31
 4908.000000      927      927        1       14      913        0      691      688      110     1981        0        7       33
 4909.000000      913      913        1        0      913        0      690      689      107     1944        0        6       34
 4910.000000      931      931        1       14      917        0      706      704      102     1966        0        7       33
 4911.000000      930      930        1        0      930        0      703      699      121     1964        0        8       32
 4912.000000      940      940        1       14      926        0      701      697      112     1967        0        7       33
 4913.000000      941      941        1        0      941        0      694      682      125     1984        0        9       31
 4914.000000      920      920        1        0      920        0      709      705      106     1968        1        6       33
 4915.000000      920      920        1        0      920        0      700      698      110     1971        0        7       33
 4916.000000      914      914        1        0      914        0      687      682      139     1983        0        6       34
 4917.000000      908      908        1        0      908        0      704      696      124     1958        0        7       33
 4918.000000      908      908        1        0      908        0      701      699      114     1970        0        6       34
 4919.000000      898      898        1        0      898        0      686      683      123     1963        0        5       35
 4920.000000      934      919        2       15      919        0      695      691      122     1950        1        6       33
 4921.000000      939      939        1        9      924        6      696      692      120     1921        0        5       35
 4922.000000      905      905        1        0      905        0      685      683      118     1941        0        5       35
 4923.000000      925      925        1        0      925        0      689      686      121     1985        0        4       36
 4924.000000      891      891        1        0      891        0      682      680      135     1929        0        4       36
 4925.000000      890      890        1        0      890        0      686      679      125     1926        0        5       35
 4926.000000      909      909        1        0      909        0      695      691      107     1963        0        6       34
 4927.000000      898      898        1        0      898        0      670      665      130     1967        0        5       35
 4928.000000      916      916        1        0      916        0      689      688      118     1968        0        7       33
 4929.000000      891      891        1        0      891        0      681      679      120     1985        0        5       35
 4930.000000      893      893        1        0      893        0      688      683      110     1936        0        4       36
 4931.000000      901      901        1       11      886        4      678      675      119     1941        0        4       36
 4932.000000      895      895        1        0      895        0      685      684      122     1937        0        3       37
 4933.000000      898      898        1        0      898        0      668      663      123     1941        0        6       34
 4934.000000      886      886        1        0      886        0      675      674      122     1899        0        4       36
 4935.000000      889      889        1        0      889        0      683      679      138     1916        0        4       36
 4936.000000      892      892        1        0      892        0      660      657      132     1928        0        4       36
 4937.000000      897      897        1        0      897        0      670      665      134     1924        0        6       34
 4938.000000      895      895        1        0      895        0      674      673      127     1901        0        4       36
 4939.000000      900      900        1        0      900        0      676      668      136     1927        0        7       33
 4940.000000      880      880        1        0      880        0      681      679      121     1907        0        4       36
 4941.000000      884      884        1        0      884        0      690      687      112     1885        0        3       37
 4942.000000      874      874        1        0      874        0      685      682      119     1905        0        3       37
 4943.000000      896      896        1        0      896        0      681      677      130     1920        0        6       34
 4944.000000      922      922        1        0      922        0      669      667      126     1901        0        8       32
 4945.000000      909      909        1        0      909        0      666      663      134     1918        0        6       34
 4946.000000      893      893        1        0      893        0      678      675      118     1901        0        6       34
 4947.000000      896      896        1        0      896        0      683      678      111     1949        0        5       35
 4948.000000      915      915        1        0      915        0      681      677      129     1887        0        7       33
 4949.000000      916      916        1        0      916        0      680      676      112     1920        0        9       31
 4950.000000      896      896        1        0      896        0      695      692      116     1887        0        6       34
 4951.000000      891      891        1        0      891        0      685      684      108     1885        0        5       35
 4952.000000      890      890        1        0      890        0      687      686      103     1912        0        4       36
 4953.000000      891      891        1        0      891        0      682      681      101     1888        0        6       34
 4954.000000      886      886        1        0      886        0      685      683      108     1891        0        5       35
 4955.000000      903      903        1        0      903        0      688      684      111     1946        0        6       34
 4956.000000      918      918        1        0      918        0      671      671      111     1943        0        7       33
 4957.000000      890      890        1        0      890        0      662      661      116     1931        0        6       34
 4958.000000      898      898        1        0      898        0      687      684      112     1923        0        6       34
 4959.000000      918      918        1        0      918        0      673      669      109     1933        0        7       33
 4960.000000      890      890        1        0      890        0      679      676      109     1918        0        5       35
 4961.000000      910      910        1        0      910        0      672      668      108     1896        0        6       34
 4962.000000      893      893        1        0      893        0      670      668      109     1890        0        6       34
 4963.000000      895      895        1        0      895        0      651      648      116     1940        0        5       35
 4964.000000      886      886        1        0      886        0      665      660      126     1903        0        5       35
 4965.000000      885      885        1        0      885        0      674      671      117     1916        0        6       34
 4966.000000      885      885        1        0      885        0      658      656      118     1888        0        5       35
 4967.000000      881      881        1        0      881        0      664      662      119     1906        0        5       35
 4968.000000      885      885        1        0      885        0      665      662      118     1873        0        4       36
 4969.000000      893      893        1        0      893        0      678      676      111     1904        0        5       35
 4970.000000      916      916        1        0      916        0      661      656      126     1896        0        8       32
 4971.000000      884      884        1        0      884        0      668      665      109     1887        0        4       36
 4972.000000      886      886        1        0      886        0      661      660      109     1900        0        4       36
 4973.000000      897      897        1        0      897        0      658      656      118     1902        0        8       32
 4974.000000      879      879        1        0      879        0      670      668      105     1922        0        5       35
 4975.000000      899      899        1        0      899        0      678      675      107     1938        0        6       34
 4976.000000      877      877        1        0      877        0      677      671      114     1879        0        6       34
 4977.000000      894      894        1        0      894        0      672      668      121     1901        0        6       34
 4978.000000      881      881        1        0      881        0      661      658      117     1929        0        5       35
 4979.000000      873      873        1        0      873        0      671      667      120     1921        0        4       36
 4980.000000      911      911        1        0      911        0      667      667      112     1947        1        8       31
 4981.000000      866      866        1        0      866        0      681      679      111     1899        0        4       36
 4982.000000      873      873        1        0      873        0      667      665      113     1947        0        3       37
 4983.000000      905      905        1        0      905        0      659      656      104     1905        0        5       35
 4984.000000      891      891        1        0      891        0      679      677      109     1906        0        6       34
 4985.000000      906      906        1        0      906        0      672      670      120     1922        0        7       33
 4986.000000      878      878        1        0      878        0      688      686      103     1916        0        6       34
 4987.000000      878      878        1        0      878        0      672      670      120     1904        0        4       36
 4988.000000      889      889        1        0      889        0      687      687       97     1923        0        5       35
 4989.000000      894      894        1        0      894        0      678      674      118     1910        0        7       33
 4990.000000      902      902        1        0      902        0      679      677      115     1933        0        9       31
 4991.000000      881      881        1        0      881        0      670      668      120     1905        0        5       35
 4992.000000      876      876        1        0      876        0      664      664      106     1910        0        5       35
 4993.000000      889      889        1        0      889        0      666      661      111     1884        0        6       34
 4994.000000      894      894        1        0      894        0      676      673      107     1872        0        4       36
 4995.000000      888      888        1        0      888        0      673      671      116     1861        0        5       35
 4996.000000      899      899        1        0      899        0      678      673      119     1881        0        6       34
 4997.000000      911      911        1        0      911        0      682      680      112     1869        0        6       34
 4998.000000      904      904        1        0      904        0      665      662      110     1881        0        7       33
 4999.000000      894      894        1        0      894        0      676      671      105     1894        0        6       34
 5000.000000      884      884        1        0      884        0      671      670      104     1908        0        4       36
