#! FIELDS time brine.nice brine.nmax brine.nclus brine.nic brine.nih brine.nmixed brine.chillice brine.chillmax brine.chillinterfacial brine.sixrings brine.nionice brine.nionfront brine.nionliq
 0.000000      943      943        1        0      943        0      762      760      114     2049        0        0        0
 1.000000      932      932        1        0      932        0      729      729       94     2032        0        0        0
 2.000000      920      920        1        0      920        0      729      727      107     2004        0        0        0
 3.000000      920      920        1        0      920        0      729      727      120     2011        0        0        0
 4.000000      906      906        1        0      906        0      731      728      111     2014        0        0        0
 5.000000      901      901        1        0      901        0      719      718      106     2004        0        0        0
 6.000000      908      908        1        0      908        0      727      725      112     2003        0        0        0
 7.000000      903      903        1        0      903        0      725      720      112     2002        0        0        0
 8.000000      934      934        1        0      934        0      725      721      114     1997        0        0        0
 9.000000      912      912        1        0      912        0      730      729      113     1984        0        0        0
 10.000000      933      933        1        0      933        0      733      732      104     2010        0        0        0
 11.000000      914      914        1        0      914        0      744      741      105     2003        0        0        0
 12.000000      915      915        1        0      915        0      729      727      107     2000        0        0        0
 13.000000      902      902        1        0      902        0      728      728      105     2013        0        0        0
 14.000000      908      908        1        0      908        0      718      717      102     2014        0        0        0
 15.000000      917      917        1        0      917        0      743      740      100     2023        0        0        0
 16.000000      936      936        1        0      936        0      742      738      104     2035        0        0        0
 17.000000      908      908        1        0      908        0      730      726      111     2004        0        0        0
 18.000000      911      911        1        0      911        0      735      731      100     2012        0        0        0
 19.000000      924      924        1        0      924        0      729      724      103     2028        0        0        0
 20.000000      916      916        1        0      916        0      739      736      105     2032        0        0        0
 21.000000      908      908        1        0      908        0      731      724      102     2032        0        0        0
 22.000000      920      920        1        0      920        0      727      724      107     2053        0        0        0
 23.000000      929      929        1        0      929        0      733      730      116     2044        0        0        0
 24.000000      924      924        1        0      924        0      714      712      120     2044        0        0        0
 25.000000      912      912        1        0      912        0      729      726      103     2027        0        0        0
 26.000000      939      939        1        0      939        0      736      731      119     2007        0        0        0
 27.000000      923      923        1        0      923        0      724      723      108     2031        0        0        0
 28.000000      944      944        1        0      944        0      732      732      111     2029        0        0        0
 29.000000      931      931        1        0      931        0      726      726      117     2043        0        0        0
 30.000000      946      946        1       15      931        0      737      736      107     2068        0        0        0
 31.000000      928      928        1        0      928        0      736      736      109     2065        0        0        0
 32.000000      934      934        1        0      934        0      717      715      112     2052        0        0        0
 33.000000      931      931        1        0      931        0      725      723      110     1997        0        0        0
 34.000000      922      922        1        0      922        0      719      718      112     1999        0        0        0
 35.000000      914      914        1        0      914        0      728      726      115     2028        0        0        0
 36.000000      926      926        1        0      926        0      726      725      107     2006        0        0        0
 37.000000      924      924        1        0      924        0      725      725       99     2010        0        0        0
 38.000000      906      906        1        0      906        0      714      714      120     1992        0        0        0
 39.000000      916      916        1        0      916        0      723      722      113     2017        0        0        0
 40.000000      923      923        1        0      923        0      715      714      105     2036        0        0        0
 41.000000      922      922        1        0      922        0      729      728      105     2041        0        0        0
 42.000000      914      914        1        0      914        0      731      727      102     2031        0        0        0
 43.000000      912      912        1        0      912        0      713      708      110     2010        0        0        0
 44.000000      902      902        1        0      902        0      721      721      118     2073        0        0        0
 45.000000      917      917        1        0      917        0      727      726      102     2048        0        0        0
 46.000000      923      923        1        0      923        0      721      719       98     2064        0        0        0
 47.000000      916      916        1        0      916        0      722      719      105     2068        0        0        0
 48.000000      939      939        1        0      939        0      719      718      113     2063        0        0        0
 49.000000      952      952        1        0      952        0      726      725      108     2069        0        0        0
 50.000000      950      950        1        0      950        0      717      716      111     2061        0        0        0
 51.000000      933      933        1        0      933        0      736      734       96     2048        0        0        0
 52.000000      905      905        1        0      905        0      713      708      101     2044        0        0        0
 53.000000      939      939        1        0      939        0      713      711      114     2067        0        0        0
 54.000000      910      910        1        0      910        0      716      714      102     2063        0        0        0
 55.000000      915      915        1        0      915        0      715      712      111     2052        0        0        0
 56.000000      934      934        1        0      934        0      725      724      100     2074        0        0        0
 57.000000      916      916        1        0      916        0      732      727      105     2097        0        0        0
 58.000000      935      923        2        0      935        0      722      718      109     2100        0        0        0
 59.000000      921      921        1        0      921        0      727      726       98     2078        0        0        0
 60.000000      902      902        1        0      902        0      723      721       94     2073        0        0        0
 61.000000      923      911        2        0      923        0      707      704      112     2084        0        0        0
 62.000000      915      915        1        0      915        0      726      726       96     2050        0        0        0
 63.000000      916      916        1        0      916        0      728      728      108     2051        0        0        0
 64.000000      923      923        1        0      923        0      726      723      112     2063        0        0        0
 65.000000      913      913        1        0      913        0      720      720      106     2053        0        0        0
 66.000000      921      921        1        0      921        0      726      725      114     2042        0        0        0
 67.000000      933      933        1        0      933        0      718      718      111     2069        0        0        0
 68.000000      922      922        1        0      922        0      734      731      105     2021        0        0        0
 69.000000      910      910        1        0      910        0      718      715      113     2014        0        0        0
 70.000000      917      917        1        0      917        0      718      716      121     2033        0        0        0
 71.000000      917      917        1        0      917        0      719      716      104     2039        0        0        0
 72.000000      914      914        1        0      914        0      729      727       97     2025        0        0        0
 73.000000      913      913        1        0      913        0      731      728      110     2026        0        0        0
 74.000000      933      933        1        0      933        0      729      725       92     2064        0        0        0
 75.000000      919      919        1        0      919        0      736      731      101     2068        0        0        0
 76.000000      914      914        1        0      914        0      719      714      106     2084        0        0        0
 77.000000      910      910        1        0      910        0      724      721      109     2070        0        0        0
 78.000000      927      927        1        0      927        0      710      706      116     2029        0        0        0
 79.000000      922      922        1        0      922        0      734      729      113     2064        0        0        0
 80.000000      919      919        1        0      919        0      727      725      114     2067        0        0        0
 81.000000      913      913        1        0      913        0      725      722      115     2048        0        0        0
 82.000000      924      924        1        0      924        0      726      723      119     2035        0        0        0
 83.000000      918      918        1        0      918        0      737      733       96     2011        0        0        0
 84.000000      931      931        1        0      931        0      733      728      111     2056        0        0        0
 85.000000      934      922        2        0      934        0      721      720      110     2046        0        0        0
 86.000000      955      935        2        0      955        0      727      723      108     2043        0        0        0
 87.000000      936      914        2        0      936        0      715      713      107     2025        0        0        0
 88.000000      946      946        1        0      946        0      724      719      121     1993        0        0        0
 89.000000      950      950        1        0      950        0      733      732       94     2052        0        0        0
 90.000000      953      927        3       14      939        0      733      726      119     2051        0        0        0
 91.000000      939      927        2        0      939        0      730      727      111     2046        0        0        0
 92.000000      947      935        2        0      947        0      733      731       93     2064        0        0        0
 93.000000      970      958        2        0      970        0      739      735      118     2045        0        0        0
 94.000000      941      929        2        0      941        0      732      732      112     2071        0        0        0
 95.000000      932      920        2        0      932        0      727      722      111     2037        0        0        0
 96.000000      912      912        1        0      912        0      722      716      120     2038        0        0        0
 97.000000      929      929        1        0      929        0      733      733      105     2080        0        0        0
 98.000000      917      917        1        0      917        0      730      729      115     2059        0        0        0
 99.000000      941      926        2       15      926        0      736      732      104     2063        0        0        0
 100.000000      922      922        1        0      922        0      735      731      108     2040        0        0        0
 101.000000      924      924        1        0      924        0      730      728      121     2061        0        0        0
 102.000000      932      932        1        0      932        0      728      726      105     2072        0        0        0
 103.000000      929      929        1        0      929        0      715      709      124     2065        0        0        0
 104.000000      927      927        1        0      927        0      708      706      109     2086        0        0        0
 105.000000      934      934        1        0      934        0      735      731      118     2089        0        0        0
 106.000000      947      947        1        0      947        0      742      738      125     2089        0        0        0
 107.000000      956      956        1        0      956        0      731      724      123     2088        0        0        0
 108.000000      946      946        1        0      946        0      718      716      122     2077        0        0        0
 109.000000      946      946        1        0      946        0      747      745       97     2067        0        0        0
 110.000000      951      951        1        0      951        0      734      731      113     2052        0        0        0
 111.000000      948      948        1        0      948        0      734      733      103     2077        0        0        0
 112.000000      929      929        1        0      929        0      735      734      117     2029        0        0        0
 113.000000      963      963        1        0      963        0      737      735      110     2052        0        0        0
 114.000000      960      960        1        0      960        0      720      720      112     2086        0        0        0
 115.000000      959      959        1        0      959        0      742      741      108     2073        0        0        0
 116.000000      948      936        2        0      948        0      732      728      119     2081        0        0        0
 117.000000      955      942        2        0      955        0      729      729      106     2055        0        0        0
 118.000000      939      939        1        0      939        0      733      732      116     2090        0        0        0
 119.000000      938      938        1        0      938        0      738      737      119     2048        0        0        0
 120.000000      944      944        1        0      944        0      737      732      120     2055        0        0        0
 121.000000      948      948        1        0      948        0      743      740      110     2051        0        0        0
 122.000000      946      946        1        0      946        0      727      723      110     2059        0        0        0
 123.000000      959      959        1        0      959        0      728      727      106     2070        0        0        0
 124.000000      950      950        1        0      950        0      739      735      118     2064        0        0        0
 125.000000      950      950        1        0      950        0      728      724      112     2090        0        0        0
 126.000000      964      964        1        0      964        0      729      724      108     2094        0        0        0
 127.000000      944      944        1        0      944        0      745      742       92     2056        0        0        0
 128.000000      952      952        1        0      952        0      739      736      105     2095        0        0        0
 129.000000      966      966        1        0      966        0      751      742      118     2085        0        0        0
 130.000000      953      953        1        0      953        0      750      748      115     2084        0        0        0
 131.000000      958      958        1        0      958        0      748      746      100     2084        0        0        0
 132.000000      956      956        1        0      956        0      746      742      114     2091        0        0        0
 133.000000      958      958        1        0      958        0      763      757      115     2084        0        0        0
 134.000000      948      948        1        0      948        0      752      751      105     2068        0        0        0
 135.000000      960      960        1        0      960        0      739      737      113     2087        0        0        0
 136.000000      947      947        1        0      947        0      730      725      126     2085        0        0        0
 137.000000      964      964        1        0      964        0      739      737      102     2103        0        0        0
 138.000000      965      965        1        0      965        0      744      743      116     2079        0        0        0
 139.000000      964      964        1        0      964        0      754      751      102     2082        0        0        0
 140.000000      963      963        1        0      963        0      753      750      118     2077        0        0        0
 141.000000      964      964        1        0      964        0      756      754      110     2076        0        0        0
 142.000000      964      964        1        0      964        0      732      731      117     2085        0        0        0
 143.000000      965      965        1        0      965        0      743      739      122     2089        0        0        0
 144.000000      962      962        1        0      962        0      729      726      126     2078        0        0        0
 145.000000      963      963        1        0      963        0      752      747      114     2079        0        0        0
 146.000000      970      970        1        0      970        0      744      742      104     2054        0        0        0
 147.000000      960      960        1        0      960        0      734      733      110     2069        0        0        0
 148.000000      959      959        1        0      959        0      748      747      110     2082        0        0        0
 149.000000      941      941        1        0      941        0      745      742      111     2064        0        0        0
 150.000000      946      946        1        0      946        0      738      734      108     2087        0        0        0
 151.000000      941      941        1        0      941        0      748      747       99     2080        0        0        0
 152.000000      946      946        1        0      946        0      737      734      108     2088        0        0        0
 153.000000      942      942        1        0      942        0      736      734      117     2048        0        0        0
 154.000000      941      941        1        0      941        0      745      744       96     2076        0        0        0
 155.000000      945      945        1        0      945        0      738      738       99     2085        0        0        0
 156.000000      944      944        1        0      944        0      734      733      105     2055        0        0        0
 157.000000      954      954        1        0      954        0      739      736      107     2041        0        0        0
 158.000000      945      945        1        0      945        0      745      738      118     2034        0        0        0
 159.000000      949      949        1        0      949        0      727      724      121     2059        0        0        0
 160.000000      938      938        1        0      938        0      736      735      116     2040        0        0        0
 161.000000      941      941        1        0      941        0      737      737      116     2061        0        0        0
 162.000000      945      945        1        0      945        0      728      725      118     2058        0        0        0
 163.000000      955      955        1        0      955        0      748      747      105     2099        0        0        0
 164.000000      966      966        1        0      966        0      743      741      108     2112        0        0        0
 165.000000      956      956        1        0      956        0      738      737      112     2073        0        0        0
 166.000000      947      947        1        0      947        0      729      729      111     2024        0        0        0
 167.000000      956      956        1        0      956        0      748      746      112     2058        0        0        0
 168.000000      970      970        1        0      970        0      745      742      106     2048        0        0        0
 169.000000      958      958        1        0      958        0      733      731      105     2008        0        0        0
 170.000000      949      949        1        0      949        0      743      742      112     2055        0        0        0
 171.000000      947      947        1        0      947        0      726      724      104     2031        0        0        0
 172.000000      944      944        1        0      944        0      737      735      114     2084        0        0        0
 173.000000      956      944        2        0      956        0      739      737      116     2074        0        0        0
 174.000000      935      935        1        0      935        0      749      747      109     2101        0        0        0
 175.000000      948      948        1        0      948        0      740      738      112     2070        0        0        0
 176.000000      952      952        1        0      952        0      753      752       99     2088        0        0        0
 177.000000      952      952        1        0      952        0      755      754      104     2117        0        0        0
 178.000000      960      960        1        0      960        0      741      740      114     2092        0        0        0
 179.000000      946      946        1        0      946        0      746      745      105     2102        0        0        0
 180.000000      962      962        1        0      962        0      749      747      114     2095        0        0        0
 181.000000      957      957        1        0      957        0      746      745      108     2092        0        0        0
 182.000000      954      954        1        0      954        0      746      744      101     2090        0        0        0
 183.000000      957      957        1        0      957        0      760      756      114     2109        0        0        0
 184.000000      964      964        1        0      964        0      764      761      117     2091        0        0        0
 185.000000      952      952        1        0      952        0      750      749      118     2136        0        0        0
 186.000000      950      950        1        0      950        0      769      764      111     2107        0        0        0
 187.000000      949      949        1        0      949        0      760      757      121     2104        0        0        0
 188.000000      948      948        1        0      948        0      756      755      117     2081        0        0        0
 189.000000      936      936        1        0      936        0      756      753      123     2064        0        0        0
 190.000000      942      942        1        0      942        0      759      753      110     2101        0        0        0
 191.000000      938      938        1        0      938        0      768      766      108     2087        0        0        0
 192.000000      943      943        1        0      943        0      733      730      121     2079        0        0        0
 193.000000      936      936        1        0      936        0      765      761      119     2071        0        0        0
 194.000000      945      945        1        0      945        0      754      749      123     2059        0        0        0
 195.000000      944      944        1        0      944        0      751      751      120     2080        0        0        0
 196.000000      990      990        1        0      990        0      747      743      119     2068        0        0        0
 197.000000      975      975        1        0      975        0      745      743      110     2088        0        0        0
 198.000000      972      972        1        0      972        0      754      750      114     2063        0        0        0
 199.000000      980      980        1        0      980        0      748      745      113     2083        0        0        0
 200.000000      979      979        1        0      979        0      758      756      111     2079        0        0        0
 201.000000      954      954        1        0      954        0      761      758      111     2059        0        0        0
 202.000000      945      945        1        0      945        0      757      754      116     2035        0        0        0
 203.000000      948      948        1        0      948        0      761      759      114     2082        0        0        0
 204.000000      945      945        1        0      945        0      756      753      112     2068        0        0        0
 205.000000      939      939        1        0      939        0      753      752      119     2077        0        0        0
 206.000000      947      947        1        0      947        0      761      759      114     2079        0        0        0
 207.000000      946      946        1        0      946        0      738      737      111     2073        0        0        0
 208.000000      931      931        1        0      931        0      751      751      110     2098        0        0        0
 209.000000      935      935        1        0      935        0      761      759      110     2088        0        0        0
 210.000000      947      947        1        0      947        0      753      751      115     2074        0        0        0
 211.000000      952      952        1        0      952        0      761      755      110     2090        0        0        0
 212.000000      947      947        1        0      947        0      751      749      123     2047        0        0        0
 213.000000      928      928        1        0      928        0      754      749      109     2079        0        0        0
 214.000000      940      940        1        0      940        0      742      739      118     2045        0        0        0
 215.000000      934      934        1        0      934        0      747      745      113     2084        0        0        0
 216.000000      946      934        2        0      946        0      757      755      115     2055        0        0        0
 217.000000      952      940        2        0      952        0      754      752      119     2077        0        0        0
 218.000000      933      933        1        0      933        0      744      742      111     2064        0        0        0
 219.000000      928      928        1        0      928        0      750      750      112     2081        0        0        0
 220.000000      933      933        1        0      933        0      750      750      108     2073        0        0        0
 221.000000      946      946        1        0      946        0      756      752      113     2090        0        0        0
 222.000000      943      943        1        0      943        0      750      747      123     2101        0        0        0
 223.000000      930      930        1        0      930        0      759      756      113     2099        0        0        0
 224.000000      924      924        1        0      924        0      757      753      120     2109        0        0        0
 225.000000      931      931        1        0      931        0      756      755      107     2091        0        0        0
 226.000000      928      928        1        0      928        0      761      758      114     2102        0        0        0
 227.000000      926      926        1        0      926        0      756      752      108     2066        0        0        0
 228.000000      930      930        1        0      930        0      759      757       96     2108        0        0        0
 229.000000      932      932        1        0      932        0      749      749      108     2097        0        0        0
 230.000000      938      938        1        0      938        0      764      762      107     2113        0        0        0
 231.000000      924      924        1        0      924        0      747      744      109     2105        0        0        0
 232.000000      939      924        2       15      924        0      754      750      107     2122        0        0        0
 233.000000      924      924        1        0      924        0      751      750      110     2093        0        0        0
 234.000000      940      940        1        0      940        0      746      744      117     2071        0        0        0
 235.000000      952      952        1        0      952        0      748      748      103     2087        0        0        0
 236.000000      945      945        1        0      945        0      749      747      107     2101        0        0        0
 237.000000      952      952        1        0      952        0      752      748      114     2087        0        0        0
 238.000000      961      961        1        0      961        0      755      753      119     2065        0        0        0
 239.000000      962      962        1        0      962        0      774      768      119     2082        0        0        0
 240.000000      948      948        1        0      948        0      761      757      113     2091        0        0        0
 241.000000      955      955        1        0      955        0      761      759      106     2074        0        0        0
 242.000000      945      945        1        0      945        0      763      759      111     2083        0        0        0
 243.000000      950      950        1        0      950        0      754      751      110     2106        0        0        0
 244.000000      944      944        1        0      944        0      747      741      118     2115        0        0        0
 245.000000      953      953        1        0      953        0      755      752      115     2103        0        0        0
 246.000000      954      954        1        0      954        0      755      752      114     2115        0        0        0
 247.000000      948      948        1        0      948        0      762      755      115     2081        0        0        0
 248.000000      940      940        1        0      940        0      754      748      118     2082        0        0        0
 249.000000      942      942        1        0      942        0      766      760      109     2081        0        0        0
 250.000000      936      936        1        0      936        0      746      744      119     2067        0        0        0
 251.000000      936      936        1        0      936        0      751      746      124     2077        0        0        0
 252.000000      952      952        1        0      952        0      759      757      119     2058        0        0        0
 253.000000      963      963        1        0      963        0      763      760      112     2090        0        0        0
 254.000000      955      955        1        0      955        0      759      757      114     2073        0        0        0
 255.000000      950      950        1        0      950        0      763      762      116     2103        0        0        0
 256.000000      966      966        1        0      966        0      755      752      121     2087        0        0        0
 257.000000      950      950        1        0      950        0      761      760      104     2109        0        0        0
 258.000000      952      952        1        0      952        0      755      753      110     2084        0        0        0
 259.000000      950      950        1        0      950        0      764      762      112     2097        0        0        0
 260.000000      948      948        1        0      948        0      761      756      126     2111        0        0        0
 261.000000      951      951        1        0      951        0      772      769      120     2131        0        0        0
 262.000000      947      947        1        0      947        0      775      773      111     2108        0        0        0
 263.000000      957      957        1        0      957        0      781      777      110     2099        0        0        0
 264.000000      948      948        1        0      948        0      770      763      117     2091        0        0        0
 265.000000      956      956        1        0      956        0      770      767      125     2096        0        0        0
 266.000000      974      974        1        0      974        0      763      761      109     2103        0        0        0
 267.000000      976      976        1        0      976        0      767      765      117     2093        0        0        0
 268.000000      976      976        1        0      976        0      762      759      112     2101        0        0        0
 269.000000      961      961        1        0      961        0      764      762      116     2112        0        0        0
 270.000000      971      971        1        0      971        0      766      762      127     2125        0        0        0
 271.000000      968      968        1        0      968        0      772      770      105     2114        0        0        0
 272.000000      976      976        1        7      962        7      767      764      116     2096        0        0        0
 273.000000      959      959        1        0      959        0      763      761      116     2097        0        0        0
 274.000000      960      960        1        7      946        7      780      778      105     2072        0        0        0
 275.000000      967      967        1        0      967        0      767      765      122     2087        0        0        0
 276.000000      973      973        1        7      959        7      761      757      124     2086        0        0        0
 277.000000      966      966        1        7      952        7      752      751      128     2098        0        0        0
 278.000000      959      959        1        7      945        7      764      762      118     2107        0        0        0
 279.000000      952      952        1        0      952        0      765      763      122     2128        0        0        0
 280.000000      991      991        1       22      962        7      761      759      112     2129        0        0        0
 281.000000      949      949        1        0      949        0      763      760      121     2113        0        0        0
 282.000000      951      951        1        0      951        0      760      755      122     2125        0        0        0
 283.000000      953      953        1        0      953        0      757      755      120     2104        0        0        0
 284.000000      952      952        1        0      952        0      763      761      117     2105        0        0        0
 285.000000      953      953        1        0      953        0      758      755      113     2095        0        0        0
 286.000000      968      968        1        0      968        0      772      769      105     2109        0        0        0
 287.000000      976      976        1        0      976        0      770      768      108     2149        0        0        0
 288.000000      976      976        1        0      976        0      768      768      116     2120        0        0        0
 289.000000      966      966        1        0      966        0      775      773      114     2121        0        0        0
 290.000000      955      955        1        0      955        0      768      765      107     2128        0        0        0
 291.000000      958      958        1        0      958        0      775      770      107     2098        0        0        0
 292.000000      959      959        1        0      959        0      757      754      112     2142        0        0        0
 293.000000      968      968        1        0      968        0      779      777      111     2138        0        0        0
 294.000000      975      975        1        0      975        0      779      774      101     2133        0        0        0
 295.000000      965      965        1        0      965        0      766      764      103     2074        0        0        0
 296.000000      972      972        1        0      972        0      769      766      112     2124        0        0        0
 297.000000      975      975        1        0      975        0      773      772      114     2134        0        0        0
 298.000000      984      984        1       10      969        5      769      767      111     2100        0        0        0
 299.000000      966      966        1        0      966        0      784      780      117     2108        0        0        0
 300.000000      962      962        1        0      962        0      771      770      109     2150        0        0        0
 301.000000      962      962        1        0      962        0      764      759      107     2108        0        0        0
 302.000000      981      981        1        0      981        0      768      767      107     2133        0        0        0
 303.000000      982      982        1        3      967       12      752      746      124     2148        0        0        0
 304.000000      958      958        1        0      958        0      754      751      119     2142        0        0        0
 305.000000      971      971        1        0      971        0      748      744      123     2143        0        0        0
 306.000000      971      971        1        0      971        0      747      746      117     2143        0        0        0
 307.000000      961      961        1        0      961        0      765      763      119     2152        0        0        0
 308.000000      962      962        1        0      962        0      766      762      124     2146        0        0        0
 309.000000      978      978        1        0      978        0      751      750      116     2111        0        0        0
 310.000000      972      972        1       15      957        0      756      751      118     2110        0        0        0
 311.000000      959      959        1        0      959        0      763      762      128     2123        0        0        0
 312.000000     1002     1002        1       17      984        1      765      764      119     2112        0        0        0
 313.000000      984      984        1        0      984        0      765      763      114     2139        0        0        0
 314.000000      972      972        1       18      954        0      762      760      113     2125        0        0        0
 315.000000      970      970        1       18      952        0      779      777      104     2128        0        0        0
 316.000000      966      966        1        0      966        0      752      749      129     2123        0        0        0
 317.000000      958      958        1        0      958        0      773      770      110     2099        0        0        0
 318.000000      959      959        1        0      959        0      765      764      115     2116        0        0        0
 319.000000      960      960        1        0      960        0      769      768      108     2077        0        0        0
 320.000000      966      966        1        0      966        0      751      748      121     2115        0        0        0
 321.000000      975      975        1        0      975        0      774      770      107     2120        0        0        0
 322.000000      971      971        1        0      971        0      768      767      111     2119        0        0        0
 323.000000      980      980        1        0      980        0      775      772      114     2116        0        0        0
 324.000000      969      969        1        0      969        0      775      771      115     2145        0        0        0
 325.000000      977      977        1        0      977        0      779      778       99     2117        0        0        0
 326.000000      973      973        1        0      973        0      773      771      117     2116        0        0        0
 327.000000      989      989        1        0      989        0      772      770      111     2123        0        0        0
 328.000000      994      994        1        0      994        0      770      768      120     2123        0        0        0
 329.000000      988      988        1        0      988        0      775      774      116     2146        0        0        0
 330.000000      986      986        1        0      986        0      785      782      112     2130        0        0        0
 331.000000      980      980        1        0      980        0      764      763      116     2132        0        0        0
 332.000000      983      983        1        0      983        0      787      784      112     2143        0        0        0
 333.000000      975      975        1        0      975        0      766      763       98     2102        0        0        0
 334.000000      991      991        1        0      991        0      778      775      113     2104        0        0        0
 335.000000      970      970        1        0      970        0      788      784      108     2108        0        0        0
 336.000000      957      957        1        0      957        0      762      760      118     2102        0        0        0
 337.000000      979      979        1        0      979        0      775      770      117     2142        0        0        0
 338.000000      968      968        1        0      968        0      774      772      104     2102        0        0        0
 339.000000      968      968        1        0      968        0      760      758      123     2095        0        0        0
 340.000000      976      976        1        0      976        0      768      762      127     2121        0        0        0
 341.000000      964      964        1        0      964        0      766      763      123     2102        0        0        0
 342.000000      962      962        1        0      962        0      767      765      126     2113        0        0        0
 343.000000      973      973        1        0      973        0      754      750      123     2138        0        0        0
 344.000000      972      972        1        0      972        0      768      765      122     2110        0        0        0
 345.000000      980      980        1        0      980        0      766      762      119     2099        0        0        0
 346.000000      999      999        1        0      999        0      768      766      135     2120        0        0        0
 347.000000      968      968        1        0      968        0      762      759      120     2094        0        0        0
 348.000000      970      970        1        0      970        0      769      768      105     2095        0        0        0
 349.000000      976      976        1        0      976        0      770      770      126     2139        0        0        0
 350.000000      983      983        1        0      983        0      754      752      132     2100        0        0        0
 351.000000     1006      992        2       14      992        0      789      787      107     2142        0        0        0
 352.000000     1004      990        2       14      990        0      776      772      124     2144        0        0        0
 353.000000     1004      990        2       14      990        0      788      785      123     2139        0        0        0
 354.000000      978      978        1        0      978        0      768      765      121     2115        0        0        0
 355.000000      996      996        1        0      996        0      775      773      114     2139        0        0        0
 356.000000      992      992        1        0      992        0      772      770      115     2103        0        0        0
 357.000000      975      975        1        0      975        0      766      766      114     2115        0        0        0
 358.000000      984      984        1        0      984        0      768      765      118     2144        0        0        0
 359.000000      983      983        1        0      983        0      765      760      130     2119        0        0        0
 360.000000      980      980        1        0      980        0      776      772      114     2135        0        0        0
 361.000000     1002     1002        1        0     1002        0      765      764      119     2112        0        0        0
 362.000000      977      977        1        0      977        0      777      770      111     2109        0        0        0
 363.000000      994      994        1        0      994        0      773      770      112     2126        0        0        0
 364.000000      996      996        1        0      996        0      776      774      113     2128        0        0        0
 365.000000      992      992        1        0      992        0      775      771      126     2115        0        0        0
 366.000000      996      996        1        0      996        0      776      772      118     2122        0        0        0
 367.000000      996      996        1        0      996        0      793      788      123     2160        0        0        0
 368.000000      997      997        1        0      997        0      780      776      114     2146        0        0        0
 369.000000     1006     1006        1        0     1006        0      780      776      121     2146        0        0        0
 370.000000     1014     1002        2        0     1014        0      775      775      109     2159        0        0        0
 371.000000     1000      988        2        0     1000        0      779      773      122     2149        0        0        0
 372.000000     1012     1000        2        0     1012        0      762      760      133     2146        0        0        0
 373.000000      996      996        1        0      996        0      772      767      121     2143        0        0        0
 374.000000     1004     1004        1        0     1004        0      761      756      128     2155        0        0        0
 375.000000      993      993        1        0      993        0      780      778      112     2163        0        0        0
 376.000000      990      990        1        0      990        0      776      773      112     2127        0        0        0
 377.000000      982      982        1        0      982        0      770      769      108     2140        0        0        0
 378.000000      981      981        1        0      981        0      768      766      113     2133        0        0        0
 379.000000      998      998        1        0      998        0      768      764      116     2135        0        0        0
 380.000000      987      987        1        0      987        0      772      767      116     2151        0        0        0
 381.000000      996      996        1        0      996        0      785      783      109     2165        0        0        0
 382.000000      993      993        1        0      993        0      778      776      116     2167        0        0        0
 383.000000      977      977        1        0      977        0      766      764      113     2164        0        0        0
 384.000000      993      979        2       14      979        0      778      776      111     2160        0        0        0
 385.000000      980      980        1        0      980        0      765      760      127     2133        0        0        0
 386.000000      979      979        1        0      979        0      764      762      110     2133        0        0        0
 387.000000      979      979        1        0      979        0      774      774      109     2110        0        0        0
 388.000000      981      966        2       15      966        0      772      769      108     2161        0        0        0
 389.000000     1004      989        2       15      989        0      763      758      124     2146        0        0        0
 390.000000      989      975        2       14      975        0      775      773      111     2141        0        0        0
 391.000000      971      971        1        0      971        0      771      765      128     2130        0        0        0
 392.000000      973      973        1        0      973        0      772      772       99     2143        0        0        0
 393.000000      977      977        1        0      977        0      789      783      104     2140        0        0        0
 394.000000      988      988        1        0      988        0      787      787      103     2152        0        0        0
 395.000000      973      973        1        0      973        0      755      753      107     2126        0        0        0
 396.000000      977      977        1        0      977        0      771      767      113     2141        0        0        0
 397.000000      993      993        1        0      993        0      773      769      115     2152        0        0        0
 398.000000      970      970        1        0      970        0      775      773      121     2141        0        0        0
 399.000000      992      992        1        0      992        0      771      768      113     2139        0        0        0
 400.000000      995      995        1        0      995        0      773      771      127     2125        0        0        0
 401.000000      966      966        1        0      966        0      774      770      111     2127        0        0        0
 402.000000      979      979        1        0      979        0      776      770      108     2120        0        0        0
 403.000000      985      985        1        0      985        0      781      780      121     2126        0        0        0
 404.000000      976      976        1        0      976        0      773      769      117     2134        0        0        0
 405.000000      979      979        1        0      979        0      763      761      108     2117        0        0        0
 406.000000      979      979        1        0      979        0      759      754      127     2176        0        0        0
 407.000000      978      978        1        0      978        0      774      771      105     2133        0        0        0
 408.000000      974      974        1        0      974        0      768      763      107     2118        0        0        0
 409.000000      967      967        1        0      967        0      784      782      107     2136        0        0        0
 410.000000      959      959        1        0      959        0      771      764      108     2121        0        0        0
 411.000000      970      970        1        0      970        0      768      765      117     2122        0        0        0
 412.000000      973      973        1        0      973        0      759      756      141     2131        0        0        0
 413.000000      958      958        1        0      958        0      764      761      123     2130        0        0        0
 414.000000      968      968        1        0      968        0      761      759      120     2112        0        0        0
 415.000000      971      971        1        0      971        0      754      751      112     2119        0        0        0
 416.000000      956      956        1        0      956        0      753      752      116     2138        0        0        0
 417.000000      989      989        1        0      989        0      762      760      123     2123        0        0        0
 418.000000      959      959        1        0      959        0      774      772      115     2111        0        0        0
 419.000000      968      968        1        0      968        0      765      762      115     2129        0        0        0
 420.000000      980      980        1        0      980        0      777      775      105     2104        0        0        0
 421.000000      962      962        1        0      962        0      760      758      104     2091        0        0        0
 422.000000      957      957        1        0      957        0      766      764      108     2089        0        0        0
 423.000000      962      962        1        0      962        0      748      746      131     2115        0        0        0
 424.000000      959      959        1        0      959        0      773      771      112     2106        0        0        0
 425.000000      943      943        1        0      943        0      757      751      112     2127        0        0        0
 426.000000      961      961        1        0      961        0      753      753      124     2109        0        0        0
 427.000000      961      961        1        0      961        0      750      746      125     2105        0        0        0
 428.000000      965      965        1        0      965        0      767      767      117     2110        0        0        0
 429.000000      979      979        1       14      965        0      760      753      107     2105        0        0        0
 430.000000      967      967        1        0      967        0      745      742      119     2090        0        0        0
 431.000000      968      968        1        0      968        0      756      754      107     2092        0        0        0
 432.000000      973      973        1        0      973        0      742      740      110     2118        0        0        0
 433.000000      972      972        1        0      972        0      761      758      111     2140        0        0        0
 434.000000      971      971        1        0      971        0      758      756      112     2125        0        0        0
 435.000000      967      967        1        0      967        0      753      748      117     2126        0        0        0
 436.000000      976      976        1        0      976        0      756      756      107     2121        0        0        0
 437.000000      975      975        1        0      975        0      782      776      118     2133        0        0        0
 438.000000      974      974        1        0      974        0      750      748      117     2119        0        0        0
 439.000000      983      983        1        0      983        0      779      775      120     2145        0        0        0
 440.000000      981      981        1        0      981        0      776      772      131     2097        0        0        0
 441.000000      979      979        1        0      979        0      768      765      112     2129        0        0        0
 442.000000      986      986        1        0      986        0      759      756      132     2128        0        0        0
 443.000000      982      982        1        0      982        0      773      771      117     2134        0        0        0
 444.000000      974      974        1        0      974        0      766      762      127     2142        0        0        0
 445.000000      965      965        1        0      965        0      767      766      101     2152        0        0        0
 446.000000      969      969        1        0      969        0      772      770      110     2118        0        0        0
 447.000000      969      969        1        0      969        0      761      758      107     2132        0        0        0
 448.000000      960      960        1        0      960        0      776      775      107     2136        0        0        0
 449.000000      967      967        1        0      967        0      768      764      115     2146        0        0        0
 450.000000      962      962        1        0      962        0      757      756      122     2137        0        0        0
 451.000000      978      978        1        0      978        0      756      753      114     2152        0        0        0
 452.000000      974      974        1        0      974        0      755      754      116     2175        0        0        0
 453.000000      980      980        1        0      980        0      758      747      127     2136        0        0        0
 454.000000      965      965        1        0      965        0      769      766      103     2122        0        0        0
 455.000000      958      958        1        0      958        0      769      766      124     2164        0        0        0
 456.000000      964      964        1        0      964        0      754      752      117     2104        0        0        0
 457.000000      964      964        1        0      964        0      754      750      122     2122        0        0        0
 458.000000      951      951        1        0      951        0      758      756      111     2111        0        0        0
 459.000000      947      947        1        0      947        0      768      767      104     2133        0        0        0
 460.000000      951      951        1        0      951        0      767      765      106     2097        0        0        0
 461.000000      945      945        1        0      945        0      755      754      107     2112        0        0        0
 462.000000      965      965        1        0      965        0      760      757      108     2085        0        0        0
 463.000000      947      947        1        0      947        0      763      760      113     2132        0        0        0
 464.000000      958      958        1        0      958        0      759      758      116     2127        0        0        0
 465.000000      950      950        1        0      950        0      768      767      101     2095        0        0        0
 466.000000      969      969        1        0      969        0      758      755      113     2139        0        0        0
 467.000000      951      951        1        0      951        0      771      769      108     2134        0        0        0
 468.000000      956      956        1        0      956        0      770      768      108     2102        0        0        0
 469.000000      968      968        1       14      954        0      754      750      113     2116        0        0        0
 470.000000      975      975        1       14      961        0      754      746      127     2097        0        0        0
 471.000000      961      961        1        0      961        0      771      765      130     2127        0        0        0
 472.000000      960      960        1        0      960        0      774      772      121     2111        0        0        0
 473.000000      976      976        1        0      976        0      771      768      122     2117        0        0        0
 474.000000      957      957        1        0      957        0      775      771      113     2103        0        0        0
 475.000000      961      961        1        0      961        0      761      760      116     2100        0        0        0
 476.000000      971      971        1       14      957        0      772      769      115     2100        0        0        0
 477.000000      997      997        1        0      997        0      768      766      110     2111        0        0        0
 478.000000      955      955        1       14      941        0      769      768      103     2086        0        0        0
 479.000000      951      951        1        0      951        0      766      765      120     2103        0        0        0
 480.000000      981      981        1       14      967        0      769      766      114     2133        0        0        0
 481.000000      979      979        1       14      965        0      772      767      101     2073        0        0        0
 482.000000      958      958        1        0      958        0      766      760      105     2097        0        0        0
 483.000000      940      940        1        0      940        0      760      756      112     2092        0        0        0
 484.000000      967      967        1       14      953        0      758      753      121     2095        0        0        0
 485.000000      979      979        1       14      965        0      756      755      113     2110        0        0        0
 486.000000      966      966        1        0      966        0      761      760      110     2083        0        0        0
 487.000000      948      948        1        0      948        0      768      765      113     2078        0        0        0
 488.000000      943      943        1        0      943        0      755      755      112     2082        0        0        0
 489.000000      951      951        1        0      951        0      756      754      114     2066        0        0        0
 490.000000      939      939        1        0      939        0      764      760      117     2069        0        0        0
 491.000000      956      956        1        0      956        0      748      744      112     2102        0        0        0
 492.000000      961      961        1        0      961        0      768      765      120     2091        0        0        0
 493.000000      969      969        1        0      969        0      762      760      122     2095        0        0        0
 494.000000      960      960        1        0      960        0      758      754      111     2097        0        0        0
 495.000000      982      982        1       12      968        2      759      757      106     2092        0        0        0
 496.000000      977      977        1       14      963        0      761      759      112     2074        0        0        0
 497.000000      963      963        1        0      963        0      766      763      106     2105        0        0        0
 498.000000      980      980        1       14      966        0      755      753      115     2093        0        0        0
 499.000000      987      987        1       15      972        0      746      746      108     2094        0        0        0
 500.000000      991      991        1       14      977        0      759      757      120     2102        0        0        0
 501.000000      969      969        1        0      969        0      740      739      122     2056        0        0        0
 502.000000      976      976        1        0      976        0      774      773      110     2105        0        0        0
 503.000000      960      960        1        0      960        0      753      750      123     2088        0        0        0
 504.000000      961      961        1        0      961        0      753      753      116     2092        0        0        0
 505.000000      981      981        1        0      981        0      757      757      123     2084        0        0        0
 506.000000      963      963        1        0      963        0      755      753      129     2093        0        0        0
 507.000000      947      947        1        0      947        0      759      756      117     2097        0        0        0
 508.000000      952      952        1        0      952        0      763      760      108     2101        0        0        0
 509.000000      943      943        1        0      943        0      762      760      122     2096        0        0        0
 510.000000      944      944        1        0      944        0      751      748      120     2083        0        0        0
 511.000000      987      987        1        0      987        0      754      750      119     2111        0        0        0
 512.000000      946      946        1        0      946        0      765      761      116     2119        0        0        0
 513.000000      950      950        1        0      950        0      741      739      106     2084        0        0        0
 514.000000      940      940        1        0      940        0      747      746      116     2110        0        0        0
 515.000000      940      940        1        0      940        0      766      763      124     2105        0        0        0
 516.000000      946      946        1        0      946        0      767      766      102     2152        0        0        0
 517.000000      950      950        1        0      950        0      757      756      110     2096        0        0        0
 518.000000      946      946        1        0      946        0      773      770      115     2071        0        0        0
 519.000000      932      932        1        0      932        0      750      747      114     2063        0        0        0
 520.000000      938      938        1        0      938        0      763      761      116     2081        0        0        0
 521.000000      942      942        1        0      942        0      765      763      105     2082        0        0        0
 522.000000      935      935        1        0      935        0      755      752      108     2071        0        0        0
 523.000000      925      925        1        0      925        0      761      757      103     2076        0        0        0
 524.000000      920      920        1        0      920        0      758      756      117     2047        0        0        0
 525.000000      945      931        2       14      931        0      753      751      128     2100        0        0        0
 526.000000      931      931        1        0      931        0      746      745      119     2063        0        0        0
 527.000000      945      931        2       14      931        0      762      756      107     2093        0        0        0
 528.000000      959      959        1       15      944        0      762      759      117     2091        0        0        0
 529.000000      963      936        3       14      949        0      759      753      111     2090        0        0        0
 530.000000      946      932        2       14      932        0      751      746      120     2098        0        0        0
 531.000000      990      949        2       29      961        0      736      734      112     2104        0        0        0
 532.000000      958      932        3       14      944        0      752      750      102     2092        0        0        0
 533.000000      954      954        1       22      932        0      750      750       92     2077        0        0        0
 534.000000      954      939        2       15      939        0      735      732      115     2072        0        0        0
 535.000000      952      952        1        0      952        0      740      739      101     2076        0        0        0
 536.000000      946      946        1        0      946        0      750      746       97     2103        0        0        0
 537.000000      946      946        1        0      946        0      751      745      124     2115        0        0        0
 538.000000      935      935        1        0      935        0      753      752      103     2077        0        0        0
 539.000000      946      946        1        0      946        0      743      740      113     2081        0        0        0
 540.000000      940      940        1        0      940        0      759      756      121     2104        0        0        0
 541.000000      947      947        1        0      947        0      749      747      116     2096        0        0        0
 542.000000      945      945        1        0      945        0      751      748      113     2099        0        0        0
 543.000000      948      948        1        0      948        0      758      757      120     2071        0        0        0
 544.000000      951      951        1        0      951        0      753      750      120     2094        0        0        0
 545.000000      950      950        1        0      950        0      744      742      121     2104        0        0        0
 546.000000      944      944        1        0      944        0      736      734      123     2091        0        0        0
 547.000000      978      978        1        0      978        0      746      742      113     2119        0        0        0
 548.000000      966      966        1        0      966        0      748      746      118     2090        0        0        0
 549.000000      951      951        1        0      951        0      734      731      132     2100        0        0        0
 550.000000      986      973        2        0      986        0      755      749      113     2103        0        0        0
 551.000000      978      978        1        0      978        0      761      759      113     2146        0        0        0
 552.000000      950      950        1        0      950        0      754      749      117     2091        0        0        0
 553.000000      951      951        1        0      951        0      758      754      105     2095        0        0        0
 554.000000      950      950        1        0      950        0      763      757      111     2092        0        0        0
 555.000000      952      952        1        0      952        0      747      746      112     2114        0        0        0
 556.000000      957      957        1        0      957        0      748      745      117     2126        0        0        0
 557.000000      959      959        1        0      959        0      771      768      112     2134        0        0        0
 558.000000      967      967        1        0      967        0      744      738      124     2136        0        0        0
 559.000000      970      958        2        0      970        0      766      760      122     2134        0        0        0
 560.000000      979      967        2        0      979        0      760      760      115     2120        0        0        0
 561.000000      961      961        1        0      961        0      743      739      147     2119        0        0        0
 562.000000      964      964        1        0      964        0      750      748      121     2127        0        0        0
 563.000000      953      953        1        0      953        0      756      753      128     2139        0        0        0
 564.000000      954      954        1        0      954        0      764      761      129     2144        0        0        0
 565.000000      955      955        1        0      955        0      770      769      115     2119        0        0        0
 566.000000      970      958        2        0      970        0      764      761      113     2117        0        0        0
 567.000000      961      961        1        0      961        0      764      759      125     2090        0        0        0
 568.000000      972      959        2        0      972        0      774      769      114     2101        0        0        0
 569.000000      949      949        1        0      949        0      762      762      103     2093        0        0        0
 570.000000      955      955        1        0      955        0      766      763      110     2078        0        0        0
 571.000000      963      963        1        0      963        0      759      755      124     2096        0        0        0
 572.000000      964      964        1        0      964        0      774      772      108     2087        0        0        0
 573.000000      969      969        1        0      969        0      773      771      118     2067        0        0        0
 574.000000      967      967        1        0      967        0      759      756      122     2082        0        0        0
 575.000000      974      974        1        0      974        0      762      760      112     2085        0        0        0
 576.000000      963      963        1        0      963        0      762      758      130     2079        0        0        0
 577.000000      966      966        1        0      966        0      759      759      114     2069        0        0        0
 578.000000      963      963        1        0      963        0      760      758      114     2083        0        0        0
 579.000000      975      961        2       14      961        0      765      763      108     2066        0        0        0
 580.000000      979      979        1        0      979        0      772      769      115     2090        0        0        0
 581.000000      982      970        2        0      982        0      771      764      120     2109        0        0        0
 582.000000      976      964        2        0      976        0      769      766      115     2099        0        0        0
 583.000000      958      946        2        0      958        0      760      760      106     2097        0        0        0
 584.000000      960      948        2        0      960        0      769      768      118     2085        0        0        0
 585.000000      968      956        2        0      968        0      748      745      125     2095        0        0        0
 586.000000      951      939        2        0      951        0      767      763      116     2070        0        0        0
 587.000000      962      950        2        0      962        0      762      758      113     2114        0        0        0
 588.000000      954      942        2        0      954        0      751      748      122     2064        0        0        0
 589.000000      954      942        2        0      954        0      756      755      112     2084        0        0        0
 590.000000      961      949        2        0      961        0      774      773      104     2077        0        0        0
 591.000000      972      960        2        0      972        0      759      756      110     2084        0        0        0
 592.000000      971      959        2        0      971        0      754      754      110     2073        0        0        0
 593.000000      954      942        2        0      954        0      750      748      113     2072        0        0        0
 594.000000      943      943        1        0      943        0      757      755      114     2074        0        0        0
 595.000000      947      947        1        0      947        0      738      737      113     2096        0        0        0
 596.000000      942      942        1        0      942        0      740      738      123     2069        0        0        0
 597.000000      950      950        1        0      950        0      742      740      121     2077        0        0        0
 598.000000      967      967        1        0      967        0      751      749      106     2087        0        0        0
 599.000000      958      958        1        0      958        0      764      763      133     2075        0        0        0
 600.000000      943      931        2        0      943        0      729      725      129     2033        0        0        0
 601.000000      966      954        2        0      966        0      733      731      125     2062        0        0        0
 602.000000      959      947        2        0      959        0      751      747      132     2065        0        0        0
 603.000000      953      941        2        0      953        0      737      734      114     2048        0        0        0
 604.000000      943      931        2        0      943        0      747      744      121     2069        0        0        0
 605.000000      952      952        1        0      952        0      723      719      118     2091        0        0        0
 606.000000      962      937        3        0      962        0      724      721      129     2063        0        0        0
 607.000000      972      959        2        0      972        0      736      735      120     2092        0        0        0
 608.000000      967      954        2        0      967        0      740      739      122     2115        0        0        0
 609.000000      958      946        2        0      958        0      748      743      112     2105        0        0        0
 610.000000      959      959        1       12      943        4      746      745      114     2133        0        0        0
 611.000000      954      954        1       12      938        4      739      737      117     2100        0        0        0
 612.000000      979      979        1       12      963        4      749      745      133     2110        0        0        0
 613.000000      950      950        1        0      950        0      758      754      130     2126        0        0        0
 614.000000      967      967        1       12      951        4      762      762      125     2114        0        0        0
 615.000000      966      966        1        0      966        0      760      759      107     2119        0        0        0
 616.000000      976      964        2        0      976        0      761      761      117     2132        0        0        0
 617.000000      981      981        1       12      965        4      763      761      110     2113        0        0        0
 618.000000      955      955        1        0      955        0      764      761      129     2105        0        0        0
 619.000000      965      965        1       12      949        4      761      759      114     2111        0        0        0
 620.000000      959      959        1        0      959        0      757      757      125     2102        0        0        0
 621.000000      963      963        1        0      963        0      759      754      120     2119        0        0        0
 622.000000      970      970        1        0      970        0      758      756      124     2128        0        0        0
 623.000000      960      960        1        0      960        0      762      756      123     2127        0        0        0
 624.000000      955      955        1        0      955        0      768      766      124     2093        0        0        0
 625.000000      962      962        1        0      962        0      759      757      119     2093        0        0        0
 626.000000      950      950        1        0      950        0      765      765      119     2123        0        0        0
 627.000000      956      956        1        0      956        0      761      757      120     2090        0        0        0
 628.000000      956      956        1        0      956        0      747      745      115     2096        0        0        0
 629.000000      964      964        1        0      964        0      752      752      131     2104        0        0        0
 630.000000      959      959        1        0      959        0      756      754      117     2108        0        0        0
 631.000000      957      957        1        0      957        0      751      747      129     2112        0        0        0
 632.000000      957      957        1        0      957        0      756      755      123     2115        0        0        0
 633.000000      956      956        1        0      956        0      760      754      141     2107        0        0        0
 634.000000      952      952        1        0      952        0      754      752      113     2112        0        0        0
 635.000000      957      957        1        0      957        0      753      750      128     2077        0        0        0
 636.000000      956      956        1        0      956        0      761      761      130     2090        0        0        0
 637.000000      949      949        1        0      949        0      768      764      109     2100        0        0        0
 638.000000      945      945        1        0      945        0      766      763      118     2106        0        0        0
 639.000000      952      952        1        0      952        0      765      758      129     2108        0        0        0
 640.000000      949      949        1        0      949        0      751      747      127     2094        0        0        0
 641.000000      949      949        1        0      949        0      762      761      115     2075        0        0        0
 642.000000      953      953        1        0      953        0      755      755      113     2087        0        0        0
 643.000000      944      944        1        0      944        0      747      745      122     2118        0        0        0
 644.000000      950      950        1        0      950        0      769      765      115     2083        0        0        0
 645.000000      958      958        1        0      958        0      770      766      122     2104        0        0        0
 646.000000      952      952        1        0      952        0      762      761      134     2083        0        0        0
 647.000000      949      949        1        0      949        0      771      768      113     2105        0        0        0
 648.000000      949      949        1        0      949        0      776      775      122     2104        0        0        0
 649.000000      948      948        1        0      948        0      769      764      121     2079        0        0        0
 650.000000      948      948        1        0      948        0      780      777      116     2090        0        0        0
 651.000000      948      948        1        0      948        0      765      764      123     2101        0        0        0
 652.000000      948      948        1        0      948        0      778      775      117     2089        0        0        0
 653.000000      955      955        1        0      955        0      779      773      116     2122        0        0        0
 654.000000      956      956        1        0      956        0      771      765      131     2116        0        0        0
 655.000000      989      989        1        0      989        0      784      781      123     2151        0        0        0
 656.000000      960      960        1        0      960        0      781      779      123     2150        0        0        0
 657.000000      961      961        1        0      961        0      775      771      128     2132        0        0        0
 658.000000      957      957        1        0      957        0      773      764      139     2132        0        0        0
 659.000000      949      949        1        0      949        0      776      771      111     2108        0        0        0
 660.000000      949      949        1        0      949        0      770      765      124     2124        0        0        0
 661.000000      963      963        1        0      963        0      750      746      133     2093        0        0        0
 662.000000      976      976        1        0      976        0      761      759      127     2113        0        0        0
 663.000000      962      962        1        0      962        0      773      772      127     2113        0        0        0
 664.000000      955      955        1        0      955        0      775      770      125     2107        0        0        0
 665.000000      959      959        1        0      959        0      773      770      121     2087        0        0        0
 666.000000      955      955        1        0      955        0      784      780      122     2096        0        0        0
 667.000000      957      957        1        0      957        0      781      774      118     2095        0        0        0
 668.000000      952      952        1        0      952        0      769      765      119     2109        0        0        0
 669.000000      971      971        1        0      971        0      787      782      114     2127        0        0        0
 670.000000      959      959        1        0      959        0      770      764      126     2090        0        0        0
 671.000000      964      964        1        0      964        0      756      752      146     2092        0        0        0
 672.000000      964      964        1        0      964        0      773      772      115     2111        0        0        0
 673.000000      974      974        1        0      974        0      748      744      129     2128        0        0        0
 674.000000      956      956        1        0      956        0      769      763      135     2113        0        0        0
 675.000000      952      952        1        0      952        0      770      767      126     2098        0        0        0
 676.000000      966      954        2        0      966        0      764      759      126     2114        0        0        0
 677.000000      958      946        2        0      958        0      780      777      130     2101        0        0        0
 678.000000      967      955        2        0      967        0      765      762      121     2109        0        0        0
 679.000000      954      942        2        0      954        0      769      763      123     2104        0        0        0
 680.000000      969      957        2        0      969        0      766      760      133     2112        0        0        0
 681.000000      974      974        1        0      974        0      774      767      135     2119        0        0        0
 682.000000      980      980        1        0      980        0      769      768      112     2129        0        0        0
 683.000000      972      960        2        0      972        0      770      767      126     2113        0        0        0
 684.000000      975      975        1        0      975        0      763      760      139     2114        0        0        0
 685.000000      962      950        2        0      962        0      780      775      136     2097        0        0        0
 686.000000      967      955        2        0      967        0      767      762      118     2120        0        0        0
 687.000000      956      944        2        0      956        0      772      765      136     2111        0        0        0
 688.000000      959      947        2        0      959        0      773      765      127     2131        0        0        0
 689.000000      958      958        1        0      958        0      780      779      105     2110        0        0        0
 690.000000      963      963        1        0      963        0      774      769      123     2112        0        0        0
 691.000000      962      962        1        0      962        0      781      779      129     2100        0        0        0
 692.000000      978      978        1        0      978        0      776      771      124     2102        0        0        0
 693.000000      968      968        1        0      968        0      775      774      107     2118        0        0        0
 694.000000      976      976        1        0      976        0      772      768      115     2104        0        0        0
 695.000000      966      966        1        0      966        0      790      784      115     2110        0        0        0
 696.000000      972      960        2        0      972        0      779      776      111     2112        0        0        0
 697.000000      971      971        1        0      971        0      783      773      115     2117        0        0        0
 698.000000      963      963        1        0      963        0      783      779      110     2106        0        0        0
 699.000000      966      966        1        0      966        0      782      776      121     2098        0        0        0
 700.000000      951      951        1        0      951        0      781      776      111     2127        0        0        0
 701.000000      983      983        1        0      983        0      800      793      125     2118        0        0        0
 702.000000      956      956        1        0      956        0      779      775      118     2095        0        0        0
 703.000000      952      952        1        0      952        0      780      777      113     2115        0        0        0
 704.000000      957      957        1        0      957        0      785      777      109     2131        0        0        0
 705.000000      970      970        1        0      970        0      780      776      113     2107        0        0        0
 706.000000      964      964        1        0      964        0      767      765      113     2122        0        0        0
 707.000000      970      970        1        0      970        0      774      772      125     2103        0        0        0
 708.000000      964      964        1        0      964        0      784      779      120     2117        0        0        0
 709.000000      965      965        1        0      965        0      787      785      125     2130        0        0        0
 710.000000      982      982        1        0      982        0      776      774      122     2118        0        0        0
 711.000000      965      965        1        0      965        0      771      770      113     2137        0        0        0
 712.000000      976      976        1        0      976        0      782      778      109     2142        0        0        0
 713.000000      961      961        1        0      961        0      776      773      118     2139        0        0        0
 714.000000      959      959        1        0      959        0      773      771      117     2125        0        0        0
 715.000000      964      964        1        0      964        0      780      777      122     2136        0        0        0
 716.000000      956      956        1        0      956        0      785      785      131     2124        0        0        0
 717.000000      959      959        1        0      959        0      787      784      126     2113        0        0        0
 718.000000      956      956        1        0      956        0      773      771      115     2136        0        0        0
 719.000000      967      967        1        0      967        0      779      776      125     2131        0        0        0
 720.000000      965      965        1        0      965        0      779      776      117     2130        0        0        0
 721.000000      968      968        1        0      968        0      783      780      136     2157        0        0        0
 722.000000      987      987        1        0      987        0      777      774      117     2127        0        0        0
 723.000000      970      970        1        0      970        0      763      761      135     2125        0        0        0
 724.000000      978      978        1        0      978        0      782      776      131     2145        0        0        0
 725.000000      989      977        2        0      989        0      790      785      120     2168        0        0        0
 726.000000      971      971        1        0      971        0      776      772      116     2127        0        0        0
 727.000000      965      965        1        0      965        0      765      763      133     2130        0        0        0
 728.000000      964      964        1        0      964        0      778      773      130     2108        0        0        0
 729.000000      979      979        1        0      979        0      782      778      127     2104        0        0        0
 730.000000      969      969        1        0      969        0      788      784      122     2144        0        0        0
 731.000000      976      976        1        0      976        0      791      790      123     2115        0        0        0
 732.000000     1001     1001        1        0     1001        0      796      795      120     2131        0        0        0
 733.000000      977      977        1        0      977        0      777      774      120     2135        0        0        0
 734.000000      977      977        1        0      977        0      778      777      110     2124        0        0        0
 735.000000      978      978        1        0      978        0      787      784      125     2118        0        0        0
 736.000000      972      972        1        0      972        0      796      790      119     2142        0        0        0
 737.000000      977      977        1        0      977        0      779      776      120     2133        0        0        0
 738.000000      972      972        1        0      972        0      786      786      126     2116        0        0        0
 739.000000      972      972        1        0      972        0      790      787      115     2133        0        0        0
 740.000000      973      973        1        0      973        0      780      774      129     2125        0        0        0
 741.000000      986      986        1        0      986        0      783      780      127     2149        0        0        0
 742.000000      978      978        1        0      978        0      795      792      125     2130        0        0        0
 743.000000      987      987        1        0      987        0      792      791      129     2132        0        0        0
 744.000000      980      980        1        0      980        0      780      780      129     2113        0        0        0
 745.000000      977      977        1        0      977        0      794      791      116     2149        0        0        0
 746.000000      998      998        1        0      998        0      787      786      117     2131        0        0        0
 747.000000      990      990        1        0      990        0      789      783      121     2149        0        0        0
 748.000000      988      988        1        0      988        0      790      789      116     2114        0        0        0
 749.000000      972      972        1        0      972        0      786      781      129     2127        0        0        0
 750.000000      979      979        1        0      979        0      791      788      116     2099        0        0        0
 751.000000      981      981        1        0      981        0      782      777      120     2135        0        0        0
 752.000000      972      972        1        0      972        0      797      790      127     2132        0        0        0
 753.000000      972      972        1        0      972        0      786      782      135     2134        0        0        0
 754.000000      979      979        1        0      979        0      782      781      110     2132        0        0        0
 755.000000      981      981        1        0      981        0      795      790      118     2130        0        0        0
 756.000000      978      978        1        0      978        0      791      788      103     2110        0        0        0
 757.000000      970      970        1        0      970        0      780      780      109     2136        0        0        0
 758.000000      985      985        1        0      985        0      776      772      121     2102        0        0        0
 759.000000      976      976        1        0      976        0      786      785      102     2074        0        0        0
 760.000000      973      973        1        0      973        0      786      783      121     2091        0        0        0
 761.000000      984      984        1        0      984        0      784      781      129     2109        0        0        0
 762.000000      973      973        1        0      973        0      790      785      119     2092        0        0        0
 763.000000      973      973        1        0      973        0      784      779      120     2099        0        0        0
 764.000000      968      968        1        0      968        0      789      787      113     2105        0        0        0
 765.000000      976      976        1        0      976        0      785      781      126     2095        0        0        0
 766.000000      961      961        1        0      961        0      783      779      103     2097        0        0        0
 767.000000      979      979        1        0      979        0      781      778      125     2100        0        0        0
 768.000000      984      984        1        0      984        0      774      771      122     2098        0        0        0
 769.000000      984      984        1        0      984        0      785      782      120     2092        0        0        0
 770.000000      980      980        1        0      980        0      782      778      113     2079        0        0        0
 771.000000      992      992        1        0      992        0      792      788      115     2126        0        0        0
 772.000000      989      989        1        0      989        0      782      780      122     2079        0        0        0
 773.000000      985      985        1        0      985        0      778      777      124     2093        0        0        0
 774.000000     1005     1005        1        0     1005        0      776      773      120     2106        0        0        0
 775.000000      993      993        1        0      993        0      779      775      120     2105        0        0        0
 776.000000      995      995        1        0      995        0      777      772      124     2079        0        0        0
 777.000000      991      991        1        0      991        0      784      782      122     2094        0        0        0
 778.000000      992      992        1        0      992        0      783      781      113     2080        0        0        0
 779.000000      990      990        1        0      990        0      781      779      126     2082        0        0        0
 780.000000     1009     1009        1        0     1009        0      779      777      117     2095        0        0        0
 781.000000     1015     1015        1        0     1015        0      777      771      127     2092        0        0        0
 782.000000      993      993        1        0      993        0      782      780      111     2101        0        0        0
 783.000000      999      999        1        0      999        0      786      783      105     2139        0        0        0
 784.000000      994      994        1        0      994        0      778      778      119     2152        0        0        0
 785.000000      996      984        2        0      996        0      802      801      104     2138        0        0        0
 786.000000      997      997        1        0      997        0      788      787      112     2124        0        0        0
 787.000000      994      994        1        0      994        0      792      790      106     2141        0        0        0
 788.000000      997      997        1        0      997        0      787      785      115     2149        0        0        0
 789.000000      996      996        1        0      996        0      787      785      117     2151        0        0        0
 790.000000      997      997        1        0      997        0      782      779      121     2139        0        0        0
 791.000000     1000     1000        1        0     1000        0      788      784      125     2134        0        0        0
 792.000000      996      996        1        0      996        0      785      783      132     2126        0        0        0
 793.000000      995      995        1        0      995        0      781      779      116     2137        0        0        0
 794.000000     1001     1001        1        0     1001        0      777      775      118     2129        0        0        0
 795.000000      995      995        1        0      995        0      788      782      124     2130        0        0        0
 796.000000     1001     1001        1        0     1001        0      790      788      115     2135        0        0        0
 797.000000      996      996        1        0      996        0      779      777      116     2121        0        0        0
 798.000000      983      983        1        0      983        0      776      772      114     2109        0        0        0
 799.000000      989      989        1        0      989        0      771      765      119     2116        0        0        0
 800.000000     1001     1001        1        0     1001        0      783      778      125     2123        0        0        0
 801.000000     1001     1001        1        0     1001        0      772      767      129     2129        0        0        0
 802.000000     1006     1006        1        0     1006        0      793      790      116     2143        0        0        0
 803.000000      999      999        1        0      999        0      783      778      129     2144        0        0        0
 804.000000      999      999        1        0      999        0      775      772      126     2118        0        0        0
 805.000000      992      992        1        0      992        0      774      774      115     2124        0        0        0
 806.000000      995      995        1        0      995        0      783      781      124     2116        0        0        0
 807.000000      988      988        1        0      988        0      791      790      106     2116        0        0        0
 808.000000      995      995        1        0      995        0      785      783      110     2132        0        0        0
 809.000000      989      989        1        0      989        0      772      767      117     2122        0        0        0
 810.000000      986      986        1        0      986        0      777      776      118     2119        0        0        0
 811.000000      977      977        1        0      977        0      779      779      115     2119        0        0        0
 812.000000      992      992        1        0      992        0      766      766      121     2149        0        0        0
 813.000000      988      988        1        0      988        0      776      774      128     2137        0        0        0
 814.000000      980      980        1        0      980        0      782      780      113     2115        0        0        0
 815.000000      983      983        1        0      983        0      785      781      130     2157        0        0        0
 816.000000      986      986        1        0      986        0      791      789      108     2153        0        0        0
 817.000000      978      978        1        0      978        0      779      778      129     2155        0        0        0
 818.000000      983      983        1        0      983        0      788      784      122     2123        0        0        0
 819.000000      979      979        1        0      979        0      781      780      107     2135        0        0        0
 820.000000      979      979        1        0      979        0      773      771      120     2119        0        0        0
 821.000000      987      987        1        0      987        0      785      784      123     2148        0        0        0
 822.000000      987      987        1        0      987        0      794      788      113     2138        0        0        0
 823.000000      983      983        1        0      983        0      789      786      112     2124        0        0        0
 824.000000      977      977        1        0      977        0      780      780      121     2160        0        0        0
 825.000000      993      993        1        0      993        0      787      783      108     2140        0        0        0
 826.000000      991      991        1        0      991        0      787      782      132     2152        0        0        0
 827.000000      986      986        1        0      986        0      795      789      112     2152        0        0        0
 828.000000      998      998        1        0      998        0      775      771      119     2124        0        0        0
 829.000000     1000     1000        1        0     1000        0      787      785      115     2138        0        0        0
 830.000000     1007     1007        1        0     1007        0      801      798      111     2189        0        0        0
 831.000000      999      999        1        0      999        0      787      785      112     2165        0        0        0
 832.000000     1000     1000        1        0     1000        0      786      785      113     2149        0        0        0
 833.000000     1002     1002        1        0     1002        0      770      767      130     2181        0        0        0
 834.000000     1001     1001        1        0     1001        0      781      780      130     2162        0        0        0
 835.000000     1013     1013        1        0     1013        0      791      788      113     2176        0        0        0
 836.000000      992      992        1        0      992        0      783      781      120     2178        0        0        0
 837.000000      974      974        1        0      974        0      773      770      113     2148        0        0        0
 838.000000      978      978        1        0      978        0      787      784      121     2190        0        0        0
 839.000000      972      972        1        0      972        0      778      777      131     2186        0        0        0
 840.000000      972      972        1        0      972        0      780      780      114     2183        0        0        0
 841.000000      970      970        1        0      970        0      766      760      138     2163        0        0        0
 842.000000     1013     1013        1        0     1013        0      774      772      122     2191        0        0        0
 843.000000     1002     1002        1        0     1002        0      780      778      119     2214        0        0        0
 844.000000      976      976        1        0      976        0      772      771      126     2214        0        0        0
 845.000000      995      995        1        0      995        0      792      791      123     2198        0        0        0
 846.000000     1001     1001        1        0     1001        0      780      776      126     2214        0        0        0
 847.000000      999      999        1        0      999        0      783      777      134     2203        0        0        0
 848.000000     1000     1000        1        0     1000        0      787      783      115     2197        0        0        0
 849.000000      978      978        1        0      978        0      789      786      110     2218        0        0        0
 850.000000      997      997        1        0      997        0      789      787      130     2211        0        0        0
 851.000000      982      982        1        0      982        0      801      799      119     2198        0        0        0
 852.000000     1004     1004        1        0     1004        0      793      792      119     2216        0        0        0
 853.000000     1004     1004        1        0     1004        0      800      798      125     2179        0        0        0
 854.000000     1017     1017        1        0     1017        0      786      783      123     2201        0        0        0
 855.000000     1006     1006        1        0     1006        0      786      781      110     2210        0        0        0
 856.000000      997      997        1        0      997        0      780      777      134     2194        0        0        0
 857.000000     1019     1019        1        0     1019        0      786      782      123     2214        0        0        0
 858.000000     1019     1019        1        0     1019        0      782      780      125     2173        0        0        0
 859.000000     1001     1001        1        0     1001        0      781      775      127     2197        0        0        0
 860.000000     1020     1020        1        0     1020        0      793      792      121     2190        0        0        0
 861.000000     1024     1024        1        0     1024        0      778      776      139     2195        0        0        0
 862.000000      991      991        1        0      991        0      781      777      129     2199        0        0        0
 863.000000     1005     1005        1        0     1005        0      796      790      123     2177        0        0        0
 864.000000     1028     1028        1        0     1028        0      799      795      128     2199        0        0        0
 865.000000     1023     1023        1        0     1023        0      796      792      124     2202        0        0        0
 866.000000     1005     1005        1        0     1005        0      782      778      139     2165        0        0        0
 867.000000     1009     1009        1        0     1009        0      795      789      122     2193        0        0        0
 868.000000     1015     1015        1        0     1015        0      775      771      135     2178        0        0        0
 869.000000     1015     1015        1        0     1015        0      784      778      126     2145        0        0        0
 870.000000     1015     1015        1        0     1015        0      789      788      114     2181        0        0        0
 871.000000     1003     1003        1        0     1003        0      790      786      122     2173        0        0        0
 872.000000     1001     1001        1        0     1001        0      772      768      129     2154        0        0        0
 873.000000     1026     1026        1        0     1026        0      794      792      114     2175        0        0        0
 874.000000     1010     1010        1        0     1010        0      779      775      113     2154        0        0        0
 875.000000     1014     1014        1        0     1014        0      771      765      132     2155        0        0        0
 876.000000     1019     1019        1        0     1019        0      796      793      114     2151        0        0        0
 877.000000     1020     1020        1        0     1020        0      799      795      124     2151        0        0        0
 878.000000     1006     1006        1        0     1006        0      784      779      131     2134        0        0        0
 879.000000     1038     1038        1        0     1038        0      786      781      132     2152        0        0        0
 880.000000     1019     1019        1        0     1019        0      788      784      130     2135        0        0        0
 881.000000     1007     1007        1        0     1007        0      782      781      122     2147        0        0        0
 882.000000     1017     1017        1        0     1017        0      795      793      123     2144        0        0        0
 883.000000     1012     1012        1        0     1012        0      802      800      119     2120        0        0        0
 884.000000      991      991        1        0      991        0      803      800      120     2152        0        0        0
 885.000000      993      993        1        0      993        0      800      795      111     2113        0        0        0
 886.000000      994      994        1        0      994        0      791      788      125     2153        0        0        0
 887.000000      990      990        1        0      990        0      782      780      117     2161        0        0        0
 888.000000      990      990        1        0      990        0      775      770      119     2177        0        0        0
 889.000000      994      994        1        0      994        0      774      772      130     2149        0        0        0
 890.000000      995      995        1        0      995        0      785      780      121     2154        0        0        0
 891.000000      983      983        1        0      983        0      786      783      122     2121        0        0        0
 892.000000     1002     1002        1        0     1002        0      787      779      128     2146        0        0        0
 893.000000      997      997        1        0      997        0      775      773      127     2156        0        0        0
 894.000000      996      996        1        0      996        0      789      787      117     2143        0        0        0
 895.000000      998      998        1        0      998        0      783      778      125     2148        0        0        0
 896.000000      999      999        1        0      999        0      784      779      127     2175        0        0        0
 897.000000      996      996        1        0      996        0      783      781      122     2167        0        0        0
 898.000000     1030     1015        2       15     1015        0      792      788      123     2148        0        0        0
 899.000000     1002     1002        1        0     1002        0      782      781      122     2156        0        0        0
 900.000000     1021     1007        2       14     1007        0      786      781      147     2161        0        0        0
 901.000000     1013      997        2       16      997        0      794      792      121     2146        0        0        0
 902.000000     1031     1031        1       11     1017        3      809      804      125     2151        0        0        0
 903.000000     1012     1012        1        0     1012        0      807      806      120     2166        0        0        0
 904.000000     1020     1006        2       14     1006        0      792      790      121     2160        0        0        0
 905.000000     1032     1009        2        0     1032        0      800      800      114     2210        0        0        0
 906.000000     1023     1023        1        0     1023        0      808      807      116     2181        0        0        0
 907.000000     1022     1008        2       14     1008        0      798      796      126     2164        0        0        0
 908.000000     1033     1033        1        0     1033        0      812      805      114     2192        0        0        0
 909.000000      992      992        1        0      992        0      789      784      135     2188        0        0        0
 910.000000      997      997        1        0      997        0      790      785      135     2161        0        0        0
 911.000000      999      999        1        0      999        0      788      785      125     2156        0        0        0
 912.000000      998      998        1        0      998        0      790      786      116     2155        0        0        0
 913.000000     1027     1013        2       14     1013        0      804      800      119     2167        0        0        0
 914.000000     1023     1009        2       14     1009        0      798      793      114     2133        0        0        0
 915.000000     1037     1023        2       22     1008        7      804      798      108     2181        0        0        0
 916.000000     1032     1032        1        0     1032        0      804      802      112     2148        0        0        0
 917.000000     1021     1007        2       14     1007        0      815      807      109     2199        0        0        0
 918.000000     1028     1014        2       14     1014        0      799      796      123     2186        0        0        0
 919.000000     1035     1035        1        8     1020        7      789      780      132     2182        0        0        0
 920.000000     1024     1010        2       14     1010        0      804      801      112     2202        0        0        0
 921.000000     1029     1015        2       14     1015        0      809      805      125     2181        0        0        0
 922.000000     1023     1009        2       14     1009        0      800      793      121     2188        0        0        0
 923.000000     1020     1006        2       14     1006        0      794      791      122     2165        0        0        0
 924.000000     1022     1008        2       14     1008        0      791      788      120     2181        0        0        0
 925.000000     1003     1003        1        0     1003        0      796      791      114     2148        0        0        0
 926.000000     1030     1004        3       14     1016        0      794      789      137     2170        0        0        0
 927.000000     1006      992        2       14      992        0      792      789      128     2152        0        0        0
 928.000000     1040     1014        3       14     1026        0      780      774      129     2176        0        0        0
 929.000000      984      984        1        0      984        0      787      780      122     2162        0        0        0
 930.000000     1025      999        3       14     1011        0      781      774      130     2150        0        0        0
 931.000000     1018     1003        2       15     1003        0      782      780      118     2173        0        0        0
 932.000000     1017     1017        1        0     1017        0      770      764      132     2148        0        0        0
 933.000000     1022     1008        2       14     1008        0      781      778      114     2151        0        0        0
 934.000000     1023     1009        2       14     1009        0      785      781      130     2138        0        0        0
 935.000000     1049     1035        2       14     1035        0      780      778      127     2119        0        0        0
 936.000000     1006     1006        1        0     1006        0      794      789      122     2147        0        0        0
 937.000000     1018     1018        1        0     1018        0      798      795      117     2151        0        0        0
 938.000000     1032     1032        1        0     1032        0      798      793      126     2166        0        0        0
 939.000000     1018     1018        1        0     1018        0      795      790      117     2148        0        0        0
 940.000000     1017     1017        1        0     1017        0      781      776      134     2155        0        0        0
 941.000000     1036     1036        1        0     1036        0      790      783      135     2171        0        0        0
 942.000000     1039     1039        1        0     1039        0      789      787      131     2149        0        0        0
 943.000000     1036     1036        1        0     1036        0      801      799      117     2161        0        0        0
 944.000000     1026     1026        1        0     1026        0      803      798      109     2164        0        0        0
 945.000000     1020     1020        1        0     1020        0      795      794      116     2134        0        0        0
 946.000000     1028     1028        1        0     1028        0      802      798      132     2138        0        0        0
 947.000000     1023     1023        1        0     1023        0      802      798      126     2158        0        0        0
 948.000000     1033     1033        1        0     1033        0      803      802      134     2164        0        0        0
 949.000000     1019     1019        1        0     1019        0      805      801      119     2166        0        0        0
 950.000000     1006     1006        1        0     1006        0      805      803      120     2143        0        0        0
 951.000000     1021     1021        1        0     1021        0      796      794      123     2147        0        0        0
 952.000000     1036     1036        1        0     1036        0      795      791      128     2140        0        0        0
 953.000000     1032     1032        1        0     1032        0      803      799      123     2158        0        0        0
 954.000000     1032     1032        1        0     1032        0      786      782      133     2151        0        0        0
 955.000000     1020     1020        1        0     1020        0      808      804      123     2188        0        0        0
 956.000000     1007     1007        1        0     1007        0      793      788      121     2173        0        0        0
 957.000000     1036     1036        1        0     1036        0      795      789      115     2161        0        0        0
 958.000000      998      998        1        0      998        0      797      795      121     2146        0        0        0
 959.000000     1006     1006        1        0     1006        0      784      779      133     2149        0        0        0
 960.000000     1007     1007        1        0     1007        0      780      777      124     2152        0        0        0
 961.000000      990      990        1        0      990        0      792      790      117     2148        0        0        0
 962.000000     1017     1017        1        0     1017        0      799      794      121     2133        0        0        0
 963.000000     1017     1017        1        0     1017        0      789      785      117     2145        0        0        0
 964.000000     1021     1021        1        0     1021        0      807      804      112     2153        0        0        0
 965.000000     1013     1013        1        0     1013        0      786      785      130     2144        0        0        0
 966.000000     1015     1015        1        0     1015        0      802      793      126     2126        0        0        0
 967.000000     1014     1014        1        0     1014        0      790      785      123     2141        0        0        0
 968.000000     1007     1007        1        0     1007        0      794      792      114     2151        0        0        0
 969.000000     1035     1035        1        0     1035        0      800      799      114     2174        0        0        0
 970.000000     1008     1008        1        0     1008        0      793      792      113     2163        0        0        0
 971.000000     1020     1020        1        0     1020        0      806      804      115     2186        0        0        0
 972.000000     1016     1001        2       15     1001        0      795      794      126     2174        0        0        0
 973.000000     1001     1001        1        0     1001        0      799      796      115     2161        0        0        0
 974.000000      995      995        1        0      995        0      787      783      130     2177        0        0        0
 975.000000     1007     1007        1        0     1007        0      795      793      123     2183        0        0        0
 976.000000     1004     1004        1        0     1004        0      807      804      121     2175        0        0        0
 977.000000      993      993        1        0      993        0      795      792      124     2186        0        0        0
 978.000000     1017     1003        2       14     1003        0      794      794      116     2144        0        0        0
 979.000000     1017     1017        1        0     1017        0      796      791      114     2145        0        0        0
 980.000000     1023     1023        1        0     1023        0      793      790      127     2149        0        0        0
 981.000000     1011     1011        1        0     1011        0      797      794      128     2153        0        0        0
 982.000000     1041     1041        1        0     1041        0      797      794      120     2159        0        0        0
 983.000000     1021     1021        1        0     1021        0      794      792      144     2160        0        0        0
 984.000000     1017     1017        1        0     1017        0      793      791      124     2155        0        0        0
 985.000000      993      993        1        0      993        0      804      802      115     2151        0        0        0
 986.000000     1002     1002        1        0     1002        0      803      802      120     2143        0        0        0
 987.000000     1002     1002        1        0     1002        0      800      798      124     2167        0        0        0
 988.000000     1001     1001        1        0     1001        0      807      806      110     2171        0        0        0
 989.000000     1003     1003        1        0     1003        0      800      800      130     2141        0        0        0
 990.000000     1003     1003        1        0     1003        0      811      808      119     2155        0        0        0
 991.000000     1009     1009        1        0     1009        0      804      796      132     2165        0        0        0
 992.000000     1019     1019        1        0     1019        0      790      789      121     2144        0        0        0
 993.000000      986      986        1        0      986        0      814      810      112     2155        0        0        0
 994.000000      992      992        1        0      992        0      799      796      124     2157        0        0        0
 995.000000     1001     1001        1        0     1001        0      797      795      129     2127        0        0        0
 996.000000     1003     1003        1        0     1003        0      800      795      118     2138        0        0        0
 997.000000     1003     1003        1        0     1003        0      809      804      123     2166        0        0        0
 998.000000     1011     1011        1        0     1011        0      796      793      123     2157        0        0        0
 999.000000      987      987        1        0      987        0      797      795      128     2190        0        0        0
 1000.000000      997      997        1        0      997        0      802      799      126     2148        0        0        0
 1001.000000     1004      990        2       14      990        0      797      797      112     2152        0        0        0
 1002.000000      990      990        1        0      990        0      809      806      125     2153        0        0        0
 1003.000000      985      985        1        0      985        0      797      795      116     2158        0        0        0
 1004.000000      978      978        1        0      978        0      802      801      107     2158        0        0        0
 1005.000000      979      979        1        0      979        0      787      785      108     2146        0        0        0
 1006.000000      978      978        1        0      978        0      798      797      115     2164        0        0        0
 1007.000000      988      988        1        0      988        0      802      798      117     2163        0        0        0
 1008.000000      978      978        1        0      978        0      805      800      129     2168        0        0        0
 1009.000000      978      978        1        0      978        0      803      798      113     2140        0        0        0
 1010.000000      982      982        1        0      982        0      787      784      134     2153        0        0        0
 1011.000000      994      994        1        0      994        0      800      799      116     2154        0        0        0
 1012.000000      978      978        1        0      978        0      782      780      122     2160        0        0        0
 1013.000000      977      977        1        0      977        0      804      801      108     2150        0        0        0
 1014.000000      975      975        1        0      975        0      789      784      128     2156        0        0        0
 1015.000000      993      993        1        0      993        0      787      781      120     2182        0        0        0
 1016.000000      985      985        1        0      985        0      797      792      110     2168        0        0        0
 1017.000000      993      980        2        0      993        0      783      783       97     2170        0        0        0
 1018.000000      979      979        1        0      979        0      786      784      119     2153        0        0        0
 1019.000000      975      975        1        0      975        0      797      792      122     2153        0        0        0
 1020.000000      974      974        1        0      974        0      803      802      115     2141        0        0        0
 1021.000000      973      973        1        0      973        0      790      787      120     2132        0        0        0
 1022.000000      981      981        1        0      981        0      799      796      121     2137        0        0        0
 1023.000000      982      982        1        0      982        0      796      792      105     2157        0        0        0
 1024.000000      975      975        1        0      975        0      799      795      112     2104        0        0        0
 1025.000000      977      977        1        0      977        0      789      785      115     2139        0        0        0
 1026.000000      977      977        1        0      977        0      796      792      123     2120        0        0        0
 1027.000000      976      976        1        0      976        0      801      798      121     2147        0        0        0
 1028.000000      973      973        1        0      973        0      810      807      114     2137        0        0        0
 1029.000000      981      981        1        0      981        0      785      782      115     2126        0        0        0
 1030.000000      975      975        1        0      975        0      783      780      121     2133        0        0        0
 1031.000000      982      982        1        0      982        0      814      809      122     2135        0        0        0
 1032.000000      984      984        1        0      984        0      799      797      111     2161        0        0        0
 1033.000000      994      994        1        0      994        0      803      801      115     2159        0        0        0
 1034.000000      995      995        1        0      995        0      800      797      124     2146        0        0        0
 1035.000000      991      991        1        0      991        0      808      807       99     2152        0        0        0
 1036.000000      996      996        1        0      996        0      806      801      108     2131        0        0        0
 1037.000000      996      996        1        0      996        0      804      802      118     2116        0        0        0
 1038.000000      982      982        1        0      982        0      788      785      121     2115        0        0        0
 1039.000000      992      992        1        0      992        0      795      791      122     2130        0        0        0
 1040.000000      990      990        1        0      990        0      788      784      118     2142        0        0        0
 1041.000000     1005     1005        1        0     1005        0      810      808      108     2136        0        0        0
 1042.000000      981      981        1        0      981        0      809      808      114     2145        0        0        0
 1043.000000      992      992        1        0      992        0      801      801      123     2109        0        0        0
 1044.000000      984      984        1        0      984        0      805      803      123     2123        0        0        0
 1045.000000      986      986        1        0      986        0      798      793      121     2124        0        0        0
 1046.000000      987      987        1        0      987        0      791      789      125     2159        0        0        0
 1047.000000     1003     1003        1        0     1003        0      801      799      117     2158        0        0        0
 1048.000000     1005     1005        1        0     1005        0      814      811      128     2154        0        0        0
 1049.000000      995      995        1        0      995        0      812      809      124     2163        0        0        0
 1050.000000      998      998        1        0      998        0      812      806      113     2163        0        0        0
 1051.000000      992      992        1        0      992        0      798      795      136     2142        0        0        0
 1052.000000     1002     1002        1        0     1002        0      813      808      119     2157        0        0        0
 1053.000000      994      994        1        0      994        0      813      811      115     2195        0        0        0
 1054.000000      996      996        1        0      996        0      799      793      120     2171        0        0        0
 1055.000000      991      991        1        0      991        0      811      805      121     2167        0        0        0
 1056.000000      992      992        1        0      992        0      815      811      116     2148        0        0        0
 1057.000000      992      992        1        0      992        0      793      792      117     2158        0        0        0
 1058.000000      984      984        1        0      984        0      817      815      118     2165        0        0        0
 1059.000000      988      988        1        0      988        0      814      806      124     2131        0        0        0
 1060.000000      983      983        1        0      983        0      800      796      122     2126        0        0        0
 1061.000000      991      991        1        0      991        0      799      793      125     2148        0        0        0
 1062.000000      993      993        1        0      993        0      801      796      124     2162        0        0        0
 1063.000000      997      997        1        0      997        0      803      800      130     2164        0        0        0
 1064.000000      995      995        1        0      995        0      811      806      111     2143        0        0        0
 1065.000000      995      995        1        0      995        0      800      796      111     2131        0        0        0
 1066.000000      989      989        1        0      989        0      808      803      124     2130        0        0        0
 1067.000000      994      994        1        0      994        0      795      790      132     2135        0        0        0
 1068.000000      987      987        1        0      987        0      793      789      119     2150        0        0        0
 1069.000000      996      996        1        0      996        0      786      782      126     2156        0        0        0
 1070.000000      985      985        1        0      985        0      813      805      120     2146        0        0        0
 1071.000000      989      989        1        0      989        0      794      791      122     2133        0        0        0
 1072.000000      991      991        1        0      991        0      798      791      118     2156        0        0        0
 1073.000000      999      999        1        0      999        0      807      803      108     2137        0        0        0
 1074.000000      997      997        1        0      997        0      812      808      104     2143        0        0        0
 1075.000000      994      994        1        0      994        0      805      799      115     2141        0        0        0
 1076.000000     1003     1003        1        0     1003        0      806      795      122     2131        0        0        0
 1077.000000     1007     1007        1        0     1007        0      801      797      124     2131        0        0        0
 1078.000000      997      997        1        0      997        0      802      795      127     2148        0        0        0
 1079.000000      992      992        1        0      992        0      800      797      125     2104        0        0        0
 1080.000000     1007     1007        1        0     1007        0      812      808      114     2149        0        0        0
 1081.000000     1006     1006        1        0     1006        0      816      811      131     2133        0        0        0
 1082.000000      997      997        1        0      997        0      800      796      118     2133        0        0        0
 1083.000000     1000     1000        1        0     1000        0      801      798      121     2143        0        0        0
 1084.000000     1002     1002        1        0     1002        0      815      812      126     2123        0        0        0
 1085.000000      998      998        1        0      998        0      812      811      114     2159        0        0        0
 1086.000000     1002     1002        1        0     1002        0      806      801      126     2120        0        0        0
 1087.000000     1001     1001        1        0     1001        0      815      808      124     2165        0        0        0
 1088.000000     1009     1009        1        0     1009        0      809      804      128     2157        0        0        0
 1089.000000     1005     1005        1        0     1005        0      806      801      115     2140        0        0        0
 1090.000000     1017     1017        1        0     1017        0      815      808      122     2151        0        0        0
 1091.000000     1008     1008        1        0     1008        0      813      807      114     2124        0        0        0
 1092.000000     1010     1010        1        0     1010        0      819      812      123     2145        0        0        0
 1093.000000     1004     1004        1        0     1004        0      797      792      122     2106        0        0        0
 1094.000000     1007     1007        1        0     1007        0      820      819      120     2138        0        0        0
 1095.000000     1011     1011        1        0     1011        0      799      790      127     2145        0        0        0
 1096.000000     1006     1006        1        0     1006        0      821      817      113     2145        0        0        0
 1097.000000     1000     1000        1        0     1000        0      810      807      123     2139        0        0        0
 1098.000000      998      998        1        0      998        0      801      797      110     2118        0        0        0
 1099.000000     1003     1003        1        0     1003        0      804      801      114     2137        0        0        0
 1100.000000      995      995        1        0      995        0      806      797      133     2142        0        0        0
 1101.000000     1012     1012        1        0     1012        0      804      796      130     2151        0        0        0
 1102.000000     1001     1001        1        0     1001        0      807      800      118     2121        0        0        0
 1103.000000     1005     1005        1        0     1005        0      803      799      119     2139        0        0        0
 1104.000000     1011     1011        1        0     1011        0      808      806      118     2119        0        0        0
 1105.000000     1011     1011        1        0     1011        0      808      800      133     2125        0        0        0
 1106.000000     1023     1023        1        0     1023        0      819      812      113     2160        0        0        0
 1107.000000     1016     1016        1        0     1016        0      808      801      126     2148        0        0        0
 1108.000000     1003     1003        1        0     1003        0      795      787      125     2138        0        0        0
 1109.000000     1008     1008        1        0     1008        0      803      799      124     2138        0        0        0
 1110.000000     1004     1004        1        0     1004        0      809      800      131     2158        0        0        0
 1111.000000     1023     1023        1        0     1023        0      805      797      127     2139        0        0        0
 1112.000000     1002     1002        1        0     1002        0      792      789      121     2146        0        0        0
 1113.000000     1006     1006        1        0     1006        0      812      806      136     2157        0        0        0
 1114.000000      985      985        1        0      985        0      794      790      134     2143        0        0        0
 1115.000000      995      995        1        0      995        0      809      803      119     2142        0        0        0
 1116.000000      995      995        1        0      995        0      807      799      112     2142        0        0        0
 1117.000000      986      986        1        0      986        0      790      785      119     2145        0        0        0
 1118.000000      993      993        1        0      993        0      792      787      124     2152        0        0        0
 1119.000000      979      979        1        0      979        0      802      797      114     2133        0        0        0
 1120.000000      974      974        1        0      974        0      789      787      115     2116        0        0        0
 1121.000000      981      981        1        0      981        0      780      776      126     2141        0        0        0
 1122.000000      981      981        1        0      981        0      783      778      126     2146        0        0        0
 1123.000000      987      987        1        0      987        0      802      798      119     2145        0        0        0
 1124.000000      983      983        1        0      983        0      792      787      124     2149        0        0        0
 1125.000000      983      983        1        0      983        0      785      782      127     2127        0        0        0
 1126.000000      984      984        1        0      984        0      792      789      124     2148        0        0        0
 1127.000000      982      982        1        0      982        0      795      793      112     2149        0        0        0
 1128.000000      983      983        1        0      983        0      763      760      140     2160        0        0        0
 1129.000000      981      981        1        0      981        0      783      777      125     2157        0        0        0
 1130.000000      971      971        1        0      971        0      783      772      129     2134        0        0        0
 1131.000000      983      983        1        0      983        0      784      780      130     2163        0        0        0
 1132.000000      993      993        1        0      993        0      789      785      135     2177        0        0        0
 1133.000000      976      976        1        0      976        0      782      780      129     2124        0        0        0
 1134.000000      995      995        1        0      995        0      802      799      121     2139        0        0        0
 1135.000000      990      990        1        0      990        0      794      790      124     2153        0        0        0
 1136.000000      992      992        1        0      992        0      800      796      117     2169        0        0        0
 1137.000000      977      977        1        0      977        0      792      789      130     2145        0        0        0
 1138.000000      984      984        1        0      984        0      798      793      129     2152        0        0        0
 1139.000000      989      989        1        0      989        0      797      792      142     2186        0        0        0
 1140.000000      986      986        1        0      986        0      791      786      129     2154        0        0        0
 1141.000000      997      997        1        0      997        0      811      806      119     2162        0        0        0
 1142.000000     1007     1007        1        0     1007        0      808      803      119     2157        0        0        0
 1143.000000      987      987        1        0      987        0      811      807      129     2173        0        0        0
 1144.000000      991      991        1        0      991        0      804      798      132     2167        0        0        0
 1145.000000      995      995        1        0      995        0      792      788      120     2163        0        0        0
 1146.000000      978      978        1        0      978        0      786      784      123     2167        0        0        0
 1147.000000      996      996        1        0      996        0      797      792      129     2181        0        0        0
 1148.000000      979      979        1        0      979        0      779      774      135     2144        0        0        0
 1149.000000      975      975        1        0      975        0      796      791      121     2157        0        0        0
 1150.000000      983      983        1        0      983        0      798      794      128     2168        0        0        0
 1151.000000      976      976        1        0      976        0      785      781      136     2148        0        0        0
 1152.000000      982      982        1        0      982        0      797      792      123     2148        0        0        0
 1153.000000      978      978        1        0      978        0      777      771      128     2125        0        0        0
 1154.000000      985      985        1        0      985        0      785      782      130     2145        0        0        0
 1155.000000      981      981        1        0      981        0      786      783      140     2141        0        0        0
 1156.000000      994      994        1        0      994        0      794      791      124     2165        0        0        0
 1157.000000      982      982        1        0      982        0      795      792      116     2147        0        0        0
 1158.000000      988      988        1        0      988        0      795      792      120     2171        0        0        0
 1159.000000      996      996        1        0      996        0      789      784      143     2131        0        0        0
 1160.000000     1001     1001        1        0     1001        0      809      804      127     2144        0        0        0
 1161.000000     1009     1009        1        0     1009        0      789      784      138     2142        0        0        0
 1162.000000     1001     1001        1        0     1001        0      810      809      124     2150        0        0        0
 1163.000000      998      998        1        0      998        0      790      789      129     2161        0        0        0
 1164.000000      997      997        1        0      997        0      804      798      137     2156        0        0        0
 1165.000000     1000     1000        1        0     1000        0      798      796      125     2170        0        0        0
 1166.000000      994      994        1        0      994        0      777      772      134     2150        0        0        0
 1167.000000     1001     1001        1        0     1001        0      796      792      130     2126        0        0        0
 1168.000000     1015     1015        1        0     1015        0      810      806      129     2159        0        0        0
 1169.000000     1011     1011        1        0     1011        0      811      807      126     2150        0        0        0
 1170.000000      999      999        1        0      999        0      803      798      123     2150        0        0        0
 1171.000000      995      995        1        0      995        0      795      790      126     2145        0        0        0
 1172.000000      984      984        1        0      984        0      814      809      131     2132        0        0        0
 1173.000000      982      982        1        0      982        0      806      804      121     2139        0        0        0
 1174.000000      994      994        1        0      994        0      793      790      118     2144        0        0        0
 1175.000000      987      987        1        0      987        0      800      792      132     2135        0        0        0
 1176.000000      983      983        1        0      983        0      795      793      134     2127        0        0        0
 1177.000000      988      988        1        0      988        0      791      785      131     2120        0        0        0
 1178.000000      987      987        1        0      987        0      804      801      122     2149        0        0        0
 1179.000000      989      989        1        0      989        0      801      796      145     2144        0        0        0
 1180.000000     1008     1008        1        0     1008        0      811      806      115     2163        0        0        0
 1181.000000      986      986        1        0      986        0      789      783      132     2161        0        0        0
 1182.000000      991      991        1        0      991        0      802      799      137     2159        0        0        0
 1183.000000      989      989        1        0      989        0      806      803      129     2179        0        0        0
 1184.000000      998      998        1        0      998        0      803      800      125     2176        0        0        0
 1185.000000      986      986        1        0      986        0      795      789      126     2137        0        0        0
 1186.000000      989      989        1        0      989        0      805      805      131     2184        0        0        0
 1187.000000      991      991        1        0      991        0      800      795      130     2159        0        0        0
 1188.000000      986      986        1        0      986        0      806      801      124     2152        0        0        0
 1189.000000      993      993        1        0      993        0      812      809      129     2173        0        0        0
 1190.000000      998      998        1        0      998        0      810      808      133     2180        0        0        0
 1191.000000     1003     1003        1        0     1003        0      808      802      132     2184        0        0        0
 1192.000000      992      992        1        0      992        0      811      810      132     2204        0        0        0
 1193.000000     1005     1005        1        0     1005        0      797      792      141     2176        0        0        0
 1194.000000     1024     1006        2       18     1006        0      803      802      128     2174        0        0        0
 1195.000000     1011     1011        1        0     1011        0      813      809      130     2217        0        0        0
 1196.000000     1004     1004        1        0     1004        0      802      801      149     2180        0        0        0
 1197.000000      999      999        1        0      999        0      806      801      132     2156        0        0        0
 1198.000000     1011     1011        1        0     1011        0      811      803      126     2166        0        0        0
 1199.000000      997      997        1        0      997        0      811      808      125     2170        0        0        0
 1200.000000      996      996        1        0      996        0      817      812      122     2190        0        0        0
 1201.000000     1002     1002        1        0     1002        0      804      803      137     2174        0        0        0
 1202.000000      996      996        1        0      996        0      809      808      117     2203        0        0        0
 1203.000000     1000     1000        1        0     1000        0      811      809      128     2192        0        0        0
 1204.000000     1024     1024        1        0     1024        0      808      806      129     2202        0        0        0
 1205.000000     1015     1015        1        0     1015        0      823      818      126     2198        0        0        0
 1206.000000     1014     1014        1        0     1014        0      812      808      129     2212        0        0        0
 1207.000000     1006     1006        1        0     1006        0      812      807      125     2174        0        0        0
 1208.000000     1004     1004        1        0     1004        0      823      818      135     2188        0        0        0
 1209.000000     1005     1005        1        0     1005        0      808      800      137     2195        0        0        0
 1210.000000     1006     1006        1        0     1006        0      807      804      136     2217        0        0        0
 1211.000000     1019     1019        1        7     1005        7      819      814      134     2226        0        0        0
 1212.000000     1004     1004        1        0     1004        0      812      809      125     2206        0        0        0
 1213.000000     1010     1010        1        0     1010        0      808      803      137     2213        0        0        0
 1214.000000     1004     1004        1        0     1004        0      817      812      136     2185        0        0        0
 1215.000000     1020     1020        1        0     1020        0      826      819      127     2199        0        0        0
 1216.000000     1024     1009        2       15     1009        0      817      808      150     2241        0        0        0
 1217.000000     1019     1004        2       15     1004        0      813      803      129     2247        0        0        0
 1218.000000     1025     1010        2       15     1010        0      821      816      141     2234        0        0        0
 1219.000000     1047     1020        2       15     1032        0      796      791      142     2219        0        0        0
 1220.000000     1029     1014        2       15     1014        0      808      804      133     2205        0        0        0
 1221.000000     1023     1023        1        0     1023        0      815      810      131     2228        0        0        0
 1222.000000     1030     1015        2       15     1015        0      811      804      148     2248        0        0        0
 1223.000000     1039     1024        2       15     1024        0      816      806      140     2231        0        0        0
 1224.000000     1027     1027        1       15     1012        0      825      821      132     2240        0        0        0
 1225.000000     1048     1019        3       29     1019        0      813      810      135     2209        0        0        0
 1226.000000     1034     1019        2       15     1019        0      826      821      130     2218        0        0        0
 1227.000000     1032     1017        2       15     1017        0      825      822      129     2232        0        0        0
 1228.000000     1026     1014        2        0     1026        0      818      816      120     2218        0        0        0
 1229.000000     1034     1022        2        0     1034        0      824      815      137     2230        0        0        0
 1230.000000     1029     1014        2       15     1014        0      823      818      145     2234        0        0        0
 1231.000000     1022     1010        2        0     1022        0      809      808      128     2211        0        0        0
 1232.000000     1015     1015        1        0     1015        0      822      814      133     2228        0        0        0
 1233.000000     1015     1015        1        0     1015        0      809      803      121     2232        0        0        0
 1234.000000     1019     1019        1        8     1005        6      810      807      133     2220        0        0        0
 1235.000000     1006     1006        1        0     1006        0      791      787      129     2203        0        0        0
 1236.000000     1020     1020        1        0     1020        0      813      808      131     2206        0        0        0
 1237.000000     1005     1005        1        0     1005        0      808      803      144     2207        0        0        0
 1238.000000     1000     1000        1        0     1000        0      802      798      135     2219        0        0        0
 1239.000000     1009     1009        1        0     1009        0      807      807      128     2207        0        0        0
 1240.000000     1048     1019        3       29     1019        0      812      808      135     2237        0        0        0
 1241.000000     1009     1009        1        0     1009        0      814      807      149     2243        0        0        0
 1242.000000     1022     1010        2        0     1022        0      813      808      129     2228        0        0        0
 1243.000000     1014     1014        1        0     1014        0      815      810      133     2208        0        0        0
 1244.000000     1026     1014        2        0     1026        0      820      811      129     2232        0        0        0
 1245.000000     1016     1016        1        0     1016        0      813      806      135     2243        0        0        0
 1246.000000     1017     1017        1        0     1017        0      802      798      147     2221        0        0        0
 1247.000000     1011     1011        1        0     1011        0      815      812      120     2224        0        0        0
 1248.000000     1034     1034        1        0     1034        0      802      797      128     2209        0        0        0
 1249.000000     1017     1017        1        0     1017        0      803      800      140     2199        0        0        0
 1250.000000     1013     1013        1        0     1013        0      815      813      147     2216        0        0        0
 1251.000000     1020     1020        1        0     1020        0      805      804      126     2227        0        0        0
 1252.000000     1018     1006        2        8     1002        8      796      795      123     2209        0        0        0
 1253.000000      999      999        1        0      999        0      817      813      130     2208        0        0        0
 1254.000000     1008     1008        1        0     1008        0      809      807      127     2211        0        0        0
 1255.000000     1034     1034        1        0     1034        0      815      808      141     2229        0        0        0
 1256.000000     1006     1006        1        0     1006        0      814      814      138     2209        0        0        0
 1257.000000     1010     1010        1        0     1010        0      813      809      124     2214        0        0        0
 1258.000000     1001     1001        1        0     1001        0      809      808      138     2217        0        0        0
 1259.000000     1002     1002        1        0     1002        0      810      808      127     2217        0        0        0
 1260.000000     1003     1003        1        0     1003        0      814      811      138     2212        0        0        0
 1261.000000     1008     1008        1        0     1008        0      817      812      132     2216        0        0        0
 1262.000000     1015     1015        1        8     1000        7      804      802      119     2218        0        0        0
 1263.000000     1007     1007        1        0     1007        0      810      803      136     2215        0        0        0
 1264.000000     1007     1007        1        0     1007        0      813      812      121     2218        0        0        0
 1265.000000     1025     1013        2        0     1025        0      818      816      135     2217        0        0        0
 1266.000000     1019     1019        1        0     1019        0      819      814      134     2178        0        0        0
 1267.000000     1020     1020        1        0     1020        0      811      810      124     2198        0        0        0
 1268.000000     1018     1018        1        0     1018        0      803      801      126     2209        0        0        0
 1269.000000     1020     1020        1        0     1020        0      806      804      140     2204        0        0        0
 1270.000000     1018     1018        1        0     1018        0      813      810      132     2201        0        0        0
 1271.000000     1021     1021        1        0     1021        0      816      810      130     2193        0        0        0
 1272.000000     1025     1025        1        0     1025        0      806      805      131     2223        0        0        0
 1273.000000     1018     1018        1        0     1018        0      821      818      119     2198        0        0        0
 1274.000000     1017     1017        1        0     1017        0      814      813      123     2185        0        0        0
 1275.000000     1024     1024        1        0     1024        0      804      801      136     2198        0        0        0
 1276.000000     1019     1019        1        0     1019        0      819      819      119     2200        0        0        0
 1277.000000     1018     1018        1        0     1018        0      802      798      130     2191        0        0        0
 1278.000000     1022     1022        1        0     1022        0      796      794      126     2159        0        0        0
 1279.000000     1014     1014        1        0     1014        0      816      815      136     2161        0        0        0
 1280.000000     1025     1025        1        0     1025        0      816      815      114     2175        0        0        0
 1281.000000     1025     1025        1        0     1025        0      811      808      129     2199        0        0        0
 1282.000000     1021     1021        1        0     1021        0      815      812      120     2155        0        0        0
 1283.000000     1025     1025        1        0     1025        0      816      813      124     2188        0        0        0
 1284.000000     1025     1025        1        0     1025        0      817      816      123     2185        0        0        0
 1285.000000     1031     1031        1        0     1031        0      803      802      135     2161        0        0        0
 1286.000000     1027     1027        1        0     1027        0      811      808      120     2186        0        0        0
 1287.000000     1036     1024        2        0     1036        0      818      813      130     2177        0        0        0
 1288.000000     1034     1034        1        0     1034        0      809      806      139     2172        0        0        0
 1289.000000     1017     1017        1        0     1017        0      801      795      148     2199        0        0        0
 1290.000000     1029     1029        1        0     1029        0      809      809      127     2183        0        0        0
 1291.000000     1025     1025        1        0     1025        0      800      799      121     2196        0        0        0
 1292.000000     1046     1033        2        0     1046        0      814      812      116     2182        0        0        0
 1293.000000     1035     1035        1        0     1035        0      798      792      140     2185        0        0        0
 1294.000000     1035     1035        1        0     1035        0      800      798      120     2185        0        0        0
 1295.000000     1018     1018        1        0     1018        0      802      800      121     2184        0        0        0
 1296.000000     1028     1028        1        0     1028        0      810      807      129     2179        0        0        0
 1297.000000     1029     1029        1        0     1029        0      815      812      121     2188        0        0        0
 1298.000000     1028     1028        1        0     1028        0      786      782      135     2185        0        0        0
 1299.000000     1018     1018        1        0     1018        0      812      809      128     2179        0        0        0
 1300.000000     1030     1030        1        0     1030        0      804      802      137     2201        0        0        0
 1301.000000     1038     1038        1        0     1038        0      797      792      132     2200        0        0        0
 1302.000000     1028     1028        1        0     1028        0      815      813      124     2201        0        0        0
 1303.000000     1019     1019        1        0     1019        0      802      798      122     2173        0        0        0
 1304.000000     1057     1057        1        0     1057        0      817      813      128     2194        0        0        0
 1305.000000     1066     1066        1        0     1066        0      804      803      118     2191        0        0        0
 1306.000000     1053     1053        1        0     1053        0      812      809      127     2204        0        0        0
 1307.000000     1071     1071        1        0     1071        0      809      807      114     2180        0        0        0
 1308.000000     1055     1055        1        0     1055        0      812      810      129     2189        0        0        0
 1309.000000     1060     1060        1        0     1060        0      809      803      124     2190        0        0        0
 1310.000000     1061     1061        1        0     1061        0      819      817      141     2195        0        0        0
 1311.000000     1054     1054        1        0     1054        0      829      823      120     2193        0        0        0
 1312.000000     1054     1054        1        0     1054        0      816      813      125     2195        0        0        0
 1313.000000     1047     1047        1        0     1047        0      810      810      116     2186        0        0        0
 1314.000000     1046     1046        1        0     1046        0      828      821      110     2183        0        0        0
 1315.000000     1060     1060        1        0     1060        0      828      823      115     2186        0        0        0
 1316.000000     1049     1049        1        0     1049        0      821      817      130     2187        0        0        0
 1317.000000     1056     1056        1        0     1056        0      826      824      129     2196        0        0        0
 1318.000000     1052     1052        1        0     1052        0      824      820      118     2168        0        0        0
 1319.000000     1055     1055        1        0     1055        0      819      816      135     2187        0        0        0
 1320.000000     1066     1066        1        0     1066        0      824      822      124     2168        0        0        0
 1321.000000     1053     1053        1        0     1053        0      821      821      119     2163        0        0        0
 1322.000000     1062     1062        1        0     1062        0      828      826      120     2185        0        0        0
 1323.000000     1064     1064        1        0     1064        0      810      808      138     2170        0        0        0
 1324.000000     1063     1063        1        0     1063        0      825      825      100     2178        0        0        0
 1325.000000     1059     1059        1        0     1059        0      830      827      115     2187        0        0        0
 1326.000000     1059     1059        1        0     1059        0      819      815      126     2177        0        0        0
 1327.000000     1053     1053        1        0     1053        0      819      817      119     2192        0        0        0
 1328.000000     1083     1083        1       11     1069        3      819      813      127     2190        0        0        0
 1329.000000     1058     1058        1        0     1058        0      822      819      130     2195        0        0        0
 1330.000000     1060     1060        1       11     1046        3      839      837      112     2215        0        0        0
 1331.000000     1063     1063        1       12     1047        4      813      811      136     2211        0        0        0
 1332.000000     1069     1069        1        0     1069        0      807      804      142     2205        0        0        0
 1333.000000     1028     1028        1        0     1028        0      815      810      129     2179        0        0        0
 1334.000000     1058     1058        1        0     1058        0      835      832      124     2208        0        0        0
 1335.000000     1062     1062        1        0     1062        0      828      824      115     2212        0        0        0
 1336.000000     1068     1068        1        0     1068        0      822      819      124     2227        0        0        0
 1337.000000     1067     1067        1        0     1067        0      817      814      123     2185        0        0        0
 1338.000000     1046     1046        1        0     1046        0      823      818      133     2197        0        0        0
 1339.000000     1064     1064        1        0     1064        0      831      828      126     2187        0        0        0
 1340.000000     1087     1087        1        0     1087        0      822      822      114     2199        0        0        0
 1341.000000     1065     1065        1        0     1065        0      818      813      121     2211        0        0        0
 1342.000000     1097     1097        1        0     1097        0      801      798      127     2189        0        0        0
 1343.000000     1062     1062        1        0     1062        0      803      799      138     2204        0        0        0
 1344.000000     1066     1066        1        0     1066        0      807      805      126     2194        0        0        0
 1345.000000     1084     1084        1        0     1084        0      823      818      142     2206        0        0        0
 1346.000000     1071     1071        1        0     1071        0      821      817      134     2195        0        0        0
 1347.000000     1062     1062        1        0     1062        0      820      816      132     2192        0        0        0
 1348.000000     1084     1084        1        0     1084        0      809      809      132     2170        0        0        0
 1349.000000     1066     1066        1        0     1066        0      828      822      118     2207        0        0        0
 1350.000000     1070     1070        1        0     1070        0      820      817      128     2209        0        0        0
 1351.000000     1069     1069        1        0     1069        0      816      814      124     2244        0        0        0
 1352.000000     1063     1063        1        0     1063        0      822      820      115     2218        0        0        0
 1353.000000     1074     1074        1        0     1074        0      814      804      134     2219        0        0        0
 1354.000000     1056     1056        1        0     1056        0      799      798      116     2237        0        0        0
 1355.000000     1079     1079        1        0     1079        0      809      804      138     2241        0        0        0
 1356.000000     1053     1053        1        0     1053        0      808      804      129     2255        0        0        0
 1357.000000     1058     1058        1        0     1058        0      814      808      132     2224        0        0        0
 1358.000000     1061     1061        1        0     1061        0      822      818      128     2258        0        0        0
 1359.000000     1087     1087        1        0     1087        0      835      829      123     2239        0        0        0
 1360.000000     1087     1087        1        0     1087        0      807      800      125     2213        0        0        0
 1361.000000     1080     1080        1        0     1080        0      815      809      141     2226        0        0        0
 1362.000000     1071     1071        1        0     1071        0      802      794      133     2206        0        0        0
 1363.000000     1073     1073        1        0     1073        0      807      802      130     2230        0        0        0
 1364.000000     1072     1072        1        0     1072        0      815      809      142     2203        0        0        0
 1365.000000     1077     1077        1        0     1077        0      817      811      128     2206        0        0        0
 1366.000000     1085     1085        1        0     1085        0      819      813      142     2261        0        0        0
 1367.000000     1098     1098        1        0     1098        0      822      815      132     2230        0        0        0
 1368.000000     1091     1091        1        0     1091        0      809      805      132     2244        0        0        0
 1369.000000     1064     1064        1        0     1064        0      815      806      141     2228        0        0        0
 1370.000000     1094     1094        1        0     1094        0      818      812      151     2233        0        0        0
 1371.000000     1066     1066        1        0     1066        0      814      809      136     2223        0        0        0
 1372.000000     1087     1087        1        0     1087        0      807      803      154     2233        0        0        0
 1373.000000     1089     1089        1        0     1089        0      808      804      134     2234        0        0        0
 1374.000000     1057     1045        2        0     1057        0      799      797      140     2233        0        0        0
 1375.000000     1041     1041        1        0     1041        0      807      802      150     2219        0        0        0
 1376.000000     1032     1032        1        0     1032        0      825      821      140     2224        0        0        0
 1377.000000     1039     1039        1        0     1039        0      821      815      142     2236        0        0        0
 1378.000000     1037     1025        2        0     1037        0      822      815      147     2220        0        0        0
 1379.000000     1047     1035        2        0     1047        0      811      805      149     2217        0        0        0
 1380.000000     1039     1027        2        0     1039        0      796      794      143     2188        0        0        0
 1381.000000     1039     1027        2        0     1039        0      823      821      124     2192        0        0        0
 1382.000000     1051     1051        1        0     1051        0      821      817      140     2181        0        0        0
 1383.000000     1039     1027        2        0     1039        0      819      817      140     2193        0        0        0
 1384.000000     1033     1033        1        0     1033        0      808      804      135     2184        0        0        0
 1385.000000     1032     1032        1        0     1032        0      815      812      139     2172        0        0        0
 1386.000000     1016     1016        1        0     1016        0      814      812      140     2186        0        0        0
 1387.000000     1017     1017        1        0     1017        0      816      809      136     2193        0        0        0
 1388.000000     1033     1033        1        0     1033        0      814      806      134     2200        0        0        0
 1389.000000     1030     1030        1        0     1030        0      828      825      126     2202        0        0        0
 1390.000000     1039     1039        1        0     1039        0      820      817      131     2182        0        0        0
 1391.000000     1013     1013        1        0     1013        0      815      812      134     2180        0        0        0
 1392.000000     1030     1030        1        0     1030        0      814      811      124     2200        0        0        0
 1393.000000     1029     1029        1        0     1029        0      822      819      130     2176        0        0        0
 1394.000000     1023     1023        1        0     1023        0      827      822      135     2196        0        0        0
 1395.000000     1031     1031        1        0     1031        0      825      818      133     2220        0        0        0
 1396.000000     1047     1047        1        0     1047        0      824      819      137     2219        0        0        0
 1397.000000     1029     1029        1        0     1029        0      828      828      120     2217        0        0        0
 1398.000000     1032     1032        1        0     1032        0      831      826      131     2196        0        0        0
 1399.000000     1030     1030        1        0     1030        0      819      815      143     2201        0        0        0
 1400.000000     1030     1030        1        0     1030        0      814      810      134     2212        0        0        0
 1401.000000     1031     1031        1        0     1031        0      830      825      123     2202        0        0        0
 1402.000000     1027     1027        1        0     1027        0      818      816      126     2191        0        0        0
 1403.000000     1032     1032        1        0     1032        0      824      822      140     2215        0        0        0
 1404.000000     1030     1030        1        0     1030        0      813      812      125     2190        0        0        0
 1405.000000     1034     1034        1        0     1034        0      823      819      136     2204        0        0        0
 1406.000000     1048     1048        1        0     1048        0      819      815      123     2190        0        0        0
 1407.000000     1046     1046        1        0     1046        0      818      811      139     2207        0        0        0
 1408.000000     1046     1046        1        0     1046        0      824      821      129     2204        0        0        0
 1409.000000     1061     1061        1        0     1061        0      803      801      146     2198        0        0        0
 1410.000000     1045     1045        1        0     1045        0      822      819      118     2180        0        0        0
 1411.000000     1060     1060        1        0     1060        0      812      808      127     2185        0        0        0
 1412.000000     1079     1067        2        0     1079        0      821      819      120     2209        0        0        0
 1413.000000     1047     1035        2        0     1047        0      814      810      142     2202        0        0        0
 1414.000000     1038     1038        1        0     1038        0      808      802      129     2206        0        0        0
 1415.000000     1071     1059        2        0     1071        0      828      824      125     2221        0        0        0
 1416.000000     1059     1047        2        0     1059        0      822      819      128     2217        0        0        0
 1417.000000     1076     1064        2        0     1076        0      801      799      136     2211        0        0        0
 1418.000000     1066     1054        2        0     1066        0      818      816      123     2220        0        0        0
 1419.000000     1057     1045        2        0     1057        0      804      801      145     2215        0        0        0
 1420.000000     1034     1034        1        0     1034        0      818      814      125     2217        0        0        0
 1421.000000     1050     1038        2        0     1050        0      812      806      149     2216        0        0        0
 1422.000000     1066     1054        2        0     1066        0      818      813      133     2211        0        0        0
 1423.000000     1054     1042        2        0     1054        0      820      816      138     2220        0        0        0
 1424.000000     1062     1050        2        0     1062        0      818      812      136     2207        0        0        0
 1425.000000     1046     1046        1        0     1046        0      821      816      117     2238        0        0        0
 1426.000000     1063     1051        2        0     1063        0      820      819      142     2203        0        0        0
 1427.000000     1063     1063        1        0     1063        0      825      818      136     2228        0        0        0
 1428.000000     1041     1041        1        0     1041        0      816      813      136     2205        0        0        0
 1429.000000     1048     1048        1        0     1048        0      819      814      135     2209        0        0        0
 1430.000000     1045     1045        1        0     1045        0      811      805      138     2211        0        0        0
 1431.000000     1034     1034        1        0     1034        0      819      817      129     2216        0        0        0
 1432.000000     1040     1040        1        0     1040        0      824      821      140     2196        0        0        0
 1433.000000     1042     1042        1        0     1042        0      819      817      133     2219        0        0        0
 1434.000000     1068     1068        1        0     1068        0      835      831      120     2224        0        0        0
 1435.000000     1040     1040        1        0     1040        0      819      815      126     2210        0        0        0
 1436.000000     1035     1035        1        0     1035        0      827      821      123     2224        0        0        0
 1437.000000     1037     1037        1        0     1037        0      820      816      122     2224        0        0        0
 1438.000000     1064     1064        1        0     1064        0      834      830      120     2221        0        0        0
 1439.000000     1058     1058        1        0     1058        0      816      815      125     2215        0        0        0
 1440.000000     1047     1047        1        0     1047        0      836      832      141     2241        0        0        0
 1441.000000     1039     1039        1        0     1039        0      825      819      129     2208        0        0        0
 1442.000000     1052     1052        1        0     1052        0      804      802      127     2190        0        0        0
 1443.000000     1063     1063        1        0     1063        0      805      801      119     2234        0        0        0
 1444.000000     1055     1055        1        0     1055        0      823      819      124     2223        0        0        0
 1445.000000     1071     1071        1        0     1071        0      815      811      117     2213        0        0        0
 1446.000000     1050     1050        1        0     1050        0      813      808      129     2201        0        0        0
 1447.000000     1062     1062        1        0     1062        0      812      806      129     2205        0        0        0
 1448.000000     1038     1038        1        0     1038        0      817      814      128     2205        0        0        0
 1449.000000     1052     1052        1        0     1052        0      818      814      115     2201        0        0        0
 1450.000000     1040     1040        1        0     1040        0      815      810      117     2202        0        0        0
 1451.000000     1030     1030        1        0     1030        0      825      819      114     2194        0        0        0
 1452.000000     1060     1060        1        0     1060        0      822      814      112     2220        0        0        0
 1453.000000     1034     1034        1        0     1034        0      826      820      134     2189        0        0        0
 1454.000000     1054     1054        1        0     1054        0      814      809      136     2241        0        0        0
 1455.000000     1041     1041        1        0     1041        0      816      813      119     2230        0        0        0
 1456.000000     1053     1053        1        0     1053        0      797      792      135     2238        0        0        0
 1457.000000     1051     1051        1        0     1051        0      828      822      129     2263        0        0        0
 1458.000000     1040     1040        1        0     1040        0      810      807      122     2214        0        0        0
 1459.000000     1068     1068        1        0     1068        0      822      820      124     2212        0        0        0
 1460.000000     1063     1063        1        0     1063        0      813      809      128     2208        0        0        0
 1461.000000     1055     1055        1        0     1055        0      816      811      125     2210        0        0        0
 1462.000000     1053     1053        1        0     1053        0      810      809      130     2220        0        0        0
 1463.000000     1058     1058        1        0     1058        0      806      805      116     2210        0        0        0
 1464.000000     1046     1046        1        0     1046        0      814      810      138     2195        0        0        0
 1465.000000     1077     1077        1        0     1077        0      820      820      118     2199        0        0        0
 1466.000000     1054     1054        1        0     1054        0      818      816      114     2185        0        0        0
 1467.000000     1061     1061        1        0     1061        0      816      811      137     2220        0        0        0
 1468.000000     1055     1055        1        0     1055        0      826      820      125     2204        0        0        0
 1469.000000     1044     1044        1        0     1044        0      811      809      127     2196        0        0        0
 1470.000000     1049     1049        1        0     1049        0      820      814      134     2189        0        0        0
 1471.000000     1040     1040        1        0     1040        0      806      804      132     2204        0        0        0
 1472.000000     1043     1031        2        0     1043        0      819      814      134     2178        0        0        0
 1473.000000     1033     1033        1        0     1033        0      814      812      116     2195        0        0        0
 1474.000000     1034     1034        1        0     1034        0      812      808      124     2201        0        0        0
 1475.000000     1057     1057        1        0     1057        0      817      813      127     2231        0        0        0
 1476.000000     1037     1037        1        0     1037        0      813      810      130     2162        0        0        0
 1477.000000     1045     1045        1        0     1045        0      808      806      133     2236        0        0        0
 1478.000000     1046     1046        1        0     1046        0      824      819      118     2184        0        0        0
 1479.000000     1033     1033        1        0     1033        0      814      812      138     2179        0        0        0
 1480.000000     1044     1044        1        0     1044        0      814      811      126     2182        0        0        0
 1481.000000     1033     1033        1        0     1033        0      819      813      124     2185        0        0        0
 1482.000000     1034     1034        1        0     1034        0      808      805      119     2179        0        0        0
 1483.000000     1033     1033        1        0     1033        0      817      812      141     2178        0        0        0
 1484.000000     1034     1034        1        0     1034        0      820      812      127     2194        0        0        0
 1485.000000     1033     1033        1        0     1033        0      826      822      137     2182        0        0        0
 1486.000000     1033     1033        1        0     1033        0      815      811      123     2219        0        0        0
 1487.000000     1033     1033        1        0     1033        0      813      809      113     2175        0        0        0
 1488.000000     1047     1047        1        0     1047        0      815      812      132     2204        0        0        0
 1489.000000     1035     1035        1        0     1035        0      816      811      142     2213        0        0        0
 1490.000000     1041     1041        1        0     1041        0      810      808      132     2186        0        0        0
 1491.000000     1032     1032        1        0     1032        0      819      815      119     2190        0        0        0
 1492.000000     1032     1032        1        0     1032        0      817      816      116     2203        0        0        0
 1493.000000     1032     1032        1        0     1032        0      813      808      112     2190        0        0        0
 1494.000000     1032     1032        1        0     1032        0      805      802      127     2172        0        0        0
 1495.000000     1046     1046        1        0     1046        0      802      799      116     2175        0        0        0
 1496.000000     1031     1031        1        0     1031        0      813      810      112     2208        0        0        0
 1497.000000     1063     1063        1        0     1063        0      799      798      124     2198        0        0        0
 1498.000000     1048     1048        1        0     1048        0      810      804      117     2194        0        0        0
 1499.000000     1039     1039        1        0     1039        0      810      805      123     2222        0        0        0
 1500.000000     1023     1023        1        0     1023        0      816      815      116     2209        0        0        0
 1501.000000     1026     1026        1        0     1026        0      793      791      124     2205        0        0        0
 1502.000000     1024     1024        1        0     1024        0      801      793      134     2160        0        0        0
 1503.000000     1036     1036        1        0     1036        0      806      802      130     2210        0        0        0
 1504.000000     1027     1027        1        0     1027        0      816      809      116     2202        0        0        0
 1505.000000     1024     1024        1        0     1024        0      809      805      120     2174        0        0        0
 1506.000000     1021     1021        1        0     1021        0      800      798      120     2164        0        0        0
 1507.000000     1023     1023        1        0     1023        0      811      810      117     2174        0        0        0
 1508.000000     1025     1025        1        0     1025        0      797      796      123     2189        0        0        0
 1509.000000     1025     1025        1        0     1025        0      809      806      120     2200        0        0        0
 1510.000000     1057     1057        1        0     1057        0      816      810      106     2172        0        0        0
 1511.000000     1024     1024        1        0     1024        0      821      815      115     2205        0        0        0
 1512.000000     1034     1034        1        0     1034        0      821      818      116     2191        0        0        0
 1513.000000     1025     1025        1        0     1025        0      815      812      111     2210        0        0        0
 1514.000000     1029     1029        1        0     1029        0      818      817      112     2204        0        0        0
 1515.000000     1039     1039        1        0     1039        0      803      798      128     2175        0        0        0
 1516.000000     1028     1028        1        0     1028        0      812      810      126     2207        0        0        0
 1517.000000     1025     1025        1        0     1025        0      812      810      120     2193        0        0        0
 1518.000000     1037     1025        2        0     1037        0      806      805      119     2183        0        0        0
 1519.000000     1038     1026        2        0     1038        0      797      796      121     2188        0        0        0
 1520.000000     1026     1026        1        0     1026        0      824      821      120     2196        0        0        0
 1521.000000     1025     1025        1        0     1025        0      812      809      115     2215        0        0        0
 1522.000000     1017     1017        1        0     1017        0      804      802      120     2168        0        0        0
 1523.000000     1015     1015        1        0     1015        0      809      807      132     2190        0        0        0
 1524.000000     1027     1027        1        0     1027        0      808      804      130     2187        0        0        0
 1525.000000     1030     1030        1        0     1030        0      814      811      119     2196        0        0        0
 1526.000000     1018     1018        1        0     1018        0      798      797      118     2188        0        0        0
 1527.000000     1040     1040        1        0     1040        0      817      813      121     2176        0        0        0
 1528.000000     1053     1053        1        0     1053        0      805      802      116     2162        0        0        0
 1529.000000     1055     1055        1        0     1055        0      813      810      134     2190        0        0        0
 1530.000000     1066     1066        1        0     1066        0      804      803      111     2174        0        0        0
 1531.000000     1053     1053        1        0     1053        0      810      804      133     2188        0        0        0
 1532.000000     1033     1033        1        0     1033        0      801      801      118     2169        0        0        0
 1533.000000     1053     1053        1        0     1053        0      806      806      135     2211        0        0        0
 1534.000000     1046     1046        1        0     1046        0      801      798      124     2178        0        0        0
 1535.000000     1039     1039        1        0     1039        0      806      802      127     2173        0        0        0
 1536.000000     1059     1059        1        0     1059        0      811      809      128     2178        0        0        0
 1537.000000     1071     1071        1       16     1055        0      810      808      126     2203        0        0        0
 1538.000000     1075     1075        1       14     1061        0      800      798      124     2194        0        0        0
 1539.000000     1055     1055        1        0     1055        0      808      805      116     2195        0        0        0
 1540.000000     1039     1039        1        0     1039        0      799      797      126     2159        0        0        0
 1541.000000     1053     1053        1        0     1053        0      812      809      108     2147        0        0        0
 1542.000000     1029     1029        1        0     1029        0      810      807      118     2173        0        0        0
 1543.000000     1043     1043        1       14     1029        0      813      809      121     2156        0        0        0
 1544.000000     1039     1039        1        0     1039        0      824      820      123     2150        0        0        0
 1545.000000     1053     1053        1        0     1053        0      796      795      124     2175        0        0        0
 1546.000000     1044     1044        1        0     1044        0      796      796      132     2164        0        0        0
 1547.000000     1036     1036        1        0     1036        0      796      794      137     2163        0        0        0
 1548.000000     1029     1029        1        0     1029        0      819      816      122     2191        0        0        0
 1549.000000     1044     1044        1        0     1044        0      818      817      117     2170        0        0        0
 1550.000000     1037     1037        1        0     1037        0      805      805      125     2136        0        0        0
 1551.000000     1045     1045        1        0     1045        0      810      807      117     2168        0        0        0
 1552.000000     1040     1040        1        0     1040        0      816      809      133     2189        0        0        0
 1553.000000     1028     1028        1        0     1028        0      803      799      121     2154        0        0        0
 1554.000000     1033     1033        1        0     1033        0      813      811      122     2138        0        0        0
 1555.000000     1033     1033        1        0     1033        0      811      808      119     2144        0        0        0
 1556.000000     1039     1039        1        0     1039        0      800      799      140     2190        0        0        0
 1557.000000     1052     1040        2        0     1052        0      790      785      131     2183        0        0        0
 1558.000000     1048     1036        2        0     1048        0      810      807      124     2164        0        0        0
 1559.000000     1020     1020        1        0     1020        0      810      807      123     2165        0        0        0
 1560.000000     1028     1028        1        0     1028        0      794      791      136     2180        0        0        0
 1561.000000     1008     1008        1        0     1008        0      800      794      138     2183        0        0        0
 1562.000000     1009     1009        1        0     1009        0      803      797      135     2176        0        0        0
 1563.000000     1038     1038        1       15     1023        0      800      797      136     2176        0        0        0
 1564.000000     1053     1041        2       14     1039        0      808      802      138     2178        0        0        0
 1565.000000     1052     1040        2       14     1038        0      807      802      127     2179        0        0        0
 1566.000000     1028     1016        2        0     1028        0      811      804      123     2167        0        0        0
 1567.000000     1035     1023        2        0     1035        0      795      794      120     2171        0        0        0
 1568.000000     1043     1031        2        0     1043        0      804      802      141     2178        0        0        0
 1569.000000     1055     1043        2        0     1055        0      798      795      133     2184        0        0        0
 1570.000000     1037     1025        2        0     1037        0      810      806      134     2157        0        0        0
 1571.000000     1025     1013        2        0     1025        0      823      819      126     2189        0        0        0
 1572.000000     1033     1021        2        0     1033        0      803      799      130     2171        0        0        0
 1573.000000     1056     1044        2       14     1042        0      816      810      127     2165        0        0        0
 1574.000000     1046     1034        2        0     1046        0      803      791      131     2153        0        0        0
 1575.000000     1037     1024        2        0     1037        0      811      806      129     2184        0        0        0
 1576.000000     1031     1019        2        0     1031        0      804      798      140     2166        0        0        0
 1577.000000     1029     1017        2        0     1029        0      813      807      124     2172        0        0        0
 1578.000000     1020     1008        2        0     1020        0      796      794      128     2169        0        0        0
 1579.000000     1027     1015        2        0     1027        0      805      799      125     2151        0        0        0
 1580.000000     1023     1011        2        0     1023        0      811      807      130     2183        0        0        0
 1581.000000     1020     1008        2        0     1020        0      800      797      132     2155        0        0        0
 1582.000000     1036     1011        3        0     1036        0      800      798      129     2171        0        0        0
 1583.000000     1029     1017        2        0     1029        0      796      793      132     2195        0        0        0
 1584.000000     1013     1013        1        0     1013        0      803      800      124     2176        0        0        0
 1585.000000     1009     1009        1        0     1009        0      818      813      121     2169        0        0        0
 1586.000000     1035     1035        1        0     1035        0      799      798      137     2188        0        0        0
 1587.000000     1020     1008        2        0     1020        0      819      816      120     2197        0        0        0
 1588.000000     1012     1000        2        0     1012        0      796      791      132     2159        0        0        0
 1589.000000     1010      997        2        0     1010        0      801      798      128     2142        0        0        0
 1590.000000     1030     1003        2       15     1015        0      801      797      119     2151        0        0        0
 1591.000000     1001      989        2        0     1001        0      784      780      129     2159        0        0        0
 1592.000000     1008      996        2        0     1008        0      804      801      129     2159        0        0        0
 1593.000000     1001      989        2        0     1001        0      801      797      135     2153        0        0        0
 1594.000000      999      987        2        0      999        0      802      800      120     2147        0        0        0
 1595.000000      993      993        1        0      993        0      791      787      126     2138        0        0        0
 1596.000000      988      988        1        0      988        0      801      796      139     2163        0        0        0
 1597.000000      993      993        1        0      993        0      817      812      125     2164        0        0        0
 1598.000000      990      990        1        0      990        0      792      787      127     2170        0        0        0
 1599.000000     1000     1000        1        0     1000        0      798      795      118     2153        0        0        0
 1600.000000      998      998        1        0      998        0      808      807      113     2181        0        0        0
 1601.000000      992      992        1        0      992        0      805      801      123     2143        0        0        0
 1602.000000      993      993        1        0      993        0      802      799      125     2138        0        0        0
 1603.000000     1027     1027        1        0     1027        0      809      807      126     2169        0        0        0
 1604.000000      998      998        1        0      998        0      802      799      125     2157        0        0        0
 1605.000000      994      994        1        0      994        0      794      793      130     2169        0        0        0
 1606.000000      990      990        1        0      990        0      797      793      119     2192        0        0        0
 1607.000000      995      995        1        0      995        0      798      795      123     2175        0        0        0
 1608.000000      999      999        1        0      999        0      795      793      111     2176        0        0        0
 1609.000000     1016     1016        1        0     1016        0      788      783      125     2173        0        0        0
 1610.000000     1030     1018        2        0     1030        0      810      809      109     2188        0        0        0
 1611.000000     1013     1001        2        0     1013        0      796      796      125     2161        0        0        0
 1612.000000     1022     1022        1        0     1022        0      801      799      119     2188        0        0        0
 1613.000000     1011      999        2        0     1011        0      795      793      130     2187        0        0        0
 1614.000000     1003      991        2        0     1003        0      805      805      126     2167        0        0        0
 1615.000000     1012     1000        2        0     1012        0      801      801      136     2177        0        0        0
 1616.000000     1011      999        2        0     1011        0      815      814      112     2178        0        0        0
 1617.000000     1002      990        2        0     1002        0      796      791      122     2167        0        0        0
 1618.000000     1018      993        2        0     1018        0      796      791      121     2159        0        0        0
 1619.000000     1023      997        2        0     1023        0      791      790      113     2190        0        0        0
 1620.000000     1022      997        2        0     1022        0      790      789      130     2175        0        0        0
 1621.000000     1015     1003        2        0     1015        0      802      800      121     2172        0        0        0
 1622.000000     1020      995        2        0     1020        0      797      795      141     2168        0        0        0
 1623.000000     1030     1005        2        0     1030        0      821      816      123     2191        0        0        0
 1624.000000      989      989        1        0      989        0      803      798      117     2209        0        0        0
 1625.000000      992      980        2        0      992        0      798      796      120     2189        0        0        0
 1626.000000     1003      991        2        0     1003        0      818      817      122     2185        0        0        0
 1627.000000     1007      995        2        0     1007        0      801      794      125     2176        0        0        0
 1628.000000     1008      996        2        0     1008        0      788      788      128     2174        0        0        0
 1629.000000      982      982        1        0      982        0      802      798      131     2171        0        0        0
 1630.000000      994      982        2        0      994        0      804      800      120     2159        0        0        0
 1631.000000      987      987        1        0      987        0      800      797      118     2157        0        0        0
 1632.000000     1006     1006        1        0     1006        0      806      801      139     2175        0        0        0
 1633.000000      992      992        1        0      992        0      785      782      132     2157        0        0        0
 1634.000000     1010      998        2        0     1010        0      789      788      112     2159        0        0        0
 1635.000000      974      974        1        0      974        0      794      792      121     2152        0        0        0
 1636.000000      970      970        1        0      970        0      798      797      112     2159        0        0        0
 1637.000000      969      969        1        0      969        0      809      804      116     2153        0        0        0
 1638.000000      983      983        1        0      983        0      804      799      127     2135        0        0        0
 1639.000000     1004     1004        1        0     1004        0      807      804      109     2157        0        0        0
 1640.000000      992      992        1        0      992        0      797      792      112     2147        0        0        0
 1641.000000     1010     1010        1        0     1010        0      802      799      113     2134        0        0        0
 1642.000000      994      994        1        0      994        0      797      793      117     2135        0        0        0
 1643.000000     1024     1024        1        0     1024        0      806      804      123     2143        0        0        0
 1644.000000     1015     1015        1        0     1015        0      810      808      115     2159        0        0        0
 1645.000000     1016     1016        1        0     1016        0      803      802      114     2159        0        0        0
 1646.000000      999      999        1        0      999        0      795      793      126     2168        0        0        0
 1647.000000     1005     1005        1        0     1005        0      801      795      111     2156        0        0        0
 1648.000000      994      994        1        0      994        0      776      772      131     2160        0        0        0
 1649.000000      992      992        1        0      992        0      799      799      117     2153        0        0        0
 1650.000000     1004      992        2        0     1004        0      796      796      127     2140        0        0        0
 1651.000000      978      978        1        0      978        0      772      772      134     2153        0        0        0
 1652.000000     1004      992        2        0     1004        0      770      764      145     2149        0        0        0
 1653.000000     1005      993        2        0     1005        0      806      802      128     2155        0        0        0
 1654.000000     1013     1001        2        0     1013        0      811      802      140     2153        0        0        0
 1655.000000     1012     1000        2        0     1012        0      810      804      120     2155        0        0        0
 1656.000000     1023     1011        2        0     1023        0      786      781      137     2146        0        0        0
 1657.000000     1032     1020        2        0     1032        0      798      793      128     2162        0        0        0
 1658.000000     1018     1006        2        0     1018        0      785      781      140     2150        0        0        0
 1659.000000     1007     1007        1        0     1007        0      787      784      141     2160        0        0        0
 1660.000000      990      978        2        0      990        0      778      777      127     2127        0        0        0
 1661.000000     1034     1022        2        0     1034        0      802      801      120     2146        0        0        0
 1662.000000     1008      996        2        0     1008        0      779      774      142     2159        0        0        0
 1663.000000     1007      995        2        0     1007        0      795      795      124     2178        0        0        0
 1664.000000     1012     1000        2        0     1012        0      792      786      132     2164        0        0        0
 1665.000000     1040     1028        2        0     1040        0      798      797      126     2203        0        0        0
 1666.000000     1037     1025        2        0     1037        0      796      795      121     2184        0        0        0
 1667.000000     1027     1015        2        0     1027        0      800      798      126     2160        0        0        0
 1668.000000     1019     1019        1        0     1019        0      784      783      121     2169        0        0        0
 1669.000000     1028     1028        1        0     1028        0      795      792      117     2169        0        0        0
 1670.000000     1047     1035        2        0     1047        0      820      818      120     2155        0        0        0
 1671.000000     1035     1023        2        0     1035        0      806      806      110     2155        0        0        0
 1672.000000     1029     1017        2        0     1029        0      816      814      126     2173        0        0        0
 1673.000000     1012     1012        1        0     1012        0      792      790      121     2164        0        0        0
 1674.000000     1015     1015        1        0     1015        0      792      790      122     2142        0        0        0
 1675.000000     1025     1025        1        0     1025        0      804      803      120     2152        0        0        0
 1676.000000     1012     1012        1        0     1012        0      805      804      130     2144        0        0        0
 1677.000000     1031     1031        1        0     1031        0      815      814      117     2156        0        0        0
 1678.000000     1025     1025        1        0     1025        0      823      820      114     2146        0        0        0
 1679.000000     1021     1021        1        0     1021        0      795      791      126     2144        0        0        0
 1680.000000     1029     1029        1        0     1029        0      798      797      131     2176        0        0        0
 1681.000000     1019     1019        1        0     1019        0      805      803      118     2158        0        0        0
 1682.000000     1025     1025        1        0     1025        0      806      806      121     2181        0        0        0
 1683.000000     1051     1051        1        0     1051        0      815      814      120     2173        0        0        0
 1684.000000     1051     1051        1        0     1051        0      820      819      121     2172        0        0        0
 1685.000000     1028     1028        1        0     1028        0      808      807      120     2165        0        0        0
 1686.000000     1038     1038        1        0     1038        0      812      810      122     2163        0        0        0
 1687.000000     1043     1043        1        0     1043        0      831      830      111     2179        0        0        0
 1688.000000     1033     1033        1        0     1033        0      813      812      122     2185        0        0        0
 1689.000000     1060     1060        1        0     1060        0      810      810      130     2154        0        0        0
 1690.000000     1042     1042        1        0     1042        0      803      803      117     2165        0        0        0
 1691.000000     1049     1049        1        0     1049        0      792      791      136     2157        0        0        0
 1692.000000     1055     1055        1        0     1055        0      829      825      132     2156        0        0        0
 1693.000000     1055     1055        1        0     1055        0      810      806      132     2159        0        0        0
 1694.000000     1052     1052        1        0     1052        0      815      809      137     2180        0        0        0
 1695.000000     1054     1054        1        0     1054        0      829      826      120     2164        0        0        0
 1696.000000     1035     1035        1        0     1035        0      814      813      108     2162        0        0        0
 1697.000000     1027     1027        1        0     1027        0      824      822      120     2152        0        0        0
 1698.000000     1056     1056        1        0     1056        0      815      812      132     2150        0        0        0
 1699.000000     1043     1043        1        0     1043        0      822      818      120     2162        0        0        0
 1700.000000     1045     1045        1        0     1045        0      804      803      119     2173        0        0        0
 1701.000000     1042     1042        1        0     1042        0      802      799      130     2161        0        0        0
 1702.000000     1051     1051        1        0     1051        0      796      794      140     2150        0        0        0
 1703.000000     1050     1050        1        0     1050        0      790      788      143     2152        0        0        0
 1704.000000     1055     1055        1        0     1055        0      804      799      125     2180        0        0        0
 1705.000000     1047     1047        1        0     1047        0      804      802      129     2183        0        0        0
 1706.000000     1032     1032        1        0     1032        0      815      809      119     2164        0        0        0
 1707.000000     1038     1038        1        0     1038        0      827      823      123     2188        0        0        0
 1708.000000     1036     1036        1        0     1036        0      805      803      114     2205        0        0        0
 1709.000000     1034     1034        1        0     1034        0      825      821      125     2193        0        0        0
 1710.000000     1042     1042        1        0     1042        0      820      813      122     2183        0        0        0
 1711.000000     1035     1035        1        0     1035        0      822      818      125     2184        0        0        0
 1712.000000     1059     1059        1        0     1059        0      825      818      124     2188        0        0        0
 1713.000000     1038     1038        1        0     1038        0      837      828      118     2204        0        0        0
 1714.000000     1040     1040        1        0     1040        0      819      813      123     2202        0        0        0
 1715.000000     1043     1043        1        0     1043        0      824      820      123     2188        0        0        0
 1716.000000     1044     1044        1        0     1044        0      822      813      125     2212        0        0        0
 1717.000000     1038     1038        1        0     1038        0      842      832      109     2176        0        0        0
 1718.000000     1037     1037        1        0     1037        0      814      811      133     2179        0        0        0
 1719.000000     1051     1051        1        0     1051        0      814      812      133     2188        0        0        0
 1720.000000     1058     1058        1        0     1058        0      805      803      120     2186        0        0        0
 1721.000000     1054     1054        1        0     1054        0      806      798      139     2198        0        0        0
 1722.000000     1051     1051        1        0     1051        0      806      797      137     2198        0        0        0
 1723.000000     1038     1038        1        0     1038        0      814      812      120     2189        0        0        0
 1724.000000     1049     1049        1        0     1049        0      808      805      120     2202        0        0        0
 1725.000000     1054     1054        1        0     1054        0      810      804      119     2224        0        0        0
 1726.000000     1049     1049        1        0     1049        0      817      809      138     2186        0        0        0
 1727.000000     1038     1038        1        0     1038        0      815      807      126     2196        0        0        0
 1728.000000     1080     1080        1        0     1080        0      802      796      127     2202        0        0        0
 1729.000000     1089     1089        1        0     1089        0      810      809      113     2192        0        0        0
 1730.000000     1070     1070        1        0     1070        0      825      819      125     2192        0        0        0
 1731.000000     1064     1064        1        0     1064        0      821      817      130     2187        0        0        0
 1732.000000     1071     1071        1        0     1071        0      824      820      130     2180        0        0        0
 1733.000000     1070     1070        1        0     1070        0      833      828      118     2189        0        0        0
 1734.000000     1058     1045        2        0     1058        0      827      822      135     2189        0        0        0
 1735.000000     1067     1055        2        0     1067        0      829      825      132     2167        0        0        0
 1736.000000     1067     1067        1        0     1067        0      820      818      129     2186        0        0        0
 1737.000000     1076     1064        2       14     1062        0      824      818      139     2178        0        0        0
 1738.000000     1064     1064        1       14     1050        0      831      827      128     2173        0        0        0
 1739.000000     1089     1089        1       14     1075        0      825      820      125     2203        0        0        0
 1740.000000     1087     1087        1       14     1073        0      826      823      136     2187        0        0        0
 1741.000000     1092     1092        1       14     1078        0      811      808      146     2183        0        0        0
 1742.000000     1082     1082        1        0     1082        0      814      811      146     2184        0        0        0
 1743.000000     1088     1088        1       14     1074        0      826      825      137     2174        0        0        0
 1744.000000     1074     1074        1        0     1074        0      827      827      134     2167        0        0        0
 1745.000000     1079     1079        1        0     1079        0      828      824      146     2205        0        0        0
 1746.000000     1100     1100        1        0     1100        0      839      836      131     2199        0        0        0
 1747.000000     1078     1078        1        0     1078        0      821      811      132     2223        0        0        0
 1748.000000     1092     1092        1        0     1092        0      824      821      138     2199        0        0        0
 1749.000000     1080     1080        1        0     1080        0      822      819      140     2232        0        0        0
 1750.000000     1072     1072        1        0     1072        0      823      818      144     2217        0        0        0
 1751.000000     1072     1072        1        0     1072        0      824      819      139     2216        0        0        0
 1752.000000     1085     1085        1        0     1085        0      820      816      133     2188        0        0        0
 1753.000000     1058     1058        1        0     1058        0      829      823      132     2182        0        0        0
 1754.000000     1069     1069        1        0     1069        0      822      820      128     2199        0        0        0
 1755.000000     1080     1080        1        0     1080        0      821      815      146     2210        0        0        0
 1756.000000     1054     1054        1        0     1054        0      829      825      126     2219        0        0        0
 1757.000000     1052     1052        1        0     1052        0      827      821      118     2205        0        0        0
 1758.000000     1044     1044        1        0     1044        0      808      802      136     2205        0        0        0
 1759.000000     1047     1047        1        0     1047        0      815      810      129     2189        0        0        0
 1760.000000     1040     1040        1        0     1040        0      813      810      139     2230        0        0        0
 1761.000000     1062     1062        1       14     1048        0      821      815      137     2226        0        0        0
 1762.000000     1038     1038        1        0     1038        0      822      818      130     2191        0        0        0
 1763.000000     1038     1038        1        0     1038        0      804      800      138     2159        0        0        0
 1764.000000     1038     1038        1        0     1038        0      827      822      115     2171        0        0        0
 1765.000000     1043     1043        1        0     1043        0      813      806      128     2180        0        0        0
 1766.000000     1058     1058        1        0     1058        0      819      816      125     2201        0        0        0
 1767.000000     1062     1062        1        0     1062        0      823      820      129     2190        0        0        0
 1768.000000     1050     1050        1        0     1050        0      827      823      133     2194        0        0        0
 1769.000000     1063     1063        1        0     1063        0      824      820      132     2214        0        0        0
 1770.000000     1047     1047        1        0     1047        0      818      815      136     2175        0        0        0
 1771.000000     1047     1047        1        0     1047        0      816      812      131     2186        0        0        0
 1772.000000     1041     1041        1        0     1041        0      827      826      107     2198        0        0        0
 1773.000000     1064     1064        1        0     1064        0      812      810      128     2190        0        0        0
 1774.000000     1053     1053        1        0     1053        0      820      818      122     2208        0        0        0
 1775.000000     1036     1036        1        0     1036        0      813      813      112     2209        0        0        0
 1776.000000     1043     1043        1        0     1043        0      824      820      117     2191        0        0        0
 1777.000000     1048     1048        1        0     1048        0      821      820      110     2233        0        0        0
 1778.000000     1077     1077        1        0     1077        0      814      813      112     2197        0        0        0
 1779.000000     1063     1063        1        0     1063        0      810      806      129     2136        0        0        0
 1780.000000     1076     1076        1        0     1076        0      820      816      130     2177        0        0        0
 1781.000000     1052     1052        1        0     1052        0      812      811      123     2192        0        0        0
 1782.000000     1035     1035        1        0     1035        0      800      799      123     2168        0        0        0
 1783.000000     1032     1032        1        0     1032        0      822      817      117     2175        0        0        0
 1784.000000     1034     1034        1        0     1034        0      818      816      135     2174        0        0        0
 1785.000000     1075     1075        1        0     1075        0      811      810      127     2204        0        0        0
 1786.000000     1047     1047        1        0     1047        0      814      812      123     2190        0        0        0
 1787.000000     1054     1040        2       14     1040        0      823      820      119     2205        0        0        0
 1788.000000     1063     1063        1       15     1048        0      804      802      129     2183        0        0        0
 1789.000000     1061     1061        1        0     1061        0      814      810      129     2163        0        0        0
 1790.000000     1063     1063        1       14     1049        0      810      807      113     2166        0        0        0
 1791.000000     1075     1075        1        0     1075        0      811      806      116     2210        0        0        0
 1792.000000     1056     1056        1        0     1056        0      819      817      125     2151        0        0        0
 1793.000000     1050     1050        1        0     1050        0      799      796      137     2182        0        0        0
 1794.000000     1063     1063        1       14     1049        0      828      821      120     2190        0        0        0
 1795.000000     1057     1057        1        0     1057        0      825      823      109     2160        0        0        0
 1796.000000     1055     1055        1        0     1055        0      825      822      132     2197        0        0        0
 1797.000000     1051     1051        1        0     1051        0      808      804      136     2184        0        0        0
 1798.000000     1038     1038        1        0     1038        0      808      808      111     2151        0        0        0
 1799.000000     1032     1032        1        0     1032        0      818      812      132     2169        0        0        0
 1800.000000     1045     1045        1        0     1045        0      823      821      121     2158        0        0        0
 1801.000000     1040     1040        1        0     1040        0      802      799      127     2204        0        0        0
 1802.000000     1035     1035        1        0     1035        0      831      827      122     2168        0        0        0
 1803.000000     1036     1036        1        0     1036        0      805      798      130     2164        0        0        0
 1804.000000     1032     1032        1        0     1032        0      809      807      107     2160        0        0        0
 1805.000000     1035     1035        1        0     1035        0      804      804      128     2174        0        0        0
 1806.000000     1034     1034        1        0     1034        0      821      820      110     2181        0        0        0
 1807.000000     1035     1035        1        0     1035        0      821      819      121     2213        0        0        0
 1808.000000     1044     1044        1        0     1044        0      815      811      131     2174        0        0        0
 1809.000000     1043     1043        1        0     1043        0      815      811      135     2203        0        0        0
 1810.000000     1044     1030        2       14     1030        0      805      802      119     2178        0        0        0
 1811.000000     1027     1027        1        0     1027        0      805      804      120     2170        0        0        0
 1812.000000     1034     1034        1        0     1034        0      804      802      116     2170        0        0        0
 1813.000000     1037     1037        1        0     1037        0      815      813      121     2197        0        0        0
 1814.000000     1036     1036        1        0     1036        0      821      818      114     2191        0        0        0
 1815.000000     1040     1040        1        0     1040        0      818      812      129     2185        0        0        0
 1816.000000     1040     1040        1        0     1040        0      817      815      109     2205        0        0        0
 1817.000000     1066     1066        1        0     1066        0      812      810      121     2188        0        0        0
 1818.000000     1039     1039        1        0     1039        0      817      814      124     2173        0        0        0
 1819.000000     1037     1037        1        0     1037        0      811      809      129     2177        0        0        0
 1820.000000     1039     1039        1        0     1039        0      803      801      124     2180        0        0        0
 1821.000000     1040     1040        1        0     1040        0      802      800      125     2172        0        0        0
 1822.000000     1026     1026        1        0     1026        0      807      805      119     2143        0        0        0
 1823.000000     1022     1022        1        0     1022        0      798      797      113     2153        0        0        0
 1824.000000     1028     1028        1        0     1028        0      818      813      126     2174        0        0        0
 1825.000000     1028     1028        1        0     1028        0      817      814      136     2150        0        0        0
 1826.000000     1028     1028        1        0     1028        0      805      800      134     2154        0        0        0
 1827.000000     1021     1021        1        0     1021        0      810      808      121     2158        0        0        0
 1828.000000     1011     1011        1        0     1011        0      807      806      115     2155        0        0        0
 1829.000000     1014     1014        1        0     1014        0      799      795      132     2192        0        0        0
 1830.000000     1024     1024        1        0     1024        0      796      791      130     2153        0        0        0
 1831.000000     1024     1024        1        0     1024        0      807      806      125     2160        0        0        0
 1832.000000     1022     1022        1        0     1022        0      807      804      148     2128        0        0        0
 1833.000000     1028     1028        1        0     1028        0      797      796      119     2171        0        0        0
 1834.000000     1020     1020        1        0     1020        0      794      790      125     2142        0        0        0
 1835.000000     1027     1027        1        0     1027        0      790      789      132     2137        0        0        0
 1836.000000     1025     1025        1        0     1025        0      809      807      121     2149        0        0        0
 1837.000000     1022     1022        1        0     1022        0      798      794      125     2155        0        0        0
 1838.000000     1024     1024        1        0     1024        0      802      802      119     2166        0        0        0
 1839.000000     1013     1013        1        0     1013        0      802      801      109     2164        0        0        0
 1840.000000     1017     1017        1        0     1017        0      796      795      123     2160        0        0        0
 1841.000000     1030     1030        1        0     1030        0      787      783      117     2185        0        0        0
 1842.000000     1015     1015        1        0     1015        0      786      783      127     2167        0        0        0
 1843.000000     1021     1021        1        0     1021        0      798      797      118     2160        0        0        0
 1844.000000     1027     1027        1        0     1027        0      798      793      125     2158        0        0        0
 1845.000000     1026     1026        1        0     1026        0      798      797      130     2145        0        0        0
 1846.000000     1035     1035        1        0     1035        0      794      792      119     2127        0        0        0
 1847.000000     1018     1018        1        0     1018        0      817      815      120     2152        0        0        0
 1848.000000     1010     1010        1        0     1010        0      790      784      135     2147        0        0        0
 1849.000000     1003     1003        1        0     1003        0      788      784      133     2125        0        0        0
 1850.000000     1025     1025        1       14     1011        0      779      774      137     2111        0        0        0
 1851.000000     1035     1035        1       14     1021        0      804      801      118     2134        0        0        0
 1852.000000     1011     1011        1        0     1011        0      803      801      121     2127        0        0        0
 1853.000000     1012     1012        1        0     1012        0      786      783      137     2127        0        0        0
 1854.000000     1018     1018        1       16     1002        0      764      760      134     2129        0        0        0
 1855.000000     1028     1028        1       14     1014        0      798      792      131     2171        0        0        0
 1856.000000     1036     1036        1       14     1022        0      817      815      114     2177        0        0        0
 1857.000000     1017     1017        1        0     1017        0      783      780      141     2169        0        0        0
 1858.000000     1038     1038        1        0     1038        0      812      810      126     2198        0        0        0
 1859.000000     1049     1049        1       14     1035        0      792      786      135     2164        0        0        0
 1860.000000     1061     1061        1        7     1046        8      797      794      125     2178        0        0        0
 1861.000000     1055     1055        1       15     1040        0      809      805      131     2176        0        0        0
 1862.000000     1050     1050        1       14     1036        0      809      805      126     2170        0        0        0
 1863.000000     1044     1044        1       14     1030        0      824      820      123     2167        0        0        0
 1864.000000     1061     1061        1       12     1047        2      811      807      130     2192        0        0        0
 1865.000000     1052     1052        1        7     1038        7      816      815      121     2214        0        0        0
 1866.000000     1045     1045        1       14     1031        0      790      788      125     2195        0        0        0
 1867.000000     1029     1029        1        0     1029        0      798      791      141     2194        0        0        0
 1868.000000     1040     1040        1       14     1026        0      799      791      135     2166        0        0        0
 1869.000000     1042     1042        1       14     1028        0      799      795      128     2164        0        0        0
 1870.000000     1043     1043        1       14     1029        0      797      794      126     2180        0        0        0
 1871.000000     1051     1051        1        4     1037       10      793      791      124     2182        0        0        0
 1872.000000     1021     1021        1        0     1021        0      791      788      137     2187        0        0        0
 1873.000000     1027     1027        1        0     1027        0      794      791      133     2173        0        0        0
 1874.000000     1038     1038        1        0     1038        0      798      793      134     2192        0        0        0
 1875.000000     1018     1018        1        0     1018        0      805      804      136     2183        0        0        0
 1876.000000     1031     1031        1        0     1031        0      806      802      131     2198        0        0        0
 1877.000000     1038     1038        1       13     1024        1      790      788      135     2173        0        0        0
 1878.000000     1033     1033        1        0     1033        0      799      793      132     2181        0        0        0
 1879.000000     1015     1015        1        0     1015        0      804      802      133     2182        0        0        0
 1880.000000     1023     1023        1        0     1023        0      801      796      130     2167        0        0        0
 1881.000000     1015     1015        1        0     1015        0      799      796      131     2173        0        0        0
 1882.000000     1025     1025        1        0     1025        0      811      807      146     2175        0        0        0
 1883.000000     1020     1020        1        0     1020        0      785      784      126     2203        0        0        0
 1884.000000     1010     1010        1        0     1010        0      793      791      145     2173        0        0        0
 1885.000000     1032     1032        1        0     1032        0      795      792      131     2204        0        0        0
 1886.000000     1017     1017        1        0     1017        0      801      798      114     2236        0        0        0
 1887.000000     1009     1009        1        0     1009        0      801      797      131     2183        0        0        0
 1888.000000     1023     1023        1        0     1023        0      804      799      132     2210        0        0        0
 1889.000000     1043     1043        1        0     1043        0      811      805      135     2231        0        0        0
 1890.000000     1039     1039        1        0     1039        0      797      795      125     2209        0        0        0
 1891.000000     1049     1049        1        0     1049        0      805      798      118     2205        0        0        0
 1892.000000     1038     1038        1        0     1038        0      802      799      133     2195        0        0        0
 1893.000000     1025     1025        1        0     1025        0      802      799      127     2211        0        0        0
 1894.000000     1032     1032        1        0     1032        0      782      778      138     2162        0        0        0
 1895.000000     1056     1056        1        0     1056        0      791      788      132     2208        0        0        0
 1896.000000     1030     1030        1        0     1030        0      797      790      137     2206        0        0        0
 1897.000000     1042     1042        1        0     1042        0      810      806      128     2198        0        0        0
 1898.000000     1039     1039        1        0     1039        0      807      802      130     2194        0        0        0
 1899.000000     1034     1034        1        0     1034        0      812      803      133     2184        0        0        0
 1900.000000     1045     1045        1        0     1045        0      803      796      132     2176        0        0        0
 1901.000000     1059     1059        1        0     1059        0      806      799      128     2191        0        0        0
 1902.000000     1026     1026        1        0     1026        0      810      806      129     2193        0        0        0
 1903.000000     1016     1016        1        0     1016        0      793      791      128     2193        0        0        0
 1904.000000     1000     1000        1        0     1000        0      784      778      131     2180        0        0        0
 1905.000000     1014     1014        1        0     1014        0      798      793      127     2204        0        0        0
 1906.000000     1002     1002        1        0     1002        0      785      783      128     2217        0        0        0
 1907.000000     1011     1011        1        0     1011        0      794      794      122     2193        0        0        0
 1908.000000     1013     1013        1        0     1013        0      802      798      122     2188        0        0        0
 1909.000000     1005     1005        1        0     1005        0      783      778      135     2206        0        0        0
 1910.000000     1003     1003        1        0     1003        0      793      792      130     2176        0        0        0
 1911.000000     1012     1012        1        0     1012        0      792      786      140     2204        0        0        0
 1912.000000     1018     1018        1        0     1018        0      782      779      140     2193        0        0        0
 1913.000000     1002     1002        1        0     1002        0      782      779      130     2171        0        0        0
 1914.000000     1010     1010        1        0     1010        0      801      796      125     2181        0        0        0
 1915.000000     1017     1017        1        0     1017        0      803      800      115     2211        0        0        0
 1916.000000     1020     1020        1        0     1020        0      791      787      122     2192        0        0        0
 1917.000000     1023     1023        1        0     1023        0      785      779      133     2164        0        0        0
 1918.000000     1026     1026        1        0     1026        0      781      778      136     2203        0        0        0
 1919.000000     1042     1042        1        0     1042        0      788      786      120     2188        0        0        0
 1920.000000     1028     1028        1        0     1028        0      808      802      118     2176        0        0        0
 1921.000000      999      999        1        0      999        0      799      792      148     2190        0        0        0
 1922.000000      996      996        1        0      996        0      789      786      146     2175        0        0        0
 1923.000000     1012     1012        1        0     1012        0      801      798      126     2166        0        0        0
 1924.000000      988      988        1        0      988        0      787      781      129     2181        0        0        0
 1925.000000     1010     1010        1        0     1010        0      796      793      116     2174        0        0        0
 1926.000000     1005     1005        1        0     1005        0      757      754      145     2156        0        0        0
 1927.000000     1011     1011        1        0     1011        0      795      793      131     2203        0        0        0
 1928.000000     1010     1010        1        0     1010        0      791      783      123     2206        0        0        0
 1929.000000     1007     1007        1        0     1007        0      793      788      125     2158        0        0        0
 1930.000000     1008     1008        1        0     1008        0      807      801      125     2197        0        0        0
 1931.000000     1014     1014        1        0     1014        0      779      776      143     2176        0        0        0
 1932.000000      988      988        1        0      988        0      792      788      130     2191        0        0        0
 1933.000000      995      995        1        0      995        0      776      773      125     2195        0        0        0
 1934.000000      997      997        1        0      997        0      796      795      127     2178        0        0        0
 1935.000000      997      997        1        0      997        0      795      790      126     2213        0        0        0
 1936.000000      996      996        1        0      996        0      785      777      121     2187        0        0        0
 1937.000000      999      999        1        0      999        0      782      775      139     2157        0        0        0
 1938.000000     1011     1011        1        0     1011        0      781      779      131     2186        0        0        0
 1939.000000     1042     1042        1        0     1042        0      779      779      130     2184        0        0        0
 1940.000000      992      992        1        0      992        0      783      782      122     2136        0        0        0
 1941.000000     1018     1006        2        0     1018        0      801      795      127     2191        0        0        0
 1942.000000     1010     1010        1        0     1010        0      795      792      112     2219        0        0        0
 1943.000000     1011     1011        1        0     1011        0      793      789      121     2176        0        0        0
 1944.000000     1024     1024        1        0     1024        0      808      805      127     2214        0        0        0
 1945.000000     1026     1026        1        0     1026        0      806      805      119     2226        0        0        0
 1946.000000     1021     1021        1        0     1021        0      788      786      127     2206        0        0        0
 1947.000000     1035     1023        2        0     1035        0      791      791      127     2182        0        0        0
 1948.000000     1036     1023        2        0     1036        0      803      799      115     2178        0        0        0
 1949.000000     1008     1008        1        0     1008        0      789      787      121     2213        0        0        0
 1950.000000     1025     1013        2        0     1025        0      800      797      112     2243        0        0        0
 1951.000000     1034     1034        1        0     1034        0      807      803      125     2216        0        0        0
 1952.000000     1032     1020        2        0     1032        0      795      792      124     2219        0        0        0
 1953.000000     1027     1027        1        0     1027        0      800      792      118     2176        0        0        0
 1954.000000     1031     1031        1        0     1031        0      810      802      127     2170        0        0        0
 1955.000000     1033     1033        1        0     1033        0      814      812      120     2173        0        0        0
 1956.000000     1020     1020        1        0     1020        0      801      798      117     2187        0        0        0
 1957.000000     1033     1033        1        0     1033        0      808      807      117     2223        0        0        0
 1958.000000     1011     1011        1        0     1011        0      803      800      110     2179        0        0        0
 1959.000000     1040     1040        1        0     1040        0      805      803      108     2193        0        0        0
 1960.000000     1021     1021        1        0     1021        0      807      806      123     2179        0        0        0
 1961.000000     1033     1033        1        0     1033        0      812      807      117     2167        0        0        0
 1962.000000     1041     1041        1        0     1041        0      805      802      124     2193        0        0        0
 1963.000000     1031     1031        1        0     1031        0      810      808      115     2175        0        0        0
 1964.000000     1039     1039        1        0     1039        0      795      794      122     2184        0        0        0
 1965.000000     1039     1039        1        0     1039        0      797      791      124     2193        0        0        0
 1966.000000     1025     1025        1        0     1025        0      790      787      141     2198        0        0        0
 1967.000000     1008     1008        1        0     1008        0      803      800      118     2190        0        0        0
 1968.000000     1023     1011        2        0     1023        0      800      796      127     2184        0        0        0
 1969.000000     1026     1026        1        0     1026        0      813      809      120     2188        0        0        0
 1970.000000     1033     1033        1        0     1033        0      802      799      132     2182        0        0        0
 1971.000000     1034     1034        1        0     1034        0      802      799      119     2215        0        0        0
 1972.000000     1035     1035        1        0     1035        0      808      806      117     2194        0        0        0
 1973.000000     1059     1047        2        0     1059        0      792      789      128     2204        0        0        0
 1974.000000     1035     1035        1        0     1035        0      798      797      132     2215        0        0        0
 1975.000000     1058     1046        2        0     1058        0      805      802      129     2195        0        0        0
 1976.000000     1044     1021        2        0     1044        0      796      793      125     2188        0        0        0
 1977.000000     1045     1033        2        0     1045        0      815      812      136     2181        0        0        0
 1978.000000     1036     1036        1        0     1036        0      804      801      134     2183        0        0        0
 1979.000000     1025     1025        1        0     1025        0      797      792      129     2196        0        0        0
 1980.000000     1026     1026        1        0     1026        0      798      792      127     2213        0        0        0
 1981.000000     1026     1026        1        0     1026        0      797      791      132     2202        0        0        0
 1982.000000     1025     1025        1        0     1025        0      798      791      123     2176        0        0        0
 1983.000000     1035     1035        1        0     1035        0      801      795      119     2213        0        0        0
 1984.000000     1022     1022        1        0     1022        0      823      818      113     2184        0        0        0
 1985.000000     1023     1023        1        0     1023        0      804      802      121     2175        0        0        0
 1986.000000     1027     1027        1       13     1013        1      808      804      116     2161        0        0        0
 1987.000000     1027     1027        1       13     1013        1      810      806      112     2186        0        0        0
 1988.000000     1019     1019        1        0     1019        0      810      803      118     2150        0        0        0
 1989.000000     1024     1024        1       13     1010        1      794      792      125     2135        0        0        0
 1990.000000     1022     1022        1       13     1008        1      790      787      136     2149        0        0        0
 1991.000000     1018     1018        1        0     1018        0      807      802      115     2176        0        0        0
 1992.000000     1023     1023        1        0     1023        0      805      802      122     2209        0        0        0
 1993.000000     1022     1022        1        0     1022        0      798      794      115     2182        0        0        0
 1994.000000     1023     1023        1        0     1023        0      801      800      111     2204        0        0        0
 1995.000000     1017     1017        1        0     1017        0      794      790      125     2182        0        0        0
 1996.000000     1030     1030        1        0     1030        0      812      810      106     2194        0        0        0
 1997.000000     1013     1013        1        0     1013        0      808      805      118     2172        0        0        0
 1998.000000     1013     1013        1        0     1013        0      805      801      121     2202        0        0        0
 1999.000000     1017     1017        1        0     1017        0      795      793      124     2207        0        0        0
 2000.000000     1038     1038        1        0     1038        0      799      795      121     2183        0        0        0
 2001.000000     1011     1011        1        0     1011        0      801      799      109     2172        0        0        0
 2002.000000     1012     1012        1        0     1012        0      798      796      114     2195        0        0        0
 2003.000000     1028     1028        1        0     1028        0      791      785      127     2186        0        0        0
 2004.000000     1006     1006        1        0     1006        0      802      801      127     2160        0        0        0
 2005.000000     1006     1006        1        0     1006        0      805      805      111     2159        0        0        0
 2006.000000     1013     1013        1        0     1013        0      804      801      117     2166        0        0        0
 2007.000000     1009     1009        1        0     1009        0      804      801      126     2181        0        0        0
 2008.000000     1003     1003        1        0     1003        0      796      794      116     2159        0        0        0
 2009.000000     1012     1012        1        0     1012        0      796      794      129     2198        0        0        0
 2010.000000     1007     1007        1        0     1007        0      799      795      130     2163        0        0        0
 2011.000000     1003     1003        1        0     1003        0      806      806      122     2170        0        0        0
 2012.000000     1005     1005        1        0     1005        0      803      801      112     2156        0        0        0
 2013.000000     1005     1005        1        0     1005        0      804      803      112     2163        0        0        0
 2014.000000     1008     1008        1        0     1008        0      808      807      123     2170        0        0        0
 2015.000000     1012     1012        1        0     1012        0      800      796      117     2178        0        0        0
 2016.000000     1019     1019        1       14     1005        0      803      799      126     2191        0        0        0
 2017.000000     1006     1006        1        0     1006        0      808      806      117     2177        0        0        0
 2018.000000     1005     1005        1        0     1005        0      802      799      115     2161        0        0        0
 2019.000000     1003     1003        1        0     1003        0      796      793      126     2166        0        0        0
 2020.000000     1006     1006        1        0     1006        0      802      800      133     2179        0        0        0
 2021.000000     1021     1021        1       14     1007        0      813      808      116     2170        0        0        0
 2022.000000     1017     1017        1        0     1017        0      814      810      124     2160        0        0        0
 2023.000000     1016     1016        1        0     1016        0      799      796      130     2160        0        0        0
 2024.000000     1007     1007        1        0     1007        0      794      791      115     2181        0        0        0
 2025.000000     1008     1008        1        0     1008        0      798      795      124     2187        0        0        0
 2026.000000     1009     1009        1        0     1009        0      810      807      120     2200        0        0        0
 2027.000000     1009     1009        1        0     1009        0      807      806      115     2196        0        0        0
 2028.000000     1021     1021        1        0     1021        0      802      799      113     2173        0        0        0
 2029.000000     1005     1005        1        0     1005        0      797      796      106     2185        0        0        0
 2030.000000     1003     1003        1        0     1003        0      799      796      117     2190        0        0        0
 2031.000000     1004     1004        1        0     1004        0      792      790      118     2177        0        0        0
 2032.000000     1004     1004        1        0     1004        0      808      806      118     2185        0        0        0
 2033.000000     1003     1003        1        0     1003        0      804      798      133     2192        0        0        0
 2034.000000     1005     1005        1        0     1005        0      806      802      127     2189        0        0        0
 2035.000000     1009     1009        1        0     1009        0      805      803      128     2211        0        0        0
 2036.000000     1004     1004        1        0     1004        0      795      792      129     2211        0        0        0
 2037.000000     1000     1000        1        0     1000        0      804      800      126     2220        0        0        0
 2038.000000     1013     1013        1        0     1013        0      791      787      117     2180        0        0        0
 2039.000000     1012     1012        1        0     1012        0      796      794      122     2207        0        0        0
 2040.000000     1014     1014        1        0     1014        0      786      785      123     2190        0        0        0
 2041.000000     1003     1003        1        0     1003        0      791      788      125     2177        0        0        0
 2042.000000     1007     1007        1        0     1007        0      808      804      121     2189        0        0        0
 2043.000000     1011     1011        1        0     1011        0      784      780      124     2201        0        0        0
 2044.000000     1014     1014        1        0     1014        0      793      789      128     2193        0        0        0
 2045.000000     1015     1015        1        0     1015        0      791      786      136     2187        0        0        0
 2046.000000     1011     1011        1        0     1011        0      807      804      107     2191        0        0        0
 2047.000000     1029     1029        1        0     1029        0      800      796      123     2202        0        0        0
 2048.000000     1013     1013        1        0     1013        0      807      802      123     2197        0        0        0
 2049.000000     1016     1016        1        0     1016        0      808      805      133     2210        0        0        0
 2050.000000     1024     1024        1        0     1024        0      790      787      120     2199        0        0        0
 2051.000000     1013     1013        1        0     1013        0      797      795      125     2178        0        0        0
 2052.000000     1005     1005        1        0     1005        0      798      796      117     2174        0        0        0
 2053.000000     1004     1004        1        0     1004        0      792      789      141     2170        0        0        0
 2054.000000     1017     1017        1        0     1017        0      801      798      128     2164        0        0        0
 2055.000000     1019     1019        1        0     1019        0      787      784      141     2188        0        0        0
 2056.000000     1018     1018        1        0     1018        0      780      776      145     2184        0        0        0
 2057.000000     1031     1031        1        0     1031        0      795      792      128     2168        0        0        0
 2058.000000     1030     1030        1        0     1030        0      800      797      142     2197        0        0        0
 2059.000000     1038     1038        1        0     1038        0      791      789      130     2159        0        0        0
 2060.000000     1018     1018        1        0     1018        0      797      795      124     2194        0        0        0
 2061.000000     1003     1003        1        0     1003        0      795      794      127     2172        0        0        0
 2062.000000     1015     1015        1        0     1015        0      812      809      107     2187        0        0        0
 2063.000000     1016     1016        1        0     1016        0      798      798      105     2173        0        0        0
 2064.000000     1029     1029        1        0     1029        0      787      785      106     2176        0        0        0
 2065.000000     1017     1017        1        0     1017        0      793      793      109     2184        0        0        0
 2066.000000     1014     1014        1        0     1014        0      797      797      116     2171        0        0        0
 2067.000000     1021     1021        1        0     1021        0      791      789      123     2163        0        0        0
 2068.000000     1014     1014        1        0     1014        0      804      800      136     2174        0        0        0
 2069.000000     1013     1013        1        0     1013        0      796      794      121     2180        0        0        0
 2070.000000     1013     1013        1        0     1013        0      794      791      116     2191        0        0        0
 2071.000000     1014     1002        2        0     1014        0      780      778      134     2201        0        0        0
 2072.000000     1015     1015        1        0     1015        0      789      787      131     2180        0        0        0
 2073.000000     1017     1017        1        0     1017        0      784      777      133     2187        0        0        0
 2074.000000     1012     1012        1        0     1012        0      788      785      131     2194        0        0        0
 2075.000000     1035     1023        2        0     1035        0      780      774      151     2192        0        0        0
 2076.000000     1024     1024        1        0     1024        0      803      797      120     2196        0        0        0
 2077.000000     1013     1013        1        0     1013        0      787      784      141     2186        0        0        0
 2078.000000     1009     1009        1        0     1009        0      785      781      139     2172        0        0        0
 2079.000000     1009     1009        1        0     1009        0      788      783      141     2194        0        0        0
 2080.000000     1009     1009        1        0     1009        0      792      785      138     2159        0        0        0
 2081.000000     1014     1014        1        0     1014        0      813      809      131     2180        0        0        0
 2082.000000     1006     1006        1        0     1006        0      788      779      134     2164        0        0        0
 2083.000000     1004     1004        1        0     1004        0      780      777      138     2152        0        0        0
 2084.000000     1004     1004        1        0     1004        0      775      771      140     2172        0        0        0
 2085.000000     1008     1008        1        0     1008        0      780      777      134     2189        0        0        0
 2086.000000     1005     1005        1        0     1005        0      780      776      128     2159        0        0        0
 2087.000000     1005     1005        1        0     1005        0      777      773      116     2177        0        0        0
 2088.000000     1009     1009        1        0     1009        0      780      776      137     2187        0        0        0
 2089.000000     1006     1006        1        0     1006        0      766      759      156     2193        0        0        0
 2090.000000     1007     1007        1        0     1007        0      778      771      128     2175        0        0        0
 2091.000000     1007     1007        1        0     1007        0      774      768      125     2148        0        0        0
 2092.000000     1008     1008        1        0     1008        0      772      770      133     2164        0        0        0
 2093.000000     1006     1006        1        0     1006        0      767      767      125     2180        0        0        0
 2094.000000     1007     1007        1        0     1007        0      769      768      128     2149        0        0        0
 2095.000000     1013     1013        1        0     1013        0      782      780      124     2160        0        0        0
 2096.000000     1029     1029        1        0     1029        0      783      781      134     2175        0        0        0
 2097.000000     1014     1014        1        0     1014        0      764      763      132     2158        0        0        0
 2098.000000     1025     1025        1        0     1025        0      778      771      147     2169        0        0        0
 2099.000000     1030     1030        1        0     1030        0      795      792      127     2189        0        0        0
 2100.000000     1016     1016        1        0     1016        0      772      768      145     2167        0        0        0
 2101.000000     1017     1017        1        0     1017        0      789      785      134     2180        0        0        0
 2102.000000     1018     1018        1        0     1018        0      770      767      140     2178        0        0        0
 2103.000000     1020     1020        1        0     1020        0      787      781      129     2138        0        0        0
 2104.000000     1019     1019        1        0     1019        0      793      791      129     2168        0        0        0
 2105.000000     1014     1014        1        0     1014        0      786      786      139     2178        0        0        0
 2106.000000     1020     1020        1        0     1020        0      796      794      125     2160        0        0        0
 2107.000000     1021     1021        1        0     1021        0      775      771      140     2177        0        0        0
 2108.000000     1023     1023        1        0     1023        0      798      796      124     2197        0        0        0
 2109.000000     1019     1019        1        0     1019        0      786      781      135     2183        0        0        0
 2110.000000     1019     1019        1        0     1019        0      794      788      122     2189        0        0        0
 2111.000000     1039     1039        1        0     1039        0      778      770      121     2196        0        0        0
 2112.000000     1018     1018        1        0     1018        0      783      777      133     2171        0        0        0
 2113.000000     1024     1024        1        0     1024        0      791      787      128     2170        0        0        0
 2114.000000     1012     1012        1        0     1012        0      793      790      120     2199        0        0        0
 2115.000000     1012     1012        1        0     1012        0      811      809      114     2218        0        0        0
 2116.000000     1017     1017        1        0     1017        0      809      806      137     2197        0        0        0
 2117.000000     1005     1005        1        0     1005        0      775      771      134     2149        0        0        0
 2118.000000     1014     1014        1        0     1014        0      793      790      140     2179        0        0        0
 2119.000000     1014     1014        1        0     1014        0      796      787      139     2185        0        0        0
 2120.000000     1040     1040        1        0     1040        0      775      773      132     2185        0        0        0
 2121.000000     1033     1033        1        0     1033        0      793      788      125     2179        0        0        0
 2122.000000     1037     1037        1        0     1037        0      782      779      118     2191        0        0        0
 2123.000000     1034     1034        1        0     1034        0      796      792      124     2200        0        0        0
 2124.000000     1032     1032        1        0     1032        0      785      782      117     2215        0        0        0
 2125.000000     1042     1042        1        0     1042        0      788      787      118     2216        0        0        0
 2126.000000     1025     1025        1        0     1025        0      796      792      128     2192        0        0        0
 2127.000000     1025     1025        1        0     1025        0      803      801      125     2197        0        0        0
 2128.000000     1021     1021        1        0     1021        0      792      788      127     2183        0        0        0
 2129.000000     1039     1039        1        0     1039        0      782      778      115     2202        0        0        0
 2130.000000     1034     1034        1        0     1034        0      787      784      129     2200        0        0        0
 2131.000000     1033     1033        1        0     1033        0      809      804      126     2190        0        0        0
 2132.000000     1020     1020        1        0     1020        0      788      784      131     2186        0        0        0
 2133.000000     1026     1026        1        0     1026        0      792      789      113     2214        0        0        0
 2134.000000     1025     1025        1        0     1025        0      790      785      126     2204        0        0        0
 2135.000000     1032     1032        1        0     1032        0      789      786      136     2214        0        0        0
 2136.000000     1031     1031        1        0     1031        0      797      793      132     2225        0        0        0
 2137.000000     1017     1017        1        0     1017        0      798      795      123     2199        0        0        0
 2138.000000     1028     1028        1        0     1028        0      810      807      136     2198        0        0        0
 2139.000000     1026     1026        1        0     1026        0      808      805      131     2219        0        0        0
 2140.000000     1025     1025        1        0     1025        0      803      800      126     2197        0        0        0
 2141.000000     1019     1019        1        0     1019        0      797      793      131     2177        0        0        0
 2142.000000     1023     1023        1        0     1023        0      797      796      130     2168        0        0        0
 2143.000000     1034     1034        1        0     1034        0      783      782      134     2185        0        0        0
 2144.000000     1033     1033        1        0     1033        0      796      793      135     2189        0        0        0
 2145.000000     1035     1035        1        0     1035        0      816      814      124     2179        0        0        0
 2146.000000     1034     1034        1        0     1034        0      808      804      126     2204        0        0        0
 2147.000000     1031     1031        1        0     1031        0      802      799      125     2201        0        0        0
 2148.000000     1034     1034        1        0     1034        0      809      804      131     2184        0        0        0
 2149.000000     1031     1031        1        0     1031        0      793      789      135     2195        0        0        0
 2150.000000     1034     1034        1        0     1034        0      803      800      122     2202        0        0        0
 2151.000000     1038     1038        1        0     1038        0      794      790      134     2205        0        0        0
 2152.000000     1026     1026        1        0     1026        0      797      793      121     2158        0        0        0
 2153.000000     1035     1035        1        0     1035        0      782      780      131     2174        0        0        0
 2154.000000     1027     1027        1        0     1027        0      788      786      133     2173        0        0        0
 2155.000000     1039     1039        1        0     1039        0      797      793      123     2174        0        0        0
 2156.000000     1036     1036        1        0     1036        0      804      798      131     2185        0        0        0
 2157.000000     1048     1048        1        0     1048        0      809      807      132     2177        0        0        0
 2158.000000     1050     1050        1        0     1050        0      796      794      123     2210        0        0        0
 2159.000000     1048     1048        1        0     1048        0      797      795      141     2185        0        0        0
 2160.000000     1049     1049        1        0     1049        0      804      804      125     2208        0        0        0
 2161.000000     1049     1049        1        0     1049        0      809      805      127     2224        0        0        0
 2162.000000     1044     1044        1        0     1044        0      807      805      122     2222        0        0        0
 2163.000000     1034     1034        1        0     1034        0      792      787      129     2222        0        0        0
 2164.000000     1037     1037        1        0     1037        0      805      802      125     2234        0        0        0
 2165.000000     1054     1054        1        0     1054        0      818      815      121     2219        0        0        0
 2166.000000     1048     1048        1        0     1048        0      803      802      125     2199        0        0        0
 2167.000000     1034     1034        1        0     1034        0      803      800      136     2206        0        0        0
 2168.000000     1050     1050        1        0     1050        0      797      797      140     2208        0        0        0
 2169.000000     1059     1059        1        0     1059        0      805      803      123     2209        0        0        0
 2170.000000     1040     1028        2        0     1040        0      804      802      120     2191        0        0        0
 2171.000000     1042     1042        1        0     1042        0      814      810      119     2182        0        0        0
 2172.000000     1038     1038        1        0     1038        0      815      812      121     2192        0        0        0
 2173.000000     1056     1056        1        0     1056        0      813      806      126     2209        0        0        0
 2174.000000     1054     1054        1        0     1054        0      801      798      129     2198        0        0        0
 2175.000000     1073     1073        1        0     1073        0      811      805      133     2202        0        0        0
 2176.000000     1078     1078        1        0     1078        0      818      812      128     2232        0        0        0
 2177.000000     1079     1079        1        0     1079        0      801      798      131     2229        0        0        0
 2178.000000     1076     1076        1        0     1076        0      804      803      117     2242        0        0        0
 2179.000000     1081     1081        1        0     1081        0      818      814      134     2214        0        0        0
 2180.000000     1050     1050        1        0     1050        0      801      798      120     2219        0        0        0
 2181.000000     1055     1055        1        0     1055        0      808      805      122     2186        0        0        0
 2182.000000     1036     1036        1        0     1036        0      805      798      141     2249        0        0        0
 2183.000000     1047     1047        1        0     1047        0      794      791      137     2246        0        0        0
 2184.000000     1051     1051        1        0     1051        0      816      810      124     2203        0        0        0
 2185.000000     1039     1039        1        0     1039        0      793      792      116     2223        0        0        0
 2186.000000     1046     1046        1        0     1046        0      811      809      122     2204        0        0        0
 2187.000000     1032     1032        1        0     1032        0      814      813      131     2186        0        0        0
 2188.000000     1051     1051        1        0     1051        0      814      811      124     2197        0        0        0
 2189.000000     1049     1049        1        0     1049        0      817      813      122     2196        0        0        0
 2190.000000     1093     1093        1        0     1093        0      812      808      121     2205        0        0        0
 2191.000000     1072     1072        1        0     1072        0      815      809      129     2197        0        0        0
 2192.000000     1038     1038        1        0     1038        0      814      811      121     2198        0        0        0
 2193.000000     1085     1085        1        0     1085        0      816      811      119     2246        0        0        0
 2194.000000     1079     1079        1        0     1079        0      822      820      120     2237        0        0        0
 2195.000000     1074     1074        1        8     1059        7      820      817      122     2219        0        0        0
 2196.000000     1075     1075        1        0     1075        0      809      803      144     2191        0        0        0
 2197.000000     1091     1091        1        0     1091        0      818      809      138     2216        0        0        0
 2198.000000     1063     1063        1        0     1063        0      803      801      132     2205        0        0        0
 2199.000000     1056     1056        1        0     1056        0      810      808      131     2199        0        0        0
 2200.000000     1066     1066        1        0     1066        0      819      813      126     2205        0        0        0
 2201.000000     1061     1061        1        0     1061        0      817      815      117     2191        0        0        0
 2202.000000     1052     1052        1        0     1052        0      810      806      123     2204        0        0        0
 2203.000000     1071     1059        2        0     1071        0      830      826      119     2216        0        0        0
 2204.000000     1044     1032        2        0     1044        0      822      816      117     2231        0        0        0
 2205.000000     1052     1052        1        0     1052        0      816      811      130     2223        0        0        0
 2206.000000     1082     1082        1        0     1082        0      813      812      115     2209        0        0        0
 2207.000000     1084     1084        1        0     1084        0      823      820      124     2221        0        0        0
 2208.000000     1084     1084        1        0     1084        0      828      824      130     2199        0        0        0
 2209.000000     1077     1077        1        0     1077        0      826      821      133     2233        0        0        0
 2210.000000     1078     1078        1        0     1078        0      824      819      120     2211        0        0        0
 2211.000000     1087     1087        1        0     1087        0      807      804      129     2178        0        0        0
 2212.000000     1045     1045        1        0     1045        0      810      807      121     2203        0        0        0
 2213.000000     1047     1047        1        0     1047        0      806      800      130     2176        0        0        0
 2214.000000     1044     1044        1        0     1044        0      824      818      123     2166        0        0        0
 2215.000000     1032     1032        1        0     1032        0      800      799      119     2205        0        0        0
 2216.000000     1034     1034        1        0     1034        0      793      787      127     2200        0        0        0
 2217.000000     1014     1014        1        0     1014        0      801      799      127     2199        0        0        0
 2218.000000     1024     1024        1        0     1024        0      817      812      107     2186        0        0        0
 2219.000000     1031     1031        1        0     1031        0      790      783      136     2190        0        0        0
 2220.000000     1032     1032        1        0     1032        0      816      810      120     2188        0        0        0
 2221.000000     1042     1042        1        0     1042        0      797      792      119     2215        0        0        0
 2222.000000     1058     1058        1        0     1058        0      795      793      131     2192        0        0        0
 2223.000000     1048     1048        1        0     1048        0      807      805      109     2178        0        0        0
 2224.000000     1057     1057        1        0     1057        0      808      804      120     2196        0        0        0
 2225.000000     1041     1041        1        0     1041        0      813      809      127     2194        0        0        0
 2226.000000     1041     1041        1        0     1041        0      817      808      119     2200        0        0        0
 2227.000000     1032     1032        1        0     1032        0      813      810      115     2232        0        0        0
 2228.000000     1042     1042        1        0     1042        0      824      823      104     2206        0        0        0
 2229.000000     1015     1015        1        0     1015        0      804      802      120     2179        0        0        0
 2230.000000     1020     1020        1        0     1020        0      796      793      128     2210        0        0        0
 2231.000000     1032     1020        2        0     1032        0      812      802      124     2226        0        0        0
 2232.000000     1040     1028        2        0     1040        0      796      790      122     2211        0        0        0
 2233.000000     1029     1029        1        0     1029        0      800      795      116     2229        0        0        0
 2234.000000     1033     1033        1        0     1033        0      812      807      112     2198        0        0        0
 2235.000000     1029     1029        1        0     1029        0      813      813      111     2226        0        0        0
 2236.000000     1029     1029        1        0     1029        0      810      808      111     2210        0        0        0
 2237.000000     1029     1029        1        0     1029        0      809      804      126     2212        0        0        0
 2238.000000     1029     1029        1        0     1029        0      822      819      112     2194        0        0        0
 2239.000000     1028     1028        1        0     1028        0      798      796      114     2221        0        0        0
 2240.000000     1028     1028        1        0     1028        0      806      804      112     2197        0        0        0
 2241.000000     1036     1036        1        0     1036        0      817      814      115     2214        0        0        0
 2242.000000     1035     1035        1        0     1035        0      808      808      111     2207        0        0        0
 2243.000000     1025     1025        1        0     1025        0      806      804      122     2193        0        0        0
 2244.000000     1045     1045        1        0     1045        0      800      798      119     2205        0        0        0
 2245.000000     1034     1034        1        0     1034        0      809      805      120     2192        0        0        0
 2246.000000     1029     1029        1        0     1029        0      804      802      107     2192        0        0        0
 2247.000000     1031     1031        1        0     1031        0      801      798      117     2204        0        0        0
 2248.000000     1042     1042        1        0     1042        0      795      793      121     2187        0        0        0
 2249.000000     1032     1032        1        0     1032        0      797      792      116     2185        0        0        0
 2250.000000     1032     1032        1        0     1032        0      800      798      122     2196        0        0        0
 2251.000000     1030     1030        1        0     1030        0      803      801      114     2171        0        0        0
 2252.000000     1030     1030        1        0     1030        0      807      805      117     2166        0        0        0
 2253.000000     1034     1034        1        0     1034        0      809      808      104     2165        0        0        0
 2254.000000     1041     1041        1        0     1041        0      801      799      120     2189        0        0        0
 2255.000000     1048     1048        1        0     1048        0      819      814      114     2213        0        0        0
 2256.000000     1051     1051        1        0     1051        0      817      816      118     2204        0        0        0
 2257.000000     1058     1058        1        0     1058        0      824      818      119     2212        0        0        0
 2258.000000     1060     1060        1        0     1060        0      816      812      113     2204        0        0        0
 2259.000000     1050     1050        1        0     1050        0      817      811      114     2197        0        0        0
 2260.000000     1046     1046        1        0     1046        0      820      818      124     2211        0        0        0
 2261.000000     1050     1050        1        0     1050        0      811      807      126     2210        0        0        0
 2262.000000     1052     1052        1        0     1052        0      829      828      110     2219        0        0        0
 2263.000000     1056     1056        1        0     1056        0      819      813      111     2233        0        0        0
 2264.000000     1058     1058        1        0     1058        0      824      820      121     2223        0        0        0
 2265.000000     1061     1061        1        0     1061        0      823      820      116     2226        0        0        0
 2266.000000     1058     1058        1        0     1058        0      830      822      121     2231        0        0        0
 2267.000000     1053     1053        1        0     1053        0      831      825      109     2221        0        0        0
 2268.000000     1059     1059        1        0     1059        0      826      822      119     2198        0        0        0
 2269.000000     1053     1053        1        0     1053        0      836      835      116     2203        0        0        0
 2270.000000     1045     1045        1        0     1045        0      826      821      120     2212        0        0        0
 2271.000000     1049     1049        1        0     1049        0      832      829      116     2185        0        0        0
 2272.000000     1050     1050        1        0     1050        0      811      805      121     2200        0        0        0
 2273.000000     1053     1053        1        0     1053        0      832      827      124     2188        0        0        0
 2274.000000     1051     1051        1        0     1051        0      832      828      122     2202        0        0        0
 2275.000000     1053     1053        1        0     1053        0      821      819      127     2184        0        0        0
 2276.000000     1045     1045        1        0     1045        0      824      817      117     2183        0        0        0
 2277.000000     1040     1040        1        0     1025       15      813      808      126     2201        0        0        0
 2278.000000     1044     1044        1        0     1029       15      813      808      131     2210        0        0        0
 2279.000000     1053     1053        1        0     1038       15      798      793      137     2179        0        0        0
 2280.000000     1049     1049        1        0     1033       16      809      803      119     2201        0        0        0
 2281.000000     1055     1055        1        0     1040       15      832      825      124     2223        0        0        0
 2282.000000     1046     1046        1        0     1046        0      824      820      128     2220        0        0        0
 2283.000000     1052     1052        1        0     1037       15      798      793      134     2219        0        0        0
 2284.000000     1054     1054        1        0     1039       15      819      817      117     2221        0        0        0
 2285.000000     1053     1053        1        0     1053        0      819      815      126     2196        0        0        0
 2286.000000     1052     1052        1        0     1052        0      815      810      119     2198        0        0        0
 2287.000000     1054     1054        1        0     1054        0      823      821      124     2209        0        0        0
 2288.000000     1040     1040        1        0     1040        0      822      817      127     2213        0        0        0
 2289.000000     1049     1049        1        0     1034       15      809      804      127     2212        0        0        0
 2290.000000     1050     1050        1        0     1035       15      829      820      136     2242        0        0        0
 2291.000000     1027     1027        1        0     1027        0      812      805      121     2227        0        0        0
 2292.000000     1052     1052        1        0     1052        0      823      819      134     2225        0        0        0
 2293.000000     1052     1052        1        0     1037       15      817      816      131     2209        0        0        0
 2294.000000     1049     1049        1        0     1049        0      809      805      129     2210        0        0        0
 2295.000000     1043     1043        1        0     1028       15      821      817      130     2211        0        0        0
 2296.000000     1038     1038        1        0     1038        0      820      816      114     2210        0        0        0
 2297.000000     1030     1030        1        0     1030        0      814      810      127     2200        0        0        0
 2298.000000     1054     1035        2       19     1035        0      816      809      127     2192        0        0        0
 2299.000000     1034     1034        1        0     1034        0      812      805      129     2188        0        0        0
 2300.000000     1044     1044        1        0     1029       15      819      815      133     2190        0        0        0
 2301.000000     1042     1042        1        0     1027       15      822      814      121     2204        0        0        0
 2302.000000     1047     1047        1        0     1031       16      818      814      118     2189        0        0        0
 2303.000000     1061     1061        1        0     1061        0      812      805      133     2201        0        0        0
 2304.000000     1049     1049        1        4     1034       11      812      808      131     2206        0        0        0
 2305.000000     1056     1056        1        0     1056        0      820      816      117     2216        0        0        0
 2306.000000     1058     1058        1        0     1043       15      820      816      131     2205        0        0        0
 2307.000000     1057     1057        1        0     1042       15      824      821      129     2175        0        0        0
 2308.000000     1060     1060        1        0     1060        0      807      803      133     2204        0        0        0
 2309.000000     1051     1051        1        0     1036       15      805      797      137     2190        0        0        0
 2310.000000     1060     1060        1        0     1045       15      816      815      123     2195        0        0        0
 2311.000000     1059     1059        1        0     1044       15      826      818      120     2192        0        0        0
 2312.000000     1061     1061        1        0     1046       15      810      802      130     2215        0        0        0
 2313.000000     1058     1058        1        0     1058        0      814      811      116     2205        0        0        0
 2314.000000     1058     1058        1        1     1044       13      815      811      125     2195        0        0        0
 2315.000000     1063     1063        1        0     1063        0      813      809      121     2206        0        0        0
 2316.000000     1058     1058        1        0     1058        0      815      806      122     2191        0        0        0
 2317.000000     1055     1055        1        0     1055        0      791      787      120     2209        0        0        0
 2318.000000     1051     1051        1        0     1051        0      823      819      125     2192        0        0        0
 2319.000000     1046     1046        1        0     1046        0      822      819      124     2166        0        0        0
 2320.000000     1045     1045        1        0     1045        0      821      817      118     2174        0        0        0
 2321.000000     1053     1053        1        0     1053        0      819      813      127     2171        0        0        0
 2322.000000     1045     1045        1        0     1030       15      826      819      119     2169        0        0        0
 2323.000000     1048     1048        1        0     1033       15      831      825      119     2187        0        0        0
 2324.000000     1043     1043        1        0     1028       15      814      810      125     2190        0        0        0
 2325.000000     1065     1053        2        0     1050       15      823      820      120     2200        0        0        0
 2326.000000     1039     1039        1        0     1039        0      817      811      126     2200        0        0        0
 2327.000000     1064     1064        1        0     1049       15      822      819      126     2174        0        0        0
 2328.000000     1035     1035        1        0     1020       15      825      816      136     2192        0        0        0
 2329.000000     1044     1044        1        0     1044        0      816      814      122     2172        0        0        0
 2330.000000     1055     1055        1        0     1040       15      819      811      140     2188        0        0        0
 2331.000000     1051     1051        1        0     1036       15      801      794      134     2185        0        0        0
 2332.000000     1049     1049        1        0     1034       15      812      810      121     2182        0        0        0
 2333.000000     1045     1045        1        0     1030       15      821      813      131     2190        0        0        0
 2334.000000     1052     1052        1       15     1022       15      810      808      117     2215        0        0        0
 2335.000000     1068     1068        1       15     1038       15      803      800      136     2168        0        0        0
 2336.000000     1080     1080        1       15     1050       15      808      801      117     2169        0        0        0
 2337.000000     1050     1050        1        0     1035       15      797      793      123     2165        0        0        0
 2338.000000     1058     1058        1        3     1044       11      807      802      118     2180        0        0        0
 2339.000000     1064     1064        1        0     1049       15      805      795      138     2184        0        0        0
 2340.000000     1049     1049        1        0     1034       15      794      789      123     2148        0        0        0
 2341.000000     1046     1046        1        0     1031       15      804      795      137     2168        0        0        0
 2342.000000     1049     1049        1        0     1049        0      804      799      127     2166        0        0        0
 2343.000000     1050     1050        1        0     1035       15      811      806      126     2167        0        0        0
 2344.000000     1047     1047        1        0     1032       15      815      809      120     2173        0        0        0
 2345.000000     1043     1043        1        0     1028       15      805      802      132     2177        0        0        0
 2346.000000     1046     1046        1        0     1031       15      813      806      119     2174        0        0        0
 2347.000000     1058     1058        1        0     1043       15      821      819      121     2173        0        0        0
 2348.000000     1056     1056        1        0     1041       15      813      807      117     2189        0        0        0
 2349.000000     1048     1048        1        0     1033       15      814      808      129     2180        0        0        0
 2350.000000     1063     1063        1        0     1048       15      811      809      127     2187        0        0        0
 2351.000000     1055     1055        1        0     1040       15      812      806      131     2183        0        0        0
 2352.000000     1058     1058        1        0     1043       15      830      829      117     2208        0        0        0
 2353.000000     1047     1047        1        0     1032       15      820      811      126     2182        0        0        0
 2354.000000     1054     1054        1        0     1039       15      812      804      131     2187        0        0        0
 2355.000000     1056     1056        1        0     1041       15      799      795      121     2183        0        0        0
 2356.000000     1052     1052        1        0     1037       15      816      814      122     2169        0        0        0
 2357.000000     1043     1043        1        4     1028       11      797      793      135     2171        0        0        0
 2358.000000     1050     1050        1        0     1035       15      811      807      114     2175        0        0        0
 2359.000000     1052     1052        1        0     1037       15      813      808      114     2181        0        0        0
 2360.000000     1046     1046        1        0     1031       15      790      783      127     2155        0        0        0
 2361.000000     1049     1049        1        0     1034       15      816      810      121     2177        0        0        0
 2362.000000     1049     1049        1        0     1034       15      816      813      119     2161        0        0        0
 2363.000000     1052     1052        1        0     1037       15      804      802      128     2183        0        0        0
 2364.000000     1042     1042        1        0     1027       15      798      796      116     2165        0        0        0
 2365.000000     1042     1042        1        0     1027       15      794      792      134     2146        0        0        0
 2366.000000     1041     1041        1        0     1026       15      820      810      128     2161        0        0        0
 2367.000000     1052     1052        1        0     1037       15      812      807      134     2163        0        0        0
 2368.000000     1037     1037        1        0     1037        0      805      798      131     2186        0        0        0
 2369.000000     1044     1044        1        0     1044        0      810      807      122     2192        0        0        0
 2370.000000     1032     1032        1        0     1032        0      816      812      118     2183        0        0        0
 2371.000000     1041     1041        1        0     1041        0      792      786      139     2166        0        0        0
 2372.000000     1034     1034        1        0     1034        0      811      806      133     2176        0        0        0
 2373.000000     1036     1036        1        0     1036        0      825      817      128     2198        0        0        0
 2374.000000     1049     1049        1        0     1049        0      798      793      128     2185        0        0        0
 2375.000000     1039     1039        1        0     1039        0      816      810      127     2199        0        0        0
 2376.000000     1045     1045        1        0     1045        0      817      810      130     2183        0        0        0
 2377.000000     1037     1037        1        0     1037        0      801      799      131     2194        0        0        0
 2378.000000     1038     1038        1        0     1038        0      817      813      116     2178        0        0        0
 2379.000000     1039     1039        1        0     1024       15      822      814      133     2173        0        0        0
 2380.000000     1032     1032        1        0     1017       15      815      807      127     2178        0        0        0
 2381.000000     1048     1048        1        0     1033       15      823      818      109     2208        0        0        0
 2382.000000     1040     1040        1        0     1025       15      803      800      125     2170        0        0        0
 2383.000000     1066     1066        1        0     1051       15      822      815      122     2191        0        0        0
 2384.000000     1058     1044        2       14     1029       15      809      808      118     2207        0        0        0
 2385.000000     1063     1063        1        0     1048       15      811      803      132     2214        0        0        0
 2386.000000     1057     1057        1        0     1042       15      811      803      135     2212        0        0        0
 2387.000000     1066     1066        1        0     1051       15      817      811      133     2209        0        0        0
 2388.000000     1077     1077        1        0     1062       15      823      815      133     2205        0        0        0
 2389.000000     1074     1060        2       14     1045       15      831      827      115     2202        0        0        0
 2390.000000     1044     1044        1        0     1029       15      821      817      135     2183        0        0        0
 2391.000000     1043     1043        1        0     1028       15      814      810      124     2189        0        0        0
 2392.000000     1062     1047        2       15     1032       15      816      808      138     2203        0        0        0
 2393.000000     1062     1048        2       14     1033       15      814      809      145     2223        0        0        0
 2394.000000     1066     1066        1        0     1066        0      813      803      120     2209        0        0        0
 2395.000000     1053     1053        1        0     1053        0      812      805      140     2205        0        0        0
 2396.000000     1042     1042        1        0     1027       15      802      795      134     2168        0        0        0
 2397.000000     1045     1045        1        0     1045        0      813      803      122     2197        0        0        0
 2398.000000     1049     1049        1        0     1034       15      813      808      123     2195        0        0        0
 2399.000000     1051     1051        1        0     1036       15      796      789      142     2197        0        0        0
 2400.000000     1049     1049        1        0     1034       15      812      807      110     2184        0        0        0
 2401.000000     1042     1042        1        0     1027       15      796      786      132     2180        0        0        0
 2402.000000     1055     1055        1        0     1040       15      791      788      148     2177        0        0        0
 2403.000000     1045     1045        1        0     1030       15      808      808      132     2180        0        0        0
 2404.000000     1042     1042        1        0     1027       15      802      794      134     2181        0        0        0
 2405.000000     1040     1040        1        0     1025       15      808      803      139     2162        0        0        0
 2406.000000     1058     1058        1        0     1043       15      809      806      135     2195        0        0        0
 2407.000000     1047     1047        1        0     1031       16      820      814      133     2185        0        0        0
 2408.000000     1059     1059        1        0     1059        0      794      788      130     2207        0        0        0
 2409.000000     1045     1045        1        0     1045        0      805      803      121     2175        0        0        0
 2410.000000     1049     1049        1        0     1034       15      814      808      130     2185        0        0        0
 2411.000000     1062     1062        1        0     1047       15      804      799      123     2180        0        0        0
 2412.000000     1046     1046        1        0     1046        0      817      809      128     2180        0        0        0
 2413.000000     1066     1066        1        0     1051       15      802      798      137     2197        0        0        0
 2414.000000     1059     1059        1        0     1059        0      795      787      147     2183        0        0        0
 2415.000000     1068     1068        1        0     1053       15      817      812      123     2183        0        0        0
 2416.000000     1055     1055        1        0     1040       15      800      792      131     2173        0        0        0
 2417.000000     1053     1053        1        0     1053        0      801      796      130     2175        0        0        0
 2418.000000     1054     1054        1        0     1054        0      805      802      130     2176        0        0        0
 2419.000000     1047     1047        1        0     1047        0      814      807      134     2163        0        0        0
 2420.000000     1055     1055        1        0     1055        0      813      807      130     2177        0        0        0
 2421.000000     1056     1056        1        0     1056        0      807      802      129     2183        0        0        0
 2422.000000     1048     1048        1        0     1048        0      824      821      112     2205        0        0        0
 2423.000000     1069     1069        1        0     1069        0      822      820      119     2192        0        0        0
 2424.000000     1073     1073        1        0     1058       15      817      809      131     2201        0        0        0
 2425.000000     1076     1076        1        0     1076        0      821      819      114     2196        0        0        0
 2426.000000     1064     1064        1        0     1064        0      814      809      135     2189        0        0        0
 2427.000000     1058     1058        1        0     1058        0      812      804      141     2189        0        0        0
 2428.000000     1061     1061        1        0     1061        0      816      810      137     2191        0        0        0
 2429.000000     1068     1068        1        0     1068        0      809      804      128     2181        0        0        0
 2430.000000     1049     1049        1        0     1049        0      816      811      128     2192        0        0        0
 2431.000000     1050     1050        1        0     1050        0      820      815      116     2190        0        0        0
 2432.000000     1053     1053        1        0     1053        0      818      814      128     2220        0        0        0
 2433.000000     1055     1055        1        0     1055        0      814      808      135     2187        0        0        0
 2434.000000     1060     1060        1        0     1060        0      823      818      124     2196        0        0        0
 2435.000000     1049     1049        1        0     1049        0      819      813      132     2170        0        0        0
 2436.000000     1050     1050        1        0     1050        0      809      804      128     2182        0        0        0
 2437.000000     1063     1063        1        0     1063        0      828      823      111     2156        0        0        0
 2438.000000     1058     1058        1        0     1058        0      812      807      120     2171        0        0        0
 2439.000000     1048     1048        1        0     1048        0      802      801      133     2180        0        0        0
 2440.000000     1052     1052        1        0     1052        0      825      820      135     2177        0        0        0
 2441.000000     1043     1043        1        0     1043        0      803      800      133     2154        0        0        0
 2442.000000     1045     1045        1        0     1045        0      800      798      128     2147        0        0        0
 2443.000000     1053     1053        1        0     1053        0      809      804      141     2130        0        0        0
 2444.000000     1061     1061        1        0     1061        0      801      795      139     2169        0        0        0
 2445.000000     1049     1049        1        0     1049        0      816      812      117     2176        0        0        0
 2446.000000     1049     1049        1        0     1049        0      817      813      120     2182        0        0        0
 2447.000000     1062     1062        1       15     1047        0      815      813      132     2176        0        0        0
 2448.000000     1081     1081        1       14     1067        0      812      810      131     2155        0        0        0
 2449.000000     1075     1075        1       14     1061        0      830      825      126     2168        0        0        0
 2450.000000     1060     1060        1       15     1029       16      826      822      123     2187        0        0        0
 2451.000000     1082     1082        1       14     1068        0      826      824      113     2188        0        0        0
 2452.000000     1064     1064        1       15     1049        0      810      806      132     2184        0        0        0
 2453.000000     1058     1058        1        0     1058        0      806      802      131     2171        0        0        0
 2454.000000     1049     1049        1        0     1049        0      812      810      126     2179        0        0        0
 2455.000000     1056     1056        1        0     1056        0      813      809      120     2177        0        0        0
 2456.000000     1048     1048        1        0     1048        0      810      801      136     2191        0        0        0
 2457.000000     1054     1054        1        0     1054        0      796      792      130     2181        0        0        0
 2458.000000     1066     1066        1        0     1066        0      814      812      128     2168        0        0        0
 2459.000000     1050     1050        1        0     1050        0      801      799      141     2178        0        0        0
 2460.000000     1053     1053        1        0     1053        0      806      802      132     2167        0        0        0
 2461.000000     1056     1056        1        0     1056        0      799      796      142     2168        0        0        0
 2462.000000     1047     1047        1        0     1047        0      801      797      127     2189        0        0        0
 2463.000000     1040     1040        1        0     1040        0      810      805      132     2206        0        0        0
 2464.000000     1043     1043        1        0     1027       16      811      811      119     2186        0        0        0
 2465.000000     1044     1044        1        0     1044        0      816      814      116     2182        0        0        0
 2466.000000     1039     1039        1        0     1039        0      823      819      114     2200        0        0        0
 2467.000000     1050     1050        1        0     1035       15      822      821      107     2188        0        0        0
 2468.000000     1042     1042        1        0     1027       15      814      810      119     2206        0        0        0
 2469.000000     1050     1050        1        0     1034       16      816      811      118     2195        0        0        0
 2470.000000     1028     1028        1        0     1028        0      818      810      128     2155        0        0        0
 2471.000000     1053     1053        1        0     1053        0      808      803      120     2195        0        0        0
 2472.000000     1049     1049        1        0     1049        0      812      808      117     2174        0        0        0
 2473.000000     1042     1042        1        0     1042        0      793      792      128     2193        0        0        0
 2474.000000     1042     1042        1        0     1042        0      822      816      125     2147        0        0        0
 2475.000000     1044     1044        1        0     1044        0      808      801      117     2180        0        0        0
 2476.000000     1043     1043        1        0     1043        0      818      815      128     2176        0        0        0
 2477.000000     1040     1040        1        0     1040        0      831      827      118     2188        0        0        0
 2478.000000     1052     1052        1        0     1052        0      810      807      128     2169        0        0        0
 2479.000000     1042     1042        1        0     1042        0      813      809      119     2178        0        0        0
 2480.000000     1037     1037        1        0     1037        0      805      801      126     2167        0        0        0
 2481.000000     1056     1056        1        0     1056        0      815      810      115     2173        0        0        0
 2482.000000     1041     1041        1        0     1041        0      790      786      144     2159        0        0        0
 2483.000000     1038     1038        1        0     1038        0      808      803      123     2161        0        0        0
 2484.000000     1036     1036        1        0     1036        0      811      804      136     2166        0        0        0
 2485.000000     1056     1056        1        0     1056        0      822      816      125     2172        0        0        0
 2486.000000     1045     1045        1        0     1045        0      828      823      120     2176        0        0        0
 2487.000000     1041     1041        1        0     1041        0      816      814      112     2164        0        0        0
 2488.000000     1053     1053        1        0     1053        0      812      807      128     2152        0        0        0
 2489.000000     1048     1048        1        0     1048        0      793      789      124     2156        0        0        0
 2490.000000     1050     1050        1        0     1050        0      810      807      117     2149        0        0        0
 2491.000000     1042     1042        1        0     1042        0      804      802      138     2149        0        0        0
 2492.000000     1041     1041        1        0     1041        0      818      814      124     2149        0        0        0
 2493.000000     1051     1051        1        0     1051        0      820      819      115     2142        0        0        0
 2494.000000     1062     1062        1        0     1062        0      815      812      120     2146        0        0        0
 2495.000000     1046     1046        1        0     1046        0      813      809      125     2128        0        0        0
 2496.000000     1055     1055        1        0     1055        0      803      803      123     2166        0        0        0
 2497.000000     1090     1090        1        0     1090        0      817      817      127     2181        0        0        0
 2498.000000     1061     1061        1        0     1061        0      821      818      134     2146        0        0        0
 2499.000000     1061     1061        1        0     1061        0      828      828      121     2158        0        0        0
 2500.000000     1072     1072        1        0     1072        0      823      823      125     2165        0        0        0
 2501.000000     1049     1049        1        0     1049        0      826      824      129     2137        0        0        0
 2502.000000     1071     1071        1        0     1071        0      833      831      119     2161        0        0        0
 2503.000000     1078     1078        1        0     1078        0      821      819      116     2160        0        0        0
 2504.000000     1067     1067        1        0     1067        0      806      804      121     2156        0        0        0
 2505.000000     1074     1074        1        0     1074        0      833      829      119     2186        0        0        0
 2506.000000     1059     1059        1        0     1059        0      819      818      119     2188        0        0        0
 2507.000000     1060     1060        1        0     1060        0      803      800      138     2157        0        0        0
 2508.000000     1061     1061        1        0     1061        0      819      816      123     2180        0        0        0
 2509.000000     1051     1051        1        0     1051        0      819      818      113     2155        0        0        0
 2510.000000     1058     1058        1        0     1058        0      830      824      120     2171        0        0        0
 2511.000000     1066     1066        1        0     1066        0      818      817      122     2145        0        0        0
 2512.000000     1051     1051        1        0     1051        0      803      801      131     2162        0        0        0
 2513.000000     1069     1069        1        0     1069        0      793      788      121     2176        0        0        0
 2514.000000     1031     1031        1        0     1031        0      802      796      132     2191        0        0        0
 2515.000000     1047     1047        1        0     1047        0      800      798      116     2190        0        0        0
 2516.000000     1075     1075        1        0     1075        0      810      807      107     2187        0        0        0
 2517.000000     1067     1067        1        0     1067        0      807      801      116     2171        0        0        0
 2518.000000     1056     1056        1        0     1056        0      796      789      122     2140        0        0        0
 2519.000000     1046     1046        1        0     1046        0      805      802      115     2174        0        0        0
 2520.000000     1062     1062        1        0     1062        0      810      808      124     2200        0        0        0
 2521.000000     1046     1046        1        0     1046        0      819      819      119     2194        0        0        0
 2522.000000     1053     1053        1        0     1053        0      816      816      133     2174        0        0        0
 2523.000000     1047     1047        1        0     1047        0      819      819      124     2153        0        0        0
 2524.000000     1048     1048        1        0     1048        0      815      815      127     2158        0        0        0
 2525.000000     1048     1048        1        0     1048        0      808      804      112     2177        0        0        0
 2526.000000     1033     1033        1        0     1033        0      797      795      128     2170        0        0        0
 2527.000000     1062     1062        1        0     1062        0      814      810      113     2190        0        0        0
 2528.000000     1081     1081        1        0     1081        0      815      810      115     2203        0        0        0
 2529.000000     1066     1066        1        0     1066        0      796      794      132     2181        0        0        0
 2530.000000     1058     1058        1        0     1058        0      810      805      123     2213        0        0        0
 2531.000000     1050     1050        1        0     1050        0      809      807      124     2186        0        0        0
 2532.000000     1065     1065        1        0     1065        0      812      811      114     2146        0        0        0
 2533.000000     1054     1054        1        0     1054        0      809      805      123     2176        0        0        0
 2534.000000     1073     1073        1        0     1073        0      813      802      138     2166        0        0        0
 2535.000000     1087     1087        1        0     1087        0      827      821      120     2197        0        0        0
 2536.000000     1073     1073        1        0     1073        0      830      825      130     2169        0        0        0
 2537.000000     1073     1073        1        0     1073        0      824      818      119     2160        0        0        0
 2538.000000     1061     1061        1        0     1061        0      826      823      117     2150        0        0        0
 2539.000000     1079     1067        2        0     1079        0      800      797      141     2193        0        0        0
 2540.000000     1103     1103        1        0     1103        0      822      816      134     2214        0        0        0
 2541.000000     1061     1061        1        0     1061        0      832      831      121     2208        0        0        0
 2542.000000     1064     1064        1        0     1064        0      825      821      123     2166        0        0        0
 2543.000000     1083     1083        1        0     1083        0      818      810      132     2204        0        0        0
 2544.000000     1099     1099        1        0     1099        0      828      822      117     2194        0        0        0
 2545.000000     1081     1081        1        0     1081        0      821      818      122     2188        0        0        0
 2546.000000     1079     1079        1        0     1079        0      831      820      134     2172        0        0        0
 2547.000000     1073     1073        1        0     1073        0      842      837      122     2198        0        0        0
 2548.000000     1091     1091        1        0     1091        0      850      847      120     2207        0        0        0
 2549.000000     1099     1087        2        0     1099        0      826      820      137     2197        0        0        0
 2550.000000     1096     1096        1        0     1096        0      843      838      126     2224        0        0        0
 2551.000000     1087     1087        1        0     1087        0      828      822      137     2219        0        0        0
 2552.000000     1088     1088        1        0     1088        0      857      854      124     2223        0        0        0
 2553.000000     1090     1090        1        0     1090        0      840      838      123     2199        0        0        0
 2554.000000     1087     1087        1        0     1087        0      839      836      125     2204        0        0        0
 2555.000000     1086     1086        1        0     1086        0      826      823      132     2226        0        0        0
 2556.000000     1070     1070        1        0     1070        0      840      835      129     2223        0        0        0
 2557.000000     1075     1075        1        0     1075        0      837      834      119     2203        0        0        0
 2558.000000     1107     1107        1        0     1107        0      836      831      123     2226        0        0        0
 2559.000000     1076     1076        1        0     1076        0      847      839      137     2235        0        0        0
 2560.000000     1081     1081        1        0     1081        0      837      834      130     2234        0        0        0
 2561.000000     1081     1081        1        0     1081        0      853      851      116     2217        0        0        0
 2562.000000     1088     1088        1        0     1088        0      848      847      122     2220        0        0        0
 2563.000000     1087     1087        1        0     1087        0      831      830      143     2221        0        0        0
 2564.000000     1082     1082        1        0     1082        0      837      836      135     2199        0        0        0
 2565.000000     1089     1089        1        0     1089        0      839      835      124     2219        0        0        0
 2566.000000     1086     1086        1        0     1086        0      830      827      134     2236        0        0        0
 2567.000000     1089     1089        1        0     1089        0      835      833      122     2210        0        0        0
 2568.000000     1081     1081        1        0     1081        0      838      835      125     2202        0        0        0
 2569.000000     1087     1087        1        0     1087        0      843      840      117     2217        0        0        0
 2570.000000     1098     1098        1        0     1098        0      831      826      136     2242        0        0        0
 2571.000000     1092     1092        1        0     1092        0      839      833      142     2216        0        0        0
 2572.000000     1085     1085        1        0     1085        0      829      825      132     2214        0        0        0
 2573.000000     1097     1097        1        0     1097        0      828      826      151     2204        0        0        0
 2574.000000     1128     1114        2       14     1114        0      843      837      140     2239        0        0        0
 2575.000000     1092     1092        1        0     1092        0      839      833      142     2220        0        0        0
 2576.000000     1098     1098        1        0     1098        0      834      832      124     2237        0        0        0
 2577.000000     1102     1102        1        0     1102        0      864      859      136     2210        0        0        0
 2578.000000     1104     1104        1        0     1104        0      840      838      131     2215        0        0        0
 2579.000000     1088     1088        1        0     1088        0      847      841      144     2198        0        0        0
 2580.000000     1103     1103        1        0     1103        0      854      851      134     2212        0        0        0
 2581.000000     1097     1097        1        0     1097        0      846      841      125     2215        0        0        0
 2582.000000     1090     1090        1        0     1090        0      835      834      138     2218        0        0        0
 2583.000000     1091     1091        1        0     1091        0      839      838      129     2228        0        0        0
 2584.000000     1089     1089        1        0     1089        0      848      844      135     2264        0        0        0
 2585.000000     1080     1080        1        0     1080        0      839      839      127     2218        0        0        0
 2586.000000     1090     1090        1        0     1090        0      832      832      130     2226        0        0        0
 2587.000000     1091     1091        1        0     1091        0      833      828      136     2251        0        0        0
 2588.000000     1073     1073        1        0     1073        0      826      822      141     2217        0        0        0
 2589.000000     1078     1078        1        0     1078        0      833      831      125     2239        0        0        0
 2590.000000     1083     1083        1        0     1083        0      837      834      128     2221        0        0        0
 2591.000000     1109     1109        1        0     1109        0      829      825      145     2237        0        0        0
 2592.000000     1072     1072        1        0     1072        0      834      826      132     2223        0        0        0
 2593.000000     1077     1077        1        0     1077        0      819      817      133     2226        0        0        0
 2594.000000     1079     1079        1        0     1079        0      828      823      130     2214        0        0        0
 2595.000000     1098     1098        1        0     1098        0      824      821      146     2241        0        0        0
 2596.000000     1084     1084        1        0     1084        0      826      825      124     2255        0        0        0
 2597.000000     1089     1089        1        0     1089        0      846      842      127     2252        0        0        0
 2598.000000     1083     1083        1        0     1083        0      850      846      127     2243        0        0        0
 2599.000000     1090     1090        1        0     1090        0      859      853      113     2248        0        0        0
 2600.000000     1093     1093        1        0     1093        0      843      841      143     2278        0        0        0
 2601.000000     1095     1095        1        0     1095        0      838      834      140     2261        0        0        0
 2602.000000     1085     1085        1        0     1085        0      859      856      128     2250        0        0        0
 2603.000000     1090     1090        1        0     1090        0      868      866      118     2274        0        0        0
 2604.000000     1091     1091        1        0     1091        0      871      870      118     2269        0        0        0
 2605.000000     1090     1090        1        0     1090        0      861      857      125     2279        0        0        0
 2606.000000     1084     1084        1        0     1084        0      842      839      124     2268        0        0        0
 2607.000000     1089     1089        1        0     1089        0      847      845      138     2253        0        0        0
 2608.000000     1085     1085        1        0     1085        0      860      858      140     2248        0        0        0
 2609.000000     1085     1085        1        0     1085        0      863      860      124     2273        0        0        0
 2610.000000     1084     1084        1        0     1084        0      859      856      119     2263        0        0        0
 2611.000000     1100     1100        1        0     1100        0      858      856      117     2237        0        0        0
 2612.000000     1090     1090        1        0     1090        0      867      866      126     2243        0        0        0
 2613.000000     1091     1091        1        0     1091        0      862      857      128     2251        0        0        0
 2614.000000     1079     1079        1        0     1079        0      857      852      121     2252        0        0        0
 2615.000000     1080     1080        1        0     1080        0      859      856      142     2234        0        0        0
 2616.000000     1083     1083        1        0     1083        0      852      845      142     2243        0        0        0
 2617.000000     1092     1092        1        0     1092        0      853      850      118     2246        0        0        0
 2618.000000     1083     1083        1        0     1083        0      844      840      137     2260        0        0        0
 2619.000000     1105     1105        1        0     1105        0      873      869      118     2248        0        0        0
 2620.000000     1089     1089        1        0     1089        0      848      845      125     2240        0        0        0
 2621.000000     1096     1096        1        0     1096        0      873      871      133     2256        0        0        0
 2622.000000     1097     1097        1        0     1097        0      858      857      129     2266        0        0        0
 2623.000000     1101     1101        1        0     1101        0      865      863      131     2252        0        0        0
 2624.000000     1099     1099        1        0     1099        0      849      847      137     2266        0        0        0
 2625.000000     1098     1098        1        0     1098        0      863      863      135     2254        0        0        0
 2626.000000     1089     1089        1        0     1089        0      866      864      126     2232        0        0        0
 2627.000000     1093     1093        1        0     1093        0      851      848      131     2248        0        0        0
 2628.000000     1095     1095        1        0     1095        0      854      847      131     2240        0        0        0
 2629.000000     1088     1088        1        0     1088        0      847      843      133     2254        0        0        0
 2630.000000     1099     1099        1        0     1099        0      856      854      119     2259        0        0        0
 2631.000000     1092     1092        1        0     1092        0      849      847      142     2237        0        0        0
 2632.000000     1087     1087        1        0     1087        0      862      860      130     2247        0        0        0
 2633.000000     1093     1093        1        0     1093        0      858      856      121     2246        0        0        0
 2634.000000     1086     1086        1        0     1086        0      849      847      130     2232        0        0        0
 2635.000000     1092     1092        1        0     1092        0      864      860      116     2221        0        0        0
 2636.000000     1087     1087        1        0     1087        0      853      851      149     2213        0        0        0
 2637.000000     1088     1088        1        0     1088        0      861      859      114     2213        0        0        0
 2638.000000     1089     1089        1        0     1089        0      861      859      123     2212        0        0        0
 2639.000000     1091     1091        1        0     1091        0      858      854      136     2234        0        0        0
 2640.000000     1096     1096        1        0     1096        0      855      851      140     2255        0        0        0
 2641.000000     1089     1089        1        0     1089        0      858      853      132     2254        0        0        0
 2642.000000     1085     1085        1        0     1085        0      863      860      130     2235        0        0        0
 2643.000000     1075     1075        1        0     1075        0      855      853      138     2250        0        0        0
 2644.000000     1084     1084        1        0     1084        0      859      857      117     2248        0        0        0
 2645.000000     1085     1085        1       11     1070        4      853      851      133     2240        0        0        0
 2646.000000     1061     1061        1        0     1061        0      829      827      141     2227        0        0        0
 2647.000000     1070     1070        1        0     1070        0      847      845      124     2247        0        0        0
 2648.000000     1068     1068        1        0     1068        0      846      842      120     2219        0        0        0
 2649.000000     1072     1072        1        0     1072        0      840      836      127     2185        0        0        0
 2650.000000     1083     1083        1        0     1083        0      833      828      116     2225        0        0        0
 2651.000000     1102     1102        1        0     1102        0      845      838      121     2214        0        0        0
 2652.000000     1081     1081        1        0     1081        0      841      836      120     2227        0        0        0
 2653.000000     1074     1074        1        0     1074        0      836      835      125     2243        0        0        0
 2654.000000     1092     1092        1        0     1092        0      835      834      121     2231        0        0        0
 2655.000000     1076     1076        1        0     1076        0      827      826      128     2224        0        0        0
 2656.000000     1078     1078        1        0     1078        0      835      833      129     2202        0        0        0
 2657.000000     1074     1074        1        0     1074        0      847      845      110     2220        0        0        0
 2658.000000     1073     1073        1        0     1073        0      831      826      115     2208        0        0        0
 2659.000000     1070     1070        1        0     1070        0      832      830      135     2204        0        0        0
 2660.000000     1065     1065        1        0     1065        0      826      825      116     2200        0        0        0
 2661.000000     1068     1068        1        0     1068        0      845      840      128     2209        0        0        0
 2662.000000     1067     1067        1        0     1067        0      833      826      121     2208        0        0        0
 2663.000000     1066     1066        1        0     1066        0      830      828      129     2199        0        0        0
 2664.000000     1074     1074        1        0     1074        0      830      829      121     2197        0        0        0
 2665.000000     1060     1060        1        0     1060        0      833      828      133     2178        0        0        0
 2666.000000     1063     1063        1        0     1063        0      838      835      119     2200        0        0        0
 2667.000000     1062     1062        1        0     1048       14      823      820      128     2175        0        0        0
 2668.000000     1050     1050        1        0     1050        0      808      806      131     2182        0        0        0
 2669.000000     1052     1052        1        0     1052        0      814      811      137     2197        0        0        0
 2670.000000     1046     1046        1        0     1046        0      834      830      126     2181        0        0        0
 2671.000000     1046     1046        1        0     1046        0      821      816      136     2192        0        0        0
 2672.000000     1041     1041        1        0     1041        0      828      825      130     2213        0        0        0
 2673.000000     1043     1043        1        0     1043        0      825      818      131     2188        0        0        0
 2674.000000     1040     1040        1        0     1040        0      827      822      135     2210        0        0        0
 2675.000000     1040     1040        1        0     1040        0      823      817      139     2179        0        0        0
 2676.000000     1037     1037        1        0     1037        0      803      800      143     2179        0        0        0
 2677.000000     1040     1040        1        0     1040        0      826      824      115     2179        0        0        0
 2678.000000     1042     1042        1        0     1042        0      826      821      153     2201        0        0        0
 2679.000000     1040     1040        1        0     1040        0      829      827      124     2163        0        0        0
 2680.000000     1036     1036        1        0     1036        0      835      829      129     2175        0        0        0
 2681.000000     1050     1050        1        0     1050        0      821      819      117     2173        0        0        0
 2682.000000     1053     1053        1        0     1053        0      837      832      127     2193        0        0        0
 2683.000000     1049     1049        1        0     1049        0      821      816      139     2184        0        0        0
 2684.000000     1049     1049        1        0     1049        0      827      826      121     2208        0        0        0
 2685.000000     1060     1060        1        6     1046        8      819      814      130     2199        0        0        0
 2686.000000     1057     1057        1        6     1043        8      826      824      136     2208        0        0        0
 2687.000000     1061     1061        1        6     1047        8      826      823      134     2202        0        0        0
 2688.000000     1056     1056        1        6     1042        8      845      842      126     2201        0        0        0
 2689.000000     1051     1051        1        6     1037        8      837      832      114     2182        0        0        0
 2690.000000     1069     1069        1        6     1055        8      816      810      145     2181        0        0        0
 2691.000000     1042     1042        1        0     1042        0      810      805      140     2179        0        0        0
 2692.000000     1052     1052        1        0     1052        0      821      814      140     2196        0        0        0
 2693.000000     1041     1041        1        0     1041        0      828      826      123     2173        0        0        0
 2694.000000     1042     1042        1        0     1042        0      824      822      128     2163        0        0        0
 2695.000000     1052     1052        1        6     1038        8      825      819      120     2190        0        0        0
 2696.000000     1050     1050        1        6     1036        8      818      817      125     2175        0        0        0
 2697.000000     1058     1058        1        6     1044        8      827      821      134     2217        0        0        0
 2698.000000     1056     1056        1        6     1042        8      823      819      132     2190        0        0        0
 2699.000000     1067     1067        1        6     1053        8      831      826      133     2212        0        0        0
 2700.000000     1057     1057        1        6     1043        8      830      827      132     2203        0        0        0
 2701.000000     1073     1073        1        6     1059        8      823      821      122     2197        0        0        0
 2702.000000     1053     1053        1        6     1039        8      829      823      128     2185        0        0        0
 2703.000000     1053     1053        1        6     1039        8      820      816      128     2185        0        0        0
 2704.000000     1049     1049        1        6     1035        8      820      815      132     2181        0        0        0
 2705.000000     1036     1036        1        6     1022        8      836      830      122     2159        0        0        0
 2706.000000     1062     1062        1        6     1048        8      817      812      129     2203        0        0        0
 2707.000000     1057     1057        1        6     1043        8      819      815      122     2201        0        0        0
 2708.000000     1074     1074        1        6     1060        8      822      820      129     2228        0        0        0
 2709.000000     1061     1061        1        6     1047        8      815      810      135     2211        0        0        0
 2710.000000     1054     1054        1        6     1040        8      811      809      140     2211        0        0        0
 2711.000000     1056     1056        1        6     1042        8      825      822      119     2207        0        0        0
 2712.000000     1077     1077        1        6     1063        8      798      795      126     2170        0        0        0
 2713.000000     1072     1060        2        6     1058        8      838      835      120     2192        0        0        0
 2714.000000     1084     1072        2        6     1070        8      829      825      127     2199        0        0        0
 2715.000000     1064     1064        1        3     1050       11      826      823      129     2215        0        0        0
 2716.000000     1059     1059        1        6     1045        8      833      831      114     2199        0        0        0
 2717.000000     1059     1059        1        6     1045        8      830      825      121     2177        0        0        0
 2718.000000     1057     1057        1        6     1043        8      825      821      115     2173        0        0        0
 2719.000000     1056     1056        1        6     1042        8      817      815      128     2192        0        0        0
 2720.000000     1055     1055        1        6     1041        8      843      840      118     2201        0        0        0
 2721.000000     1054     1054        1        6     1040        8      822      818      121     2196        0        0        0
 2722.000000     1053     1053        1        6     1039        8      800      795      130     2182        0        0        0
 2723.000000     1053     1053        1        7     1038        8      835      832      127     2172        0        0        0
 2724.000000     1069     1069        1        6     1055        8      836      833      130     2207        0        0        0
 2725.000000     1063     1063        1        6     1049        8      835      834      113     2226        0        0        0
 2726.000000     1060     1060        1        6     1046        8      842      839      124     2222        0        0        0
 2727.000000     1070     1070        1        0     1070        0      829      825      136     2204        0        0        0
 2728.000000     1053     1053        1        0     1053        0      844      843      122     2204        0        0        0
 2729.000000     1050     1050        1        0     1050        0      833      832      118     2219        0        0        0
 2730.000000     1048     1048        1        0     1048        0      839      835      135     2209        0        0        0
 2731.000000     1049     1049        1        0     1049        0      837      835      108     2187        0        0        0
 2732.000000     1062     1062        1        0     1062        0      853      849      113     2227        0        0        0
 2733.000000     1058     1058        1        0     1058        0      843      841      116     2223        0        0        0
 2734.000000     1058     1058        1        0     1058        0      861      860      115     2242        0        0        0
 2735.000000     1051     1051        1        0     1051        0      842      839      125     2251        0        0        0
 2736.000000     1062     1062        1        0     1062        0      848      846      128     2252        0        0        0
 2737.000000     1056     1056        1        0     1056        0      845      841      132     2245        0        0        0
 2738.000000     1058     1058        1        0     1058        0      844      842      119     2207        0        0        0
 2739.000000     1061     1061        1        0     1061        0      849      846      131     2217        0        0        0
 2740.000000     1067     1067        1        0     1067        0      847      843      130     2223        0        0        0
 2741.000000     1068     1068        1        0     1068        0      858      856      124     2240        0        0        0
 2742.000000     1064     1064        1        0     1064        0      845      841      119     2220        0        0        0
 2743.000000     1063     1063        1        0     1063        0      856      852      114     2212        0        0        0
 2744.000000     1051     1051        1        0     1051        0      831      829      135     2204        0        0        0
 2745.000000     1085     1085        1        0     1085        0      842      842      113     2215        0        0        0
 2746.000000     1091     1091        1        0     1091        0      834      831      130     2215        0        0        0
 2747.000000     1070     1070        1        0     1070        0      842      839      125     2209        0        0        0
 2748.000000     1073     1073        1        0     1073        0      859      857      124     2213        0        0        0
 2749.000000     1076     1076        1        0     1076        0      846      842      129     2232        0        0        0
 2750.000000     1065     1065        1        0     1065        0      840      833      135     2217        0        0        0
 2751.000000     1062     1062        1        0     1062        0      827      819      134     2240        0        0        0
 2752.000000     1061     1061        1        0     1061        0      834      832      129     2214        0        0        0
 2753.000000     1073     1073        1        0     1073        0      838      833      129     2249        0        0        0
 2754.000000     1083     1083        1        0     1083        0      828      822      122     2256        0        0        0
 2755.000000     1084     1084        1        0     1084        0      832      826      127     2223        0        0        0
 2756.000000     1062     1062        1        0     1062        0      833      829      116     2233        0        0        0
 2757.000000     1073     1073        1        0     1073        0      842      836      136     2227        0        0        0
 2758.000000     1065     1065        1        0     1065        0      824      820      134     2212        0        0        0
 2759.000000     1064     1064        1        0     1064        0      847      841      136     2231        0        0        0
 2760.000000     1069     1069        1        0     1069        0      842      839      130     2208        0        0        0
 2761.000000     1065     1065        1        0     1065        0      844      840      126     2209        0        0        0
 2762.000000     1072     1072        1        0     1072        0      852      847      134     2223        0        0        0
 2763.000000     1061     1061        1        0     1061        0      842      838      136     2214        0        0        0
 2764.000000     1070     1070        1        0     1070        0      836      831      127     2228        0        0        0
 2765.000000     1070     1070        1        0     1070        0      822      817      132     2229        0        0        0
 2766.000000     1059     1059        1        0     1059        0      834      830      129     2246        0        0        0
 2767.000000     1068     1068        1        0     1068        0      825      818      141     2227        0        0        0
 2768.000000     1063     1063        1        0     1063        0      837      831      131     2221        0        0        0
 2769.000000     1081     1067        2       14     1067        0      839      831      146     2216        0        0        0
 2770.000000     1065     1065        1        0     1065        0      819      812      145     2213        0        0        0
 2771.000000     1071     1071        1        0     1071        0      841      835      130     2203        0        0        0
 2772.000000     1073     1073        1        0     1073        0      838      835      119     2207        0        0        0
 2773.000000     1071     1071        1        0     1071        0      835      827      140     2242        0        0        0
 2774.000000     1088     1088        1        0     1088        0      852      847      126     2215        0        0        0
 2775.000000     1071     1071        1        0     1071        0      850      844      124     2205        0        0        0
 2776.000000     1069     1069        1        0     1069        0      818      809      141     2206        0        0        0
 2777.000000     1065     1065        1        0     1065        0      847      839      127     2210        0        0        0
 2778.000000     1068     1068        1        0     1068        0      827      823      131     2198        0        0        0
 2779.000000     1070     1070        1        0     1070        0      838      829      128     2226        0        0        0
 2780.000000     1086     1086        1        0     1086        0      830      822      128     2240        0        0        0
 2781.000000     1064     1064        1        0     1064        0      841      837      125     2232        0        0        0
 2782.000000     1069     1069        1        0     1069        0      853      848      117     2245        0        0        0
 2783.000000     1073     1073        1        0     1073        0      860      856      113     2222        0        0        0
 2784.000000     1078     1078        1        0     1078        0      834      832      132     2230        0        0        0
 2785.000000     1100     1100        1        0     1100        0      826      822      153     2230        0        0        0
 2786.000000     1077     1077        1        0     1077        0      858      855      127     2243        0        0        0
 2787.000000     1078     1078        1        0     1078        0      838      834      120     2232        0        0        0
 2788.000000     1060     1060        1        0     1060        0      853      849      110     2253        0        0        0
 2789.000000     1083     1083        1        0     1083        0      851      847      127     2255        0        0        0
 2790.000000     1087     1087        1        0     1087        0      850      847      127     2237        0        0        0
 2791.000000     1087     1087        1        0     1087        0      845      843      130     2262        0        0        0
 2792.000000     1081     1081        1        0     1081        0      836      831      125     2247        0        0        0
 2793.000000     1087     1087        1        0     1087        0      843      839      128     2244        0        0        0
 2794.000000     1084     1084        1        0     1084        0      845      839      129     2243        0        0        0
 2795.000000     1085     1085        1        0     1085        0      845      841      125     2218        0        0        0
 2796.000000     1093     1093        1        0     1093        0      853      846      135     2244        0        0        0
 2797.000000     1083     1083        1        0     1083        0      842      836      132     2245        0        0        0
 2798.000000     1089     1089        1        0     1089        0      846      843      125     2278        0        0        0
 2799.000000     1090     1090        1        0     1090        0      850      846      122     2233        0        0        0
 2800.000000     1088     1088        1        0     1088        0      848      846      131     2237        0        0        0
 2801.000000     1090     1090        1        0     1090        0      847      845      144     2246        0        0        0
 2802.000000     1096     1096        1        0     1096        0      850      844      126     2215        0        0        0
 2803.000000     1087     1087        1        0     1087        0      842      837      143     2223        0        0        0
 2804.000000     1138     1138        1        0     1138        0      856      855      126     2263        0        0        0
 2805.000000     1089     1089        1        0     1089        0      851      847      129     2255        0        0        0
 2806.000000     1090     1090        1        0     1090        0      857      854      132     2244        0        0        0
 2807.000000     1094     1094        1        0     1094        0      858      853      130     2274        0        0        0
 2808.000000     1125     1125        1        0     1125        0      861      858      138     2254        0        0        0
 2809.000000     1134     1134        1        0     1134        0      850      848      129     2252        0        0        0
 2810.000000     1115     1115        1        0     1115        0      858      854      122     2243        0        0        0
 2811.000000     1134     1134        1        0     1134        0      872      866      128     2260        0        0        0
 2812.000000     1133     1133        1        0     1133        0      848      846      127     2261        0        0        0
 2813.000000     1117     1117        1        0     1117        0      845      841      135     2262        0        0        0
 2814.000000     1090     1090        1        0     1090        0      859      852      137     2248        0        0        0
 2815.000000     1085     1085        1        0     1085        0      846      841      130     2225        0        0        0
 2816.000000     1091     1091        1        0     1091        0      853      848      123     2247        0        0        0
 2817.000000     1091     1091        1        0     1091        0      862      857      124     2250        0        0        0
 2818.000000     1123     1123        1        0     1123        0      850      850      129     2247        0        0        0
 2819.000000     1125     1125        1        0     1125        0      856      853      133     2246        0        0        0
 2820.000000     1111     1111        1        0     1111        0      869      864      120     2249        0        0        0
 2821.000000     1125     1125        1        0     1125        0      867      864      126     2226        0        0        0
 2822.000000     1083     1083        1        0     1083        0      844      839      117     2220        0        0        0
 2823.000000     1101     1101        1        0     1101        0      856      851      111     2217        0        0        0
 2824.000000     1104     1104        1        0     1104        0      863      861      110     2240        0        0        0
 2825.000000     1100     1100        1        0     1100        0      864      860      120     2253        0        0        0
 2826.000000     1098     1098        1        0     1098        0      855      853      129     2257        0        0        0
 2827.000000     1085     1085        1        0     1085        0      850      846      123     2257        0        0        0
 2828.000000     1092     1092        1        0     1092        0      843      841      129     2241        0        0        0
 2829.000000     1106     1106        1        0     1106        0      858      848      141     2231        0        0        0
 2830.000000     1099     1099        1        0     1099        0      872      868      118     2249        0        0        0
 2831.000000     1109     1109        1        0     1109        0      865      858      138     2247        0        0        0
 2832.000000     1104     1104        1        0     1104        0      859      855      121     2257        0        0        0
 2833.000000     1093     1093        1        0     1093        0      839      835      136     2258        0        0        0
 2834.000000     1115     1115        1        0     1115        0      841      838      142     2265        0        0        0
 2835.000000     1097     1097        1        0     1097        0      860      855      126     2269        0        0        0
 2836.000000     1107     1107        1        0     1107        0      849      847      126     2263        0        0        0
 2837.000000     1087     1087        1        0     1087        0      856      851      137     2247        0        0        0
 2838.000000     1101     1101        1        0     1101        0      846      842      117     2241        0        0        0
 2839.000000     1093     1093        1        0     1093        0      844      839      136     2268        0        0        0
 2840.000000     1101     1101        1        0     1101        0      856      855      122     2261        0        0        0
 2841.000000     1116     1116        1       14     1102        0      848      843      147     2277        0        0        0
 2842.000000     1129     1129        1       14     1114        1      850      847      119     2295        0        0        0
 2843.000000     1127     1127        1        0     1127        0      850      844      130     2259        0        0        0
 2844.000000     1092     1092        1        0     1092        0      857      852      131     2202        0        0        0
 2845.000000     1091     1091        1        0     1091        0      858      853      123     2265        0        0        0
 2846.000000     1090     1090        1        0     1090        0      851      847      123     2264        0        0        0
 2847.000000     1095     1095        1        0     1095        0      858      855      122     2285        0        0        0
 2848.000000     1106     1106        1        0     1106        0      866      863      128     2289        0        0        0
 2849.000000     1126     1126        1        0     1126        0      856      851      129     2267        0        0        0
 2850.000000     1102     1102        1        0     1102        0      851      847      138     2269        0        0        0
 2851.000000     1116     1116        1        0     1116        0      861      857      119     2290        0        0        0
 2852.000000     1119     1119        1        0     1119        0      867      862      125     2250        0        0        0
 2853.000000     1101     1101        1        0     1101        0      855      851      122     2265        0        0        0
 2854.000000     1103     1103        1        0     1103        0      846      840      133     2266        0        0        0
 2855.000000     1087     1087        1        0     1087        0      864      860      116     2278        0        0        0
 2856.000000     1111     1111        1       23     1088        0      847      844      132     2293        0        0        0
 2857.000000     1111     1111        1        0     1111        0      862      859      137     2253        0        0        0
 2858.000000     1123     1123        1       15     1105        3      853      851      125     2263        0        0        0
 2859.000000     1131     1131        1        0     1131        0      862      857      128     2274        0        0        0
 2860.000000     1100     1100        1        0     1100        0      858      857      123     2249        0        0        0
 2861.000000     1121     1121        1        0     1121        0      857      855      116     2285        0        0        0
 2862.000000     1108     1108        1        0     1108        0      874      869      137     2263        0        0        0
 2863.000000     1114     1114        1        0     1114        0      857      854      127     2286        0        0        0
 2864.000000     1101     1101        1        0     1101        0      855      854      134     2253        0        0        0
 2865.000000     1114     1114        1        0     1114        0      852      849      131     2263        0        0        0
 2866.000000     1097     1097        1        0     1097        0      859      858      125     2262        0        0        0
 2867.000000     1087     1087        1        0     1087        0      842      839      133     2246        0        0        0
 2868.000000     1114     1114        1        0     1114        0      867      863      116     2282        0        0        0
 2869.000000     1104     1104        1        0     1104        0      861      857      129     2262        0        0        0
 2870.000000     1103     1103        1        0     1103        0      864      860      120     2276        0        0        0
 2871.000000     1107     1107        1        0     1107        0      854      852      143     2268        0        0        0
 2872.000000     1103     1103        1        0     1103        0      859      857      116     2269        0        0        0
 2873.000000     1104     1104        1        0     1104        0      845      840      141     2284        0        0        0
 2874.000000     1107     1107        1        0     1107        0      855      852      129     2278        0        0        0
 2875.000000     1122     1122        1       14     1108        0      856      853      133     2281        0        0        0
 2876.000000     1104     1104        1        0     1104        0      856      851      131     2272        0        0        0
 2877.000000     1105     1105        1       14     1091        0      856      853      127     2248        0        0        0
 2878.000000     1107     1107        1       14     1093        0      850      848      129     2239        0        0        0
 2879.000000     1115     1115        1       14     1101        0      861      857      132     2259        0        0        0
 2880.000000     1106     1106        1       14     1092        0      847      842      136     2263        0        0        0
 2881.000000     1118     1118        1        0     1118        0      839      835      141     2274        0        0        0
 2882.000000     1103     1103        1        0     1103        0      848      844      120     2263        0        0        0
 2883.000000     1102     1102        1       14     1088        0      853      850      132     2250        0        0        0
 2884.000000     1084     1084        1        0     1084        0      839      836      125     2248        0        0        0
 2885.000000     1101     1101        1        0     1101        0      836      834      129     2251        0        0        0
 2886.000000     1107     1107        1       16     1091        0      845      842      130     2266        0        0        0
 2887.000000     1088     1088        1        0     1088        0      847      843      135     2238        0        0        0
 2888.000000     1088     1088        1        0     1088        0      844      842      113     2234        0        0        0
 2889.000000     1102     1102        1        0     1102        0      848      846      117     2252        0        0        0
 2890.000000     1085     1085        1        0     1085        0      847      842      131     2240        0        0        0
 2891.000000     1085     1085        1        0     1085        0      838      837      135     2248        0        0        0
 2892.000000     1089     1089        1        0     1089        0      842      837      132     2249        0        0        0
 2893.000000     1078     1078        1        0     1078        0      851      848      126     2241        0        0        0
 2894.000000     1089     1089        1        0     1089        0      852      846      129     2233        0        0        0
 2895.000000     1095     1095        1        0     1095        0      840      836      129     2255        0        0        0
 2896.000000     1092     1092        1        0     1092        0      848      843      128     2288        0        0        0
 2897.000000     1095     1095        1        0     1095        0      841      836      144     2246        0        0        0
 2898.000000     1086     1086        1        0     1086        0      852      846      137     2258        0        0        0
 2899.000000     1078     1078        1        0     1078        0      842      836      130     2233        0        0        0
 2900.000000     1102     1102        1        0     1102        0      839      833      130     2253        0        0        0
 2901.000000     1084     1084        1        0     1084        0      820      813      145     2268        0        0        0
 2902.000000     1080     1080        1        0     1080        0      824      821      145     2230        0        0        0
 2903.000000     1078     1078        1        0     1078        0      846      841      126     2237        0        0        0
 2904.000000     1076     1076        1        0     1076        0      833      830      116     2242        0        0        0
 2905.000000     1066     1066        1        0     1066        0      834      828      136     2212        0        0        0
 2906.000000     1080     1080        1        0     1080        0      847      843      126     2218        0        0        0
 2907.000000     1072     1072        1        0     1072        0      841      839      125     2197        0        0        0
 2908.000000     1101     1101        1        0     1101        0      823      820      145     2211        0        0        0
 2909.000000     1077     1077        1        0     1077        0      840      835      126     2225        0        0        0
 2910.000000     1079     1079        1        0     1079        0      837      837      140     2228        0        0        0
 2911.000000     1082     1082        1        0     1082        0      827      825      139     2230        0        0        0
 2912.000000     1089     1089        1        0     1089        0      837      834      128     2237        0        0        0
 2913.000000     1074     1074        1        0     1074        0      837      833      127     2217        0        0        0
 2914.000000     1078     1078        1        0     1078        0      837      834      116     2227        0        0        0
 2915.000000     1081     1081        1        0     1081        0      826      825      133     2240        0        0        0
 2916.000000     1088     1088        1        0     1088        0      841      838      118     2243        0        0        0
 2917.000000     1090     1090        1        0     1090        0      853      850      117     2250        0        0        0
 2918.000000     1079     1079        1        0     1079        0      842      841      125     2257        0        0        0
 2919.000000     1089     1089        1        0     1089        0      846      845      127     2252        0        0        0
 2920.000000     1083     1083        1        0     1083        0      844      838      122     2254        0        0        0
 2921.000000     1080     1080        1        0     1080        0      835      831      121     2251        0        0        0
 2922.000000     1077     1077        1        0     1077        0      857      853      123     2262        0        0        0
 2923.000000     1080     1080        1        0     1080        0      843      839      124     2249        0        0        0
 2924.000000     1067     1067        1        0     1067        0      835      829      136     2236        0        0        0
 2925.000000     1082     1082        1        0     1082        0      857      852      111     2227        0        0        0
 2926.000000     1088     1088        1        0     1088        0      857      854      126     2255        0        0        0
 2927.000000     1079     1079        1        0     1079        0      848      843      122     2243        0        0        0
 2928.000000     1076     1076        1        0     1076        0      846      841      117     2233        0        0        0
 2929.000000     1081     1081        1        0     1081        0      852      849      132     2236        0        0        0
 2930.000000     1084     1084        1        0     1084        0      845      840      136     2236        0        0        0
 2931.000000     1087     1087        1        0     1087        0      832      827      145     2237        0        0        0
 2932.000000     1077     1077        1        0     1077        0      841      836      138     2233        0        0        0
 2933.000000     1081     1081        1        0     1081        0      855      850      132     2238        0        0        0
 2934.000000     1063     1063        1        0     1063        0      853      849      124     2226        0        0        0
 2935.000000     1068     1068        1        0     1068        0      844      841      139     2228        0        0        0
 2936.000000     1074     1060        2       14     1060        0      859      855      133     2239        0        0        0
 2937.000000     1061     1061        1        0     1061        0      839      835      138     2237        0        0        0
 2938.000000     1058     1058        1        0     1058        0      850      846      127     2263        0        0        0
 2939.000000     1064     1064        1        0     1064        0      840      834      142     2247        0        0        0
 2940.000000     1077     1077        1        0     1077        0      849      846      127     2266        0        0        0
 2941.000000     1058     1058        1        0     1058        0      854      852      126     2232        0        0        0
 2942.000000     1067     1067        1        0     1067        0      851      847      134     2248        0        0        0
 2943.000000     1061     1061        1        0     1061        0      831      830      125     2216        0        0        0
 2944.000000     1070     1070        1        0     1070        0      826      822      139     2254        0        0        0
 2945.000000     1060     1060        1        0     1060        0      841      838      136     2239        0        0        0
 2946.000000     1067     1067        1        0     1067        0      832      827      133     2256        0        0        0
 2947.000000     1075     1075        1        0     1075        0      820      813      137     2239        0        0        0
 2948.000000     1086     1074        2        0     1086        0      826      821      132     2239        0        0        0
 2949.000000     1090     1078        2        0     1090        0      834      830      135     2244        0        0        0
 2950.000000     1078     1078        1        0     1078        0      846      844      116     2250        0        0        0
 2951.000000     1075     1075        1        0     1075        0      831      828      127     2242        0        0        0
 2952.000000     1095     1095        1        0     1095        0      852      846      123     2257        0        0        0
 2953.000000     1077     1077        1        0     1077        0      847      842      126     2235        0        0        0
 2954.000000     1089     1089        1        0     1089        0      855      851      124     2272        0        0        0
 2955.000000     1085     1085        1        0     1085        0      856      854      125     2280        0        0        0
 2956.000000     1114     1114        1       12     1098        4      856      851      126     2284        0        0        0
 2957.000000     1088     1088        1        0     1088        0      858      857      126     2291        0        0        0
 2958.000000     1077     1077        1        0     1077        0      843      842      119     2279        0        0        0
 2959.000000     1080     1080        1        0     1080        0      834      831      128     2273        0        0        0
 2960.000000     1084     1084        1        0     1084        0      842      838      130     2279        0        0        0
 2961.000000     1086     1086        1        0     1086        0      846      843      122     2247        0        0        0
 2962.000000     1088     1088        1        0     1088        0      846      844      114     2257        0        0        0
 2963.000000     1078     1078        1        0     1078        0      853      847      134     2244        0        0        0
 2964.000000     1075     1075        1        0     1075        0      848      844      123     2254        0        0        0
 2965.000000     1084     1084        1        0     1084        0      851      843      128     2239        0        0        0
 2966.000000     1085     1085        1        0     1085        0      837      833      140     2249        0        0        0
 2967.000000     1097     1097        1        0     1097        0      844      843      119     2250        0        0        0
 2968.000000     1080     1080        1        0     1080        0      848      842      114     2240        0        0        0
 2969.000000     1090     1090        1        0     1090        0      848      840      136     2237        0        0        0
 2970.000000     1089     1089        1        0     1089        0      833      828      138     2263        0        0        0
 2971.000000     1080     1080        1        0     1080        0      847      841      134     2255        0        0        0
 2972.000000     1078     1078        1        0     1078        0      839      835      128     2256        0        0        0
 2973.000000     1088     1088        1        0     1088        0      836      831      136     2256        0        0        0
 2974.000000     1085     1085        1        0     1085        0      836      831      133     2249        0        0        0
 2975.000000     1101     1101        1        0     1101        0      860      854      124     2254        0        0        0
 2976.000000     1089     1089        1        0     1089        0      851      847      129     2228        0        0        0
 2977.000000     1092     1092        1        0     1092        0      842      836      124     2244        0        0        0
 2978.000000     1080     1080        1        0     1080        0      826      821      132     2216        0        0        0
 2979.000000     1101     1101        1        0     1101        0      846      840      126     2255        0        0        0
 2980.000000     1080     1080        1        0     1080        0      828      826      136     2271        0        0        0
 2981.000000     1086     1086        1        0     1086        0      846      839      133     2250        0        0        0
 2982.000000     1112     1112        1        0     1112        0      842      838      138     2262        0        0        0
 2983.000000     1072     1072        1        0     1072        0      837      834      131     2274        0        0        0
 2984.000000     1061     1061        1        0     1061        0      838      832      125     2262        0        0        0
 2985.000000     1073     1073        1        0     1073        0      829      826      143     2249        0        0        0
 2986.000000     1078     1078        1        0     1078        0      862      860      118     2258        0        0        0
 2987.000000     1067     1067        1        0     1067        0      846      844      131     2241        0        0        0
 2988.000000     1082     1082        1        0     1082        0      865      863      119     2249        0        0        0
 2989.000000     1098     1098        1        0     1098        0      862      857      119     2242        0        0        0
 2990.000000     1078     1078        1        0     1078        0      845      842      149     2243        0        0        0
 2991.000000     1082     1082        1        0     1082        0      856      851      129     2250        0        0        0
 2992.000000     1074     1074        1        0     1074        0      854      851      136     2243        0        0        0
 2993.000000     1061     1061        1        0     1061        0      839      835      139     2249        0        0        0
 2994.000000     1059     1059        1        0     1059        0      870      867      146     2252        0        0        0
 2995.000000     1056     1056        1        0     1056        0      861      855      137     2264        0        0        0
 2996.000000     1070     1070        1        0     1070        0      851      843      132     2271        0        0        0
 2997.000000     1056     1056        1        0     1056        0      873      866      123     2268        0        0        0
 2998.000000     1056     1056        1        0     1056        0      854      849      132     2257        0        0        0
 2999.000000     1047     1047        1        0     1047        0      876      870      130     2255        0        0        0
 3000.000000     1058     1058        1        0     1058        0      852      847      138     2278        0        0        0
 3001.000000     1075     1075        1        0     1075        0      856      850      142     2285        0        0        0
 3002.000000     1064     1064        1        0     1064        0      869      865      118     2259        0        0        0
 3003.000000     1054     1054        1        0     1054        0      860      855      136     2242        0        0        0
 3004.000000     1056     1056        1        0     1056        0      866      863      119     2248        0        0        0
 3005.000000     1077     1077        1        0     1077        0      859      855      135     2257        0        0        0
 3006.000000     1081     1081        1        0     1081        0      856      852      138     2254        0        0        0
 3007.000000     1076     1076        1        0     1076        0      851      850      138     2242        0        0        0
 3008.000000     1105     1105        1        0     1105        0      862      858      131     2239        0        0        0
 3009.000000     1077     1077        1        0     1077        0      862      858      142     2266        0        0        0
 3010.000000     1048     1048        1        0     1048        0      854      846      132     2248        0        0        0
 3011.000000     1072     1072        1        0     1072        0      860      856      120     2277        0        0        0
 3012.000000     1055     1055        1        0     1055        0      852      851      124     2262        0        0        0
 3013.000000     1050     1050        1        0     1050        0      859      857      126     2245        0        0        0
 3014.000000     1056     1056        1        0     1056        0      848      843      138     2214        0        0        0
 3015.000000     1075     1075        1        0     1075        0      847      843      143     2244        0        0        0
 3016.000000     1071     1071        1        0     1071        0      855      850      153     2276        0        0        0
 3017.000000     1073     1073        1        0     1073        0      870      868      128     2311        0        0        0
 3018.000000     1066     1066        1        0     1066        0      873      868      135     2286        0        0        0
 3019.000000     1088     1088        1        0     1088        0      872      868      135     2268        0        0        0
 3020.000000     1075     1063        2        0     1075        0      861      858      128     2258        0        0        0
 3021.000000     1061     1061        1        0     1061        0      865      863      137     2271        0        0        0
 3022.000000     1072     1060        2        0     1072        0      857      853      134     2289        0        0        0
 3023.000000     1062     1062        1        0     1062        0      875      869      138     2283        0        0        0
 3024.000000     1059     1059        1        0     1059        0      876      872      115     2286        0        0        0
 3025.000000     1058     1058        1        0     1058        0      877      872      141     2290        0        0        0
 3026.000000     1067     1067        1        0     1067        0      865      860      139     2255        0        0        0
 3027.000000     1072     1072        1        0     1072        0      858      853      140     2294        0        0        0
 3028.000000     1060     1060        1        0     1060        0      869      867      127     2302        0        0        0
 3029.000000     1085     1085        1        0     1085        0      863      856      134     2266        0        0        0
 3030.000000     1072     1072        1        0     1072        0      858      853      144     2293        0        0        0
 3031.000000     1089     1089        1        0     1089        0      864      861      128     2278        0        0        0
 3032.000000     1075     1075        1        0     1075        0      869      867      125     2271        0        0        0
 3033.000000     1053     1053        1        0     1053        0      844      843      142     2259        0        0        0
 3034.000000     1057     1057        1        0     1057        0      871      868      133     2249        0        0        0
 3035.000000     1084     1084        1        0     1084        0      857      855      126     2266        0        0        0
 3036.000000     1064     1064        1        0     1064        0      867      861      135     2261        0        0        0
 3037.000000     1056     1056        1        0     1056        0      860      854      129     2256        0        0        0
 3038.000000     1060     1060        1        0     1060        0      864      864      117     2262        0        0        0
 3039.000000     1065     1065        1        0     1065        0      860      855      131     2243        0        0        0
 3040.000000     1069     1069        1        0     1069        0      856      853      120     2285        0        0        0
 3041.000000     1071     1071        1        0     1071        0      867      866      117     2275        0        0        0
 3042.000000     1088     1088        1        0     1088        0      856      852      131     2288        0        0        0
 3043.000000     1071     1071        1        0     1071        0      861      858      131     2290        0        0        0
 3044.000000     1056     1056        1        0     1056        0      867      863      127     2274        0        0        0
 3045.000000     1058     1058        1        0     1058        0      863      860      134     2280        0        0        0
 3046.000000     1064     1064        1        0     1064        0      869      864      134     2288        0        0        0
 3047.000000     1059     1059        1        0     1059        0      864      856      134     2243        0        0        0
 3048.000000     1058     1058        1        0     1058        0      867      866      127     2264        0        0        0
 3049.000000     1065     1065        1        0     1065        0      859      855      140     2234        0        0        0
 3050.000000     1067     1067        1        0     1067        0      878      873      129     2270        0        0        0
 3051.000000     1079     1079        1        0     1079        0      855      854      134     2253        0        0        0
 3052.000000     1068     1068        1        0     1068        0      857      853      128     2249        0        0        0
 3053.000000     1065     1065        1        0     1065        0      869      867      128     2254        0        0        0
 3054.000000     1065     1065        1        0     1065        0      866      861      136     2287        0        0        0
 3055.000000     1067     1067        1        0     1067        0      860      855      134     2263        0        0        0
 3056.000000     1071     1071        1        0     1071        0      859      854      137     2281        0        0        0
 3057.000000     1081     1081        1        0     1081        0      873      867      139     2290        0        0        0
 3058.000000     1082     1082        1        0     1082        0      888      880      128     2292        0        0        0
 3059.000000     1085     1085        1        0     1085        0      870      860      137     2270        0        0        0
 3060.000000     1069     1069        1        0     1069        0      869      864      138     2296        0        0        0
 3061.000000     1084     1084        1        0     1084        0      885      878      140     2280        0        0        0
 3062.000000     1091     1091        1        0     1091        0      889      881      141     2328        0        0        0
 3063.000000     1086     1086        1        0     1086        0      896      889      124     2311        0        0        0
 3064.000000     1089     1089        1        0     1089        0      891      885      128     2329        0        0        0
 3065.000000     1093     1093        1        0     1093        0      898      893      119     2311        0        0        0
 3066.000000     1096     1096        1        0     1096        0      889      883      127     2296        0        0        0
 3067.000000     1084     1084        1        0     1084        0      893      887      139     2335        0        0        0
 3068.000000     1082     1082        1        0     1082        0      892      887      133     2299        0        0        0
 3069.000000     1093     1093        1        0     1093        0      889      883      125     2315        0        0        0
 3070.000000     1084     1084        1        0     1084        0      887      881      132     2283        0        0        0
 3071.000000     1088     1088        1        0     1088        0      861      858      156     2294        0        0        0
 3072.000000     1091     1078        2        0     1091        0      878      875      129     2295        0        0        0
 3073.000000     1081     1081        1        0     1081        0      884      877      125     2292        0        0        0
 3074.000000     1078     1078        1        0     1078        0      883      877      128     2276        0        0        0
 3075.000000     1096     1096        1        0     1096        0      884      878      133     2311        0        0        0
 3076.000000     1081     1081        1        0     1081        0      881      879      113     2280        0        0        0
 3077.000000     1078     1078        1        0     1078        0      859      854      138     2301        0        0        0
 3078.000000     1097     1097        1        0     1097        0      870      863      138     2300        0        0        0
 3079.000000     1080     1080        1        0     1080        0      884      882      134     2291        0        0        0
 3080.000000     1084     1084        1        0     1084        0      878      873      141     2287        0        0        0
 3081.000000     1094     1094        1        0     1094        0      879      870      128     2277        0        0        0
 3082.000000     1109     1109        1        0     1109        0      898      894      126     2263        0        0        0
 3083.000000     1089     1089        1        0     1089        0      881      879      131     2278        0        0        0
 3084.000000     1086     1086        1        0     1086        0      886      880      124     2271        0        0        0
 3085.000000     1086     1086        1        0     1086        0      869      861      135     2286        0        0        0
 3086.000000     1084     1084        1        0     1084        0      887      883      130     2253        0        0        0
 3087.000000     1091     1091        1        0     1091        0      863      858      150     2274        0        0        0
 3088.000000     1107     1107        1        0     1107        0      896      890      128     2251        0        0        0
 3089.000000     1110     1110        1        0     1110        0      864      862      132     2288        0        0        0
 3090.000000     1103     1103        1        0     1103        0      861      861      121     2266        0        0        0
 3091.000000     1119     1119        1        0     1119        0      883      883      121     2274        0        0        0
 3092.000000     1105     1105        1        0     1105        0      879      877      129     2268        0        0        0
 3093.000000     1102     1102        1        0     1102        0      882      880      119     2266        0        0        0
 3094.000000     1106     1106        1        0     1106        0      877      876      131     2282        0        0        0
 3095.000000     1099     1099        1        0     1099        0      872      867      145     2269        0        0        0
 3096.000000     1089     1089        1        0     1089        0      882      878      132     2264        0        0        0
 3097.000000     1089     1089        1        0     1089        0      877      874      121     2282        0        0        0
 3098.000000     1099     1099        1        0     1099        0      859      851      137     2279        0        0        0
 3099.000000     1096     1096        1        0     1096        0      867      865      120     2275        0        0        0
 3100.000000     1090     1090        1        0     1090        0      882      877      131     2279        0        0        0
 3101.000000     1097     1097        1        0     1097        0      879      873      131     2261        0        0        0
 3102.000000     1096     1096        1        0     1096        0      873      868      131     2271        0        0        0
 3103.000000     1109     1109        1        0     1109        0      865      862      140     2280        0        0        0
 3104.000000     1094     1094        1        0     1094        0      869      860      144     2299        0        0        0
 3105.000000     1101     1101        1        0     1101        0      857      854      127     2282        0        0        0
 3106.000000     1109     1109        1        0     1109        0      879      873      139     2290        0        0        0
 3107.000000     1088     1088        1        0     1088        0      861      859      133     2263        0        0        0
 3108.000000     1094     1094        1        0     1094        0      873      868      146     2262        0        0        0
 3109.000000     1101     1101        1        0     1101        0      871      870      129     2254        0        0        0
 3110.000000     1109     1109        1        0     1109        0      869      868      127     2273        0        0        0
 3111.000000     1110     1110        1        0     1110        0      871      867      130     2280        0        0        0
 3112.000000     1107     1107        1        0     1107        0      880      877      124     2268        0        0        0
 3113.000000     1107     1107        1        0     1107        0      869      862      121     2276        0        0        0
 3114.000000     1109     1109        1        0     1109        0      869      865      129     2278        0        0        0
 3115.000000     1099     1099        1        0     1099        0      876      874      131     2286        0        0        0
 3116.000000     1104     1104        1        0     1104        0      870      867      143     2303        0        0        0
 3117.000000     1111     1111        1        0     1111        0      860      854      141     2311        0        0        0
 3118.000000     1090     1090        1        0     1090        0      872      872      134     2260        0        0        0
 3119.000000     1110     1110        1        0     1110        0      874      872      127     2289        0        0        0
 3120.000000     1107     1107        1        0     1107        0      864      863      140     2312        0        0        0
 3121.000000     1114     1114        1        0     1114        0      878      875      136     2332        0        0        0
 3122.000000     1111     1111        1        0     1111        0      878      872      123     2315        0        0        0
 3123.000000     1113     1113        1        0     1113        0      872      867      150     2320        0        0        0
 3124.000000     1103     1103        1        0     1103        0      896      894      137     2318        0        0        0
 3125.000000     1110     1110        1        0     1110        0      879      877      146     2300        0        0        0
 3126.000000     1110     1110        1        0     1110        0      876      875      144     2280        0        0        0
 3127.000000     1119     1119        1        0     1119        0      894      890      129     2315        0        0        0
 3128.000000     1112     1112        1        0     1112        0      888      887      141     2295        0        0        0
 3129.000000     1125     1125        1        0     1125        0      887      884      144     2277        0        0        0
 3130.000000     1119     1119        1        0     1119        0      882      880      131     2283        0        0        0
 3131.000000     1128     1128        1        0     1128        0      896      894      139     2295        0        0        0
 3132.000000     1129     1129        1        0     1129        0      889      885      132     2286        0        0        0
 3133.000000     1121     1121        1        0     1121        0      883      881      132     2301        0        0        0
 3134.000000     1124     1124        1        0     1124        0      882      876      132     2304        0        0        0
 3135.000000     1120     1120        1        0     1120        0      883      877      148     2291        0        0        0
 3136.000000     1118     1118        1        0     1118        0      902      899      126     2313        0        0        0
 3137.000000     1121     1121        1        0     1121        0      879      877      148     2303        0        0        0
 3138.000000     1111     1111        1        0     1111        0      894      890      138     2292        0        0        0
 3139.000000     1119     1119        1        0     1119        0      891      885      133     2327        0        0        0
 3140.000000     1125     1125        1        0     1125        0      898      895      140     2316        0        0        0
 3141.000000     1134     1134        1        0     1134        0      895      887      134     2335        0        0        0
 3142.000000     1102     1102        1        0     1102        0      889      887      142     2306        0        0        0
 3143.000000     1101     1101        1        0     1101        0      876      873      136     2326        0        0        0
 3144.000000     1114     1114        1        0     1114        0      880      875      141     2324        0        0        0
 3145.000000     1117     1117        1        0     1117        0      880      872      142     2338        0        0        0
 3146.000000     1112     1112        1        0     1112        0      879      875      123     2303        0        0        0
 3147.000000     1112     1112        1        0     1112        0      888      883      134     2312        0        0        0
 3148.000000     1113     1113        1        0     1113        0      881      879      128     2304        0        0        0
 3149.000000     1123     1123        1        0     1123        0      883      881      134     2293        0        0        0
 3150.000000     1129     1129        1        0     1129        0      871      869      125     2291        0        0        0
 3151.000000     1110     1110        1        0     1110        0      893      888      124     2300        0        0        0
 3152.000000     1105     1105        1        0     1105        0      884      878      137     2289        0        0        0
 3153.000000     1107     1107        1        0     1107        0      880      876      126     2299        0        0        0
 3154.000000     1123     1123        1        0     1123        0      881      876      144     2302        0        0        0
 3155.000000     1109     1109        1        0     1109        0      887      882      127     2287        0        0        0
 3156.000000     1123     1123        1        0     1123        0      890      887      127     2278        0        0        0
 3157.000000     1118     1118        1        0     1118        0      896      888      136     2287        0        0        0
 3158.000000     1121     1121        1        0     1121        0      891      886      124     2274        0        0        0
 3159.000000     1131     1131        1        0     1131        0      898      893      126     2291        0        0        0
 3160.000000     1119     1119        1        0     1119        0      891      886      141     2287        0        0        0
 3161.000000     1118     1118        1        0     1118        0      878      874      143     2283        0        0        0
 3162.000000     1127     1127        1       12     1113        2      873      868      130     2304        0        0        0
 3163.000000     1124     1124        1        0     1124        0      879      875      126     2296        0        0        0
 3164.000000     1132     1132        1       12     1118        2      891      888      129     2298        0        0        0
 3165.000000     1116     1116        1        0     1116        0      887      882      130     2306        0        0        0
 3166.000000     1104     1104        1        0     1104        0      885      884      130     2285        0        0        0
 3167.000000     1117     1117        1        0     1117        0      877      876      124     2269        0        0        0
 3168.000000     1131     1131        1        0     1131        0      893      890      123     2288        0        0        0
 3169.000000     1115     1115        1        0     1115        0      898      896      115     2306        0        0        0
 3170.000000     1113     1113        1        0     1113        0      870      867      136     2262        0        0        0
 3171.000000     1118     1118        1        0     1118        0      881      878      115     2275        0        0        0
 3172.000000     1123     1123        1        0     1123        0      876      875      128     2271        0        0        0
 3173.000000     1125     1125        1        0     1125        0      892      891      120     2278        0        0        0
 3174.000000     1118     1118        1        0     1118        0      889      886      123     2266        0        0        0
 3175.000000     1121     1121        1        0     1121        0      886      884      125     2282        0        0        0
 3176.000000     1126     1126        1        0     1126        0      871      870      123     2274        0        0        0
 3177.000000     1136     1136        1        0     1136        0      882      877      131     2295        0        0        0
 3178.000000     1117     1117        1        0     1117        0      890      887      126     2298        0        0        0
 3179.000000     1123     1123        1        0     1123        0      887      884      138     2309        0        0        0
 3180.000000     1118     1118        1        0     1118        0      896      893      121     2311        0        0        0
 3181.000000     1122     1122        1        0     1122        0      906      904      123     2303        0        0        0
 3182.000000     1129     1129        1        0     1129        0      901      899      121     2310        0        0        0
 3183.000000     1120     1120        1        0     1120        0      878      876      130     2310        0        0        0
 3184.000000     1122     1122        1        0     1122        0      885      881      137     2298        0        0        0
 3185.000000     1120     1120        1        0     1120        0      904      901      128     2297        0        0        0
 3186.000000     1123     1123        1        0     1123        0      878      875      119     2285        0        0        0
 3187.000000     1115     1115        1        0     1115        0      888      887      132     2302        0        0        0
 3188.000000     1099     1099        1        0     1099        0      885      883      120     2273        0        0        0
 3189.000000     1117     1117        1        0     1117        0      895      892      121     2272        0        0        0
 3190.000000     1116     1116        1        0     1116        0      887      886      128     2268        0        0        0
 3191.000000     1125     1125        1        0     1125        0      890      889      121     2279        0        0        0
 3192.000000     1117     1117        1        0     1117        0      892      892      122     2248        0        0        0
 3193.000000     1120     1120        1        0     1120        0      890      889      122     2268        0        0        0
 3194.000000     1118     1118        1        0     1118        0      890      890      119     2260        0        0        0
 3195.000000     1118     1118        1        0     1118        0      896      895      123     2261        0        0        0
 3196.000000     1125     1125        1        0     1125        0      907      901      117     2258        0        0        0
 3197.000000     1123     1123        1        0     1123        0      893      892      116     2268        0        0        0
 3198.000000     1117     1117        1        0     1117        0      907      906      124     2289        0        0        0
 3199.000000     1131     1131        1        0     1131        0      889      888      127     2291        0        0        0
 3200.000000     1122     1122        1        0     1122        0      906      906      116     2288        0        0        0
 3201.000000     1111     1111        1        0     1111        0      885      885      124     2277        0        0        0
 3202.000000     1124     1124        1        0     1124        0      900      897      123     2293        0        0        0
 3203.000000     1121     1121        1        0     1121        0      888      885      133     2285        0        0        0
 3204.000000     1126     1126        1        0     1126        0      908      905      131     2280        0        0        0
 3205.000000     1125     1125        1        0     1125        0      897      897      125     2301        0        0        0
 3206.000000     1125     1125        1        0     1125        0      891      888      115     2292        0        0        0
 3207.000000     1136     1136        1        0     1136        0      887      883      119     2292        0        0        0
 3208.000000     1117     1117        1        0     1117        0      892      887      127     2298        0        0        0
 3209.000000     1125     1125        1        0     1125        0      900      896      124     2313        0        0        0
 3210.000000     1134     1134        1        0     1134        0      907      905      122     2290        0        0        0
 3211.000000     1141     1141        1        0     1141        0      896      894      136     2289        0        0        0
 3212.000000     1145     1145        1        0     1145        0      893      892      134     2278        0        0        0
 3213.000000     1147     1147        1        0     1147        0      900      895      125     2268        0        0        0
 3214.000000     1143     1143        1        0     1143        0      898      897      118     2280        0        0        0
 3215.000000     1141     1141        1        0     1141        0      906      904      117     2280        0        0        0
 3216.000000     1135     1135        1        0     1135        0      893      892      130     2301        0        0        0
 3217.000000     1131     1131        1        0     1131        0      890      885      132     2281        0        0        0
 3218.000000     1142     1142        1        0     1142        0      888      885      132     2303        0        0        0
 3219.000000     1141     1141        1        0     1141        0      870      867      131     2302        0        0        0
 3220.000000     1148     1148        1        0     1148        0      887      883      134     2284        0        0        0
 3221.000000     1139     1139        1        0     1139        0      901      899      131     2288        0        0        0
 3222.000000     1126     1126        1        0     1126        0      892      889      141     2285        0        0        0
 3223.000000     1126     1126        1        0     1126        0      885      883      129     2271        0        0        0
 3224.000000     1121     1121        1        0     1121        0      896      894      130     2283        0        0        0
 3225.000000     1139     1139        1        0     1139        0      905      903      118     2278        0        0        0
 3226.000000     1126     1126        1        0     1126        0      895      891      128     2279        0        0        0
 3227.000000     1126     1126        1        0     1126        0      889      887      128     2268        0        0        0
 3228.000000     1123     1123        1        0     1123        0      901      899      120     2276        0        0        0
 3229.000000     1136     1136        1        0     1136        0      895      890      124     2270        0        0        0
 3230.000000     1125     1125        1        0     1125        0      910      906      118     2268        0        0        0
 3231.000000     1122     1122        1        0     1122        0      895      890      120     2274        0        0        0
 3232.000000     1121     1121        1        0     1121        0      899      897      125     2274        0        0        0
 3233.000000     1124     1124        1        0     1124        0      913      906      126     2295        0        0        0
 3234.000000     1125     1125        1        0     1125        0      893      891      127     2276        0        0        0
 3235.000000     1125     1125        1        0     1125        0      905      904      119     2313        0        0        0
 3236.000000     1118     1118        1        0     1118        0      891      890      133     2275        0        0        0
 3237.000000     1121     1121        1        0     1121        0      891      889      118     2270        0        0        0
 3238.000000     1118     1118        1        0     1118        0      892      888      117     2248        0        0        0
 3239.000000     1134     1134        1        0     1134        0      882      879      123     2297        0        0        0
 3240.000000     1140     1140        1        0     1140        0      908      906      123     2288        0        0        0
 3241.000000     1131     1131        1        0     1131        0      891      885      142     2274        0        0        0
 3242.000000     1144     1144        1        0     1144        0      902      898      131     2291        0        0        0
 3243.000000     1133     1133        1        0     1133        0      893      890      142     2277        0        0        0
 3244.000000     1134     1134        1        0     1134        0      896      893      147     2275        0        0        0
 3245.000000     1152     1152        1       14     1138        0      893      886      146     2281        0        0        0
 3246.000000     1145     1145        1       14     1131        0      907      904      129     2313        0        0        0
 3247.000000     1150     1150        1       14     1136        0      901      897      150     2285        0        0        0
 3248.000000     1131     1131        1        0     1131        0      909      906      123     2290        0        0        0
 3249.000000     1141     1141        1        0     1141        0      896      892      142     2285        0        0        0
 3250.000000     1145     1145        1        0     1145        0      894      892      136     2303        0        0        0
 3251.000000     1158     1158        1        0     1158        0      901      897      130     2312        0        0        0
 3252.000000     1140     1140        1        0     1140        0      908      906      128     2280        0        0        0
 3253.000000     1132     1132        1        0     1132        0      905      901      135     2285        0        0        0
 3254.000000     1150     1150        1        0     1150        0      911      906      143     2296        0        0        0
 3255.000000     1140     1140        1        0     1140        0      908      903      131     2292        0        0        0
 3256.000000     1134     1134        1        0     1134        0      910      904      133     2293        0        0        0
 3257.000000     1151     1151        1        0     1151        0      908      905      136     2315        0        0        0
 3258.000000     1148     1148        1        0     1148        0      896      891      136     2318        0        0        0
 3259.000000     1138     1138        1        0     1138        0      909      905      128     2285        0        0        0
 3260.000000     1145     1145        1        0     1145        0      899      896      137     2294        0        0        0
 3261.000000     1139     1139        1        0     1139        0      914      910      129     2297        0        0        0
 3262.000000     1144     1144        1        0     1144        0      899      896      136     2268        0        0        0
 3263.000000     1160     1160        1        0     1160        0      912      907      135     2292        0        0        0
 3264.000000     1139     1139        1        0     1139        0      898      892      133     2290        0        0        0
 3265.000000     1130     1130        1        0     1130        0      899      896      135     2296        0        0        0
 3266.000000     1151     1151        1        0     1151        0      888      885      135     2291        0        0        0
 3267.000000     1139     1139        1        0     1139        0      900      895      137     2277        0        0        0
 3268.000000     1147     1147        1        0     1147        0      892      889      136     2310        0        0        0
 3269.000000     1132     1132        1        0     1132        0      904      898      139     2267        0        0        0
 3270.000000     1135     1135        1        0     1135        0      900      896      132     2286        0        0        0
 3271.000000     1143     1143        1        0     1143        0      917      914      139     2306        0        0        0
 3272.000000     1172     1172        1        0     1172        0      913      912      139     2301        0        0        0
 3273.000000     1157     1157        1        0     1157        0      901      900      142     2297        0        0        0
 3274.000000     1160     1160        1        0     1160        0      911      906      128     2287        0        0        0
 3275.000000     1146     1146        1        0     1146        0      916      907      132     2306        0        0        0
 3276.000000     1152     1152        1        0     1152        0      898      893      131     2290        0        0        0
 3277.000000     1174     1174        1        0     1174        0      893      891      141     2292        0        0        0
 3278.000000     1142     1142        1        0     1142        0      890      883      148     2296        0        0        0
 3279.000000     1145     1145        1        0     1145        0      898      892      145     2273        0        0        0
 3280.000000     1160     1160        1        0     1160        0      907      903      131     2285        0        0        0
 3281.000000     1164     1164        1        0     1164        0      910      908      134     2288        0        0        0
 3282.000000     1178     1178        1        0     1178        0      914      907      138     2330        0        0        0
 3283.000000     1153     1153        1        0     1153        0      909      906      123     2313        0        0        0
 3284.000000     1148     1148        1        0     1148        0      919      918      120     2303        0        0        0
 3285.000000     1184     1184        1        0     1184        0      917      911      129     2313        0        0        0
 3286.000000     1146     1146        1        0     1146        0      924      919      122     2318        0        0        0
 3287.000000     1177     1177        1        0     1177        0      914      909      136     2314        0        0        0
 3288.000000     1162     1162        1        0     1162        0      903      899      142     2321        0        0        0
 3289.000000     1172     1172        1        0     1172        0      893      889      137     2312        0        0        0
 3290.000000     1135     1135        1        0     1135        0      908      905      121     2308        0        0        0
 3291.000000     1182     1182        1        0     1182        0      914      910      142     2314        0        0        0
 3292.000000     1158     1158        1        0     1158        0      905      898      145     2311        0        0        0
 3293.000000     1149     1149        1        0     1149        0      891      887      144     2314        0        0        0
 3294.000000     1138     1138        1        0     1138        0      906      898      124     2309        0        0        0
 3295.000000     1146     1146        1        0     1146        0      914      905      122     2335        0        0        0
 3296.000000     1129     1129        1        0     1129        0      902      899      132     2311        0        0        0
 3297.000000     1148     1148        1        0     1148        0      877      868      162     2312        0        0        0
 3298.000000     1151     1151        1        0     1151        0      897      891      141     2328        0        0        0
 3299.000000     1143     1143        1        0     1143        0      894      887      145     2339        0        0        0
 3300.000000     1160     1160        1        0     1160        0      909      907      122     2327        0        0        0
 3301.000000     1160     1160        1        0     1160        0      912      906      146     2313        0        0        0
 3302.000000     1155     1155        1        0     1155        0      903      895      127     2302        0        0        0
 3303.000000     1159     1159        1        0     1159        0      898      889      145     2292        0        0        0
 3304.000000     1144     1144        1        0     1144        0      899      893      151     2326        0        0        0
 3305.000000     1144     1144        1        0     1144        0      908      898      131     2319        0        0        0
 3306.000000     1144     1144        1        0     1144        0      895      890      143     2315        0        0        0
 3307.000000     1164     1164        1        0     1164        0      924      921      142     2321        0        0        0
 3308.000000     1146     1146        1        0     1146        0      914      908      141     2318        0        0        0
 3309.000000     1144     1144        1        0     1144        0      901      894      144     2307        0        0        0
 3310.000000     1150     1150        1        0     1150        0      885      879      153     2320        0        0        0
 3311.000000     1148     1148        1        0     1148        0      905      902      133     2314        0        0        0
 3312.000000     1141     1141        1        0     1141        0      906      903      144     2306        0        0        0
 3313.000000     1138     1138        1        0     1138        0      896      889      146     2330        0        0        0
 3314.000000     1142     1142        1        0     1142        0      930      927      133     2353        0        0        0
 3315.000000     1129     1129        1        0     1129        0      910      904      142     2336        0        0        0
 3316.000000     1142     1142        1        0     1142        0      914      910      140     2325        0        0        0
 3317.000000     1149     1149        1        0     1149        0      919      910      139     2334        0        0        0
 3318.000000     1156     1156        1        0     1156        0      912      905      145     2325        0        0        0
 3319.000000     1153     1153        1        0     1153        0      896      891      139     2339        0        0        0
 3320.000000     1139     1139        1        0     1139        0      916      912      148     2322        0        0        0
 3321.000000     1155     1155        1        0     1155        0      911      906      131     2313        0        0        0
 3322.000000     1142     1142        1        0     1142        0      903      895      132     2326        0        0        0
 3323.000000     1147     1147        1        0     1147        0      896      891      143     2317        0        0        0
 3324.000000     1143     1143        1        0     1143        0      917      908      125     2301        0        0        0
 3325.000000     1166     1166        1        0     1166        0      916      907      140     2323        0        0        0
 3326.000000     1166     1166        1        0     1166        0      904      900      136     2318        0        0        0
 3327.000000     1147     1147        1        0     1147        0      885      877      165     2321        0        0        0
 3328.000000     1146     1146        1        0     1146        0      898      890      150     2324        0        0        0
 3329.000000     1144     1144        1        0     1144        0      913      906      137     2335        0        0        0
 3330.000000     1149     1137        2        0     1149        0      909      899      132     2326        0        0        0
 3331.000000     1187     1187        1        7     1173        7      913      908      149     2360        0        0        0
 3332.000000     1145     1145        1        0     1145        0      920      916      118     2342        0        0        0
 3333.000000     1136     1136        1        0     1136        0      894      889      138     2332        0        0        0
 3334.000000     1140     1140        1        0     1140        0      905      899      133     2345        0        0        0
 3335.000000     1155     1155        1        0     1155        0      892      885      156     2369        0        0        0
 3336.000000     1148     1148        1        0     1148        0      897      894      134     2356        0        0        0
 3337.000000     1158     1158        1        0     1158        0      921      915      138     2348        0        0        0
 3338.000000     1158     1158        1        0     1158        0      910      907      146     2363        0        0        0
 3339.000000     1155     1155        1        0     1155        0      905      896      143     2353        0        0        0
 3340.000000     1160     1160        1        0     1160        0      908      898      159     2352        0        0        0
 3341.000000     1162     1150        2        0     1162        0      903      900      143     2338        0        0        0
 3342.000000     1155     1155        1        0     1155        0      905      900      123     2365        0        0        0
 3343.000000     1172     1159        2        0     1172        0      891      885      132     2377        0        0        0
 3344.000000     1164     1164        1        0     1164        0      902      892      167     2378        0        0        0
 3345.000000     1146     1146        1        0     1146        0      913      907      129     2356        0        0        0
 3346.000000     1153     1153        1        0     1153        0      914      908      141     2364        0        0        0
 3347.000000     1170     1170        1        0     1170        0      916      909      145     2371        0        0        0
 3348.000000     1188     1188        1        0     1188        0      905      896      146     2379        0        0        0
 3349.000000     1195     1195        1        0     1195        0      908      902      139     2371        0        0        0
 3350.000000     1186     1186        1        0     1186        0      915      904      136     2362        0        0        0
 3351.000000     1195     1195        1        0     1195        0      913      903      151     2360        0        0        0
 3352.000000     1198     1198        1        0     1198        0      895      889      161     2376        0        0        0
 3353.000000     1205     1192        2        0     1205        0      900      894      159     2393        0        0        0
 3354.000000     1167     1167        1        0     1167        0      918      914      134     2365        0        0        0
 3355.000000     1202     1202        1        0     1202        0      914      908      150     2369        0        0        0
 3356.000000     1181     1181        1        0     1181        0      915      906      157     2360        0        0        0
 3357.000000     1168     1168        1        0     1168        0      918      910      140     2348        0        0        0
 3358.000000     1179     1179        1        0     1179        0      918      910      149     2364        0        0        0
 3359.000000     1211     1211        1        0     1211        0      902      891      170     2383        0        0        0
 3360.000000     1187     1174        2        0     1187        0      908      899      153     2369        0        0        0
 3361.000000     1165     1165        1        0     1165        0      897      893      158     2355        0        0        0
 3362.000000     1163     1163        1        0     1163        0      900      893      142     2352        0        0        0
 3363.000000     1171     1171        1        0     1171        0      908      903      144     2347        0        0        0
 3364.000000     1178     1178        1        0     1178        0      909      903      143     2344        0        0        0
 3365.000000     1169     1169        1        0     1169        0      921      912      150     2358        0        0        0
 3366.000000     1157     1157        1        0     1157        0      906      895      155     2322        0        0        0
 3367.000000     1154     1154        1        0     1154        0      921      917      134     2315        0        0        0
 3368.000000     1144     1144        1        0     1144        0      897      889      148     2306        0        0        0
 3369.000000     1143     1143        1        0     1143        0      901      893      141     2308        0        0        0
 3370.000000     1151     1151        1        0     1151        0      899      897      130     2323        0        0        0
 3371.000000     1144     1144        1        0     1144        0      923      916      126     2340        0        0        0
 3372.000000     1149     1149        1        0     1149        0      889      882      148     2319        0        0        0
 3373.000000     1144     1144        1        0     1144        0      894      890      136     2345        0        0        0
 3374.000000     1146     1146        1        0     1146        0      910      900      153     2350        0        0        0
 3375.000000     1151     1151        1        0     1151        0      906      902      141     2342        0        0        0
 3376.000000     1148     1148        1        0     1148        0      913      908      139     2323        0        0        0
 3377.000000     1153     1153        1        0     1153        0      914      910      154     2314        0        0        0
 3378.000000     1145     1145        1        0     1145        0      922      913      140     2306        0        0        0
 3379.000000     1162     1162        1        0     1162        0      928      921      136     2309        0        0        0
 3380.000000     1167     1167        1       11     1153        3      906      897      137     2331        0        0        0
 3381.000000     1156     1156        1       11     1142        3      909      906      137     2296        0        0        0
 3382.000000     1163     1163        1       21     1135        7      899      895      145     2318        0        0        0
 3383.000000     1173     1173        1       20     1145        8      903      901      135     2312        0        0        0
 3384.000000     1159     1159        1       10     1145        4      919      909      139     2307        0        0        0
 3385.000000     1158     1158        1       11     1144        3      904      902      132     2306        0        0        0
 3386.000000     1169     1169        1       21     1141        7      931      927      120     2304        0        0        0
 3387.000000     1166     1166        1       20     1138        8      916      913      132     2304        0        0        0
 3388.000000     1141     1141        1       23     1113        5      906      901      136     2305        0        0        0
 3389.000000     1142     1142        1       23     1114        5      913      913      145     2313        0        0        0
 3390.000000     1141     1141        1       23     1113        5      909      904      140     2319        0        0        0
 3391.000000     1142     1142        1       23     1114        5      904      900      134     2301        0        0        0
 3392.000000     1161     1161        1       23     1133        5      907      904      144     2315        0        0        0
 3393.000000     1157     1157        1       22     1129        6      893      890      137     2307        0        0        0
 3394.000000     1182     1182        1       18     1154       10      911      903      138     2313        0        0        0
 3395.000000     1157     1157        1       11     1143        3      914      906      141     2339        0        0        0
 3396.000000     1160     1160        1       23     1132        5      923      911      141     2337        0        0        0
 3397.000000     1167     1167        1       27     1135        5      914      907      136     2335        0        0        0
 3398.000000     1158     1158        1       27     1126        5      911      905      143     2325        0        0        0
 3399.000000     1167     1167        1       27     1135        5      904      903      126     2333        0        0        0
 3400.000000     1179     1179        1       27     1147        5      917      913      132     2342        0        0        0
 3401.000000     1170     1170        1       27     1138        5      896      889      154     2335        0        0        0
 3402.000000     1142     1142        1       11     1128        3      920      915      122     2319        0        0        0
 3403.000000     1156     1156        1       23     1128        5      902      899      132     2346        0        0        0
 3404.000000     1159     1159        1       27     1127        5      915      910      139     2349        0        0        0
 3405.000000     1157     1157        1       27     1125        5      920      912      132     2339        0        0        0
 3406.000000     1159     1159        1       27     1127        5      906      905      133     2322        0        0        0
 3407.000000     1159     1159        1       27     1127        5      906      900      146     2336        0        0        0
 3408.000000     1162     1162        1       27     1130        5      909      906      138     2343        0        0        0
 3409.000000     1159     1159        1       27     1127        5      901      895      137     2328        0        0        0
 3410.000000     1157     1157        1       27     1125        5      914      911      130     2316        0        0        0
 3411.000000     1151     1151        1       27     1119        5      911      906      145     2319        0        0        0
 3412.000000     1161     1161        1       17     1129       15      900      895      135     2330        0        0        0
 3413.000000     1149     1149        1       27     1117        5      923      917      125     2349        0        0        0
 3414.000000     1148     1148        1       27     1116        5      920      915      130     2343        0        0        0
 3415.000000     1166     1166        1       27     1134        5      912      904      136     2323        0        0        0
 3416.000000     1148     1148        1       27     1116        5      917      909      142     2313        0        0        0
 3417.000000     1150     1150        1       27     1118        5      910      905      139     2333        0        0        0
 3418.000000     1165     1165        1       17     1133       15      911      906      149     2326        0        0        0
 3419.000000     1172     1172        1       18     1140       14      916      911      136     2345        0        0        0
 3420.000000     1161     1161        1       27     1129        5      905      900      140     2342        0        0        0
 3421.000000     1177     1177        1       27     1145        5      926      919      144     2380        0        0        0
 3422.000000     1182     1182        1       27     1150        5      933      924      137     2383        0        0        0
 3423.000000     1159     1159        1       16     1141        2      919      908      145     2362        0        0        0
 3424.000000     1173     1173        1       27     1141        5      938      932      138     2350        0        0        0
 3425.000000     1161     1161        1       27     1129        5      920      917      134     2351        0        0        0
 3426.000000     1166     1166        1       27     1134        5      921      916      151     2364        0        0        0
 3427.000000     1188     1188        1       27     1156        5      930      920      139     2356        0        0        0
 3428.000000     1184     1184        1       27     1152        5      928      924      143     2397        0        0        0
 3429.000000     1178     1178        1       27     1146        5      926      920      151     2368        0        0        0
 3430.000000     1178     1178        1       27     1146        5      923      918      127     2357        0        0        0
 3431.000000     1169     1169        1       11     1155        3      923      919      149     2375        0        0        0
 3432.000000     1166     1166        1       11     1152        3      912      902      151     2367        0        0        0
 3433.000000     1179     1179        1       27     1147        5      921      914      154     2350        0        0        0
 3434.000000     1168     1168        1       11     1154        3      907      902      149     2364        0        0        0
 3435.000000     1180     1180        1       16     1162        2      910      906      141     2369        0        0        0
 3436.000000     1170     1170        1        0     1170        0      918      913      150     2348        0        0        0
 3437.000000     1177     1177        1        0     1177        0      913      906      144     2353        0        0        0
 3438.000000     1178     1178        1       11     1164        3      892      886      165     2359        0        0        0
 3439.000000     1165     1165        1       10     1151        4      897      889      141     2346        0        0        0
 3440.000000     1196     1196        1       27     1164        5      913      905      153     2346        0        0        0
 3441.000000     1172     1172        1        0     1172        0      916      912      148     2361        0        0        0
 3442.000000     1173     1173        1        0     1173        0      919      911      152     2377        0        0        0
 3443.000000     1178     1178        1       11     1164        3      915      909      146     2355        0        0        0
 3444.000000     1175     1175        1       11     1161        3      910      903      150     2344        0        0        0
 3445.000000     1176     1176        1       11     1162        3      938      931      147     2355        0        0        0
 3446.000000     1177     1177        1       11     1163        3      932      925      151     2381        0        0        0
 3447.000000     1177     1177        1       11     1163        3      915      909      155     2374        0        0        0
 3448.000000     1176     1176        1       11     1162        3      916      911      160     2348        0        0        0
 3449.000000     1159     1159        1       11     1145        3      929      920      149     2337        0        0        0
 3450.000000     1154     1154        1       11     1140        3      921      911      148     2345        0        0        0
 3451.000000     1149     1149        1       11     1135        3      924      915      125     2341        0        0        0
 3452.000000     1157     1157        1       11     1143        3      927      921      141     2349        0        0        0
 3453.000000     1175     1175        1       11     1161        3      924      915      137     2338        0        0        0
 3454.000000     1175     1175        1       11     1161        3      929      923      143     2357        0        0        0
 3455.000000     1153     1153        1       11     1139        3      905      899      139     2342        0        0        0
 3456.000000     1164     1164        1       11     1150        3      925      919      135     2372        0        0        0
 3457.000000     1172     1172        1       11     1158        3      920      917      117     2367        0        0        0
 3458.000000     1180     1180        1       11     1166        3      926      920      134     2342        0        0        0
 3459.000000     1167     1167        1       11     1153        3      917      916      143     2335        0        0        0
 3460.000000     1180     1180        1       10     1166        4      915      908      152     2349        0        0        0
 3461.000000     1164     1164        1       11     1150        3      934      927      143     2372        0        0        0
 3462.000000     1202     1202        1       10     1188        4      926      926      148     2378        0        0        0
 3463.000000     1165     1165        1       11     1151        3      929      924      136     2349        0        0        0
 3464.000000     1183     1183        1       10     1169        4      934      932      128     2374        0        0        0
 3465.000000     1163     1163        1       11     1149        3      931      927      138     2356        0        0        0
 3466.000000     1176     1176        1       11     1162        3      935      929      135     2356        0        0        0
 3467.000000     1167     1167        1       11     1153        3      940      933      137     2378        0        0        0
 3468.000000     1170     1170        1       12     1155        3      928      925      137     2373        0        0        0
 3469.000000     1177     1177        1       11     1163        3      923      918      131     2360        0        0        0
 3470.000000     1182     1182        1       11     1168        3      920      916      139     2375        0        0        0
 3471.000000     1175     1175        1       11     1160        4      917      915      128     2364        0        0        0
 3472.000000     1182     1182        1       25     1154        3      926      922      139     2354        0        0        0
 3473.000000     1192     1192        1       11     1178        3      920      918      128     2352        0        0        0
 3474.000000     1175     1175        1       11     1161        3      937      933      135     2348        0        0        0
 3475.000000     1195     1195        1       11     1181        3      934      927      147     2350        0        0        0
 3476.000000     1176     1176        1       11     1162        3      926      924      124     2346        0        0        0
 3477.000000     1199     1199        1       11     1185        3      920      914      145     2380        0        0        0
 3478.000000     1169     1169        1       11     1155        3      939      938      134     2371        0        0        0
 3479.000000     1182     1182        1       11     1168        3      925      921      134     2375        0        0        0
 3480.000000     1201     1201        1       11     1187        3      926      918      150     2378        0        0        0
 3481.000000     1186     1186        1        0     1186        0      932      926      132     2357        0        0        0
 3482.000000     1189     1189        1       11     1175        3      938      930      144     2382        0        0        0
 3483.000000     1218     1218        1       11     1204        3      928      924      146     2379        0        0        0
 3484.000000     1233     1233        1       11     1219        3      945      938      129     2386        0        0        0
 3485.000000     1237     1237        1       11     1223        3      931      928      139     2372        0        0        0
 3486.000000     1221     1221        1        8     1206        7      926      921      128     2383        0        0        0
 3487.000000     1240     1240        1       11     1226        3      940      935      121     2393        0        0        0
 3488.000000     1228     1228        1        0     1228        0      942      936      142     2376        0        0        0
 3489.000000     1199     1199        1        0     1199        0      930      925      148     2363        0        0        0
 3490.000000     1212     1212        1        0     1212        0      929      924      138     2380        0        0        0
 3491.000000     1211     1211        1        7     1193       11      940      937      134     2389        0        0        0
 3492.000000     1253     1253        1        0     1234       19      931      924      142     2370        0        0        0
 3493.000000     1264     1264        1       11     1231       22      939      930      134     2376        0        0        0
 3494.000000     1227     1227        1       21     1194       12      933      929      135     2379        0        0        0
 3495.000000     1246     1246        1       15     1210       21      931      926      126     2388        0        0        0
 3496.000000     1229     1229        1       15     1193       21      922      913      162     2366        0        0        0
 3497.000000     1264     1264        1       15     1228       21      925      921      132     2386        0        0        0
 3498.000000     1221     1221        1       20     1189       12      910      906      152     2357        0        0        0
 3499.000000     1228     1228        1       11     1196       21      935      929      149     2352        0        0        0
 3500.000000     1183     1183        1       13     1161        9      920      915      131     2357        0        0        0
 3501.000000     1269     1269        1       15     1233       21      930      928      129     2363        0        0        0
 3502.000000     1220     1220        1        4     1198       18      928      925      142     2377        0        0        0
 3503.000000     1226     1226        1       15     1190       21      930      928      127     2356        0        0        0
 3504.000000     1207     1207        1       22     1171       14      916      910      145     2343        0        0        0
 3505.000000     1195     1195        1       22     1159       14      917      912      143     2352        0        0        0
 3506.000000     1198     1198        1        8     1183        7      929      927      129     2347        0        0        0
 3507.000000     1216     1216        1       11     1202        3      913      910      146     2363        0        0        0
 3508.000000     1195     1195        1       11     1173       11      923      917      132     2352        0        0        0
 3509.000000     1203     1203        1       11     1189        3      929      927      139     2373        0        0        0
 3510.000000     1199     1199        1       19     1170       10      936      929      132     2364        0        0        0
 3511.000000     1207     1207        1       11     1193        3      934      930      124     2362        0        0        0
 3512.000000     1222     1222        1       11     1208        3      932      929      140     2375        0        0        0
 3513.000000     1211     1211        1       11     1197        3      930      930      138     2348        0        0        0
 3514.000000     1196     1196        1       11     1182        3      936      929      122     2351        0        0        0
 3515.000000     1205     1205        1       11     1191        3      935      932      134     2331        0        0        0
 3516.000000     1182     1182        1       11     1168        3      914      913      146     2337        0        0        0
 3517.000000     1182     1182        1       11     1168        3      938      935      146     2352        0        0        0
 3518.000000     1193     1193        1       11     1179        3      935      932      134     2327        0        0        0
 3519.000000     1203     1203        1       11     1189        3      943      936      120     2356        0        0        0
 3520.000000     1212     1212        1       13     1197        2      943      942      129     2375        0        0        0
 3521.000000     1209     1209        1       13     1194        2      944      941      126     2355        0        0        0
 3522.000000     1202     1202        1       13     1187        2      931      927      130     2361        0        0        0
 3523.000000     1203     1203        1       13     1188        2      939      937      133     2365        0        0        0
 3524.000000     1195     1195        1       13     1180        2      941      940      128     2368        0        0        0
 3525.000000     1207     1207        1       20     1178        9      938      936      134     2366        0        0        0
 3526.000000     1204     1204        1       14     1186        4      930      924      136     2365        0        0        0
 3527.000000     1200     1200        1       19     1172        9      935      931      140     2343        0        0        0
 3528.000000     1195     1195        1       22     1167        6      936      931      131     2346        0        0        0
 3529.000000     1211     1211        1       22     1183        6      922      917      126     2336        0        0        0
 3530.000000     1215     1215        1       22     1187        6      927      923      129     2342        0        0        0
 3531.000000     1198     1198        1       23     1169        6      930      926      123     2338        0        0        0
 3532.000000     1208     1208        1       12     1194        2      934      931      129     2351        0        0        0
 3533.000000     1208     1208        1       12     1194        2      944      939      123     2363        0        0        0
 3534.000000     1221     1221        1       12     1207        2      939      936      127     2377        0        0        0
 3535.000000     1197     1197        1        0     1197        0      924      922      138     2369        0        0        0
 3536.000000     1212     1212        1       12     1198        2      950      948      131     2355        0        0        0
 3537.000000     1221     1221        1       12     1207        2      945      943      136     2352        0        0        0
 3538.000000     1219     1219        1       12     1205        2      943      940      132     2357        0        0        0
 3539.000000     1208     1208        1       12     1193        3      943      936      131     2360        0        0        0
 3540.000000     1203     1203        1       11     1189        3      937      936      132     2363        0        0        0
 3541.000000     1200     1200        1       12     1186        2      928      927      127     2352        0        0        0
 3542.000000     1196     1196        1       11     1182        3      928      922      136     2330        0        0        0
 3543.000000     1171     1171        1        0     1171        0      921      915      131     2343        0        0        0
 3544.000000     1176     1176        1       12     1162        2      939      932      127     2339        0        0        0
 3545.000000     1193     1193        1       12     1179        2      933      929      135     2350        0        0        0
 3546.000000     1202     1202        1       12     1188        2      931      926      125     2370        0        0        0
 3547.000000     1214     1214        1       12     1200        2      923      923      132     2355        0        0        0
 3548.000000     1229     1229        1       12     1215        2      953      946      128     2380        0        0        0
 3549.000000     1173     1173        1        0     1173        0      928      923      124     2355        0        0        0
 3550.000000     1176     1176        1        0     1176        0      930      924      124     2342        0        0        0
 3551.000000     1212     1212        1       12     1198        2      940      936      124     2367        0        0        0
 3552.000000     1207     1207        1        0     1207        0      947      946      121     2368        0        0        0
 3553.000000     1197     1197        1       12     1183        2      924      921      131     2343        0        0        0
 3554.000000     1189     1189        1        0     1189        0      931      927      134     2354        0        0        0
 3555.000000     1204     1204        1       12     1190        2      939      934      140     2341        0        0        0
 3556.000000     1229     1229        1       12     1215        2      922      916      157     2355        0        0        0
 3557.000000     1195     1195        1       12     1181        2      947      939      128     2348        0        0        0
 3558.000000     1218     1218        1       12     1204        2      918      912      140     2366        0        0        0
 3559.000000     1188     1188        1       12     1174        2      939      936      128     2355        0        0        0
 3560.000000     1188     1188        1       12     1174        2      926      919      129     2360        0        0        0
 3561.000000     1207     1207        1       12     1193        2      929      926      143     2353        0        0        0
 3562.000000     1190     1190        1       12     1176        2      932      925      134     2364        0        0        0
 3563.000000     1224     1224        1       12     1210        2      946      940      134     2362        0        0        0
 3564.000000     1191     1191        1        0     1191        0      947      944      126     2394        0        0        0
 3565.000000     1183     1183        1        0     1183        0      938      935      120     2345        0        0        0
 3566.000000     1196     1196        1        0     1196        0      935      934      134     2386        0        0        0
 3567.000000     1184     1184        1        0     1184        0      936      935      137     2353        0        0        0
 3568.000000     1183     1183        1        0     1183        0      939      935      133     2375        0        0        0
 3569.000000     1178     1178        1        0     1178        0      937      935      128     2358        0        0        0
 3570.000000     1203     1203        1        0     1203        0      950      947      135     2389        0        0        0
 3571.000000     1196     1196        1        0     1196        0      962      961      122     2365        0        0        0
 3572.000000     1179     1179        1        0     1179        0      948      940      132     2374        0        0        0
 3573.000000     1168     1168        1        0     1168        0      944      940      131     2375        0        0        0
 3574.000000     1179     1179        1        0     1179        0      945      944      133     2371        0        0        0
 3575.000000     1201     1201        1        0     1201        0      944      938      129     2385        0        0        0
 3576.000000     1199     1199        1        0     1199        0      945      943      132     2382        0        0        0
 3577.000000     1211     1211        1        0     1211        0      949      947      131     2385        0        0        0
 3578.000000     1199     1199        1        0     1199        0      947      946      129     2405        0        0        0
 3579.000000     1225     1225        1        0     1225        0      963      959      125     2380        0        0        0
 3580.000000     1201     1201        1        0     1201        0      962      961      134     2379        0        0        0
 3581.000000     1176     1176        1        0     1176        0      949      940      154     2370        0        0        0
 3582.000000     1185     1185        1        0     1185        0      959      953      137     2370        0        0        0
 3583.000000     1194     1194        1        0     1194        0      954      948      131     2357        0        0        0
 3584.000000     1195     1195        1        0     1195        0      956      952      132     2365        0        0        0
 3585.000000     1197     1197        1        0     1197        0      955      951      136     2366        0        0        0
 3586.000000     1193     1193        1        0     1193        0      934      931      144     2383        0        0        0
 3587.000000     1190     1190        1        0     1190        0      962      958      124     2385        0        0        0
 3588.000000     1184     1184        1        0     1184        0      943      942      128     2364        0        0        0
 3589.000000     1217     1217        1        0     1217        0      942      940      132     2376        0        0        0
 3590.000000     1196     1196        1        0     1196        0      921      918      139     2378        0        0        0
 3591.000000     1191     1191        1        0     1191        0      943      940      133     2372        0        0        0
 3592.000000     1205     1205        1        0     1205        0      948      946      140     2403        0        0        0
 3593.000000     1191     1191        1        0     1191        0      946      945      136     2377        0        0        0
 3594.000000     1206     1206        1        0     1206        0      930      925      144     2372        0        0        0
 3595.000000     1191     1191        1        0     1191        0      943      937      125     2370        0        0        0
 3596.000000     1175     1175        1        0     1175        0      928      923      128     2352        0        0        0
 3597.000000     1207     1207        1        0     1207        0      953      949      118     2371        0        0        0
 3598.000000     1186     1186        1        0     1186        0      949      947      128     2398        0        0        0
 3599.000000     1197     1197        1        0     1197        0      957      950      139     2384        0        0        0
 3600.000000     1196     1196        1        0     1196        0      954      950      150     2405        0        0        0
 3601.000000     1201     1201        1        0     1201        0      946      945      152     2398        0        0        0
 3602.000000     1191     1191        1        0     1191        0      963      962      124     2398        0        0        0
 3603.000000     1198     1198        1        6     1184        8      948      943      147     2400        0        0        0
 3604.000000     1199     1199        1        0     1199        0      964      958      144     2401        0        0        0
 3605.000000     1196     1196        1        0     1196        0      957      954      143     2409        0        0        0
 3606.000000     1183     1183        1        0     1183        0      946      943      151     2393        0        0        0
 3607.000000     1205     1205        1        0     1205        0      972      964      132     2399        0        0        0
 3608.000000     1202     1202        1        7     1188        7      943      936      144     2384        0        0        0
 3609.000000     1188     1188        1        0     1188        0      942      937      142     2369        0        0        0
 3610.000000     1195     1195        1        0     1195        0      956      952      150     2381        0        0        0
 3611.000000     1193     1193        1        0     1193        0      962      957      132     2412        0        0        0
 3612.000000     1209     1209        1        0     1209        0      961      957      138     2390        0        0        0
 3613.000000     1191     1191        1        0     1191        0      940      940      135     2392        0        0        0
 3614.000000     1212     1212        1       14     1198        0      953      951      145     2395        0        0        0
 3615.000000     1191     1191        1        0     1191        0      965      961      133     2404        0        0        0
 3616.000000     1193     1193        1        0     1193        0      950      949      137     2374        0        0        0
 3617.000000     1209     1209        1        0     1209        0      953      950      140     2402        0        0        0
 3618.000000     1212     1212        1        0     1212        0      948      948      134     2384        0        0        0
 3619.000000     1199     1199        1        0     1199        0      963      961      130     2404        0        0        0
 3620.000000     1193     1193        1        0     1193        0      960      959      142     2373        0        0        0
 3621.000000     1204     1204        1        0     1204        0      958      956      132     2390        0        0        0
 3622.000000     1198     1198        1        0     1198        0      953      949      142     2388        0        0        0
 3623.000000     1199     1199        1        0     1199        0      953      947      129     2384        0        0        0
 3624.000000     1193     1193        1        0     1193        0      946      942      148     2388        0        0        0
 3625.000000     1191     1191        1        0     1191        0      942      936      140     2388        0        0        0
 3626.000000     1192     1192        1        0     1192        0      964      961      142     2399        0        0        0
 3627.000000     1192     1192        1        0     1192        0      959      958      134     2391        0        0        0
 3628.000000     1188     1188        1        0     1188        0      969      967      130     2381        0        0        0
 3629.000000     1183     1183        1        0     1183        0      957      954      143     2383        0        0        0
 3630.000000     1182     1182        1        0     1182        0      961      959      130     2404        0        0        0
 3631.000000     1193     1193        1        0     1193        0      947      944      132     2398        0        0        0
 3632.000000     1201     1201        1        0     1201        0      960      954      137     2391        0        0        0
 3633.000000     1204     1204        1        0     1204        0      951      945      134     2417        0        0        0
 3634.000000     1174     1174        1        0     1174        0      951      941      124     2364        0        0        0
 3635.000000     1192     1192        1        0     1192        0      929      926      153     2379        0        0        0
 3636.000000     1206     1206        1        0     1206        0      940      938      143     2392        0        0        0
 3637.000000     1185     1185        1        0     1185        0      936      933      136     2399        0        0        0
 3638.000000     1210     1210        1        0     1210        0      950      945      133     2404        0        0        0
 3639.000000     1197     1197        1        0     1197        0      951      947      133     2384        0        0        0
 3640.000000     1208     1208        1        0     1208        0      962      955      130     2392        0        0        0
 3641.000000     1197     1197        1        0     1197        0      966      960      139     2383        0        0        0
 3642.000000     1211     1211        1        0     1211        0      957      953      145     2394        0        0        0
 3643.000000     1222     1222        1        0     1222        0      951      947      137     2389        0        0        0
 3644.000000     1209     1209        1        0     1209        0      961      960      140     2381        0        0        0
 3645.000000     1213     1213        1        0     1213        0      959      958      127     2406        0        0        0
 3646.000000     1210     1210        1        0     1210        0      953      951      137     2406        0        0        0
 3647.000000     1203     1203        1        0     1203        0      953      953      128     2380        0        0        0
 3648.000000     1205     1205        1        0     1205        0      958      956      128     2372        0        0        0
 3649.000000     1191     1191        1        0     1191        0      949      945      133     2377        0        0        0
 3650.000000     1196     1196        1        0     1196        0      969      966      130     2390        0        0        0
 3651.000000     1203     1203        1        0     1203        0      966      964      124     2403        0        0        0
 3652.000000     1196     1196        1        0     1196        0      966      965      135     2373        0        0        0
 3653.000000     1205     1205        1        0     1205        0      945      943      128     2374        0        0        0
 3654.000000     1206     1206        1        0     1206        0      962      959      112     2363        0        0        0
 3655.000000     1220     1220        1        0     1220        0      971      971      121     2378        0        0        0
 3656.000000     1202     1202        1        0     1202        0      951      949      137     2376        0        0        0
 3657.000000     1223     1223        1        0     1223        0      955      952      130     2385        0        0        0
 3658.000000     1212     1212        1        0     1212        0      962      957      127     2353        0        0        0
 3659.000000     1234     1234        1        0     1234        0      967      965      124     2383        0        0        0
 3660.000000     1216     1216        1        0     1216        0      969      967      128     2394        0        0        0
 3661.000000     1208     1208        1        0     1208        0      968      964      124     2398        0        0        0
 3662.000000     1209     1209        1        0     1209        0      970      969      124     2385        0        0        0
 3663.000000     1212     1212        1        0     1212        0      957      955      134     2386        0        0        0
 3664.000000     1215     1215        1        0     1215        0      963      961      141     2376        0        0        0
 3665.000000     1194     1194        1        0     1194        0      949      943      137     2377        0        0        0
 3666.000000     1221     1221        1        0     1221        0      962      961      134     2383        0        0        0
 3667.000000     1216     1216        1        0     1216        0      946      942      139     2376        0        0        0
 3668.000000     1204     1204        1        0     1204        0      953      953      119     2382        0        0        0
 3669.000000     1198     1198        1        0     1198        0      946      944      138     2387        0        0        0
 3670.000000     1194     1194        1        0     1194        0      963      962      135     2369        0        0        0
 3671.000000     1199     1199        1        0     1199        0      952      948      141     2382        0        0        0
 3672.000000     1194     1194        1        0     1194        0      966      965      126     2378        0        0        0
 3673.000000     1213     1213        1        0     1213        0      958      957      133     2384        0        0        0
 3674.000000     1222     1222        1        0     1222        0      949      946      131     2375        0        0        0
 3675.000000     1204     1204        1        0     1204        0      961      957      133     2367        0        0        0
 3676.000000     1197     1197        1        0     1197        0      961      957      126     2361        0        0        0
 3677.000000     1188     1188        1        0     1188        0      957      954      135     2375        0        0        0
 3678.000000     1203     1203        1        0     1203        0      959      954      124     2367        0        0        0
 3679.000000     1208     1208        1        0     1208        0      954      952      132     2383        0        0        0
 3680.000000     1188     1188        1        0     1188        0      948      944      144     2345        0        0        0
 3681.000000     1189     1189        1        0     1189        0      951      950      141     2365        0        0        0
 3682.000000     1203     1203        1        0     1203        0      961      955      121     2374        0        0        0
 3683.000000     1186     1186        1        0     1186        0      953      946      147     2367        0        0        0
 3684.000000     1174     1174        1        0     1174        0      953      949      135     2364        0        0        0
 3685.000000     1169     1169        1        0     1169        0      940      934      126     2353        0        0        0
 3686.000000     1167     1167        1        0     1167        0      953      949      130     2347        0        0        0
 3687.000000     1178     1178        1        0     1178        0      949      939      131     2354        0        0        0
 3688.000000     1179     1179        1        0     1179        0      932      925      132     2350        0        0        0
 3689.000000     1165     1165        1        0     1165        0      941      935      134     2358        0        0        0
 3690.000000     1184     1184        1        0     1184        0      930      928      133     2367        0        0        0
 3691.000000     1204     1204        1        0     1204        0      940      939      123     2363        0        0        0
 3692.000000     1176     1176        1        0     1176        0      945      938      137     2355        0        0        0
 3693.000000     1168     1168        1        0     1168        0      936      926      150     2351        0        0        0
 3694.000000     1179     1179        1        0     1179        0      937      934      134     2358        0        0        0
 3695.000000     1171     1171        1        0     1171        0      939      937      131     2354        0        0        0
 3696.000000     1170     1170        1        0     1170        0      946      941      120     2368        0        0        0
 3697.000000     1178     1178        1        0     1178        0      929      925      132     2361        0        0        0
 3698.000000     1211     1211        1        0     1211        0      928      925      145     2379        0        0        0
 3699.000000     1205     1205        1        0     1205        0      935      932      142     2385        0        0        0
 3700.000000     1181     1181        1        0     1181        0      932      930      145     2388        0        0        0
 3701.000000     1191     1191        1        0     1191        0      941      940      143     2403        0        0        0
 3702.000000     1182     1182        1        0     1182        0      932      930      133     2364        0        0        0
 3703.000000     1178     1178        1        0     1178        0      935      932      129     2363        0        0        0
 3704.000000     1179     1179        1        0     1179        0      942      937      116     2369        0        0        0
 3705.000000     1176     1176        1        0     1176        0      929      927      139     2375        0        0        0
 3706.000000     1186     1186        1        0     1186        0      926      926      131     2349        0        0        0
 3707.000000     1183     1183        1        0     1183        0      929      919      143     2365        0        0        0
 3708.000000     1174     1174        1        0     1174        0      934      931      144     2357        0        0        0
 3709.000000     1176     1176        1        0     1176        0      924      923      133     2360        0        0        0
 3710.000000     1173     1173        1        0     1173        0      943      942      128     2381        0        0        0
 3711.000000     1176     1176        1        0     1176        0      936      934      136     2378        0        0        0
 3712.000000     1172     1172        1        0     1172        0      919      911      142     2357        0        0        0
 3713.000000     1177     1177        1        0     1177        0      939      936      137     2345        0        0        0
 3714.000000     1181     1181        1        0     1181        0      946      945      141     2365        0        0        0
 3715.000000     1179     1179        1        0     1179        0      940      937      121     2372        0        0        0
 3716.000000     1168     1168        1        0     1168        0      959      955      123     2359        0        0        0
 3717.000000     1169     1169        1        0     1169        0      938      935      115     2365        0        0        0
 3718.000000     1172     1172        1        0     1172        0      922      919      137     2370        0        0        0
 3719.000000     1169     1169        1        0     1169        0      945      941      140     2381        0        0        0
 3720.000000     1172     1172        1        0     1172        0      945      940      144     2367        0        0        0
 3721.000000     1182     1182        1        0     1182        0      934      925      131     2383        0        0        0
 3722.000000     1182     1182        1        0     1182        0      942      936      141     2364        0        0        0
 3723.000000     1176     1176        1        0     1176        0      945      945      142     2365        0        0        0
 3724.000000     1186     1186        1        0     1186        0      944      941      133     2377        0        0        0
 3725.000000     1189     1189        1        0     1189        0      950      946      135     2391        0        0        0
 3726.000000     1186     1186        1        0     1186        0      947      945      137     2369        0        0        0
 3727.000000     1184     1184        1        0     1184        0      957      953      128     2365        0        0        0
 3728.000000     1187     1187        1        0     1187        0      955      943      146     2393        0        0        0
 3729.000000     1177     1177        1        0     1177        0      951      946      133     2388        0        0        0
 3730.000000     1182     1182        1        0     1182        0      956      951      144     2387        0        0        0
 3731.000000     1181     1181        1        0     1181        0      950      948      129     2383        0        0        0
 3732.000000     1168     1168        1        0     1168        0      936      930      129     2349        0        0        0
 3733.000000     1189     1189        1        0     1189        0      946      943      138     2373        0        0        0
 3734.000000     1185     1185        1        0     1185        0      935      933      142     2366        0        0        0
 3735.000000     1164     1164        1        0     1164        0      935      930      136     2379        0        0        0
 3736.000000     1166     1166        1        0     1166        0      934      929      133     2388        0        0        0
 3737.000000     1161     1161        1        0     1161        0      954      950      140     2380        0        0        0
 3738.000000     1166     1166        1        0     1166        0      946      942      140     2376        0        0        0
 3739.000000     1189     1189        1        0     1189        0      945      937      139     2385        0        0        0
 3740.000000     1161     1161        1        0     1161        0      924      922      139     2373        0        0        0
 3741.000000     1172     1172        1        0     1172        0      938      933      132     2373        0        0        0
 3742.000000     1164     1164        1        0     1164        0      941      935      136     2378        0        0        0
 3743.000000     1169     1169        1        0     1169        0      935      933      138     2348        0        0        0
 3744.000000     1169     1169        1        0     1169        0      941      933      134     2358        0        0        0
 3745.000000     1168     1168        1        0     1168        0      937      934      135     2363        0        0        0
 3746.000000     1210     1210        1        0     1210        0      924      921      134     2374        0        0        0
 3747.000000     1172     1172        1        0     1172        0      925      920      149     2337        0        0        0
 3748.000000     1176     1176        1        0     1176        0      934      931      138     2326        0        0        0
 3749.000000     1168     1168        1        0     1168        0      930      926      145     2358        0        0        0
 3750.000000     1174     1174        1        0     1174        0      940      938      134     2355        0        0        0
 3751.000000     1181     1181        1        0     1181        0      939      930      140     2364        0        0        0
 3752.000000     1176     1176        1        0     1176        0      942      938      138     2359        0        0        0
 3753.000000     1173     1173        1        0     1173        0      940      934      131     2366        0        0        0
 3754.000000     1179     1179        1        0     1179        0      931      929      146     2364        0        0        0
 3755.000000     1169     1169        1        0     1169        0      926      920      151     2357        0        0        0
 3756.000000     1166     1166        1        0     1166        0      937      931      146     2343        0        0        0
 3757.000000     1185     1185        1        0     1185        0      932      927      146     2377        0        0        0
 3758.000000     1166     1166        1        0     1166        0      911      907      152     2348        0        0        0
 3759.000000     1154     1154        1        0     1154        0      927      919      133     2358        0        0        0
 3760.000000     1180     1180        1       14     1165        1      925      924      134     2364        0        0        0
 3761.000000     1156     1156        1        0     1156        0      935      928      147     2347        0        0        0
 3762.000000     1165     1165        1        0     1165        0      931      925      128     2369        0        0        0
 3763.000000     1168     1168        1        0     1168        0      936      929      126     2369        0        0        0
 3764.000000     1162     1162        1        0     1162        0      940      939      118     2384        0        0        0
 3765.000000     1158     1158        1        0     1158        0      934      930      144     2347        0        0        0
 3766.000000     1164     1164        1        0     1164        0      951      948      137     2378        0        0        0
 3767.000000     1169     1169        1        0     1169        0      930      926      133     2382        0        0        0
 3768.000000     1180     1180        1        0     1180        0      936      928      135     2366        0        0        0
 3769.000000     1157     1157        1        0     1157        0      933      929      146     2356        0        0        0
 3770.000000     1159     1159        1        0     1159        0      940      933      145     2376        0        0        0
 3771.000000     1174     1174        1        0     1174        0      949      944      138     2392        0        0        0
 3772.000000     1175     1175        1        0     1175        0      935      934      148     2380        0        0        0
 3773.000000     1157     1157        1        0     1157        0      929      923      137     2385        0        0        0
 3774.000000     1181     1181        1        0     1181        0      915      913      141     2364        0        0        0
 3775.000000     1153     1153        1        0     1153        0      938      930      138     2375        0        0        0
 3776.000000     1172     1172        1        0     1172        0      921      917      139     2367        0        0        0
 3777.000000     1180     1180        1        0     1180        0      932      930      140     2373        0        0        0
 3778.000000     1162     1162        1        0     1162        0      922      919      134     2363        0        0        0
 3779.000000     1167     1167        1        0     1167        0      922      916      143     2350        0        0        0
 3780.000000     1181     1181        1        0     1181        0      927      922      137     2359        0        0        0
 3781.000000     1184     1184        1        0     1184        0      938      938      131     2375        0        0        0
 3782.000000     1180     1180        1        0     1180        0      931      928      131     2333        0        0        0
 3783.000000     1188     1188        1        0     1188        0      920      915      142     2352        0        0        0
 3784.000000     1188     1188        1        0     1188        0      919      909      145     2359        0        0        0
 3785.000000     1181     1181        1        0     1181        0      922      920      135     2328        0        0        0
 3786.000000     1185     1185        1        0     1185        0      931      930      141     2350        0        0        0
 3787.000000     1183     1183        1        0     1183        0      935      932      150     2337        0        0        0
 3788.000000     1187     1187        1        0     1187        0      925      922      142     2347        0        0        0
 3789.000000     1179     1179        1        0     1179        0      937      933      133     2328        0        0        0
 3790.000000     1168     1168        1        0     1168        0      943      936      144     2369        0        0        0
 3791.000000     1167     1167        1        0     1167        0      944      939      136     2364        0        0        0
 3792.000000     1172     1172        1        0     1172        0      935      929      139     2357        0        0        0
 3793.000000     1184     1184        1        0     1184        0      946      940      132     2375        0        0        0
 3794.000000     1185     1185        1        0     1185        0      937      933      133     2375        0        0        0
 3795.000000     1180     1180        1        0     1180        0      934      929      138     2374        0        0        0
 3796.000000     1210     1210        1        0     1210        0      941      938      139     2378        0        0        0
 3797.000000     1183     1183        1        0     1183        0      944      942      135     2385        0        0        0
 3798.000000     1193     1193        1        0     1193        0      943      941      128     2382        0        0        0
 3799.000000     1193     1193        1        0     1193        0      933      929      138     2388        0        0        0
 3800.000000     1188     1188        1        0     1188        0      953      950      134     2384        0        0        0
 3801.000000     1208     1196        2        0     1208        0      954      949      144     2378        0        0        0
 3802.000000     1209     1197        2        0     1209        0      947      939      144     2394        0        0        0
 3803.000000     1196     1196        1        0     1196        0      950      943      140     2388        0        0        0
 3804.000000     1181     1181        1        0     1181        0      948      944      123     2392        0        0        0
 3805.000000     1188     1188        1        0     1188        0      936      931      142     2389        0        0        0
 3806.000000     1187     1187        1        0     1187        0      935      932      145     2368        0        0        0
 3807.000000     1174     1174        1        0     1174        0      955      949      149     2378        0        0        0
 3808.000000     1191     1191        1        0     1191        0      945      938      153     2413        0        0        0
 3809.000000     1178     1178        1        0     1178        0      939      932      150     2416        0        0        0
 3810.000000     1186     1186        1        0     1186        0      947      943      143     2386        0        0        0
 3811.000000     1205     1205        1        0     1205        0      937      931      144     2381        0        0        0
 3812.000000     1194     1194        1       14     1176        4      951      948      146     2401        0        0        0
 3813.000000     1209     1209        1       14     1191        4      957      952      127     2408        0        0        0
 3814.000000     1212     1212        1       13     1194        5      947      944      148     2421        0        0        0
 3815.000000     1212     1212        1       13     1194        5      965      957      128     2375        0        0        0
 3816.000000     1203     1203        1       14     1185        4      955      954      140     2393        0        0        0
 3817.000000     1196     1196        1       14     1178        4      944      937      133     2387        0        0        0
 3818.000000     1201     1201        1       14     1183        4      960      955      141     2370        0        0        0
 3819.000000     1196     1196        1       15     1178        3      945      937      142     2376        0        0        0
 3820.000000     1198     1198        1       13     1184        1      945      935      147     2367        0        0        0
 3821.000000     1202     1202        1       14     1184        4      941      936      151     2378        0        0        0
 3822.000000     1195     1195        1        0     1195        0      952      949      141     2383        0        0        0
 3823.000000     1198     1198        1        0     1198        0      965      963      131     2397        0        0        0
 3824.000000     1189     1189        1        0     1189        0      966      962      137     2382        0        0        0
 3825.000000     1182     1182        1        0     1182        0      957      957      123     2389        0        0        0
 3826.000000     1181     1181        1        0     1181        0      952      947      150     2362        0        0        0
 3827.000000     1175     1175        1        0     1175        0      950      943      141     2370        0        0        0
 3828.000000     1180     1180        1        0     1180        0      928      923      153     2359        0        0        0
 3829.000000     1188     1188        1        0     1188        0      949      945      149     2379        0        0        0
 3830.000000     1182     1182        1        0     1182        0      948      943      150     2368        0        0        0
 3831.000000     1176     1176        1        0     1176        0      950      946      121     2347        0        0        0
 3832.000000     1207     1207        1        0     1207        0      936      930      147     2368        0        0        0
 3833.000000     1196     1196        1        0     1196        0      948      944      136     2374        0        0        0
 3834.000000     1196     1196        1       10     1182        4      953      947      151     2393        0        0        0
 3835.000000     1215     1215        1        0     1215        0      964      960      137     2378        0        0        0
 3836.000000     1196     1196        1        0     1196        0      940      935      125     2384        0        0        0
 3837.000000     1219     1219        1        0     1219        0      950      942      144     2385        0        0        0
 3838.000000     1226     1226        1        0     1226        0      945      940      141     2399        0        0        0
 3839.000000     1198     1198        1        0     1198        0      958      957      130     2376        0        0        0
 3840.000000     1235     1235        1        0     1235        0      950      946      148     2394        0        0        0
 3841.000000     1208     1208        1        0     1208        0      958      951      125     2397        0        0        0
 3842.000000     1216     1216        1        0     1216        0      948      939      148     2400        0        0        0
 3843.000000     1203     1203        1        0     1203        0      942      935      148     2382        0        0        0
 3844.000000     1201     1201        1        0     1201        0      952      943      137     2365        0        0        0
 3845.000000     1209     1209        1        0     1209        0      955      948      118     2352        0        0        0
 3846.000000     1198     1198        1        0     1198        0      934      925      142     2368        0        0        0
 3847.000000     1162     1162        1        0     1162        0      940      934      138     2347        0        0        0
 3848.000000     1175     1175        1        0     1175        0      937      932      140     2345        0        0        0
 3849.000000     1185     1185        1        0     1185        0      961      954      142     2376        0        0        0
 3850.000000     1189     1189        1        0     1189        0      945      935      132     2358        0        0        0
 3851.000000     1200     1200        1        0     1200        0      948      946      137     2367        0        0        0
 3852.000000     1226     1226        1        0     1226        0      963      954      123     2374        0        0        0
 3853.000000     1209     1209        1        0     1209        0      941      937      132     2384        0        0        0
 3854.000000     1222     1222        1        0     1222        0      965      963      135     2387        0        0        0
 3855.000000     1215     1215        1        0     1215        0      957      947      132     2390        0        0        0
 3856.000000     1224     1224        1        0     1224        0      963      960      129     2410        0        0        0
 3857.000000     1217     1217        1        0     1217        0      955      947      150     2390        0        0        0
 3858.000000     1196     1196        1        0     1196        0      953      947      137     2368        0        0        0
 3859.000000     1210     1210        1        0     1210        0      955      953      126     2387        0        0        0
 3860.000000     1214     1214        1        0     1214        0      959      952      128     2360        0        0        0
 3861.000000     1208     1208        1        0     1208        0      956      952      127     2386        0        0        0
 3862.000000     1213     1213        1        0     1213        0      963      955      122     2344        0        0        0
 3863.000000     1215     1215        1        0     1215        0      959      953      124     2366        0        0        0
 3864.000000     1198     1198        1        0     1198        0      952      951      128     2353        0        0        0
 3865.000000     1192     1192        1        0     1192        0      934      926      148     2350        0        0        0
 3866.000000     1213     1213        1        0     1213        0      950      942      144     2381        0        0        0
 3867.000000     1210     1210        1        0     1210        0      955      950      143     2359        0        0        0
 3868.000000     1211     1211        1        0     1211        0      949      942      147     2379        0        0        0
 3869.000000     1213     1213        1        0     1213        0      943      929      134     2391        0        0        0
 3870.000000     1211     1211        1        0     1211        0      966      960      129     2377        0        0        0
 3871.000000     1237     1237        1        0     1237        0      966      962      133     2399        0        0        0
 3872.000000     1225     1225        1        0     1225        0      962      955      147     2379        0        0        0
 3873.000000     1207     1207        1        0     1207        0      964      962      140     2372        0        0        0
 3874.000000     1200     1200        1        0     1200        0      960      956      124     2377        0        0        0
 3875.000000     1208     1208        1        0     1208        0      980      977      114     2395        0        0        0
 3876.000000     1214     1214        1        0     1214        0      952      949      139     2400        0        0        0
 3877.000000     1223     1223        1       15     1208        0      960      953      121     2403        0        0        0
 3878.000000     1205     1205        1        0     1205        0      966      962      113     2403        0        0        0
 3879.000000     1213     1213        1        0     1213        0      955      952      135     2387        0        0        0
 3880.000000     1210     1210        1        0     1210        0      940      938      142     2381        0        0        0
 3881.000000     1221     1221        1        0     1221        0      964      962      132     2381        0        0        0
 3882.000000     1213     1213        1        0     1213        0      951      944      132     2387        0        0        0
 3883.000000     1214     1214        1        0     1214        0      950      950      126     2356        0        0        0
 3884.000000     1239     1239        1        0     1239        0      926      922      141     2393        0        0        0
 3885.000000     1208     1208        1        0     1208        0      961      957      132     2361        0        0        0
 3886.000000     1211     1211        1        0     1211        0      955      950      122     2393        0        0        0
 3887.000000     1205     1205        1        0     1205        0      949      947      134     2380        0        0        0
 3888.000000     1216     1216        1        0     1216        0      949      945      122     2378        0        0        0
 3889.000000     1229     1229        1        0     1229        0      971      971      118     2373        0        0        0
 3890.000000     1228     1228        1        0     1228        0      971      963      134     2358        0        0        0
 3891.000000     1217     1217        1        0     1217        0      957      955      141     2366        0        0        0
 3892.000000     1219     1219        1        0     1219        0      970      966      129     2389        0        0        0
 3893.000000     1204     1204        1        0     1204        0      969      968      132     2381        0        0        0
 3894.000000     1203     1203        1        0     1203        0      962      957      137     2369        0        0        0
 3895.000000     1207     1207        1        0     1207        0      949      944      131     2378        0        0        0
 3896.000000     1207     1207        1        0     1207        0      964      960      140     2389        0        0        0
 3897.000000     1226     1226        1        0     1226        0      952      950      137     2426        0        0        0
 3898.000000     1218     1218        1        0     1218        0      973      970      122     2396        0        0        0
 3899.000000     1224     1224        1        0     1224        0      970      967      120     2401        0        0        0
 3900.000000     1233     1233        1        0     1233        0      955      952      127     2381        0        0        0
 3901.000000     1210     1210        1        0     1210        0      967      966      120     2377        0        0        0
 3902.000000     1212     1212        1        0     1212        0      966      963      132     2395        0        0        0
 3903.000000     1219     1219        1        0     1219        0      970      966      135     2394        0        0        0
 3904.000000     1223     1223        1        0     1223        0      985      980      139     2397        0        0        0
 3905.000000     1225     1225        1        0     1225        0      964      960      143     2383        0        0        0
 3906.000000     1218     1218        1        0     1218        0      965      963      146     2381        0        0        0
 3907.000000     1230     1230        1        0     1230        0      980      979      124     2401        0        0        0
 3908.000000     1218     1218        1        0     1218        0      980      978      131     2415        0        0        0
 3909.000000     1209     1209        1        0     1209        0      969      968      131     2406        0        0        0
 3910.000000     1223     1223        1        0     1223        0      971      969      138     2398        0        0        0
 3911.000000     1215     1215        1        0     1215        0      975      973      125     2410        0        0        0
 3912.000000     1213     1213        1        0     1213        0      967      966      134     2410        0        0        0
 3913.000000     1223     1223        1        0     1223        0      970      965      124     2408        0        0        0
 3914.000000     1214     1214        1        0     1214        0      952      950      142     2377        0        0        0
 3915.000000     1215     1215        1        0     1215        0      950      949      143     2392        0        0        0
 3916.000000     1199     1199        1        0     1199        0      943      939      142     2371        0        0        0
 3917.000000     1202     1202        1        0     1202        0      942      940      137     2354        0        0        0
 3918.000000     1219     1219        1        0     1219        0      963      960      129     2390        0        0        0
 3919.000000     1199     1199        1        0     1199        0      961      957      124     2366        0        0        0
 3920.000000     1208     1208        1        0     1208        0      973      972      127     2371        0        0        0
 3921.000000     1201     1201        1        0     1201        0      978      974      132     2373        0        0        0
 3922.000000     1203     1203        1        0     1203        0      961      957      128     2383        0        0        0
 3923.000000     1202     1202        1        0     1202        0      973      973      111     2373        0        0        0
 3924.000000     1200     1200        1        0     1200        0      952      949      138     2375        0        0        0
 3925.000000     1207     1207        1        0     1207        0      953      947      137     2390        0        0        0
 3926.000000     1203     1203        1        0     1203        0      962      960      135     2366        0        0        0
 3927.000000     1211     1211        1        0     1211        0      952      952      127     2400        0        0        0
 3928.000000     1205     1205        1        0     1205        0      950      946      130     2391        0        0        0
 3929.000000     1223     1223        1        0     1223        0      961      957      131     2390        0        0        0
 3930.000000     1219     1219        1        0     1219        0      953      947      129     2414        0        0        0
 3931.000000     1214     1214        1        0     1214        0      963      962      118     2425        0        0        0
 3932.000000     1200     1200        1        0     1200        0      955      950      126     2405        0        0        0
 3933.000000     1227     1227        1        0     1227        0      961      956      127     2407        0        0        0
 3934.000000     1216     1216        1        0     1216        0      953      950      127     2381        0        0        0
 3935.000000     1215     1215        1        0     1215        0      963      958      131     2405        0        0        0
 3936.000000     1205     1205        1        0     1205        0      960      958      131     2401        0        0        0
 3937.000000     1211     1211        1        0     1211        0      960      957      127     2393        0        0        0
 3938.000000     1209     1209        1        0     1209        0      964      960      121     2378        0        0        0
 3939.000000     1204     1204        1        0     1204        0      952      951      132     2370        0        0        0
 3940.000000     1213     1213        1        0     1213        0      965      959      120     2377        0        0        0
 3941.000000     1203     1203        1        0     1203        0      954      947      136     2420        0        0        0
 3942.000000     1211     1211        1        0     1211        0      954      951      132     2381        0        0        0
 3943.000000     1199     1199        1        0     1199        0      962      961      118     2364        0        0        0
 3944.000000     1211     1211        1        0     1211        0      956      953      136     2361        0        0        0
 3945.000000     1214     1214        1        0     1214        0      969      964      129     2361        0        0        0
 3946.000000     1207     1207        1        0     1207        0      966      963      124     2383        0        0        0
 3947.000000     1197     1197        1        0     1197        0      968      963      135     2370        0        0        0
 3948.000000     1229     1229        1        0     1229        0      963      961      124     2388        0        0        0
 3949.000000     1201     1201        1        0     1201        0      975      972      127     2399        0        0        0
 3950.000000     1209     1209        1        0     1209        0      948      943      145     2374        0        0        0
 3951.000000     1184     1184        1        0     1184        0      959      954      138     2370        0        0        0
 3952.000000     1187     1187        1        0     1187        0      969      968      120     2381        0        0        0
 3953.000000     1192     1192        1        0     1192        0      965      962      142     2401        0        0        0
 3954.000000     1184     1184        1        0     1184        0      959      956      154     2384        0        0        0
 3955.000000     1205     1205        1        0     1205        0      969      966      129     2420        0        0        0
 3956.000000     1188     1188        1        0     1188        0      969      967      127     2378        0        0        0
 3957.000000     1172     1172        1        0     1172        0      969      963      133     2358        0        0        0
 3958.000000     1187     1187        1        0     1187        0      960      957      141     2377        0        0        0
 3959.000000     1189     1189        1        0     1189        0      960      955      129     2379        0        0        0
 3960.000000     1199     1199        1        0     1199        0      976      971      134     2384        0        0        0
 3961.000000     1211     1211        1        0     1211        0      976      972      128     2403        0        0        0
 3962.000000     1211     1211        1        0     1211        0      967      962      133     2373        0        0        0
 3963.000000     1214     1214        1        0     1214        0      976      974      132     2394        0        0        0
 3964.000000     1215     1215        1        0     1215        0      972      967      124     2391        0        0        0
 3965.000000     1205     1205        1        0     1205        0      956      953      143     2359        0        0        0
 3966.000000     1215     1215        1        0     1215        0      963      959      130     2390        0        0        0
 3967.000000     1222     1222        1        0     1222        0      982      975      126     2401        0        0        0
 3968.000000     1216     1216        1        0     1216        0      968      966      128     2398        0        0        0
 3969.000000     1205     1205        1        0     1205        0      959      955      129     2384        0        0        0
 3970.000000     1208     1208        1        0     1208        0      959      955      136     2380        0        0        0
 3971.000000     1213     1213        1        0     1213        0      972      968      130     2374        0        0        0
 3972.000000     1207     1207        1        0     1207        0      990      986      118     2377        0        0        0
 3973.000000     1236     1236        1        0     1236        0      962      958      142     2404        0        0        0
 3974.000000     1218     1218        1        0     1218        0      978      974      121     2378        0        0        0
 3975.000000     1218     1218        1        0     1218        0      971      963      130     2365        0        0        0
 3976.000000     1213     1213        1        0     1213        0      955      953      140     2373        0        0        0
 3977.000000     1206     1206        1        0     1206        0      960      953      136     2396        0        0        0
 3978.000000     1198     1198        1        0     1198        0      936      935      138     2373        0        0        0
 3979.000000     1213     1213        1        0     1213        0      978      975      126     2379        0        0        0
 3980.000000     1229     1229        1        0     1229        0      952      949      148     2393        0        0        0
 3981.000000     1213     1213        1        0     1213        0      963      961      127     2377        0        0        0
 3982.000000     1213     1213        1        0     1213        0      968      962      141     2387        0        0        0
 3983.000000     1201     1201        1        0     1201        0      960      950      142     2383        0        0        0
 3984.000000     1181     1181        1        0     1181        0      956      949      137     2357        0        0        0
 3985.000000     1184     1184        1        0     1184        0      974      968      135     2383        0        0        0
 3986.000000     1188     1188        1        0     1188        0      970      964      132     2385        0        0        0
 3987.000000     1198     1198        1        0     1198        0      968      960      131     2403        0        0        0
 3988.000000     1197     1197        1        0     1197        0      972      967      132     2399        0        0        0
 3989.000000     1199     1199        1        0     1199        0      970      965      136     2413        0        0        0
 3990.000000     1187     1187        1        0     1187        0      962      957      150     2388        0        0        0
 3991.000000     1220     1220        1        0     1220        0      969      967      132     2396        0        0        0
 3992.000000     1203     1203        1        0     1203        0      979      973      146     2399        0        0        0
 3993.000000     1200     1200        1        0     1200        0      972      969      127     2412        0        0        0
 3994.000000     1199     1199        1        0     1199        0      959      949      147     2423        0        0        0
 3995.000000     1211     1211        1        0     1211        0      963      962      136     2419        0        0        0
 3996.000000     1213     1213        1        0     1213        0      965      957      142     2411        0        0        0
 3997.000000     1204     1204        1        0     1204        0      971      969      134     2420        0        0        0
 3998.000000     1199     1199        1        0     1199        0      968      966      124     2407        0        0        0
 3999.000000     1192     1192        1        0     1192        0      977      972      129     2406        0        0        0
 4000.000000     1206     1206        1        0     1206        0      974      973      128     2416        0        0        0
 4001.000000     1204     1204        1        0     1204        0      995      992      116     2426        0        0        0
 4002.000000     1216     1216        1        0     1216        0      976      971      136     2429        0        0        0
 4003.000000     1218     1218        1        0     1218        0      971      970      149     2415        0        0        0
 4004.000000     1214     1214        1        0     1214        0      986      982      140     2404        0        0        0
 4005.000000     1225     1225        1        0     1225        0      985      984      121     2414        0        0        0
 4006.000000     1249     1249        1        0     1249        0     1004     1002      122     2425        0        0        0
 4007.000000     1242     1242        1        0     1242        0      994      989      140     2414        0        0        0
 4008.000000     1250     1250        1        0     1250        0      984      978      139     2438        0        0        0
 4009.000000     1260     1260        1        0     1260        0      994      992      139     2422        0        0        0
 4010.000000     1246     1246        1        0     1246        0      986      981      151     2425        0        0        0
 4011.000000     1235     1235        1        0     1235        0     1005     1001      140     2413        0        0        0
 4012.000000     1231     1231        1        0     1231        0      989      982      144     2422        0        0        0
 4013.000000     1233     1233        1        0     1233        0      987      981      141     2406        0        0        0
 4014.000000     1239     1239        1        0     1239        0     1003      999      138     2413        0        0        0
 4015.000000     1237     1237        1        0     1237        0     1001      995      137     2407        0        0        0
 4016.000000     1236     1236        1        0     1236        0      996      989      127     2410        0        0        0
 4017.000000     1234     1234        1        0     1234        0      980      972      134     2412        0        0        0
 4018.000000     1209     1209        1        0     1209        0      999      994      129     2420        0        0        0
 4019.000000     1249     1249        1        0     1249        0      993      988      140     2412        0        0        0
 4020.000000     1256     1256        1        0     1256        0      990      984      139     2392        0        0        0
 4021.000000     1259     1259        1        0     1259        0      989      983      145     2407        0        0        0
 4022.000000     1253     1253        1        0     1253        0      993      989      137     2407        0        0        0
 4023.000000     1249     1249        1        0     1249        0     1002      993      135     2418        0        0        0
 4024.000000     1253     1253        1        0     1253        0     1003      996      130     2405        0        0        0
 4025.000000     1250     1250        1        0     1250        0      997      988      135     2424        0        0        0
 4026.000000     1249     1249        1        0     1249        0      994      988      127     2386        0        0        0
 4027.000000     1251     1251        1        0     1251        0      997      991      129     2409        0        0        0
 4028.000000     1256     1256        1        0     1256        0     1001      995      132     2422        0        0        0
 4029.000000     1247     1247        1        0     1247        0      998      990      138     2428        0        0        0
 4030.000000     1248     1248        1        0     1248        0      997      991      130     2406        0        0        0
 4031.000000     1246     1246        1        0     1246        0      994      989      131     2423        0        0        0
 4032.000000     1233     1233        1        0     1233        0     1002      996      128     2432        0        0        0
 4033.000000     1237     1237        1        0     1237        0      984      978      135     2416        0        0        0
 4034.000000     1237     1237        1        0     1237        0      999      991      151     2418        0        0        0
 4035.000000     1237     1237        1        0     1237        0      991      982      138     2410        0        0        0
 4036.000000     1244     1244        1        0     1244        0     1010     1003      137     2437        0        0        0
 4037.000000     1244     1244        1        0     1244        0     1007     1000      127     2431        0        0        0
 4038.000000     1229     1229        1        0     1229        0      992      985      133     2421        0        0        0
 4039.000000     1254     1254        1        0     1254        0     1000      996      137     2429        0        0        0
 4040.000000     1253     1253        1        0     1253        0      982      977      146     2431        0        0        0
 4041.000000     1245     1245        1        0     1245        0     1008      997      147     2448        0        0        0
 4042.000000     1242     1242        1        0     1242        0     1012     1004      132     2436        0        0        0
 4043.000000     1239     1239        1        0     1239        0      992      982      138     2431        0        0        0
 4044.000000     1225     1225        1        0     1225        0      978      966      145     2419        0        0        0
 4045.000000     1232     1232        1        0     1232        0      983      975      132     2415        0        0        0
 4046.000000     1238     1238        1        0     1238        0     1000      988      143     2420        0        0        0
 4047.000000     1235     1235        1        0     1235        0      995      988      140     2420        0        0        0
 4048.000000     1236     1236        1        0     1236        0      990      982      145     2412        0        0        0
 4049.000000     1246     1246        1        0     1246        0     1003      986      132     2420        0        0        0
 4050.000000     1248     1248        1        0     1248        0      997      984      136     2441        0        0        0
 4051.000000     1246     1246        1        0     1246        0      968      964      156     2438        0        0        0
 4052.000000     1234     1234        1        0     1234        0      986      973      143     2430        0        0        0
 4053.000000     1239     1239        1        0     1239        0      981      973      149     2407        0        0        0
 4054.000000     1250     1250        1        0     1250        0      982      973      146     2419        0        0        0
 4055.000000     1236     1236        1        0     1236        0     1005      990      141     2425        0        0        0
 4056.000000     1244     1244        1        0     1244        0      964      953      147     2413        0        0        0
 4057.000000     1257     1257        1        0     1257        0      978      974      138     2426        0        0        0
 4058.000000     1239     1239        1        0     1239        0     1013     1006      129     2428        0        0        0
 4059.000000     1243     1243        1        0     1243        0     1009     1005      124     2445        0        0        0
 4060.000000     1241     1241        1        0     1241        0      990      986      137     2461        0        0        0
 4061.000000     1250     1250        1        0     1250        0     1006     1001      136     2434        0        0        0
 4062.000000     1248     1248        1        0     1248        0      993      988      140     2444        0        0        0
 4063.000000     1265     1265        1        0     1265        0     1003      996      154     2441        0        0        0
 4064.000000     1258     1258        1        0     1258        0     1032     1028      129     2437        0        0        0
 4065.000000     1253     1253        1        0     1253        0     1005      999      138     2449        0        0        0
 4066.000000     1263     1263        1        0     1263        0     1004     1000      135     2443        0        0        0
 4067.000000     1266     1266        1        0     1266        0     1017     1016      122     2442        0        0        0
 4068.000000     1281     1281        1        0     1281        0     1012     1008      132     2452        0        0        0
 4069.000000     1282     1282        1        0     1282        0     1014     1008      134     2447        0        0        0
 4070.000000     1290     1290        1        0     1290        0     1015     1012      130     2455        0        0        0
 4071.000000     1260     1260        1        0     1260        0     1001      996      133     2456        0        0        0
 4072.000000     1262     1262        1        0     1262        0     1003      999      130     2480        0        0        0
 4073.000000     1264     1264        1        0     1264        0     1023     1021      121     2450        0        0        0
 4074.000000     1256     1256        1        0     1256        0     1009     1005      130     2421        0        0        0
 4075.000000     1275     1275        1        0     1275        0     1028     1022      129     2460        0        0        0
 4076.000000     1268     1268        1        0     1268        0     1010     1002      139     2430        0        0        0
 4077.000000     1268     1268        1        0     1268        0     1002      995      132     2442        0        0        0
 4078.000000     1272     1272        1        0     1272        0     1003      998      138     2465        0        0        0
 4079.000000     1271     1271        1        0     1271        0     1020     1013      136     2445        0        0        0
 4080.000000     1283     1283        1        0     1283        0     1034     1027      128     2464        0        0        0
 4081.000000     1280     1280        1        0     1280        0     1016     1010      125     2485        0        0        0
 4082.000000     1289     1289        1        0     1289        0     1023     1018      127     2476        0        0        0
 4083.000000     1294     1294        1        0     1294        0     1019     1012      133     2493        0        0        0
 4084.000000     1302     1302        1        0     1302        0     1026     1023      136     2482        0        0        0
 4085.000000     1283     1283        1        0     1283        0     1023     1020      131     2464        0        0        0
 4086.000000     1305     1305        1        0     1305        0     1032     1030      134     2475        0        0        0
 4087.000000     1284     1284        1        0     1284        0     1041     1038      124     2455        0        0        0
 4088.000000     1284     1284        1        0     1284        0     1031     1028      122     2461        0        0        0
 4089.000000     1297     1297        1        0     1297        0     1023     1017      139     2473        0        0        0
 4090.000000     1298     1298        1        0     1298        0     1007     1001      136     2478        0        0        0
 4091.000000     1306     1306        1        0     1306        0     1030     1026      126     2468        0        0        0
 4092.000000     1286     1286        1        0     1286        0     1028     1026      139     2482        0        0        0
 4093.000000     1291     1291        1        0     1291        0     1034     1032      132     2492        0        0        0
 4094.000000     1283     1283        1        0     1283        0     1045     1041      133     2476        0        0        0
 4095.000000     1286     1286        1        0     1286        0     1033     1031      119     2487        0        0        0
 4096.000000     1287     1287        1        0     1287        0     1033     1029      137     2476        0        0        0
 4097.000000     1282     1282        1        0     1282        0     1034     1031      130     2494        0        0        0
 4098.000000     1291     1291        1        0     1291        0     1030     1027      129     2479        0        0        0
 4099.000000     1297     1297        1        0     1297        0     1031     1029      129     2488        0        0        0
 4100.000000     1301     1301        1        0     1301        0     1025     1022      136     2501        0        0        0
 4101.000000     1309     1309        1        0     1309        0     1023     1021      134     2487        0        0        0
 4102.000000     1299     1299        1        0     1299        0     1022     1019      135     2453        0        0        0
 4103.000000     1289     1289        1        0     1289        0     1028     1023      135     2478        0        0        0
 4104.000000     1300     1300        1        0     1300        0     1025     1021      125     2477        0        0        0
 4105.000000     1282     1282        1        0     1282        0     1033     1029      129     2458        0        0        0
 4106.000000     1288     1288        1        0     1288        0     1029     1025      128     2448        0        0        0
 4107.000000     1263     1263        1        0     1263        0     1021     1015      141     2444        0        0        0
 4108.000000     1291     1291        1        0     1291        0     1028     1023      136     2461        0        0        0
 4109.000000     1277     1277        1        0     1277        0     1007     1001      129     2465        0        0        0
 4110.000000     1276     1276        1        0     1276        0     1005     1003      141     2461        0        0        0
 4111.000000     1302     1302        1        0     1302        0     1022     1017      137     2484        0        0        0
 4112.000000     1279     1279        1        0     1279        0     1010     1008      124     2483        0        0        0
 4113.000000     1269     1269        1        0     1269        0     1016     1014      127     2476        0        0        0
 4114.000000     1271     1271        1        0     1271        0     1030     1028      117     2461        0        0        0
 4115.000000     1267     1267        1        0     1267        0      998      995      141     2460        0        0        0
 4116.000000     1256     1256        1        0     1256        0     1031     1029      130     2464        0        0        0
 4117.000000     1260     1260        1        0     1260        0     1008     1007      128     2461        0        0        0
 4118.000000     1258     1258        1        0     1258        0     1029     1026      125     2450        0        0        0
 4119.000000     1258     1258        1        0     1258        0     1030     1028      121     2447        0        0        0
 4120.000000     1269     1269        1        0     1269        0     1020     1016      141     2459        0        0        0
 4121.000000     1275     1275        1        0     1275        0     1031     1028      134     2467        0        0        0
 4122.000000     1276     1276        1        0     1276        0     1007     1006      134     2452        0        0        0
 4123.000000     1271     1271        1        0     1271        0     1015     1013      138     2467        0        0        0
 4124.000000     1274     1274        1        0     1274        0     1017     1017      125     2447        0        0        0
 4125.000000     1251     1251        1        0     1251        0     1019     1017      130     2428        0        0        0
 4126.000000     1272     1272        1        0     1272        0     1022     1019      130     2447        0        0        0
 4127.000000     1259     1259        1        0     1259        0     1018     1013      148     2436        0        0        0
 4128.000000     1265     1265        1        0     1265        0     1017     1015      123     2453        0        0        0
 4129.000000     1273     1273        1        0     1273        0     1013     1011      129     2439        0        0        0
 4130.000000     1265     1265        1        0     1265        0     1038     1036      121     2446        0        0        0
 4131.000000     1270     1270        1        0     1270        0     1001      998      146     2430        0        0        0
 4132.000000     1268     1268        1        0     1268        0     1030     1028      123     2425        0        0        0
 4133.000000     1263     1263        1        0     1263        0     1020     1018      129     2452        0        0        0
 4134.000000     1274     1274        1        0     1274        0     1026     1024      125     2432        0        0        0
 4135.000000     1266     1266        1        0     1266        0     1019     1017      130     2423        0        0        0
 4136.000000     1272     1272        1        0     1272        0     1023     1021      119     2441        0        0        0
 4137.000000     1255     1255        1        0     1255        0     1005     1001      136     2432        0        0        0
 4138.000000     1253     1253        1        0     1253        0     1015     1012      142     2431        0        0        0
 4139.000000     1259     1259        1        0     1259        0     1013     1007      132     2446        0        0        0
 4140.000000     1272     1272        1        0     1272        0     1014     1012      136     2446        0        0        0
 4141.000000     1274     1274        1        0     1274        0     1017     1015      130     2441        0        0        0
 4142.000000     1274     1274        1        0     1274        0     1012     1009      144     2436        0        0        0
 4143.000000     1246     1246        1        0     1246        0     1020     1018      124     2431        0        0        0
 4144.000000     1267     1267        1        0     1267        0     1020     1018      135     2450        0        0        0
 4145.000000     1257     1257        1        0     1257        0     1026     1024      139     2451        0        0        0
 4146.000000     1277     1277        1        0     1277        0     1031     1027      144     2437        0        0        0
 4147.000000     1255     1255        1        0     1255        0     1030     1027      132     2433        0        0        0
 4148.000000     1256     1256        1        0     1256        0     1018     1013      136     2441        0        0        0
 4149.000000     1257     1257        1        0     1257        0     1005     1001      136     2436        0        0        0
 4150.000000     1256     1256        1        0     1256        0     1036     1033      127     2437        0        0        0
 4151.000000     1254     1254        1        0     1254        0     1021     1015      140     2439        0        0        0
 4152.000000     1267     1267        1        0     1267        0     1020     1016      135     2455        0        0        0
 4153.000000     1258     1258        1        0     1258        0     1022     1019      136     2445        0        0        0
 4154.000000     1279     1279        1        0     1279        0     1030     1027      133     2449        0        0        0
 4155.000000     1256     1256        1        0     1256        0     1026     1022      133     2451        0        0        0
 4156.000000     1256     1256        1        0     1256        0     1017     1013      136     2469        0        0        0
 4157.000000     1255     1255        1        0     1255        0     1012     1010      143     2458        0        0        0
 4158.000000     1257     1257        1        0     1257        0     1030     1025      133     2457        0        0        0
 4159.000000     1253     1253        1        0     1253        0     1036     1025      131     2452        0        0        0
 4160.000000     1262     1262        1        0     1262        0     1017     1012      136     2459        0        0        0
 4161.000000     1260     1260        1        0     1260        0     1045     1042      130     2471        0        0        0
 4162.000000     1260     1260        1        0     1260        0     1022     1015      129     2455        0        0        0
 4163.000000     1255     1255        1        0     1255        0     1022     1018      126     2456        0        0        0
 4164.000000     1252     1252        1        0     1252        0     1023     1020      144     2450        0        0        0
 4165.000000     1257     1257        1        0     1257        0     1033     1030      128     2450        0        0        0
 4166.000000     1263     1263        1        0     1263        0     1028     1021      128     2466        0        0        0
 4167.000000     1273     1273        1        0     1273        0     1030     1026      145     2475        0        0        0
 4168.000000     1267     1267        1        0     1267        0     1023     1018      136     2478        0        0        0
 4169.000000     1259     1259        1        0     1259        0     1033     1030      129     2476        0        0        0
 4170.000000     1269     1269        1        0     1269        0     1037     1035      131     2484        0        0        0
 4171.000000     1261     1261        1        0     1261        0      999      996      141     2465        0        0        0
 4172.000000     1254     1254        1        0     1254        0     1029     1024      127     2488        0        0        0
 4173.000000     1258     1258        1        0     1258        0     1011     1006      147     2466        0        0        0
 4174.000000     1257     1257        1        0     1257        0     1016     1009      130     2459        0        0        0
 4175.000000     1277     1277        1        0     1277        0     1042     1040      125     2486        0        0        0
 4176.000000     1266     1266        1        0     1266        0     1021     1018      141     2481        0        0        0
 4177.000000     1270     1270        1        0     1270        0     1019     1014      137     2459        0        0        0
 4178.000000     1260     1260        1        0     1260        0     1017     1013      134     2469        0        0        0
 4179.000000     1265     1265        1        0     1265        0     1008     1007      133     2454        0        0        0
 4180.000000     1255     1255        1        0     1255        0     1016     1014      135     2455        0        0        0
 4181.000000     1262     1262        1        0     1262        0     1014     1008      140     2442        0        0        0
 4182.000000     1270     1270        1        0     1270        0     1023     1017      130     2476        0        0        0
 4183.000000     1295     1295        1        0     1295        0     1023     1023      133     2465        0        0        0
 4184.000000     1274     1274        1        0     1274        0     1023     1021      138     2464        0        0        0
 4185.000000     1257     1257        1        0     1257        0     1006     1004      152     2451        0        0        0
 4186.000000     1271     1271        1        0     1271        0     1024     1017      137     2465        0        0        0
 4187.000000     1269     1269        1        0     1269        0     1033     1033      127     2444        0        0        0
 4188.000000     1284     1284        1        0     1284        0     1023     1020      129     2464        0        0        0
 4189.000000     1274     1274        1        0     1274        0     1018     1016      132     2453        0        0        0
 4190.000000     1282     1282        1        0     1282        0     1025     1022      144     2484        0        0        0
 4191.000000     1283     1283        1        0     1283        0     1020     1016      145     2452        0        0        0
 4192.000000     1279     1279        1        0     1279        0     1029     1021      137     2478        0        0        0
 4193.000000     1286     1286        1        0     1286        0     1030     1025      142     2473        0        0        0
 4194.000000     1278     1278        1        0     1278        0     1008     1007      133     2463        0        0        0
 4195.000000     1281     1281        1        0     1281        0     1019     1015      135     2482        0        0        0
 4196.000000     1271     1271        1        0     1271        0     1038     1036      117     2451        0        0        0
 4197.000000     1267     1267        1        0     1267        0     1028     1028      126     2467        0        0        0
 4198.000000     1279     1279        1        0     1279        0     1025     1019      139     2465        0        0        0
 4199.000000     1293     1293        1        0     1293        0     1032     1031      118     2466        0        0        0
 4200.000000     1285     1285        1        0     1285        0     1029     1029      136     2476        0        0        0
 4201.000000     1284     1284        1        0     1284        0     1015     1010      134     2455        0        0        0
 4202.000000     1287     1287        1        0     1287        0     1019     1019      118     2469        0        0        0
 4203.000000     1276     1276        1        0     1276        0     1028     1027      137     2467        0        0        0
 4204.000000     1275     1275        1        0     1275        0     1027     1025      138     2462        0        0        0
 4205.000000     1275     1275        1        0     1275        0     1027     1024      133     2471        0        0        0
 4206.000000     1275     1275        1        0     1275        0     1016     1014      134     2462        0        0        0
 4207.000000     1277     1277        1        0     1277        0     1029     1028      136     2470        0        0        0
 4208.000000     1273     1273        1        0     1273        0     1017     1015      125     2458        0        0        0
 4209.000000     1276     1276        1        0     1276        0     1023     1022      125     2467        0        0        0
 4210.000000     1268     1268        1        0     1268        0     1022     1021      134     2468        0        0        0
 4211.000000     1271     1271        1        0     1271        0     1031     1027      131     2471        0        0        0
 4212.000000     1274     1274        1        0     1274        0     1016     1012      143     2457        0        0        0
 4213.000000     1279     1279        1        0     1279        0     1023     1022      140     2455        0        0        0
 4214.000000     1251     1251        1        0     1251        0     1011     1009      141     2446        0        0        0
 4215.000000     1272     1272        1        0     1272        0     1014     1012      137     2446        0        0        0
 4216.000000     1266     1266        1        0     1266        0     1023     1018      130     2453        0        0        0
 4217.000000     1262     1262        1        0     1262        0     1022     1018      129     2455        0        0        0
 4218.000000     1267     1267        1        0     1267        0     1013     1010      135     2462        0        0        0
 4219.000000     1261     1261        1        0     1261        0     1002     1000      136     2441        0        0        0
 4220.000000     1263     1263        1        0     1263        0     1002      997      139     2464        0        0        0
 4221.000000     1267     1267        1        0     1267        0     1024     1022      130     2466        0        0        0
 4222.000000     1257     1257        1        0     1257        0     1031     1026      129     2476        0        0        0
 4223.000000     1255     1255        1        0     1255        0     1025     1024      129     2478        0        0        0
 4224.000000     1261     1261        1        0     1261        0     1007     1005      130     2484        0        0        0
 4225.000000     1262     1262        1        0     1262        0     1019     1012      139     2460        0        0        0
 4226.000000     1253     1253        1        0     1253        0     1002     1000      136     2462        0        0        0
 4227.000000     1252     1252        1        0     1252        0     1012     1010      139     2468        0        0        0
 4228.000000     1255     1255        1        0     1255        0     1009     1006      134     2462        0        0        0
 4229.000000     1250     1250        1        0     1250        0     1007     1006      144     2449        0        0        0
 4230.000000     1260     1260        1        0     1260        0     1008     1004      151     2457        0        0        0
 4231.000000     1275     1275        1        0     1275        0      989      986      163     2452        0        0        0
 4232.000000     1290     1290        1        0     1290        0     1013     1011      131     2439        0        0        0
 4233.000000     1267     1267        1        0     1267        0     1010     1008      140     2468        0        0        0
 4234.000000     1263     1263        1        0     1263        0      999      994      146     2477        0        0        0
 4235.000000     1256     1256        1        0     1256        0     1020     1018      135     2458        0        0        0
 4236.000000     1248     1248        1        0     1248        0     1015     1013      131     2438        0        0        0
 4237.000000     1242     1242        1        0     1242        0     1001      999      146     2429        0        0        0
 4238.000000     1248     1248        1        0     1248        0     1013     1007      145     2441        0        0        0
 4239.000000     1259     1259        1        0     1259        0     1020     1016      138     2440        0        0        0
 4240.000000     1264     1264        1        0     1264        0     1028     1022      132     2447        0        0        0
 4241.000000     1267     1267        1        0     1267        0     1021     1017      132     2440        0        0        0
 4242.000000     1254     1254        1        0     1254        0     1022     1020      132     2444        0        0        0
 4243.000000     1267     1267        1        0     1267        0     1024     1024      127     2444        0        0        0
 4244.000000     1278     1278        1        0     1278        0     1003     1001      143     2445        0        0        0
 4245.000000     1258     1258        1        0     1258        0     1016     1013      135     2448        0        0        0
 4246.000000     1262     1262        1        0     1262        0     1003     1000      134     2441        0        0        0
 4247.000000     1261     1261        1        0     1261        0     1002     1001      133     2450        0        0        0
 4248.000000     1254     1254        1        0     1254        0     1012     1010      136     2457        0        0        0
 4249.000000     1249     1249        1        0     1249        0     1016     1013      124     2464        0        0        0
 4250.000000     1248     1248        1        0     1248        0      988      982      151     2431        0        0        0
 4251.000000     1236     1236        1        0     1236        0      988      985      144     2430        0        0        0
 4252.000000     1236     1236        1        0     1236        0      992      989      132     2437        0        0        0
 4253.000000     1223     1223        1        0     1223        0     1004     1001      135     2435        0        0        0
 4254.000000     1224     1224        1        0     1224        0      985      983      143     2438        0        0        0
 4255.000000     1227     1227        1        0     1227        0      990      988      135     2442        0        0        0
 4256.000000     1219     1219        1        0     1219        0     1009     1004      136     2436        0        0        0
 4257.000000     1222     1222        1        0     1222        0     1003      996      131     2427        0        0        0
 4258.000000     1226     1226        1        0     1226        0     1003     1000      131     2431        0        0        0
 4259.000000     1218     1218        1        0     1218        0     1012     1006      132     2436        0        0        0
 4260.000000     1221     1221        1        0     1221        0      998      994      134     2423        0        0        0
 4261.000000     1230     1230        1        0     1230        0      990      986      134     2439        0        0        0
 4262.000000     1215     1215        1        0     1215        0      990      984      153     2425        0        0        0
 4263.000000     1215     1215        1        0     1215        0      983      978      142     2417        0        0        0
 4264.000000     1225     1225        1        0     1225        0      991      988      135     2430        0        0        0
 4265.000000     1214     1214        1        0     1214        0      996      993      135     2426        0        0        0
 4266.000000     1223     1223        1        0     1223        0      999      992      145     2419        0        0        0
 4267.000000     1219     1219        1        0     1219        0      999      995      139     2423        0        0        0
 4268.000000     1226     1226        1        0     1226        0      999      996      135     2438        0        0        0
 4269.000000     1207     1207        1        0     1207        0     1004      997      136     2410        0        0        0
 4270.000000     1204     1204        1        0     1204        0     1003      995      132     2418        0        0        0
 4271.000000     1213     1213        1        0     1213        0     1012     1004      130     2429        0        0        0
 4272.000000     1210     1210        1        0     1210        0     1015     1010      127     2419        0        0        0
 4273.000000     1211     1211        1        0     1211        0     1022     1016      126     2425        0        0        0
 4274.000000     1208     1208        1        0     1208        0      991      983      137     2428        0        0        0
 4275.000000     1211     1211        1        0     1211        0     1002      997      139     2419        0        0        0
 4276.000000     1208     1208        1        0     1208        0     1008     1002      132     2423        0        0        0
 4277.000000     1211     1211        1        0     1211        0     1008     1005      126     2425        0        0        0
 4278.000000     1209     1209        1        0     1209        0      991      987      135     2450        0        0        0
 4279.000000     1212     1212        1        0     1212        0      977      974      132     2432        0        0        0
 4280.000000     1212     1212        1        0     1212        0     1002      999      141     2421        0        0        0
 4281.000000     1208     1208        1        0     1208        0     1004      998      133     2433        0        0        0
 4282.000000     1200     1200        1        0     1200        0      997      990      145     2430        0        0        0
 4283.000000     1200     1200        1        0     1200        0      983      977      137     2434        0        0        0
 4284.000000     1200     1200        1        0     1200        0      988      984      145     2427        0        0        0
 4285.000000     1200     1200        1        0     1200        0      996      994      127     2426        0        0        0
 4286.000000     1201     1201        1        0     1201        0      988      986      140     2449        0        0        0
 4287.000000     1205     1205        1        0     1205        0      990      987      135     2435        0        0        0
 4288.000000     1215     1215        1        0     1215        0      996      991      132     2435        0        0        0
 4289.000000     1197     1197        1        0     1197        0     1001      998      123     2427        0        0        0
 4290.000000     1198     1198        1        0     1198        0      989      982      119     2434        0        0        0
 4291.000000     1214     1214        1        0     1214        0      996      991      133     2437        0        0        0
 4292.000000     1192     1192        1        0     1192        0      991      989      138     2434        0        0        0
 4293.000000     1195     1195        1        0     1195        0      998      993      139     2446        0        0        0
 4294.000000     1198     1198        1        0     1198        0      999      995      147     2451        0        0        0
 4295.000000     1201     1201        1        0     1201        0     1015     1010      130     2446        0        0        0
 4296.000000     1206     1206        1        0     1206        0      998      993      141     2450        0        0        0
 4297.000000     1207     1207        1        0     1207        0     1012     1007      138     2450        0        0        0
 4298.000000     1198     1198        1        0     1198        0     1005     1000      135     2443        0        0        0
 4299.000000     1218     1218        1        0     1218        0      989      987      124     2429        0        0        0
 4300.000000     1192     1192        1        0     1192        0     1012     1008      121     2427        0        0        0
 4301.000000     1218     1218        1        0     1218        0     1003      997      127     2443        0        0        0
 4302.000000     1222     1222        1        0     1222        0     1004     1003      134     2431        0        0        0
 4303.000000     1212     1212        1        0     1212        0     1009     1002      137     2444        0        0        0
 4304.000000     1212     1212        1        0     1212        0      999      997      140     2432        0        0        0
 4305.000000     1207     1207        1        0     1207        0     1004     1004      136     2429        0        0        0
 4306.000000     1192     1192        1        0     1192        0      997      993      129     2416        0        0        0
 4307.000000     1208     1208        1        0     1208        0     1003      998      129     2429        0        0        0
 4308.000000     1193     1193        1        0     1193        0      990      986      129     2430        0        0        0
 4309.000000     1205     1205        1        0     1205        0      992      989      136     2449        0        0        0
 4310.000000     1193     1193        1        0     1193        0     1000      993      125     2426        0        0        0
 4311.000000     1209     1209        1        0     1209        0     1006     1000      129     2422        0        0        0
 4312.000000     1210     1210        1        0     1210        0      991      989      147     2419        0        0        0
 4313.000000     1208     1208        1        0     1208        0      986      979      141     2415        0        0        0
 4314.000000     1213     1213        1        0     1213        0      995      988      133     2417        0        0        0
 4315.000000     1207     1207        1        0     1207        0      998      989      130     2432        0        0        0
 4316.000000     1242     1242        1        0     1242        0     1012     1007      142     2444        0        0        0
 4317.000000     1198     1198        1        0     1198        0     1003      999      143     2435        0        0        0
 4318.000000     1213     1213        1        0     1213        0     1005     1001      119     2432        0        0        0
 4319.000000     1207     1207        1        0     1207        0     1011     1007      142     2421        0        0        0
 4320.000000     1213     1213        1        0     1213        0      996      990      133     2434        0        0        0
 4321.000000     1218     1218        1        0     1218        0     1002      994      133     2437        0        0        0
 4322.000000     1218     1218        1        0     1218        0      989      985      154     2450        0        0        0
 4323.000000     1219     1219        1        0     1219        0      994      987      140     2435        0        0        0
 4324.000000     1238     1238        1        0     1238        0      998      991      141     2431        0        0        0
 4325.000000     1220     1220        1        0     1220        0     1001      995      143     2435        0        0        0
 4326.000000     1225     1225        1        0     1225        0      994      992      128     2425        0        0        0
 4327.000000     1205     1205        1        0     1205        0      989      984      143     2421        0        0        0
 4328.000000     1231     1231        1        0     1231        0     1011     1003      140     2435        0        0        0
 4329.000000     1228     1228        1        0     1228        0      998      995      140     2432        0        0        0
 4330.000000     1236     1236        1        0     1236        0     1018     1014      124     2456        0        0        0
 4331.000000     1237     1237        1        0     1237        0      983      979      151     2458        0        0        0
 4332.000000     1235     1235        1        0     1235        0     1000      994      139     2449        0        0        0
 4333.000000     1234     1234        1        0     1234        0     1001      998      150     2443        0        0        0
 4334.000000     1211     1211        1        0     1211        0      999      994      139     2444        0        0        0
 4335.000000     1240     1240        1        0     1240        0     1005     1002      133     2450        0        0        0
 4336.000000     1229     1229        1        0     1229        0     1005      997      146     2472        0        0        0
 4337.000000     1229     1229        1        0     1229        0      995      992      136     2455        0        0        0
 4338.000000     1224     1224        1        0     1224        0     1007      999      145     2465        0        0        0
 4339.000000     1198     1198        1        0     1198        0     1013     1008      138     2456        0        0        0
 4340.000000     1198     1198        1        0     1198        0     1008      999      145     2480        0        0        0
 4341.000000     1198     1198        1        0     1198        0      992      989      140     2465        0        0        0
 4342.000000     1198     1198        1        0     1198        0     1004      996      143     2467        0        0        0
 4343.000000     1197     1197        1        0     1197        0     1005     1003      136     2456        0        0        0
 4344.000000     1220     1220        1        0     1220        0     1003      997      141     2441        0        0        0
 4345.000000     1200     1200        1        0     1200        0     1007     1001      146     2441        0        0        0
 4346.000000     1223     1223        1        0     1223        0     1006     1002      143     2443        0        0        0
 4347.000000     1226     1226        1        0     1226        0     1014     1006      136     2464        0        0        0
 4348.000000     1226     1226        1        0     1226        0      996      993      146     2451        0        0        0
 4349.000000     1227     1227        1        0     1227        0     1000      995      144     2459        0        0        0
 4350.000000     1224     1224        1        0     1224        0      985      980      140     2434        0        0        0
 4351.000000     1224     1224        1        0     1224        0      996      991      136     2456        0        0        0
 4352.000000     1227     1227        1        0     1227        0     1002      993      136     2447        0        0        0
 4353.000000     1253     1253        1        0     1253        0      998      992      138     2448        0        0        0
 4354.000000     1238     1238        1        0     1238        0     1000      996      145     2425        0        0        0
 4355.000000     1216     1216        1        0     1216        0     1002      993      142     2450        0        0        0
 4356.000000     1200     1200        1        0     1200        0     1004     1000      147     2431        0        0        0
 4357.000000     1199     1199        1        0     1199        0      998      994      149     2450        0        0        0
 4358.000000     1198     1198        1        0     1198        0     1012     1007      158     2436        0        0        0
 4359.000000     1202     1202        1        0     1202        0     1003      995      150     2437        0        0        0
 4360.000000     1201     1201        1        0     1201        0     1006     1003      138     2432        0        0        0
 4361.000000     1205     1205        1        0     1205        0     1006      999      134     2423        0        0        0
 4362.000000     1205     1205        1        0     1205        0     1010     1004      155     2427        0        0        0
 4363.000000     1205     1205        1        0     1205        0      989      987      143     2447        0        0        0
 4364.000000     1201     1201        1        0     1201        0      986      978      156     2428        0        0        0
 4365.000000     1221     1221        1        0     1221        0     1005     1000      151     2455        0        0        0
 4366.000000     1223     1223        1        0     1223        0     1005      999      149     2452        0        0        0
 4367.000000     1221     1221        1        0     1221        0     1012     1008      144     2468        0        0        0
 4368.000000     1228     1228        1        0     1228        0     1009     1001      156     2455        0        0        0
 4369.000000     1219     1219        1        0     1219        0     1004      999      138     2461        0        0        0
 4370.000000     1218     1218        1        0     1218        0      988      983      154     2452        0        0        0
 4371.000000     1218     1218        1        0     1218        0     1007     1004      128     2455        0        0        0
 4372.000000     1215     1215        1        0     1215        0     1013     1008      137     2440        0        0        0
 4373.000000     1221     1221        1        0     1221        0     1000      992      141     2470        0        0        0
 4374.000000     1226     1226        1        0     1226        0     1005     1000      153     2433        0        0        0
 4375.000000     1215     1215        1        0     1215        0     1006      997      151     2438        0        0        0
 4376.000000     1223     1223        1        0     1223        0     1016     1012      143     2438        0        0        0
 4377.000000     1215     1215        1        0     1215        0     1011     1004      137     2429        0        0        0
 4378.000000     1251     1251        1        0     1251        0     1010     1006      152     2446        0        0        0
 4379.000000     1231     1231        1        0     1231        0     1000      994      146     2441        0        0        0
 4380.000000     1229     1229        1        0     1229        0      995      991      148     2462        0        0        0
 4381.000000     1230     1230        1        0     1230        0     1028     1023      127     2465        0        0        0
 4382.000000     1225     1225        1        0     1225        0      995      988      138     2452        0        0        0
 4383.000000     1216     1216        1        0     1216        0      998      992      134     2471        0        0        0
 4384.000000     1202     1202        1        0     1202        0     1002      997      152     2467        0        0        0
 4385.000000     1221     1221        1        0     1221        0     1012     1004      154     2454        0        0        0
 4386.000000     1222     1222        1        0     1222        0     1007     1000      146     2467        0        0        0
 4387.000000     1221     1221        1        0     1221        0     1016     1013      141     2445        0        0        0
 4388.000000     1216     1216        1        0     1216        0     1012     1006      141     2450        0        0        0
 4389.000000     1220     1220        1        0     1220        0     1009     1003      137     2473        0        0        0
 4390.000000     1202     1202        1        0     1202        0     1008      998      141     2460        0        0        0
 4391.000000     1198     1198        1        0     1198        0      999      984      154     2443        0        0        0
 4392.000000     1201     1201        1        0     1201        0      997      993      132     2455        0        0        0
 4393.000000     1202     1202        1        0     1202        0     1012     1004      138     2456        0        0        0
 4394.000000     1201     1201        1        0     1201        0     1025     1020      132     2446        0        0        0
 4395.000000     1212     1212        1        0     1212        0     1026     1021      133     2460        0        0        0
 4396.000000     1211     1211        1        0     1211        0     1011     1007      139     2465        0        0        0
 4397.000000     1206     1206        1        0     1206        0     1024     1013      134     2462        0        0        0
 4398.000000     1208     1208        1        0     1208        0     1004      993      153     2471        0        0        0
 4399.000000     1223     1223        1        0     1223        0     1007      998      141     2454        0        0        0
 4400.000000     1250     1250        1        0     1250        0     1022     1017      135     2458        0        0        0
 4401.000000     1237     1237        1        0     1237        0     1012     1002      144     2465        0        0        0
 4402.000000     1246     1246        1        0     1246        0     1005     1000      137     2467        0        0        0
 4403.000000     1227     1227        1        0     1227        0     1008     1002      139     2460        0        0        0
 4404.000000     1243     1243        1        0     1243        0     1010     1001      148     2440        0        0        0
 4405.000000     1242     1242        1        0     1242        0     1025     1024      140     2454        0        0        0
 4406.000000     1226     1226        1        0     1226        0     1004      996      159     2450        0        0        0
 4407.000000     1220     1220        1        0     1220        0     1009     1001      145     2451        0        0        0
 4408.000000     1224     1224        1        0     1224        0     1007     1004      140     2461        0        0        0
 4409.000000     1207     1207        1        0     1207        0     1008     1001      140     2446        0        0        0
 4410.000000     1209     1209        1        0     1209        0     1015     1009      143     2452        0        0        0
 4411.000000     1207     1207        1        0     1207        0     1017     1010      139     2465        0        0        0
 4412.000000     1210     1210        1        0     1210        0     1025     1020      135     2446        0        0        0
 4413.000000     1212     1212        1        0     1212        0     1004      999      128     2467        0        0        0
 4414.000000     1209     1209        1        0     1209        0     1027     1023      138     2452        0        0        0
 4415.000000     1227     1227        1       13     1209        5     1014     1007      143     2464        0        0        0
 4416.000000     1246     1246        1        0     1246        0     1012     1008      151     2458        0        0        0
 4417.000000     1224     1224        1        0     1224        0     1024     1020      131     2452        0        0        0
 4418.000000     1200     1200        1        0     1200        0     1025     1020      128     2455        0        0        0
 4419.000000     1238     1238        1        0     1238        0     1005      998      162     2448        0        0        0
 4420.000000     1235     1235        1        0     1235        0     1008     1000      155     2465        0        0        0
 4421.000000     1267     1267        1        0     1267        0     1026     1013      143     2474        0        0        0
 4422.000000     1214     1214        1        0     1214        0     1007      996      151     2461        0        0        0
 4423.000000     1209     1209        1        0     1209        0     1014     1001      142     2453        0        0        0
 4424.000000     1220     1220        1        0     1220        0     1011     1000      149     2459        0        0        0
 4425.000000     1213     1213        1        0     1213        0     1000      991      141     2466        0        0        0
 4426.000000     1227     1227        1        0     1227        0     1021     1018      145     2472        0        0        0
 4427.000000     1217     1217        1        0     1217        0     1005     1003      154     2476        0        0        0
 4428.000000     1227     1227        1        0     1227        0     1015     1006      147     2473        0        0        0
 4429.000000     1226     1226        1        0     1226        0     1020     1012      136     2476        0        0        0
 4430.000000     1229     1229        1       14     1215        0     1022     1014      131     2469        0        0        0
 4431.000000     1222     1222        1        0     1222        0     1013     1007      141     2483        0        0        0
 4432.000000     1253     1253        1       13     1239        1     1017     1016      139     2492        0        0        0
 4433.000000     1222     1222        1        0     1222        0     1019     1010      139     2466        0        0        0
 4434.000000     1226     1226        1        0     1226        0     1009     1007      151     2475        0        0        0
 4435.000000     1219     1219        1        0     1219        0     1006     1001      141     2466        0        0        0
 4436.000000     1229     1229        1        0     1229        0     1015     1013      153     2457        0        0        0
 4437.000000     1226     1226        1        0     1226        0     1020     1018      133     2471        0        0        0
 4438.000000     1219     1219        1        0     1219        0     1006     1003      161     2470        0        0        0
 4439.000000     1226     1226        1        0     1226        0     1011     1006      156     2473        0        0        0
 4440.000000     1219     1219        1        0     1219        0     1011     1003      147     2487        0        0        0
 4441.000000     1227     1227        1        0     1227        0     1006     1005      146     2474        0        0        0
 4442.000000     1226     1226        1        0     1226        0     1010     1003      154     2476        0        0        0
 4443.000000     1235     1235        1        0     1235        0     1012     1005      147     2473        0        0        0
 4444.000000     1225     1225        1        0     1225        0     1005     1000      147     2484        0        0        0
 4445.000000     1226     1226        1        0     1226        0      999      994      139     2468        0        0        0
 4446.000000     1225     1225        1        0     1225        0     1006      995      148     2475        0        0        0
 4447.000000     1228     1228        1        0     1228        0     1009      997      156     2491        0        0        0
 4448.000000     1242     1242        1        0     1242        0      994      982      156     2500        0        0        0
 4449.000000     1240     1240        1        0     1240        0     1003      997      141     2475        0        0        0
 4450.000000     1242     1242        1        0     1242        0     1009     1003      145     2490        0        0        0
 4451.000000     1242     1242        1        0     1242        0     1019     1013      140     2477        0        0        0
 4452.000000     1256     1256        1        0     1256        0     1008     1004      149     2481        0        0        0
 4453.000000     1241     1241        1        0     1241        0     1010     1003      150     2491        0        0        0
 4454.000000     1251     1251        1        0     1251        0     1010     1008      148     2485        0        0        0
 4455.000000     1254     1254        1        0     1254        0     1015     1011      145     2495        0        0        0
 4456.000000     1251     1251        1        0     1251        0     1008     1002      145     2475        0        0        0
 4457.000000     1242     1242        1        0     1242        0      997      995      147     2465        0        0        0
 4458.000000     1242     1242        1        0     1242        0     1018     1013      137     2491        0        0        0
 4459.000000     1249     1249        1        0     1249        0     1005     1001      143     2481        0        0        0
 4460.000000     1236     1236        1        0     1236        0     1012     1007      145     2457        0        0        0
 4461.000000     1244     1244        1        0     1244        0     1011     1008      126     2462        0        0        0
 4462.000000     1249     1249        1        0     1249        0     1017     1009      137     2480        0        0        0
 4463.000000     1279     1279        1        0     1279        0     1024     1017      144     2488        0        0        0
 4464.000000     1273     1273        1        0     1273        0     1012     1008      148     2465        0        0        0
 4465.000000     1264     1264        1        0     1264        0     1009     1004      149     2482        0        0        0
 4466.000000     1273     1273        1        0     1273        0     1024     1019      142     2474        0        0        0
 4467.000000     1253     1253        1        0     1253        0     1011     1007      156     2484        0        0        0
 4468.000000     1287     1287        1        0     1287        0     1027     1021      144     2495        0        0        0
 4469.000000     1271     1271        1        0     1271        0     1016     1010      152     2474        0        0        0
 4470.000000     1274     1274        1        0     1274        0     1022     1017      156     2491        0        0        0
 4471.000000     1280     1280        1        0     1280        0     1015     1010      150     2480        0        0        0
 4472.000000     1275     1275        1        0     1275        0     1036     1032      140     2477        0        0        0
 4473.000000     1264     1264        1        0     1264        0     1036     1031      135     2476        0        0        0
 4474.000000     1271     1271        1        0     1271        0     1008     1001      145     2481        0        0        0
 4475.000000     1281     1281        1        0     1281        0     1039     1036      125     2484        0        0        0
 4476.000000     1274     1274        1        0     1274        0     1029     1024      137     2488        0        0        0
 4477.000000     1271     1271        1        0     1271        0     1014     1011      144     2497        0        0        0
 4478.000000     1275     1275        1        0     1275        0     1025     1023      143     2466        0        0        0
 4479.000000     1276     1276        1        0     1276        0     1030     1026      137     2475        0        0        0
 4480.000000     1270     1270        1        0     1270        0     1008     1006      139     2473        0        0        0
 4481.000000     1273     1273        1        0     1273        0     1017     1011      137     2488        0        0        0
 4482.000000     1274     1274        1        0     1274        0     1024     1021      125     2487        0        0        0
 4483.000000     1270     1270        1        0     1270        0     1030     1027      136     2493        0        0        0
 4484.000000     1265     1265        1        0     1265        0     1026     1020      132     2480        0        0        0
 4485.000000     1290     1290        1        0     1290        0     1023     1020      136     2502        0        0        0
 4486.000000     1275     1275        1        0     1275        0     1012     1010      143     2491        0        0        0
 4487.000000     1286     1286        1        0     1286        0     1017     1014      135     2489        0        0        0
 4488.000000     1272     1272        1        0     1272        0     1015     1009      153     2483        0        0        0
 4489.000000     1282     1282        1        0     1282        0     1027     1019      134     2500        0        0        0
 4490.000000     1261     1261        1        0     1261        0     1028     1024      140     2487        0        0        0
 4491.000000     1259     1259        1        0     1259        0     1030     1025      133     2490        0        0        0
 4492.000000     1273     1273        1        0     1273        0     1034     1029      143     2485        0        0        0
 4493.000000     1270     1270        1        0     1270        0     1024     1021      140     2481        0        0        0
 4494.000000     1257     1257        1        0     1257        0     1027     1025      142     2487        0        0        0
 4495.000000     1266     1266        1        0     1266        0     1018     1015      146     2513        0        0        0
 4496.000000     1263     1263        1        0     1263        0     1038     1038      131     2499        0        0        0
 4497.000000     1276     1276        1        0     1276        0     1038     1033      133     2508        0        0        0
 4498.000000     1265     1265        1        0     1265        0     1036     1036      140     2516        0        0        0
 4499.000000     1281     1281        1        0     1281        0     1021     1016      146     2519        0        0        0
 4500.000000     1263     1263        1        0     1263        0     1028     1026      137     2519        0        0        0
 4501.000000     1283     1283        1        0     1283        0     1031     1027      134     2534        0        0        0
 4502.000000     1288     1288        1        0     1288        0     1035     1028      131     2525        0        0        0
 4503.000000     1269     1269        1        0     1269        0     1042     1037      130     2527        0        0        0
 4504.000000     1271     1271        1        0     1271        0     1045     1041      127     2521        0        0        0
 4505.000000     1276     1276        1        0     1276        0     1028     1025      149     2530        0        0        0
 4506.000000     1271     1271        1        0     1271        0     1035     1029      153     2521        0        0        0
 4507.000000     1269     1269        1        0     1269        0     1014     1010      148     2510        0        0        0
 4508.000000     1281     1281        1        0     1281        0     1032     1029      154     2508        0        0        0
 4509.000000     1267     1267        1        0     1267        0     1025     1023      127     2506        0        0        0
 4510.000000     1256     1256        1        0     1256        0     1017     1013      128     2483        0        0        0
 4511.000000     1273     1273        1        0     1273        0     1033     1028      136     2486        0        0        0
 4512.000000     1295     1295        1        0     1295        0     1036     1033      140     2495        0        0        0
 4513.000000     1283     1283        1        6     1269        8     1024     1023      148     2493        0        0        0
 4514.000000     1282     1282        1        0     1282        0     1026     1021      153     2508        0        0        0
 4515.000000     1263     1263        1        0     1263        0     1038     1035      132     2487        0        0        0
 4516.000000     1270     1270        1        0     1270        0     1025     1018      133     2492        0        0        0
 4517.000000     1270     1270        1        0     1270        0     1021     1014      144     2492        0        0        0
 4518.000000     1266     1266        1        0     1266        0     1036     1033      131     2490        0        0        0
 4519.000000     1253     1253        1        0     1253        0     1035     1033      126     2474        0        0        0
 4520.000000     1257     1257        1        0     1257        0     1031     1029      133     2482        0        0        0
 4521.000000     1268     1268        1        0     1268        0     1001      999      151     2464        0        0        0
 4522.000000     1255     1255        1        0     1255        0      999      998      153     2472        0        0        0
 4523.000000     1256     1256        1        0     1256        0     1015     1008      144     2486        0        0        0
 4524.000000     1273     1273        1        0     1273        0     1035     1029      132     2500        0        0        0
 4525.000000     1279     1279        1        0     1279        0     1036     1034      145     2482        0        0        0
 4526.000000     1280     1280        1        4     1261       15     1039     1036      123     2494        0        0        0
 4527.000000     1261     1261        1        0     1261        0     1010     1005      144     2480        0        0        0
 4528.000000     1264     1264        1        0     1264        0     1035     1031      143     2495        0        0        0
 4529.000000     1250     1250        1        0     1250        0     1046     1042      124     2486        0        0        0
 4530.000000     1258     1258        1        0     1258        0     1043     1035      130     2459        0        0        0
 4531.000000     1246     1246        1        0     1246        0     1026     1021      140     2485        0        0        0
 4532.000000     1253     1253        1        0     1253        0     1026     1019      133     2476        0        0        0
 4533.000000     1261     1261        1        0     1261        0     1023     1018      133     2477        0        0        0
 4534.000000     1261     1261        1        0     1261        0     1036     1030      130     2477        0        0        0
 4535.000000     1264     1264        1        0     1264        0     1017     1009      145     2476        0        0        0
 4536.000000     1271     1271        1        0     1271        0     1033     1030      125     2463        0        0        0
 4537.000000     1258     1258        1        0     1258        0     1025     1023      128     2472        0        0        0
 4538.000000     1263     1263        1        0     1263        0     1032     1030      135     2460        0        0        0
 4539.000000     1254     1254        1        0     1254        0     1034     1033      126     2491        0        0        0
 4540.000000     1262     1262        1        0     1262        0     1022     1020      138     2497        0        0        0
 4541.000000     1255     1255        1        0     1255        0     1044     1040      130     2485        0        0        0
 4542.000000     1255     1255        1        0     1255        0     1035     1029      134     2480        0        0        0
 4543.000000     1277     1277        1        0     1277        0     1028     1024      146     2495        0        0        0
 4544.000000     1262     1262        1        0     1262        0     1023     1020      130     2489        0        0        0
 4545.000000     1265     1265        1        0     1265        0     1031     1028      139     2475        0        0        0
 4546.000000     1260     1260        1        0     1260        0     1023     1020      132     2473        0        0        0
 4547.000000     1265     1265        1        0     1265        0     1042     1040      139     2489        0        0        0
 4548.000000     1289     1289        1        0     1289        0     1022     1020      144     2488        0        0        0
 4549.000000     1253     1253        1        0     1253        0     1021     1017      131     2460        0        0        0
 4550.000000     1280     1280        1        0     1280        0     1033     1030      139     2480        0        0        0
 4551.000000     1267     1267        1        0     1267        0     1023     1019      140     2468        0        0        0
 4552.000000     1267     1267        1        0     1267        0     1041     1037      131     2490        0        0        0
 4553.000000     1262     1262        1        0     1262        0     1011     1009      144     2473        0        0        0
 4554.000000     1257     1257        1        0     1257        0     1018     1016      134     2442        0        0        0
 4555.000000     1265     1265        1        0     1265        0     1035     1033      125     2474        0        0        0
 4556.000000     1261     1261        1        0     1261        0     1014     1012      139     2466        0        0        0
 4557.000000     1265     1265        1        0     1265        0     1036     1034      136     2484        0        0        0
 4558.000000     1261     1261        1        0     1261        0     1036     1030      132     2462        0        0        0
 4559.000000     1268     1268        1        0     1268        0     1033     1028      131     2465        0        0        0
 4560.000000     1269     1269        1        0     1269        0     1026     1022      150     2477        0        0        0
 4561.000000     1260     1260        1        0     1260        0     1033     1028      143     2479        0        0        0
 4562.000000     1267     1267        1        0     1267        0     1006     1002      139     2471        0        0        0
 4563.000000     1262     1262        1        0     1262        0     1030     1025      131     2469        0        0        0
 4564.000000     1258     1258        1        0     1258        0     1034     1031      131     2467        0        0        0
 4565.000000     1274     1274        1        0     1274        0     1035     1032      123     2471        0        0        0
 4566.000000     1265     1265        1        0     1265        0     1033     1029      123     2476        0        0        0
 4567.000000     1251     1251        1        0     1251        0     1019     1016      136     2473        0        0        0
 4568.000000     1254     1254        1        0     1254        0     1027     1024      141     2470        0        0        0
 4569.000000     1251     1251        1        0     1251        0     1029     1026      139     2476        0        0        0
 4570.000000     1251     1251        1        0     1251        0     1016     1013      140     2465        0        0        0
 4571.000000     1283     1283        1        0     1283        0     1017     1014      138     2463        0        0        0
 4572.000000     1256     1256        1        0     1256        0     1025     1025      138     2460        0        0        0
 4573.000000     1282     1282        1        0     1282        0     1022     1019      136     2479        0        0        0
 4574.000000     1255     1255        1        0     1255        0     1009     1004      142     2475        0        0        0
 4575.000000     1255     1255        1        0     1255        0     1007     1001      145     2440        0        0        0
 4576.000000     1250     1250        1        0     1250        0     1019     1017      137     2449        0        0        0
 4577.000000     1265     1265        1        0     1265        0     1012     1009      135     2460        0        0        0
 4578.000000     1256     1256        1        0     1256        0     1019     1015      134     2456        0        0        0
 4579.000000     1263     1263        1        0     1263        0     1026     1022      143     2461        0        0        0
 4580.000000     1269     1269        1        0     1269        0     1020     1015      135     2465        0        0        0
 4581.000000     1266     1266        1        0     1266        0     1034     1032      127     2452        0        0        0
 4582.000000     1255     1255        1        0     1255        0     1012     1009      137     2469        0        0        0
 4583.000000     1270     1270        1        0     1270        0     1014     1007      142     2472        0        0        0
 4584.000000     1277     1277        1        0     1277        0     1025     1019      133     2478        0        0        0
 4585.000000     1266     1266        1        0     1266        0      996      991      141     2474        0        0        0
 4586.000000     1260     1260        1        0     1260        0     1001      999      138     2467        0        0        0
 4587.000000     1270     1270        1        0     1270        0     1011     1007      147     2464        0        0        0
 4588.000000     1269     1269        1        0     1269        0     1006     1002      140     2472        0        0        0
 4589.000000     1266     1266        1        0     1266        0     1021     1018      133     2451        0        0        0
 4590.000000     1260     1260        1        0     1260        0     1021     1017      128     2474        0        0        0
 4591.000000     1260     1260        1        0     1260        0     1016     1012      132     2466        0        0        0
 4592.000000     1265     1265        1        0     1265        0     1019     1015      138     2457        0        0        0
 4593.000000     1263     1263        1        0     1263        0     1024     1018      149     2444        0        0        0
 4594.000000     1270     1270        1        0     1270        0     1030     1028      131     2452        0        0        0
 4595.000000     1269     1269        1        0     1269        0     1018     1015      138     2452        0        0        0
 4596.000000     1265     1265        1        0     1265        0     1020     1014      139     2468        0        0        0
 4597.000000     1261     1261        1        0     1261        0     1009     1007      133     2455        0        0        0
 4598.000000     1262     1262        1        0     1262        0     1025     1021      132     2448        0        0        0
 4599.000000     1261     1261        1        0     1261        0     1012     1009      146     2473        0        0        0
 4600.000000     1264     1264        1        0     1264        0     1019     1011      139     2442        0        0        0
 4601.000000     1259     1259        1        0     1259        0     1009     1007      139     2452        0        0        0
 4602.000000     1258     1258        1        0     1258        0     1018     1015      135     2440        0        0        0
 4603.000000     1254     1254        1        0     1254        0     1019     1015      132     2427        0        0        0
 4604.000000     1259     1259        1        0     1259        0     1026     1023      131     2443        0        0        0
 4605.000000     1258     1258        1        0     1258        0     1018     1016      136     2437        0        0        0
 4606.000000     1272     1272        1        0     1272        0     1031     1024      132     2446        0        0        0
 4607.000000     1253     1253        1        0     1253        0     1004     1001      142     2428        0        0        0
 4608.000000     1250     1250        1        0     1250        0     1014     1013      131     2425        0        0        0
 4609.000000     1243     1243        1        0     1243        0     1010     1004      126     2453        0        0        0
 4610.000000     1248     1248        1        0     1248        0     1018     1016      130     2436        0        0        0
 4611.000000     1249     1249        1        0     1249        0     1013     1010      144     2443        0        0        0
 4612.000000     1244     1244        1        0     1244        0     1004     1002      131     2454        0        0        0
 4613.000000     1250     1250        1        0     1250        0     1001      996      136     2450        0        0        0
 4614.000000     1242     1242        1        0     1242        0     1018     1015      133     2433        0        0        0
 4615.000000     1251     1251        1        0     1251        0     1008     1001      139     2415        0        0        0
 4616.000000     1249     1249        1        0     1249        0     1020     1019      124     2451        0        0        0
 4617.000000     1245     1245        1        0     1245        0     1017     1010      121     2447        0        0        0
 4618.000000     1257     1257        1        0     1257        0     1013     1009      130     2449        0        0        0
 4619.000000     1267     1267        1        0     1267        0     1019     1017      136     2466        0        0        0
 4620.000000     1259     1259        1        0     1259        0     1015     1012      143     2478        0        0        0
 4621.000000     1278     1278        1        0     1278        0     1011     1009      131     2467        0        0        0
 4622.000000     1248     1248        1        0     1248        0     1017     1015      130     2456        0        0        0
 4623.000000     1248     1248        1        0     1248        0     1005     1004      142     2455        0        0        0
 4624.000000     1269     1269        1        0     1269        0     1014     1008      134     2469        0        0        0
 4625.000000     1245     1245        1        0     1245        0     1025     1020      137     2478        0        0        0
 4626.000000     1252     1252        1        0     1252        0     1022     1018      128     2462        0        0        0
 4627.000000     1248     1248        1        0     1248        0     1030     1026      130     2468        0        0        0
 4628.000000     1249     1249        1        0     1249        0     1023     1021      139     2449        0        0        0
 4629.000000     1256     1256        1        0     1256        0     1021     1017      132     2473        0        0        0
 4630.000000     1251     1251        1        0     1251        0     1015     1012      134     2481        0        0        0
 4631.000000     1256     1256        1        0     1256        0     1016     1013      142     2465        0        0        0
 4632.000000     1254     1254        1        0     1254        0     1012     1009      147     2469        0        0        0
 4633.000000     1266     1266        1        0     1266        0     1005      996      153     2460        0        0        0
 4634.000000     1241     1241        1        0     1241        0     1023     1022      127     2446        0        0        0
 4635.000000     1242     1242        1        0     1242        0     1005     1004      133     2460        0        0        0
 4636.000000     1241     1241        1        0     1241        0     1010     1007      137     2433        0        0        0
 4637.000000     1242     1242        1        0     1242        0     1005     1002      144     2431        0        0        0
 4638.000000     1244     1244        1        0     1244        0     1019     1016      138     2452        0        0        0
 4639.000000     1244     1244        1        0     1244        0     1015     1012      141     2467        0        0        0
 4640.000000     1244     1244        1        0     1244        0     1008     1003      149     2447        0        0        0
 4641.000000     1246     1246        1        0     1246        0     1010     1007      143     2471        0        0        0
 4642.000000     1248     1248        1        0     1248        0     1014     1006      139     2452        0        0        0
 4643.000000     1249     1249        1        0     1249        0     1015     1012      128     2454        0        0        0
 4644.000000     1247     1247        1        0     1247        0     1000     1000      136     2466        0        0        0
 4645.000000     1264     1252        2        0     1264        0     1021     1019      131     2466        0        0        0
 4646.000000     1252     1252        1        0     1252        0     1013     1009      131     2464        0        0        0
 4647.000000     1243     1243        1        0     1243        0     1028     1024      136     2468        0        0        0
 4648.000000     1245     1245        1        0     1245        0     1003      998      148     2474        0        0        0
 4649.000000     1244     1244        1        0     1244        0     1012     1009      142     2457        0        0        0
 4650.000000     1254     1254        1        0     1254        0     1012     1009      144     2481        0        0        0
 4651.000000     1248     1248        1        0     1248        0     1016     1012      138     2472        0        0        0
 4652.000000     1252     1252        1        0     1252        0     1007     1006      138     2460        0        0        0
 4653.000000     1248     1248        1        0     1248        0     1019     1018      131     2454        0        0        0
 4654.000000     1240     1240        1        0     1240        0     1013     1008      137     2465        0        0        0
 4655.000000     1257     1257        1       14     1243        0     1023     1022      138     2458        0        0        0
 4656.000000     1249     1249        1        0     1249        0     1006     1003      155     2460        0        0        0
 4657.000000     1249     1249        1        0     1249        0      990      988      139     2453        0        0        0
 4658.000000     1248     1248        1        0     1248        0     1009     1005      138     2449        0        0        0
 4659.000000     1246     1246        1        0     1246        0     1008     1005      141     2476        0        0        0
 4660.000000     1246     1246        1        0     1246        0     1008     1006      129     2458        0        0        0
 4661.000000     1234     1234        1        0     1234        0     1005     1002      135     2445        0        0        0
 4662.000000     1243     1243        1        0     1243        0     1011     1009      124     2449        0        0        0
 4663.000000     1247     1247        1        0     1247        0     1015     1013      131     2460        0        0        0
 4664.000000     1250     1250        1        0     1250        0     1012     1010      141     2457        0        0        0
 4665.000000     1247     1247        1        0     1247        0     1011     1010      138     2482        0        0        0
 4666.000000     1242     1242        1        0     1242        0     1013     1008      137     2457        0        0        0
 4667.000000     1238     1238        1        0     1238        0     1000      997      154     2472        0        0        0
 4668.000000     1248     1248        1        0     1248        0     1005      999      142     2464        0        0        0
 4669.000000     1243     1243        1        0     1243        0     1027     1021      133     2461        0        0        0
 4670.000000     1251     1251        1        0     1251        0     1012     1009      134     2463        0        0        0
 4671.000000     1261     1261        1        0     1261        0     1022     1019      116     2493        0        0        0
 4672.000000     1260     1260        1        0     1260        0     1024     1020      142     2464        0        0        0
 4673.000000     1284     1284        1        0     1284        0     1020     1018      140     2470        0        0        0
 4674.000000     1264     1264        1        0     1264        0     1014     1010      136     2485        0        0        0
 4675.000000     1273     1273        1        0     1273        0     1009     1003      131     2476        0        0        0
 4676.000000     1274     1274        1        0     1274        0     1019     1019      144     2477        0        0        0
 4677.000000     1280     1280        1        0     1280        0     1021     1020      132     2493        0        0        0
 4678.000000     1295     1295        1        0     1295        0     1040     1037      131     2505        0        0        0
 4679.000000     1273     1273        1        0     1273        0     1007     1003      150     2504        0        0        0
 4680.000000     1291     1291        1        0     1291        0     1023     1021      131     2496        0        0        0
 4681.000000     1282     1282        1        0     1282        0     1013     1010      132     2498        0        0        0
 4682.000000     1293     1293        1        0     1293        0     1035     1035      140     2499        0        0        0
 4683.000000     1276     1276        1        0     1276        0     1025     1023      134     2486        0        0        0
 4684.000000     1277     1277        1        0     1277        0     1033     1029      121     2480        0        0        0
 4685.000000     1299     1299        1        0     1299        0     1027     1026      131     2482        0        0        0
 4686.000000     1287     1287        1        0     1287        0     1036     1034      126     2485        0        0        0
 4687.000000     1284     1284        1        0     1284        0     1019     1012      132     2494        0        0        0
 4688.000000     1288     1288        1        0     1288        0     1003      998      151     2484        0        0        0
 4689.000000     1276     1276        1        0     1276        0     1027     1023      133     2465        0        0        0
 4690.000000     1284     1284        1        0     1284        0     1019     1010      144     2487        0        0        0
 4691.000000     1282     1282        1        0     1282        0      997      992      148     2476        0        0        0
 4692.000000     1277     1277        1        0     1277        0     1002      996      153     2468        0        0        0
 4693.000000     1272     1272        1        0     1272        0     1010     1007      137     2474        0        0        0
 4694.000000     1282     1282        1        0     1282        0     1018     1016      133     2477        0        0        0
 4695.000000     1286     1286        1       14     1272        0     1034     1030      128     2470        0        0        0
 4696.000000     1273     1273        1        0     1273        0     1023     1019      139     2484        0        0        0
 4697.000000     1272     1272        1        0     1272        0     1037     1032      138     2493        0        0        0
 4698.000000     1262     1262        1        0     1262        0     1034     1033      133     2481        0        0        0
 4699.000000     1250     1250        1        0     1250        0     1028     1022      136     2503        0        0        0
 4700.000000     1278     1278        1        0     1278        0     1029     1028      132     2480        0        0        0
 4701.000000     1269     1269        1        0     1269        0     1026     1025      142     2476        0        0        0
 4702.000000     1280     1280        1        0     1280        0     1026     1023      128     2494        0        0        0
 4703.000000     1274     1274        1        0     1274        0     1037     1032      136     2494        0        0        0
 4704.000000     1285     1285        1        0     1285        0     1020     1012      144     2506        0        0        0
 4705.000000     1285     1285        1        0     1285        0     1038     1032      128     2508        0        0        0
 4706.000000     1297     1297        1        0     1297        0     1043     1040      124     2518        0        0        0
 4707.000000     1281     1281        1        0     1281        0     1036     1031      147     2490        0        0        0
 4708.000000     1275     1275        1        0     1275        0     1035     1028      144     2502        0        0        0
 4709.000000     1274     1274        1        0     1274        0     1042     1038      139     2494        0        0        0
 4710.000000     1277     1277        1        0     1277        0     1021     1016      137     2485        0        0        0
 4711.000000     1274     1274        1        0     1274        0     1040     1039      128     2499        0        0        0
 4712.000000     1282     1282        1        0     1282        0     1047     1043      126     2502        0        0        0
 4713.000000     1279     1279        1        0     1279        0     1036     1030      138     2485        0        0        0
 4714.000000     1280     1280        1        0     1280        0     1042     1037      133     2493        0        0        0
 4715.000000     1277     1277        1        0     1277        0     1038     1034      131     2500        0        0        0
 4716.000000     1280     1280        1        0     1280        0     1043     1039      133     2510        0        0        0
 4717.000000     1278     1278        1        0     1278        0     1048     1042      126     2493        0        0        0
 4718.000000     1282     1282        1        6     1268        8     1039     1034      130     2519        0        0        0
 4719.000000     1287     1287        1        6     1273        8     1028     1025      146     2502        0        0        0
 4720.000000     1289     1289        1        6     1275        8     1047     1042      130     2522        0        0        0
 4721.000000     1278     1278        1        6     1264        8     1035     1034      142     2486        0        0        0
 4722.000000     1282     1282        1        6     1268        8     1030     1027      141     2473        0        0        0
 4723.000000     1283     1283        1        6     1269        8     1056     1053      130     2502        0        0        0
 4724.000000     1284     1284        1        7     1269        8     1036     1032      136     2490        0        0        0
 4725.000000     1279     1279        1        6     1265        8     1030     1024      130     2500        0        0        0
 4726.000000     1283     1283        1        6     1269        8     1031     1028      147     2490        0        0        0
 4727.000000     1277     1277        1        6     1263        8     1025     1019      141     2500        0        0        0
 4728.000000     1287     1287        1        6     1273        8     1043     1040      130     2499        0        0        0
 4729.000000     1301     1301        1        0     1287       14     1033     1027      147     2500        0        0        0
 4730.000000     1282     1282        1        0     1282        0     1044     1037      132     2498        0        0        0
 4731.000000     1272     1272        1        0     1272        0     1040     1038      134     2527        0        0        0
 4732.000000     1294     1294        1        0     1294        0     1055     1051      137     2521        0        0        0
 4733.000000     1290     1290        1        6     1276        8     1036     1033      139     2508        0        0        0
 4734.000000     1273     1273        1        6     1259        8     1023     1016      140     2483        0        0        0
 4735.000000     1290     1290        1        6     1276        8     1048     1044      134     2501        0        0        0
 4736.000000     1272     1272        1        6     1258        8     1031     1026      145     2486        0        0        0
 4737.000000     1276     1276        1        6     1262        8     1032     1030      138     2474        0        0        0
 4738.000000     1303     1303        1       19     1275        9     1029     1026      138     2482        0        0        0
 4739.000000     1278     1278        1        6     1264        8     1016     1011      154     2485        0        0        0
 4740.000000     1313     1313        1       19     1285        9     1034     1024      143     2502        0        0        0
 4741.000000     1280     1280        1        6     1266        8     1034     1028      151     2485        0        0        0
 4742.000000     1267     1267        1        6     1253        8     1044     1037      142     2467        0        0        0
 4743.000000     1299     1299        1       19     1271        9     1045     1040      140     2500        0        0        0
 4744.000000     1277     1277        1        0     1277        0     1051     1047      137     2488        0        0        0
 4745.000000     1260     1260        1        0     1260        0     1046     1040      148     2478        0        0        0
 4746.000000     1278     1278        1       13     1264        1     1035     1032      143     2472        0        0        0
 4747.000000     1283     1283        1        0     1283        0     1035     1030      134     2491        0        0        0
 4748.000000     1267     1267        1        0     1267        0     1035     1029      147     2479        0        0        0
 4749.000000     1274     1274        1        0     1274        0     1029     1026      138     2484        0        0        0
 4750.000000     1275     1275        1        0     1275        0     1009     1002      160     2502        0        0        0
 4751.000000     1279     1279        1        0     1279        0     1011     1006      152     2495        0        0        0
 4752.000000     1278     1278        1        0     1278        0     1047     1039      133     2502        0        0        0
 4753.000000     1286     1286        1       13     1272        1     1024     1019      139     2483        0        0        0
 4754.000000     1278     1278        1        0     1278        0     1025     1018      142     2496        0        0        0
 4755.000000     1272     1272        1        0     1272        0     1023     1018      136     2494        0        0        0
 4756.000000     1273     1273        1        0     1273        0     1017     1014      136     2490        0        0        0
 4757.000000     1279     1279        1        0     1279        0     1029     1023      139     2509        0        0        0
 4758.000000     1287     1287        1        0     1287        0     1039     1032      144     2515        0        0        0
 4759.000000     1273     1273        1        0     1273        0     1040     1034      147     2493        0        0        0
 4760.000000     1273     1273        1        0     1273        0     1023     1019      134     2492        0        0        0
 4761.000000     1280     1280        1        0     1280        0     1049     1043      132     2509        0        0        0
 4762.000000     1299     1299        1       14     1284        1     1041     1035      133     2498        0        0        0
 4763.000000     1284     1284        1        0     1284        0     1030     1026      141     2489        0        0        0
 4764.000000     1301     1301        1        0     1301        0     1041     1034      147     2500        0        0        0
 4765.000000     1286     1286        1        0     1286        0     1047     1038      147     2496        0        0        0
 4766.000000     1291     1291        1        0     1291        0     1032     1026      148     2501        0        0        0
 4767.000000     1297     1297        1       13     1283        1     1044     1038      130     2481        0        0        0
 4768.000000     1283     1283        1       13     1269        1     1046     1043      137     2506        0        0        0
 4769.000000     1308     1308        1       13     1294        1     1038     1034      136     2508        0        0        0
 4770.000000     1273     1273        1        0     1273        0     1047     1043      142     2503        0        0        0
 4771.000000     1289     1289        1        0     1289        0     1040     1036      143     2504        0        0        0
 4772.000000     1293     1293        1        0     1293        0     1037     1032      136     2502        0        0        0
 4773.000000     1282     1282        1        0     1282        0     1032     1029      137     2508        0        0        0
 4774.000000     1283     1283        1        0     1283        0     1040     1038      140     2502        0        0        0
 4775.000000     1297     1297        1       13     1283        1     1030     1026      155     2483        0        0        0
 4776.000000     1291     1291        1        0     1291        0     1029     1023      149     2491        0        0        0
 4777.000000     1279     1279        1        0     1279        0     1029     1023      143     2477        0        0        0
 4778.000000     1271     1271        1        0     1271        0     1020     1015      146     2462        0        0        0
 4779.000000     1283     1283        1        0     1283        0     1017     1013      153     2474        0        0        0
 4780.000000     1271     1271        1        0     1271        0     1033     1030      147     2475        0        0        0
 4781.000000     1267     1267        1        0     1267        0     1018     1016      146     2476        0        0        0
 4782.000000     1274     1274        1        0     1274        0     1020     1015      137     2479        0        0        0
 4783.000000     1274     1274        1        0     1274        0     1031     1026      141     2491        0        0        0
 4784.000000     1282     1282        1        0     1282        0     1037     1029      142     2508        0        0        0
 4785.000000     1273     1273        1        0     1273        0     1031     1025      141     2495        0        0        0
 4786.000000     1268     1268        1        0     1268        0     1022     1019      138     2489        0        0        0
 4787.000000     1268     1268        1        0     1268        0     1038     1034      138     2503        0        0        0
 4788.000000     1260     1260        1        0     1260        0     1035     1033      145     2462        0        0        0
 4789.000000     1268     1268        1        0     1268        0     1031     1030      137     2497        0        0        0
 4790.000000     1273     1273        1        0     1273        0     1043     1037      137     2486        0        0        0
 4791.000000     1266     1266        1        0     1266        0     1040     1036      139     2499        0        0        0
 4792.000000     1268     1268        1        0     1268        0     1041     1038      132     2498        0        0        0
 4793.000000     1273     1273        1        0     1273        0     1026     1019      136     2494        0        0        0
 4794.000000     1269     1269        1        0     1269        0     1039     1036      131     2486        0        0        0
 4795.000000     1269     1269        1        0     1269        0     1038     1033      142     2478        0        0        0
 4796.000000     1272     1272        1        0     1272        0     1042     1038      143     2479        0        0        0
 4797.000000     1278     1278        1        0     1278        0     1036     1029      140     2505        0        0        0
 4798.000000     1266     1266        1        0     1266        0     1047     1044      134     2496        0        0        0
 4799.000000     1267     1267        1        0     1267        0     1035     1030      144     2493        0        0        0
 4800.000000     1284     1284        1        0     1284        0     1040     1035      149     2518        0        0        0
 4801.000000     1272     1272        1        0     1272        0     1034     1031      135     2491        0        0        0
 4802.000000     1267     1267        1        0     1267        0     1023     1018      152     2495        0        0        0
 4803.000000     1279     1279        1        0     1279        0     1030     1026      138     2487        0        0        0
 4804.000000     1290     1290        1        0     1290        0     1025     1022      133     2495        0        0        0
 4805.000000     1271     1271        1        0     1271        0     1022     1016      140     2493        0        0        0
 4806.000000     1276     1276        1        0     1276        0     1032     1029      145     2498        0        0        0
 4807.000000     1275     1275        1        0     1275        0     1043     1041      138     2511        0        0        0
 4808.000000     1281     1281        1        0     1281        0     1037     1033      158     2522        0        0        0
 4809.000000     1280     1280        1        0     1280        0     1027     1025      143     2495        0        0        0
 4810.000000     1276     1276        1        0     1276        0     1040     1036      136     2519        0        0        0
 4811.000000     1298     1298        1        0     1298        0     1041     1038      141     2531        0        0        0
 4812.000000     1297     1297        1        0     1297        0     1031     1027      131     2512        0        0        0
 4813.000000     1288     1288        1        0     1288        0     1026     1025      145     2514        0        0        0
 4814.000000     1263     1263        1        0     1263        0     1041     1039      130     2499        0        0        0
 4815.000000     1282     1282        1        0     1282        0     1030     1026      134     2528        0        0        0
 4816.000000     1283     1283        1        0     1283        0     1048     1046      132     2511        0        0        0
 4817.000000     1284     1284        1        0     1284        0     1028     1022      137     2507        0        0        0
 4818.000000     1290     1290        1        0     1290        0     1036     1031      136     2532        0        0        0
 4819.000000     1291     1291        1        0     1291        0     1041     1035      132     2517        0        0        0
 4820.000000     1301     1301        1        0     1301        0     1051     1043      134     2507        0        0        0
 4821.000000     1278     1278        1        0     1278        0     1052     1045      133     2525        0        0        0
 4822.000000     1279     1279        1        0     1279        0     1037     1035      138     2519        0        0        0
 4823.000000     1297     1297        1        0     1297        0     1044     1041      153     2528        0        0        0
 4824.000000     1296     1296        1        0     1296        0     1063     1062      123     2503        0        0        0
 4825.000000     1296     1296        1        0     1296        0     1056     1048      138     2517        0        0        0
 4826.000000     1278     1278        1        0     1278        0     1047     1042      131     2517        0        0        0
 4827.000000     1302     1302        1        0     1302        0     1025     1017      149     2533        0        0        0
 4828.000000     1281     1281        1        0     1281        0     1051     1041      134     2517        0        0        0
 4829.000000     1287     1287        1        0     1287        0     1033     1031      141     2521        0        0        0
 4830.000000     1294     1294        1        0     1294        0     1050     1044      143     2521        0        0        0
 4831.000000     1294     1294        1        0     1294        0     1037     1031      142     2527        0        0        0
 4832.000000     1295     1295        1        0     1295        0     1050     1044      137     2521        0        0        0
 4833.000000     1287     1287        1        0     1287        0     1058     1051      146     2525        0        0        0
 4834.000000     1286     1286        1        0     1286        0     1053     1048      128     2517        0        0        0
 4835.000000     1284     1284        1        0     1284        0     1031     1030      138     2513        0        0        0
 4836.000000     1277     1277        1        0     1277        0     1051     1047      136     2485        0        0        0
 4837.000000     1298     1298        1        0     1298        0     1030     1027      149     2506        0        0        0
 4838.000000     1277     1277        1        0     1277        0     1018     1011      150     2506        0        0        0
 4839.000000     1305     1305        1        0     1305        0     1034     1029      147     2521        0        0        0
 4840.000000     1286     1286        1        0     1286        0     1049     1042      141     2520        0        0        0
 4841.000000     1305     1305        1        0     1305        0     1053     1050      135     2547        0        0        0
 4842.000000     1305     1305        1        0     1305        0     1051     1047      129     2542        0        0        0
 4843.000000     1315     1315        1        0     1315        0     1029     1021      150     2545        0        0        0
 4844.000000     1293     1293        1        0     1293        0     1048     1041      143     2535        0        0        0
 4845.000000     1313     1313        1        0     1313        0     1051     1049      137     2526        0        0        0
 4846.000000     1282     1282        1        0     1282        0     1038     1034      143     2526        0        0        0
 4847.000000     1273     1273        1        0     1273        0     1015     1011      153     2525        0        0        0
 4848.000000     1276     1276        1        0     1276        0     1050     1045      137     2509        0        0        0
 4849.000000     1281     1281        1        0     1281        0     1024     1019      160     2516        0        0        0
 4850.000000     1281     1281        1        0     1281        0     1051     1044      137     2516        0        0        0
 4851.000000     1280     1280        1        0     1280        0     1044     1038      131     2526        0        0        0
 4852.000000     1280     1280        1        0     1280        0     1031     1025      137     2530        0        0        0
 4853.000000     1291     1291        1        0     1291        0     1036     1029      154     2520        0        0        0
 4854.000000     1271     1271        1        0     1271        0     1041     1031      140     2502        0        0        0
 4855.000000     1266     1266        1        0     1266        0     1043     1033      140     2505        0        0        0
 4856.000000     1272     1272        1        0     1272        0     1055     1049      146     2510        0        0        0
 4857.000000     1289     1289        1        0     1289        0     1051     1046      134     2524        0        0        0
 4858.000000     1287     1287        1        0     1287        0     1058     1050      133     2502        0        0        0
 4859.000000     1284     1284        1        0     1284        0     1061     1056      141     2523        0        0        0
 4860.000000     1287     1287        1        0     1287        0     1043     1039      129     2513        0        0        0
 4861.000000     1299     1299        1        0     1299        0     1042     1036      146     2530        0        0        0
 4862.000000     1288     1288        1        0     1288        0     1063     1057      142     2533        0        0        0
 4863.000000     1282     1282        1        0     1282        0     1050     1046      142     2514        0        0        0
 4864.000000     1291     1291        1        0     1291        0     1033     1028      151     2507        0        0        0
 4865.000000     1284     1284        1        0     1284        0     1048     1044      139     2530        0        0        0
 4866.000000     1285     1285        1        0     1285        0     1062     1053      143     2535        0        0        0
 4867.000000     1281     1281        1        0     1281        0     1058     1049      145     2523        0        0        0
 4868.000000     1293     1293        1        0     1293        0     1062     1055      139     2533        0        0        0
 4869.000000     1282     1282        1        0     1282        0     1052     1048      138     2515        0        0        0
 4870.000000     1285     1285        1        0     1285        0     1038     1034      149     2527        0        0        0
 4871.000000     1293     1293        1        0     1293        0     1050     1035      143     2530        0        0        0
 4872.000000     1287     1287        1        0     1287        0     1043     1038      146     2516        0        0        0
 4873.000000     1287     1287        1        0     1287        0     1041     1035      152     2515        0        0        0
 4874.000000     1289     1289        1        0     1289        0     1038     1031      153     2536        0        0        0
 4875.000000     1291     1291        1        0     1291        0     1036     1030      156     2513        0        0        0
 4876.000000     1305     1305        1        0     1305        0     1064     1056      129     2530        0        0        0
 4877.000000     1296     1296        1        0     1296        0     1052     1047      136     2533        0        0        0
 4878.000000     1311     1311        1        0     1311        0     1056     1051      151     2528        0        0        0
 4879.000000     1301     1301        1        0     1301        0     1036     1032      153     2515        0        0        0
 4880.000000     1300     1300        1        0     1300        0     1056     1046      138     2535        0        0        0
 4881.000000     1301     1301        1        0     1301        0     1031     1028      151     2526        0        0        0
 4882.000000     1308     1296        2        0     1308        0     1049     1042      144     2536        0        0        0
 4883.000000     1312     1300        2        0     1312        0     1028     1026      141     2534        0        0        0
 4884.000000     1304     1292        2        0     1304        0     1052     1048      138     2535        0        0        0
 4885.000000     1296     1284        2        0     1296        0     1041     1037      134     2518        0        0        0
 4886.000000     1307     1295        2        0     1307        0     1044     1039      137     2535        0        0        0
 4887.000000     1316     1304        2        0     1316        0     1051     1047      133     2541        0        0        0
 4888.000000     1302     1302        1        0     1302        0     1058     1053      140     2525        0        0        0
 4889.000000     1314     1302        2        0     1314        0     1053     1047      138     2546        0        0        0
 4890.000000     1301     1301        1        0     1301        0     1050     1042      143     2537        0        0        0
 4891.000000     1320     1308        2        0     1320        0     1057     1049      139     2527        0        0        0
 4892.000000     1305     1293        2        0     1305        0     1039     1034      146     2511        0        0        0
 4893.000000     1310     1298        2        0     1310        0     1043     1040      143     2538        0        0        0
 4894.000000     1309     1297        2        0     1309        0     1041     1036      146     2519        0        0        0
 4895.000000     1313     1301        2        0     1313        0     1035     1027      152     2523        0        0        0
 4896.000000     1311     1311        1        0     1311        0     1061     1054      147     2528        0        0        0
 4897.000000     1312     1312        1        0     1312        0     1050     1046      146     2522        0        0        0
 4898.000000     1314     1314        1        0     1314        0     1043     1040      144     2558        0        0        0
 4899.000000     1307     1307        1        0     1307        0     1058     1054      150     2536        0        0        0
 4900.000000     1313     1301        2        0     1313        0     1041     1031      143     2529        0        0        0
 4901.000000     1313     1301        2        0     1313        0     1058     1051      142     2534        0        0        0
 4902.000000     1332     1320        2        0     1332        0     1052     1044      143     2531        0        0        0
 4903.000000     1325     1325        1        0     1325        0     1039     1033      138     2520        0        0        0
 4904.000000     1316     1304        2        0     1316        0     1063     1059      138     2506        0        0        0
 4905.000000     1320     1308        2        0     1320        0     1049     1044      149     2521        0        0        0
 4906.000000     1318     1306        2        0     1318        0     1048     1045      130     2539        0        0        0
 4907.000000     1314     1302        2        0     1314        0     1068     1060      136     2535        0        0        0
 4908.000000     1304     1292        2        0     1304        0     1059     1053      144     2518        0        0        0
 4909.000000     1295     1295        1        0     1295        0     1045     1038      133     2515        0        0        0
 4910.000000     1288     1288        1        0     1288        0     1061     1052      147     2505        0        0        0
 4911.000000     1308     1296        2        0     1308        0     1029     1022      149     2510        0        0        0
 4912.000000     1297     1285        2        0     1297        0     1036     1029      141     2541        0        0        0
 4913.000000     1278     1278        1        0     1278        0     1046     1041      142     2535        0        0        0
 4914.000000     1300     1300        1        0     1300        0     1050     1044      125     2522        0        0        0
 4915.000000     1329     1317        2        0     1329        0     1041     1032      132     2534        0        0        0
 4916.000000     1327     1315        2        0     1327        0     1027     1022      153     2536        0        0        0
 4917.000000     1328     1316        2        0     1328        0     1030     1023      143     2522        0        0        0
 4918.000000     1323     1323        1        8     1309        6     1049     1044      139     2522        0        0        0
 4919.000000     1337     1337        1        0     1337        0     1047     1040      129     2520        0        0        0
 4920.000000     1306     1306        1        0     1306        0     1045     1038      136     2512        0        0        0
 4921.000000     1317     1317        1        0     1317        0     1050     1044      138     2540        0        0        0
 4922.000000     1311     1311        1        0     1311        0     1042     1034      144     2514        0        0        0
 4923.000000     1311     1311        1        0     1311        0     1048     1043      127     2512        0        0        0
 4924.000000     1312     1312        1        0     1312        0     1054     1047      139     2525        0        0        0
 4925.000000     1321     1321        1        0     1321        0     1056     1053      132     2528        0        0        0
 4926.000000     1327     1327        1        0     1327        0     1052     1047      144     2517        0        0        0
 4927.000000     1327     1327        1        0     1327        0     1056     1052      134     2542        0        0        0
 4928.000000     1331     1331        1        0     1331        0     1061     1053      129     2526        0        0        0
 4929.000000     1330     1330        1        0     1330        0     1059     1053      129     2545        0        0        0
 4930.000000     1321     1321        1        0     1321        0     1060     1055      126     2529        0        0        0
 4931.000000     1314     1314        1        0     1314        0     1062     1058      137     2541        0        0        0
 4932.000000     1316     1316        1        0     1316        0     1043     1039      138     2549        0        0        0
 4933.000000     1319     1319        1        0     1319        0     1051     1045      142     2546        0        0        0
 4934.000000     1312     1312        1        0     1312        0     1052     1049      139     2536        0        0        0
 4935.000000     1309     1309        1        0     1309        0     1049     1041      156     2535        0        0        0
 4936.000000     1315     1315        1        0     1315        0     1035     1028      157     2539        0        0        0
 4937.000000     1316     1316        1        0     1316        0     1038     1032      154     2553        0        0        0
 4938.000000     1315     1315        1        0     1315        0     1045     1039      140     2546        0        0        0
 4939.000000     1310     1310        1        0     1310        0     1050     1042      144     2525        0        0        0
 4940.000000     1299     1299        1        0     1299        0     1062     1056      135     2516        0        0        0
 4941.000000     1311     1311        1        0     1311        0     1056     1046      139     2536        0        0        0
 4942.000000     1304     1304        1        0     1304        0     1040     1033      140     2528        0        0        0
 4943.000000     1304     1304        1        0     1304        0     1056     1052      139     2517        0        0        0
 4944.000000     1307     1307        1        0     1307        0     1066     1060      133     2524        0        0        0
 4945.000000     1299     1299        1        0     1299        0     1044     1037      148     2524        0        0        0
 4946.000000     1298     1298        1        0     1298        0     1063     1062      132     2518        0        0        0
 4947.000000     1308     1308        1        0     1308        0     1043     1036      149     2536        0        0        0
 4948.000000     1298     1298        1        0     1298        0     1043     1034      137     2524        0        0        0
 4949.000000     1313     1313        1        0     1313        0     1041     1036      150     2536        0        0        0
 4950.000000     1298     1298        1        0     1298        0     1059     1057      132     2529        0        0        0
 4951.000000     1327     1327        1        0     1327        0     1059     1057      133     2551        0        0        0
 4952.000000     1309     1309        1        0     1309        0     1059     1053      148     2539        0        0        0
 4953.000000     1302     1302        1        0     1302        0     1042     1038      159     2537        0        0        0
 4954.000000     1315     1315        1        0     1315        0     1054     1050      140     2548        0        0        0
 4955.000000     1357     1357        1        0     1357        0     1061     1055      149     2547        0        0        0
 4956.000000     1316     1316        1        0     1316        0     1045     1039      157     2534        0        0        0
 4957.000000     1333     1333        1        0     1333        0     1060     1048      152     2564        0        0        0
 4958.000000     1321     1321        1        0     1321        0     1058     1052      142     2559        0        0        0
 4959.000000     1329     1329        1        0     1329        0     1072     1069      139     2551        0        0        0
 4960.000000     1330     1330        1        0     1330        0     1066     1063      145     2530        0        0        0
 4961.000000     1315     1315        1        0     1315        0     1050     1047      133     2534        0        0        0
 4962.000000     1315     1315        1        0     1315        0     1042     1038      142     2545        0        0        0
 4963.000000     1311     1311        1        0     1311        0     1045     1042      152     2537        0        0        0
 4964.000000     1311     1311        1        0     1311        0     1052     1050      150     2553        0        0        0
 4965.000000     1296     1296        1        0     1296        0     1043     1038      158     2546        0        0        0
 4966.000000     1297     1297        1        0     1297        0     1054     1045      123     2547        0        0        0
 4967.000000     1315     1315        1        0     1315        0     1059     1055      151     2545        0        0        0
 4968.000000     1311     1311        1        0     1311        0     1041     1033      153     2577        0        0        0
 4969.000000     1301     1301        1        0     1301        0     1051     1045      144     2538        0        0        0
 4970.000000     1315     1315        1        0     1315        0     1018     1015      153     2539        0        0        0
 4971.000000     1315     1315        1        0     1315        0     1051     1047      143     2540        0        0        0
 4972.000000     1320     1320        1        0     1320        0     1051     1042      139     2527        0        0        0
 4973.000000     1311     1311        1        0     1311        0     1063     1059      136     2536        0        0        0
 4974.000000     1316     1316        1        0     1316        0     1061     1057      150     2548        0        0        0
 4975.000000     1319     1319        1        0     1319        0     1054     1049      137     2557        0        0        0
 4976.000000     1333     1333        1        0     1333        0     1078     1073      136     2551        0        0        0
 4977.000000     1320     1320        1        0     1320        0     1059     1056      137     2540        0        0        0
 4978.000000     1315     1315        1        0     1315        0     1055     1054      143     2557        0        0        0
 4979.000000     1336     1336        1        0     1336        0     1054     1048      152     2563        0        0        0
 4980.000000     1323     1323        1        0     1323        0     1074     1072      132     2557        0        0        0
 4981.000000     1314     1314        1        0     1314        0     1048     1042      151     2545        0        0        0
 4982.000000     1344     1344        1        0     1344        0     1065     1061      151     2548        0        0        0
 4983.000000     1334     1334        1        0     1334        0     1051     1049      135     2561        0        0        0
 4984.000000     1346     1346        1        0     1346        0     1074     1071      140     2551        0        0        0
 4985.000000     1332     1332        1        0     1332        0     1071     1069      136     2555        0        0        0
 4986.000000     1328     1328        1        0     1328        0     1079     1072      129     2541        0        0        0
 4987.000000     1324     1324        1        0     1324        0     1057     1053      133     2544        0        0        0
 4988.000000     1321     1321        1        0     1321        0     1071     1065      134     2537        0        0        0
 4989.000000     1323     1323        1        0     1323        0     1066     1060      137     2535        0        0        0
 4990.000000     1319     1319        1        0     1319        0     1054     1046      152     2556        0        0        0
 4991.000000     1318     1318        1        0     1318        0     1066     1061      129     2515        0        0        0
 4992.000000     1323     1323        1        0     1323        0     1070     1066      141     2546        0        0        0
 4993.000000     1336     1336        1        0     1336        0     1068     1066      139     2540        0        0        0
 4994.000000     1325     1325        1        0     1325        0     1065     1062      142     2543        0        0        0
 4995.000000     1321     1321        1        0     1321        0     1052     1048      136     2526        0        0        0
 4996.000000     1329     1329        1        0     1329        0     1056     1050      130     2528        0        0        0
 4997.000000     1326     1326        1        0     1326        0     1060     1056      140     2530        0        0        0
 4998.000000     1325     1325        1        0     1325        0     1062     1057      130     2546        0        0        0
 4999.000000     1320     1320        1        0     1320        0     1063     1056      150     2533        0        0        0
 5000.000000     1322     1322        1        0     1322        0     1055     1050      140     2528        0        0        0
