#! FIELDS time brine.nice brine.nmax brine.nclus brine.nic brine.nih brine.nmixed brine.chillice brine.chillmax brine.chillinterfacial brine.sixrings brine.nionice brine.nionfront brine.nionliq
 0.000000      942      942        1        0      942        0      762      760       93     1939        1       13       26
 1.000000      928      928        1        0      928        0      741      741       92     1977        0       14       26
 2.000000      923      923        1        0      923        0      739      737       89     1894        0       15       25
 3.000000      921      921        1        0      921        0      730      729       92     1875        0       14       26
 4.000000      964      964        1        0      964        0      741      740       90     1900        0       20       20
 5.000000      930      930        1        0      930        0      726      725       92     1925        0       14       26
 6.000000      929      929        1        0      929        0      731      728       89     1919        0       14       26
 7.000000      928      928        1        0      928        0      733      731       93     1922        0       13       27
 8.000000      941      941        1        0      941        0      718      717       87     1920        0       17       23
 9.000000      939      939        1        0      939        0      716      714       96     1907        0       18       22
 10.000000      926      926        1        0      926        0      727      727       80     1930        0       13       27
 11.000000      910      910        1        0      910        0      710      709      101     1891        0       12       28
 12.000000      936      924        2        0      936        0      710      710      100     1903        0       18       22
 13.000000      934      934        1        0      934        0      724      720       93     1899        0       16       24
 14.000000      926      926        1        0      926        0      721      718       84     1911        0       16       24
 15.000000      927      927        1        0      927        0      714      708       96     1930        0       16       24
 16.000000      930      930        1        0      930        0      713      711      112     1914        0       16       24
 17.000000      932      932        1        0      932        0      724      718       97     1897        0       15       25
 18.000000      927      927        1        0      927        0      720      710      107     1908        0       17       23
 19.000000      917      917        1        0      917        0      726      724       82     1931        0       15       25
 20.000000      931      931        1        0      931        0      717      711      107     1919        0       17       23
 21.000000      947      947        1        0      947        0      708      706      103     1897        1       15       24
 22.000000      928      928        1        0      928        0      708      705      101     1907        0       17       23
 23.000000      913      913        1        0      913        0      721      719       99     1889        0       13       27
 24.000000      910      910        1        0      910        0      717      716       92     1878        0       11       29
 25.000000      911      911        1        0      911        0      705      703      106     1889        0       13       27
 26.000000      914      914        1        0      914        0      723      721      104     1885        0       14       26
 27.000000      940      927        2        0      940        0      689      687      105     1883        1       15       24
 28.000000      936      936        1        0      936        0      705      701      113     1882        1       16       23
 29.000000      922      922        1        0      922        0      704      700      100     1879        0       13       27
 30.000000      925      925        1        0      925        0      703      702       91     1899        0       13       27
 31.000000      928      928        1        0      928        0      710      706      109     1918        0       16       24
 32.000000      927      927        1        0      927        0      719      715      100     1894        0       13       27
 33.000000      903      903        1        0      903        0      694      692       99     1869        0       15       25
 34.000000      907      907        1        0      907        0      710      706       96     1863        0       14       26
 35.000000      913      913        1        0      913        0      707      703      100     1903        0       15       25
 36.000000      912      912        1        0      912        0      706      705       97     1907        1       12       27
 37.000000      906      906        1        0      906        0      714      712       93     1899        0       14       26
 38.000000      899      899        1        0      899        0      721      720       88     1899        0       15       25
 39.000000      909      909        1        0      909        0      709      708       99     1895        0       13       27
 40.000000      898      898        1        0      898        0      707      707       97     1849        0       12       28
 41.000000      902      902        1        0      902        0      711      710       87     1881        0       13       27
 42.000000      900      900        1        0      900        0      721      717       94     1898        0       12       28
 43.000000      907      907        1        0      907        0      712      712       90     1883        0       12       28
 44.000000      907      907        1        0      907        0      718      715      100     1879        0       13       27
 45.000000      902      902        1        0      902        0      713      711      107     1922        0       14       26
 46.000000      908      908        1        0      908        0      716      714      100     1914        0       13       27
 47.000000      910      910        1        0      910        0      705      704       98     1904        0       15       25
 48.000000      921      921        1        0      921        0      703      703       92     1879        1       13       26
 49.000000      919      919        1        0      919        0      707      706       97     1883        1       12       27
 50.000000      908      908        1        0      908        0      714      710      101     1866        0       15       25
 51.000000      900      900        1        0      900        0      720      718       92     1876        0       12       28
 52.000000      907      907        1        0      907        0      717      715       93     1913        0       14       26
 53.000000      900      900        1        0      900        0      703      701      103     1908        0       13       27
 54.000000      916      916        1        0      916        0      710      706      104     1936        1       13       26
 55.000000      906      906        1        0      906        0      716      715       92     1895        0       14       26
 56.000000      911      911        1        0      911        0      722      721       92     1961        0       14       26
 57.000000      914      914        1        0      914        0      715      714       99     1923        0       17       23
 58.000000      919      919        1        0      919        0      713      712       94     1912        0       17       23
 59.000000      911      911        1        0      911        0      721      720       99     1933        0       16       24
 60.000000      909      909        1        0      909        0      709      708      114     1930        0       18       22
 61.000000      922      922        1        0      922        0      722      720      100     1912        1       14       25
 62.000000      911      911        1        0      911        0      716      716       92     1939        0       14       26
 63.000000      913      913        1        0      913        0      707      703      116     1937        0       16       24
 64.000000      898      898        1        0      898        0      707      705      101     1920        0       15       25
 65.000000      906      906        1        0      906        0      712      710      103     1966        0       15       25
 66.000000      930      916        2       14      916        0      716      715      101     1893        1       19       20
 67.000000      901      901        1        0      901        0      704      702      103     1901        0       14       26
 68.000000      908      908        1        0      908        0      715      713       89     1948        0       13       27
 69.000000      913      913        1        0      913        0      710      710      101     1927        0       17       23
 70.000000      906      906        1        0      906        0      703      703      117     1924        0       15       25
 71.000000      907      907        1        0      907        0      721      720      102     1982        0       15       25
 72.000000      910      910        1        0      910        0      703      702       98     1946        0       15       25
 73.000000      904      904        1        0      904        0      718      714      100     1934        0       15       25
 74.000000      903      903        1        0      903        0      713      713      103     1955        0       15       25
 75.000000      915      915        1        0      915        0      722      721      107     1940        0       14       26
 76.000000      896      896        1        0      896        0      713      711      106     1950        0       14       26
 77.000000      904      904        1        0      904        0      712      710      100     1943        0       15       25
 78.000000      908      908        1        0      908        0      710      709      109     1951        0       15       25
 79.000000      900      900        1        0      900        0      707      704       99     1937        0       14       26
 80.000000      912      912        1        0      912        0      704      702       99     1953        0       16       24
 81.000000      909      909        1        0      909        0      681      680      106     1952        0       16       24
 82.000000      898      898        1        0      898        0      701      700       96     1916        0       14       26
 83.000000      904      904        1        0      904        0      703      702      104     1960        0       14       26
 84.000000      924      924        1        0      924        0      695      691      109     1968        1       15       24
 85.000000      906      906        1        0      906        0      695      693      100     1971        0       13       27
 86.000000      914      914        1        0      914        0      711      711       96     1987        0       14       26
 87.000000      902      902        1        0      902        0      710      707       99     1981        0       13       27
 88.000000      942      942        1        0      942        0      723      723       92     1985        0       18       22
 89.000000      916      916        1        0      916        0      702      699      104     1937        0       14       26
 90.000000      927      927        1        0      927        0      691      691       99     1954        0       14       26
 91.000000      900      900        1        0      900        0      682      681      101     1949        0       12       28
 92.000000      926      926        1        0      926        0      696      694      111     1935        0       15       25
 93.000000      917      917        1        0      917        0      695      695      104     1950        1       12       27
 94.000000      903      903        1        0      903        0      710      710       98     1940        0       12       28
 95.000000      911      911        1        0      911        0      707      707      103     1937        0       14       26
 96.000000      893      893        1        0      893        0      706      706       89     1944        0       13       27
 97.000000      915      915        1        0      915        0      715      714       93     1928        0       14       26
 98.000000      920      920        1        0      920        0      708      707      106     1908        0       14       26
 99.000000      909      909        1        0      909        0      706      704       96     1864        0       14       26
 100.000000      913      913        1        0      913        0      718      715      105     1914        0       14       26
 101.000000      922      922        1        0      922        0      712      712      105     1935        0       16       24
 102.000000      906      906        1        0      906        0      720      717      105     1935        0       13       27
 103.000000      912      912        1        0      912        0      717      716       98     1918        0       14       26
 104.000000      916      916        1        0      916        0      717      716       94     1932        0       16       24
 105.000000      913      913        1        0      913        0      716      715      102     1933        0       14       26
 106.000000      914      914        1        0      914        0      710      708      108     1886        0       15       25
 107.000000      920      920        1        0      920        0      711      710       98     1970        0       13       27
 108.000000      916      916        1        0      916        0      723      721       98     1960        0       16       24
 109.000000      910      910        1        0      910        0      710      709      108     1940        0       13       27
 110.000000      921      921        1        0      921        0      711      709      102     1936        0       11       29
 111.000000      906      906        1        0      906        0      712      709      102     1895        0       12       28
 112.000000      906      906        1        0      906        0      703      697      115     1949        0       13       27
 113.000000      927      927        1        0      927        0      696      693      115     1938        0       16       24
 114.000000      939      939        1        0      939        0      702      701      105     1931        1       17       22
 115.000000      917      917        1        0      917        0      727      725       98     1922        0       15       25
 116.000000      925      925        1        0      925        0      698      698       99     1915        1       15       24
 117.000000      932      932        1        0      932        0      718      716      104     1960        0       16       24
 118.000000      923      923        1        0      923        0      718      716      103     1985        0       15       25
 119.000000      929      929        1        0      929        0      717      715      118     1964        0       14       26
 120.000000      953      953        1        0      953        0      717      714      106     1924        1       20       19
 121.000000      937      937        1        0      937        0      723      721      106     1909        0       17       23
 122.000000      927      927        1        0      927        0      718      717      100     1976        0       14       26
 123.000000      937      937        1        0      937        0      721      721       92     1951        0       16       24
 124.000000      936      936        1        0      936        0      707      704      109     1939        1       15       24
 125.000000      946      946        1        0      946        0      718      718       95     1931        0       17       23
 126.000000      963      963        1        8      948        7      713      710      104     1969        0       20       20
 127.000000      935      935        1        0      935        0      704      702      109     1946        0       17       23
 128.000000      944      944        1        0      944        0      714      714      109     1942        0       17       23
 129.000000      934      934        1        0      934        0      720      717      111     1955        1       15       24
 130.000000      929      929        1        0      929        0      703      703      115     1944        0       17       23
 131.000000      926      926        1        0      926        0      721      720       96     1946        0       16       24
 132.000000      920      920        1        0      920        0      700      697      109     1923        0       16       24
 133.000000      908      908        1        0      908        0      710      708      106     1928        0       11       29
 134.000000      928      928        1        0      928        0      712      712       97     1969        0       15       25
 135.000000      941      941        1        0      941        0      705      702      124     1922        0       17       23
 136.000000      925      925        1        0      925        0      715      712      111     1945        0       15       25
 137.000000      923      923        1        0      923        0      719      718      112     1924        0       15       25
 138.000000      932      932        1        0      932        0      712      711      109     1975        0       17       23
 139.000000      925      925        1        0      925        0      714      712      111     1928        0       14       26
 140.000000      927      927        1        0      927        0      718      716      110     1962        0       18       22
 141.000000      934      934        1        0      934        0      717      716      106     1936        0       15       25
 142.000000      930      930        1        0      930        0      722      722       92     1955        0       17       23
 143.000000      923      923        1        0      923        0      705      703      109     1983        0       16       24
 144.000000      915      915        1        0      915        0      723      719       99     1949        0       13       27
 145.000000      934      934        1        0      934        0      709      709      100     1958        0       17       23
 146.000000      925      925        1        0      925        0      724      722       99     1978        0       14       26
 147.000000      929      929        1        0      929        0      722      721       96     1975        1       15       24
 148.000000      936      936        1        0      936        0      711      709      115     1960        0       18       22
 149.000000      928      928        1        0      928        0      710      709      114     1983        0       16       24
 150.000000      927      927        1        0      927        0      718      718       94     1929        0       15       25
 151.000000      930      930        1        0      930        0      726      724      102     1960        0       15       25
 152.000000      929      929        1        0      929        0      723      723      103     1919        0       15       25
 153.000000      937      937        1        0      937        0      718      716      105     1945        0       16       24
 154.000000      910      910        1        0      910        0      710      709      108     1946        0       13       27
 155.000000      923      923        1        0      923        0      732      729      107     1944        1       12       27
 156.000000      910      910        1        0      910        0      718      716      103     1905        0       12       28
 157.000000      909      909        1        0      909        0      720      718      107     1932        0       12       28
 158.000000      912      912        1        0      912        0      717      715      104     1909        0       14       26
 159.000000      922      922        1        0      922        0      723      723       97     1928        0       13       27
 160.000000      919      919        1        0      919        0      714      714       97     1956        0       14       26
 161.000000      936      936        1        0      936        0      724      723      105     1927        0       17       23
 162.000000      923      923        1        0      923        0      734      730      100     1922        0       14       26
 163.000000      923      923        1        0      923        0      731      728       99     1928        0       13       27
 164.000000      927      927        1        0      927        0      729      725       98     1942        0       13       27
 165.000000      918      918        1        0      918        0      736      736       99     1926        0       13       27
 166.000000      964      964        1        0      964        0      732      729       97     1951        0       17       23
 167.000000      936      936        1        0      936        0      730      730       97     1958        0       18       22
 168.000000      928      928        1        0      928        0      724      723      100     1932        0       16       24
 169.000000      925      925        1        0      925        0      729      729       98     1898        0       15       25
 170.000000      926      926        1        0      926        0      726      725      106     1901        0       15       25
 171.000000      927      927        1        0      927        0      727      726       93     1942        0       15       25
 172.000000      922      922        1        0      922        0      725      723       91     1926        0       14       26
 173.000000      914      914        1        0      914        0      705      704      103     1919        0       13       27
 174.000000      915      915        1        0      915        0      722      722       96     1897        0       13       27
 175.000000      909      909        1        0      909        0      731      730       92     1938        0       13       27
 176.000000      917      917        1        0      917        0      725      725       99     1946        0       15       25
 177.000000      927      927        1        0      927        0      730      727      105     1948        0       14       26
 178.000000      911      911        1        0      911        0      711      710      112     1950        0       13       27
 179.000000      920      920        1        0      920        0      722      722      106     1940        0       13       27
 180.000000      925      925        1        0      925        0      706      706      102     1938        0       15       25
 181.000000      910      910        1        0      910        0      727      726      110     1951        0       13       27
 182.000000      920      920        1        0      920        0      714      712      109     1967        0       13       27
 183.000000      923      923        1        0      923        0      737      737      110     1966        0       14       26
 184.000000      920      920        1        0      920        0      735      735      103     1975        1       12       27
 185.000000      929      929        1        0      929        0      732      730       97     1972        0       14       26
 186.000000      921      921        1        0      921        0      740      738       93     1942        0       13       27
 187.000000      928      928        1        0      928        0      732      732      105     1943        0       13       27
 188.000000      929      929        1        0      929        0      720      717      117     1960        0       14       26
 189.000000      927      927        1        0      927        0      738      735       97     1923        0       14       26
 190.000000      934      934        1        0      934        0      723      723       96     1937        0       15       25
 191.000000      931      931        1        0      931        0      729      729      101     1944        0       16       24
 192.000000      926      926        1        0      926        0      725      723      107     1965        0       14       26
 193.000000      922      922        1        0      922        0      718      717      102     1937        0       12       28
 194.000000      929      929        1        0      929        0      734      734       83     1949        0       13       27
 195.000000      930      930        1        0      930        0      722      722      101     1953        0       13       27
 196.000000      932      932        1        0      932        0      726      724       96     1984        0       15       25
 197.000000      942      942        1        0      942        0      741      741       92     1943        0       15       25
 198.000000      948      948        1        0      948        0      739      735      101     1975        0       17       23
 199.000000      938      938        1        0      938        0      719      717      118     1991        0       15       25
 200.000000      937      937        1        0      937        0      745      744       93     1976        0       14       26
 201.000000      937      937        1        0      937        0      737      735       90     1963        0       15       25
 202.000000      933      933        1        0      933        0      733      732      103     1936        0       15       25
 203.000000      929      929        1        0      929        0      729      726      112     1929        0       14       26
 204.000000      930      930        1        0      930        0      732      730      104     1966        0       16       24
 205.000000      940      940        1        0      940        0      722      721      117     1939        1       14       25
 206.000000      922      922        1        0      922        0      739      735       98     2001        0       13       27
 207.000000      919      919        1        0      919        0      734      734       98     1943        0       14       26
 208.000000      928      928        1        0      928        0      737      737       94     1993        0       15       25
 209.000000      921      921        1        0      921        0      736      735       99     1940        0       14       26
 210.000000      927      927        1        0      927        0      725      724      106     1964        0       15       25
 211.000000      931      931        1        0      931        0      736      733       89     1999        0       15       25
 212.000000      921      921        1        0      921        0      735      734       94     1998        0       14       26
 213.000000      933      933        1        0      933        0      733      731      101     1971        0       14       26
 214.000000      922      922        1        0      922        0      734      732       98     1984        0       15       25
 215.000000      921      921        1        0      921        0      730      729      106     1971        0       14       26
 216.000000      916      916        1        0      916        0      726      726       98     1957        0       14       26
 217.000000      909      909        1        0      909        0      727      726       95     1910        0       14       26
 218.000000      913      913        1        0      913        0      725      724       96     1941        0       14       26
 219.000000      916      916        1        0      916        0      727      726      110     1986        0       15       25
 220.000000      913      913        1        0      913        0      722      721      103     1950        0       12       28
 221.000000      910      910        1        0      910        0      726      725       91     1938        0       13       27
 222.000000      906      906        1        0      906        0      714      714       99     1954        0       13       27
 223.000000      912      912        1        0      912        0      717      716       93     1933        0       13       27
 224.000000      916      916        1        0      916        0      724      724      103     1974        1       11       28
 225.000000      923      923        1        0      923        0      710      707       98     1951        1       11       28
 226.000000      918      918        1        0      918        0      726      725      101     1961        0       12       28
 227.000000      917      917        1        0      917        0      721      720      111     1964        0       14       26
 228.000000      921      921        1        0      921        0      735      734       91     1949        0       13       27
 229.000000      919      919        1        0      919        0      723      721       85     1959        1       13       26
 230.000000      924      924        1        0      924        0      736      734       93     1979        0       17       23
 231.000000      909      909        1        0      909        0      707      704      114     1931        0       14       26
 232.000000      933      933        1        0      933        0      715      711      111     1930        1       12       27
 233.000000      914      914        1        0      914        0      724      723       99     1948        0       13       27
 234.000000      911      911        1        0      911        0      714      711      100     1941        0       13       27
 235.000000      922      922        1        0      922        0      713      711      124     1954        0       14       26
 236.000000      917      917        1        0      917        0      731      729      113     1959        0       14       26
 237.000000      917      917        1        0      917        0      738      737      103     1948        0       14       26
 238.000000      910      910        1        0      910        0      722      721      111     1970        0       14       26
 239.000000      921      921        1        0      921        0      711      710      116     1944        0       13       27
 240.000000      920      920        1        0      920        0      715      712      102     1982        0       15       25
 241.000000      923      923        1        0      923        0      737      736      102     1964        0       15       25
 242.000000      924      924        1        0      924        0      727      727      102     1976        0       18       22
 243.000000      918      918        1        0      918        0      724      722      118     1959        0       14       26
 244.000000      944      944        1        0      944        0      727      726      103     1950        0       18       22
 245.000000      932      932        1        0      932        0      721      718      109     1985        0       15       25
 246.000000      930      930        1        0      930        0      727      726      119     1955        0       14       26
 247.000000      938      938        1        0      938        0      726      724      114     1935        1       12       27
 248.000000      940      940        1        0      940        0      712      711      107     1987        0       17       23
 249.000000      951      951        1        0      951        0      724      723      114     1982        1       16       23
 250.000000      937      937        1        0      937        0      717      717      108     1961        1       14       25
 251.000000      933      933        1        0      933        0      717      717      106     1944        0       13       27
 252.000000      950      950        1        0      950        0      713      711      109     1911        1       13       26
 253.000000      926      926        1        0      926        0      707      704       95     1953        0       13       27
 254.000000      924      924        1        0      924        0      716      715       95     1908        0       13       27
 255.000000      932      932        1        0      932        0      710      708      106     1932        0       16       24
 256.000000      941      941        1        0      941        0      726      725      101     1947        0       15       25
 257.000000      935      935        1        0      935        0      714      713      103     1934        0       17       23
 258.000000      937      937        1        0      937        0      732      732      103     1972        0       15       25
 259.000000      930      930        1        0      930        0      720      718      107     1956        0       14       26
 260.000000      923      923        1        0      923        0      719      717      104     1955        0       14       26
 261.000000      936      936        1        0      936        0      729      726      117     1930        0       15       25
 262.000000      949      949        1        0      949        0      713      710      112     1940        1       12       27
 263.000000      943      943        1        4      928       11      719      717      116     1943        1       13       26
 264.000000      941      941        1        0      941        0      726      722      114     1957        0       12       28
 265.000000      945      945        1        0      945        0      726      722      118     1987        0       14       26
 266.000000      944      944        1        0      944        0      740      739      110     1963        1       12       27
 267.000000      933      933        1        0      933        0      723      720      112     1946        0       12       28
 268.000000      945      945        1        3      929       13      727      725      119     1944        0       15       25
 269.000000      938      938        1        0      938        0      730      730      112     1967        0       14       26
 270.000000      937      937        1        3      922       12      732      731      104     1975        1       14       25
 271.000000      941      941        1        0      941        0      741      741       99     1974        0       15       25
 272.000000      927      927        1        0      927        0      733      731      100     1971        0       12       28
 273.000000      951      951        1        0      951        0      724      723      106     1978        0       13       27
 274.000000      924      924        1        0      924        0      735      735       98     1943        1       10       29
 275.000000      948      948        1        4      933       11      722      721      117     1959        0       14       26
 276.000000      941      941        1        0      941        0      717      713      111     1987        0       16       24
 277.000000      943      943        1        0      943        0      725      724      108     1947        1       14       25
 278.000000      944      944        1        4      929       11      727      725      113     1930        1       13       26
 279.000000      935      935        1        0      935        0      731      730      105     1952        0       11       29
 280.000000      943      943        1        0      943        0      722      722      110     1939        0       12       28
 281.000000      928      928        1        0      928        0      711      710      108     1974        1       11       28
 282.000000      927      927        1        4      912       11      722      718      102     1937        0       12       28
 283.000000      920      920        1        0      920        0      715      714      105     1956        0       12       28
 284.000000      938      938        1        0      938        0      717      717       97     1951        1       11       28
 285.000000      920      920        1        0      920        0      709      709      112     1944        1        9       30
 286.000000      925      925        1        4      910       11      722      721      103     1964        0       11       29
 287.000000      942      930        2        0      942        0      723      720      118     1948        0       15       25
 288.000000      933      933        1        3      917       13      723      720      107     1936        0       12       28
 289.000000      931      931        1        0      931        0      717      716      103     1951        0       16       24
 290.000000      925      925        1        4      910       11      714      711      112     1966        0       11       29
 291.000000      922      922        1        0      922        0      724      724      104     1981        0       13       27
 292.000000      939      926        2        0      939        0      705      702      114     1954        0       17       23
 293.000000      919      907        2        0      919        0      723      721       97     1952        0       14       26
 294.000000      915      915        1        0      915        0      722      719       99     1934        0       13       27
 295.000000      934      934        1        3      918       13      726      723      103     1966        0       13       27
 296.000000      942      929        2        0      942        0      718      715       97     1938        0       13       27
 297.000000      923      923        1        0      923        0      724      722      106     1920        0       11       29
 298.000000      960      947        2        0      960        0      712      710      107     1929        0       17       23
 299.000000      960      960        1        4      945       11      716      715       98     1949        0       20       20
 300.000000      958      946        2        0      958        0      712      711      112     1988        0       20       20
 301.000000      941      941        1        0      941        0      714      710      112     1982        0       15       25
 302.000000      937      937        1       10      922        5      720      719      110     1962        1       10       29
 303.000000      930      930        1        0      930        0      717      714       97     1973        0       11       29
 304.000000      932      932        1        0      932        0      732      729       99     1948        0       12       28
 305.000000      944      944        1        8      929        7      722      721      120     1991        0       13       27
 306.000000      930      930        1        0      930        0      720      717      113     1988        0       11       29
 307.000000      940      940        1        3      925       12      715      711      105     1973        0       14       26
 308.000000      941      941        1        0      941        0      724      721      108     1974        1       14       25
 309.000000      941      941        1        0      941        0      721      718      106     1975        0       14       26
 310.000000      928      928        1        0      928        0      720      714       98     1955        0       11       29
 311.000000      934      934        1        0      934        0      722      720      118     1967        0       14       26
 312.000000      931      931        1        0      931        0      717      714      108     1951        1       11       28
 313.000000      937      937        1        0      937        0      705      705      105     1942        0       14       26
 314.000000      939      939        1        4      924       11      720      714      101     1968        0       14       26
 315.000000      934      934        1        0      934        0      725      722      101     1961        1       10       29
 316.000000      916      916        1        0      916        0      724      724      112     2019        0       11       29
 317.000000      944      944        1        0      944        0      740      739       92     1991        0       16       24
 318.000000      923      923        1        0      923        0      737      734      102     2010        0       11       29
 319.000000      925      925        1        0      925        0      736      733      106     1995        0       12       28
 320.000000      937      937        1        0      937        0      716      713      104     2022        0       13       27
 321.000000      931      931        1        3      915       13      744      743       98     2038        0       11       29
 322.000000      935      935        1        0      935        0      731      730      108     1987        1       10       29
 323.000000      937      937        1        0      937        0      725      724      100     2004        0       11       29
 324.000000      934      934        1        0      934        0      729      727      113     1995        0       12       28
 325.000000      955      955        1        0      955        0      735      735      106     1997        0       17       23
 326.000000      930      930        1        0      930        0      731      731      107     2015        0       14       26
 327.000000      937      937        1        0      937        0      746      744      102     1979        0       13       27
 328.000000      947      947        1        0      947        0      740      740      106     2008        1       14       25
 329.000000      941      941        1        0      941        0      742      740      104     1995        1       13       26
 330.000000      942      942        1        0      942        0      741      741       88     1998        0       14       26
 331.000000      934      934        1        0      934        0      756      755       91     1986        0       14       26
 332.000000      945      945        1        0      945        0      748      747       90     1963        0       14       26
 333.000000      934      934        1        0      934        0      738      737       96     1981        0       13       27
 334.000000      948      948        1        0      948        0      727      722      106     1963        0       17       23
 335.000000      935      935        1        0      935        0      727      725      107     1947        1       14       25
 336.000000      927      927        1        0      927        0      730      729      100     1971        0       13       27
 337.000000      941      941        1        0      941        0      730      727      103     1988        0       14       26
 338.000000      946      946        1        0      946        0      735      733      111     2005        0       14       26
 339.000000      933      933        1        0      933        0      724      722      109     1968        0       12       28
 340.000000      939      939        1        0      939        0      719      718      113     1983        0       12       28
 341.000000      961      961        1        0      961        0      724      718      115     1973        0       17       23
 342.000000      928      928        1        0      928        0      729      725      104     2010        0       10       30
 343.000000      923      923        1        0      923        0      735      734      106     2008        0       10       30
 344.000000      917      917        1        0      917        0      711      705      119     1968        0       10       30
 345.000000      911      911        1        0      911        0      724      723      105     1933        0       13       27
 346.000000      914      914        1        0      914        0      721      719      108     1963        0       11       29
 347.000000      918      918        1        0      918        0      726      726      102     2008        0       13       27
 348.000000      918      918        1        0      918        0      727      725      109     1998        0       10       30
 349.000000      922      922        1        0      922        0      727      727      115     1988        0       12       28
 350.000000      929      929        1        0      929        0      739      737      100     2009        0       12       28
 351.000000      921      921        1        0      921        0      736      733       97     1976        0       11       29
 352.000000      915      915        1        0      915        0      739      735      105     1980        0       10       30
 353.000000      939      939        1        0      939        0      724      721      108     2028        0       17       23
 354.000000      935      935        1        0      935        0      715      713      124     1981        1       11       28
 355.000000      945      945        1        0      945        0      725      723      114     1991        0       15       25
 356.000000      951      951        1        0      951        0      731      727      118     1988        0       14       26
 357.000000      932      932        1        0      932        0      732      727      109     1987        0       13       27
 358.000000      951      951        1        0      951        0      729      726      107     1999        1       14       25
 359.000000      938      938        1        0      938        0      732      729      106     2007        0       14       26
 360.000000      915      915        1        0      915        0      744      741      106     1976        0       12       28
 361.000000      944      944        1        0      944        0      725      720      119     1999        0       15       25
 362.000000      970      970        1        0      970        0      726      725      113     2022        0       19       21
 363.000000      936      936        1        0      936        0      730      727      100     1961        0       13       27
 364.000000      923      923        1        0      923        0      728      725      109     1978        0       12       28
 365.000000      935      935        1        0      935        0      744      740      106     1988        0       13       27
 366.000000      937      937        1        0      937        0      726      720      114     1947        0       13       27
 367.000000      922      922        1        0      922        0      730      728      114     1987        0       12       28
 368.000000      917      917        1        0      917        0      732      730      105     1934        0       11       29
 369.000000      921      921        1        0      921        0      708      703      123     1952        0       12       28
 370.000000      926      926        1        0      926        0      727      725      113     1936        0       11       29
 371.000000      931      931        1        0      931        0      734      732      110     1962        0       12       28
 372.000000      928      928        1        0      928        0      740      739      106     2017        0       11       29
 373.000000      928      928        1        0      928        0      738      738      111     2002        0       11       29
 374.000000      939      939        1        0      939        0      742      741      111     1987        0       13       27
 375.000000      942      942        1        0      942        0      738      738      109     1980        0       15       25
 376.000000      922      922        1        0      922        0      738      737      102     1999        0       11       29
 377.000000      937      937        1        0      937        0      752      750      104     1954        0       13       27
 378.000000      938      938        1        0      938        0      740      740      105     1999        0       12       28
 379.000000      930      930        1        0      930        0      745      745      106     1988        0       14       26
 380.000000      938      938        1        0      938        0      746      741      110     1996        1       11       28
 381.000000      928      928        1        0      928        0      738      736      107     1978        0       11       29
 382.000000      936      936        1        0      936        0      735      735      113     1992        0       13       27
 383.000000      938      938        1        0      938        0      737      734      104     1977        0       11       29
 384.000000      916      916        1        0      916        0      741      740      109     1961        0       10       30
 385.000000      926      926        1        0      926        0      742      740      106     1984        0       12       28
 386.000000      938      938        1        0      938        0      740      738      108     1981        0       13       27
 387.000000      939      939        1        0      939        0      762      760       96     1999        0       13       27
 388.000000      933      933        1        0      933        0      742      741      104     2009        0       15       25
 389.000000      932      932        1        0      932        0      736      735       99     1989        0       12       28
 390.000000      922      922        1        0      922        0      746      743      107     1975        0       10       30
 391.000000      927      927        1        0      927        0      737      733      113     1967        0       12       28
 392.000000      927      927        1        0      927        0      740      736      118     1997        0       12       28
 393.000000      925      925        1        0      925        0      736      735      116     1956        0       11       29
 394.000000      954      954        1        0      954        0      740      737      104     1998        1       15       24
 395.000000      934      934        1        0      934        0      741      739      109     1975        0       14       26
 396.000000      925      925        1        0      925        0      742      739       94     1964        0       13       27
 397.000000      935      935        1        0      935        0      744      742      105     1986        0       14       26
 398.000000      945      945        1        0      945        0      744      742       99     1989        0       13       27
 399.000000      949      949        1        0      949        0      737      735      102     1993        0       14       26
 400.000000      919      919        1        0      919        0      734      733      101     2027        0       11       29
 401.000000      944      944        1        0      944        0      740      739      114     1993        0       12       28
 402.000000      942      942        1        0      942        0      728      727      109     1992        0       14       26
 403.000000      940      940        1        0      940        0      738      737      116     1974        0       13       27
 404.000000      935      935        1        0      935        0      738      738      115     1956        0       13       27
 405.000000      933      933        1        0      933        0      747      745      112     1962        0       13       27
 406.000000      927      927        1        0      927        0      742      741      103     1954        0       13       27
 407.000000      932      932        1        0      932        0      732      731      107     1967        0       12       28
 408.000000      930      930        1        0      930        0      752      750      100     1942        0       12       28
 409.000000      944      944        1        0      944        0      747      746      113     1960        1       13       26
 410.000000      929      929        1        0      929        0      749      747      115     1945        0       13       27
 411.000000      930      930        1        0      930        0      736      733      111     1962        0       12       28
 412.000000      934      934        1        0      934        0      730      727      101     1944        0       12       28
 413.000000      935      935        1        0      935        0      750      750       98     1942        0       12       28
 414.000000      924      924        1        0      924        0      739      739      105     1947        0       12       28
 415.000000      934      934        1        0      934        0      738      738       96     1955        0       12       28
 416.000000      943      943        1        0      943        0      743      743       89     1955        0       15       25
 417.000000      929      929        1        0      929        0      751      750       96     1918        0       13       27
 418.000000      925      925        1        0      925        0      735      732      108     1939        0       12       28
 419.000000      921      921        1        0      921        0      740      739       87     1960        0       11       29
 420.000000      930      930        1        0      930        0      731      730       90     1934        0       13       27
 421.000000      934      934        1        0      934        0      747      745      104     1970        0       12       28
 422.000000      925      925        1        0      925        0      739      736      105     1947        0       12       28
 423.000000      932      932        1        0      932        0      726      724      114     1923        0       15       25
 424.000000      933      933        1        0      933        0      732      732      119     1920        0       13       27
 425.000000      924      924        1        0      924        0      732      730      104     1937        0       11       29
 426.000000      927      927        1        0      927        0      730      729       97     1929        0       14       26
 427.000000      929      929        1        0      929        0      748      746      107     1928        0       14       26
 428.000000      935      935        1        0      935        0      735      733      110     1966        0       14       26
 429.000000      920      920        1        0      920        0      731      729      102     1966        0       13       27
 430.000000      925      925        1        0      925        0      731      727      115     1969        0       12       28
 431.000000      925      925        1        0      925        0      723      719      120     1980        0       12       28
 432.000000      921      921        1        0      921        0      745      742      113     1988        0       12       28
 433.000000      933      933        1        0      933        0      741      737      111     1982        0       13       27
 434.000000      925      925        1        0      925        0      733      732      111     1973        0       12       28
 435.000000      952      952        1        0      952        0      731      728      108     1999        0       15       25
 436.000000      924      924        1        0      924        0      739      735      108     1975        0       11       29
 437.000000      936      936        1        0      936        0      723      721      113     1982        0       12       28
 438.000000      932      932        1        0      932        0      740      739      112     1931        0       15       25
 439.000000      929      929        1        0      929        0      746      745      107     1959        0       11       29
 440.000000      927      927        1        0      927        0      737      732      119     1963        0       11       29
 441.000000      929      929        1        0      929        0      737      733      115     1947        0       11       29
 442.000000      935      935        1        0      935        0      757      755      112     1988        0       12       28
 443.000000      937      937        1        0      937        0      742      738      106     1989        0       12       28
 444.000000      936      936        1        0      936        0      731      727      112     1954        0       14       26
 445.000000      956      956        1        0      956        0      739      737      110     1969        0       16       24
 446.000000      932      932        1        0      932        0      735      731      111     1985        0       11       29
 447.000000      935      935        1        0      935        0      753      750       95     1961        0       12       28
 448.000000      944      944        1        0      944        0      748      746      107     1963        0       15       25
 449.000000      932      932        1        0      932        0      736      735      111     1948        0       12       28
 450.000000      933      933        1        0      933        0      735      731      114     1930        0       15       25
 451.000000      969      969        1        0      969        0      745      743      108     1961        0       16       24
 452.000000      967      967        1        0      967        0      731      728      114     1952        0       14       26
 453.000000      964      964        1        0      964        0      738      733      111     1966        1       15       24
 454.000000      955      955        1        0      955        0      735      730      113     1949        0       13       27
 455.000000      949      949        1        0      949        0      743      741       99     1952        0       15       25
 456.000000      931      931        1        0      931        0      745      743       92     1941        0       12       28
 457.000000      931      931        1        0      931        0      737      737      105     1990        0       14       26
 458.000000      933      933        1        0      933        0      739      735      105     1950        0       11       29
 459.000000      946      946        1        0      946        0      736      736      105     1976        0       14       26
 460.000000      928      928        1        0      928        0      722      721      109     1953        0       12       28
 461.000000      943      943        1        0      943        0      739      737      111     1959        0       15       25
 462.000000      939      939        1        0      939        0      728      726      121     1959        0       16       24
 463.000000      969      969        1        0      969        0      756      755      102     1994        0       17       23
 464.000000      946      946        1        0      946        0      731      728      116     1996        0       14       26
 465.000000      939      939        1        0      939        0      744      741      110     1966        0       13       27
 466.000000      934      934        1        0      934        0      740      738      111     1986        0       11       29
 467.000000      928      928        1        0      928        0      721      719      110     1935        0       12       28
 468.000000      932      932        1        0      932        0      728      728      120     1987        0       13       27
 469.000000      946      946        1        0      946        0      745      743      120     1970        0       14       26
 470.000000      936      936        1        0      936        0      741      740      113     1951        0       15       25
 471.000000      954      954        1        0      954        0      744      742      106     1999        1       13       26
 472.000000      946      946        1        0      946        0      733      732      111     1996        0       13       27
 473.000000      937      937        1        0      937        0      742      740      115     1988        0       13       27
 474.000000      926      926        1        0      926        0      734      732      106     1962        0       11       29
 475.000000      944      944        1        0      944        0      739      739      107     1953        1       14       25
 476.000000      933      933        1        0      933        0      739      739      102     1985        0       12       28
 477.000000      936      936        1        0      936        0      735      735      101     1984        0       12       28
 478.000000      936      936        1        0      936        0      733      733       99     1978        1       10       29
 479.000000      940      940        1        0      940        0      745      742       98     1989        0       12       28
 480.000000      951      951        1        0      951        0      736      732      107     1968        0       16       24
 481.000000      937      937        1        0      937        0      738      736      101     1990        0       13       27
 482.000000      929      929        1        0      929        0      739      736      115     1968        0       12       28
 483.000000      929      929        1        0      929        0      721      720      113     1943        0       11       29
 484.000000      926      926        1        0      926        0      738      735      108     1927        0       11       29
 485.000000      938      938        1        0      938        0      733      728      111     1964        0       13       27
 486.000000      935      935        1        0      935        0      725      722      125     1969        1       11       28
 487.000000      921      921        1        0      921        0      743      741      104     1958        0       12       28
 488.000000      929      929        1        0      929        0      715      712      111     1989        0       13       27
 489.000000      972      972        1        0      972        0      727      727      105     2017        0       17       23
 490.000000      920      920        1        0      920        0      731      729       95     1955        0       11       29
 491.000000      940      940        1        0      940        0      731      729      118     1979        1       13       26
 492.000000      947      935        2        0      947        0      719      716      117     1984        0       15       25
 493.000000      939      939        1        0      939        0      724      722      113     1913        0       14       26
 494.000000      926      926        1        0      926        0      726      723      117     1980        0       11       29
 495.000000      937      937        1        0      937        0      720      720      113     1965        0       13       27
 496.000000      936      936        1        0      936        0      730      729      107     1950        1       12       27
 497.000000      936      936        1        0      936        0      729      729      104     1967        0       13       27
 498.000000      928      928        1        0      928        0      745      743      100     1973        0       11       29
 499.000000      942      942        1        0      942        0      721      717      112     1945        0       13       27
 500.000000      932      932        1        0      932        0      724      721      115     1944        1       12       27
 501.000000      926      926        1        0      926        0      730      727      107     1938        0       14       26
 502.000000      924      924        1        0      924        0      745      741      104     1933        0       12       28
 503.000000      921      921        1        0      921        0      734      730      108     1960        0       11       29
 504.000000      930      930        1        0      930        0      729      728      117     1982        0       11       29
 505.000000      919      919        1        0      919        0      741      738      108     1982        0       11       29
 506.000000      938      938        1        0      938        0      745      745       96     1940        0       14       26
 507.000000      925      925        1        0      925        0      745      741      103     2012        0       12       28
 508.000000      924      924        1        0      924        0      731      729      113     1979        0       12       28
 509.000000      927      927        1        0      927        0      732      730      102     1966        0       11       29
 510.000000      923      923        1        0      923        0      716      714      118     1948        0       12       28
 511.000000      913      913        1        0      913        0      743      743      105     1939        0       10       30
 512.000000      924      924        1        0      924        0      738      737      107     1947        0       11       29
 513.000000      931      931        1        0      931        0      728      728      111     1979        0       11       29
 514.000000      928      928        1        0      928        0      737      734      119     1961        0       12       28
 515.000000      921      921        1        0      921        0      723      720      120     1975        0       11       29
 516.000000      932      932        1        0      932        0      734      731      117     1982        1       10       29
 517.000000      927      927        1        0      927        0      748      743      111     1987        0       12       28
 518.000000      930      930        1        0      930        0      740      740      109     2013        0       13       27
 519.000000      945      945        1        0      945        0      727      725      114     2030        1       12       27
 520.000000      925      925        1        0      925        0      727      725      108     1946        0       13       27
 521.000000      931      931        1        0      931        0      722      720      100     1990        1       10       29
 522.000000      918      918        1        0      918        0      735      733      101     1985        0       11       29
 523.000000      904      904        1        0      904        0      727      726       99     1942        0       11       29
 524.000000      923      923        1        0      923        0      728      727      105     1973        0       10       30
 525.000000      915      915        1        0      915        0      720      719      107     1957        0       11       29
 526.000000      938      938        1        0      938        0      723      721      104     1948        0       12       28
 527.000000      915      915        1        0      915        0      717      711      120     1955        0       11       29
 528.000000      921      921        1        0      921        0      736      733      105     1974        0       11       29
 529.000000      928      928        1        0      928        0      719      716      114     1963        0       12       28
 530.000000      922      922        1        0      922        0      724      723       95     2014        0       11       29
 531.000000      938      938        1        0      938        0      718      717      104     2004        0       13       27
 532.000000      924      924        1        0      924        0      715      713      110     1985        0       12       28
 533.000000      911      911        1        0      911        0      721      719       98     1992        0       11       29
 534.000000      919      919        1        0      919        0      702      701      111     1978        0        9       31
 535.000000      920      920        1        0      920        0      709      708      114     2002        0       13       27
 536.000000      913      913        1        0      913        0      693      692      128     1980        0       12       28
 537.000000      903      903        1        0      903        0      712      710      112     1949        0        9       31
 538.000000      910      910        1        0      910        0      715      711      106     1935        0       10       30
 539.000000      915      915        1        0      915        0      712      709      104     1943        0       11       29
 540.000000      914      914        1        0      914        0      708      708      115     1940        0       11       29
 541.000000      926      926        1        0      926        0      714      714       99     1948        0       14       26
 542.000000      935      935        1        0      935        0      721      718      111     1955        0       12       28
 543.000000      916      916        1        0      916        0      707      705      117     1960        0       11       29
 544.000000      898      898        1        0      898        0      715      715      105     1933        0       10       30
 545.000000      912      912        1        0      912        0      719      717      112     1970        0       10       30
 546.000000      911      911        1        0      911        0      726      726       96     1941        0       11       29
 547.000000      915      915        1        0      915        0      710      707      106     1973        0       11       29
 548.000000      913      913        1        0      913        0      699      699      121     1954        0       12       28
 549.000000      912      912        1        0      912        0      695      693      126     1979        0       10       30
 550.000000      912      912        1        0      912        0      704      702      118     1932        0       11       29
 551.000000      911      911        1        0      911        0      707      706      108     1981        0       11       29
 552.000000      936      936        1        0      936        0      702      702      111     1975        0       12       28
 553.000000      927      927        1        0      927        0      714      712      110     1988        0       12       28
 554.000000      910      910        1        0      910        0      716      714      110     1984        0       11       29
 555.000000      914      914        1        0      914        0      721      719      123     1960        0       10       30
 556.000000      923      923        1        0      923        0      719      717      114     1957        0       13       27
 557.000000      916      916        1        0      916        0      728      727      105     2008        0       11       29
 558.000000      919      919        1        0      919        0      713      711      120     1977        0       13       27
 559.000000      917      917        1       15      902        0      724      723      104     1937        0       11       29
 560.000000      912      912        1        0      912        0      723      718      108     1965        0       12       28
 561.000000      930      930        1        0      930        0      728      725      108     1956        0       13       27
 562.000000      909      909        1        0      909        0      715      711      107     1929        0       10       30
 563.000000      912      912        1        0      912        0      712      709      119     1926        0       13       27
 564.000000      921      921        1        0      921        0      730      726      107     1974        0       13       27
 565.000000      911      911        1        0      911        0      726      722      118     2008        0       10       30
 566.000000      924      924        1        0      924        0      723      722      109     1960        0       13       27
 567.000000      912      912        1        0      912        0      724      723      116     1997        0       10       30
 568.000000      917      917        1        0      917        0      733      731      116     1980        0       10       30
 569.000000      934      934        1        0      934        0      714      711      122     1995        0       13       27
 570.000000      914      914        1        0      914        0      720      719      118     1981        0       10       30
 571.000000      916      916        1        0      916        0      751      747      105     1990        0       11       29
 572.000000      910      910        1        0      910        0      715      714      110     1976        0       11       29
 573.000000      911      911        1        0      911        0      730      728      107     1981        0       10       30
 574.000000      916      916        1        0      916        0      718      717      117     1974        0       11       29
 575.000000      915      915        1        0      915        0      726      723      113     1931        0       11       29
 576.000000      904      904        1        0      904        0      703      700      113     1965        0       11       29
 577.000000      907      907        1        0      907        0      713      711      103     1968        0       11       29
 578.000000      918      918        1        0      918        0      713      711      111     1965        0       13       27
 579.000000      926      926        1        0      926        0      705      700      108     1986        0        9       31
 580.000000      889      889        1        0      889        0      716      715      100     1964        0        9       31
 581.000000      902      902        1        0      902        0      707      707      116     1950        1        8       31
 582.000000      907      907        1        0      907        0      717      716      107     1938        0        9       31
 583.000000      909      909        1        0      909        0      716      715      113     1941        0        8       32
 584.000000      895      895        1        0      895        0      727      723      103     1921        0        8       32
 585.000000      903      903        1        0      903        0      692      690      118     1970        0       10       30
 586.000000      920      920        1        0      920        0      700      700      112     1979        0       11       29
 587.000000      922      922        1        0      922        0      698      697      113     1955        0        9       31
 588.000000      918      918        1        0      918        0      712      710      115     1962        0       10       30
 589.000000      906      906        1        0      906        0      718      716      118     1995        0        9       31
 590.000000      902      902        1        0      902        0      725      722      108     1944        0        8       32
 591.000000      910      910        1        0      910        0      728      727      114     1972        0        9       31
 592.000000      904      904        1        0      904        0      716      715      103     1979        0       11       29
 593.000000      903      903        1        0      903        0      717      716      109     1959        0        9       31
 594.000000      900      900        1        0      900        0      728      726      110     1951        0        9       31
 595.000000      916      916        1        0      916        0      723      720      113     1946        0       10       30
 596.000000      912      912        1        0      912        0      727      726      114     1939        0        9       31
 597.000000      911      911        1        0      911        0      730      726      106     1968        0       10       30
 598.000000      907      907        1        0      907        0      720      718      106     1961        0       10       30
 599.000000      910      910        1        0      910        0      719      717      124     1957        0        9       31
 600.000000      909      909        1        0      909        0      730      729      101     1977        0       10       30
 601.000000      906      906        1        0      906        0      724      722      112     1956        0       10       30
 602.000000      902      902        1        0      902        0      720      716      104     1986        0        9       31
 603.000000      902      902        1        0      902        0      720      719      107     1952        0        9       31
 604.000000      915      915        1        0      915        0      712      708      126     1970        0       13       27
 605.000000      907      907        1        0      907        0      729      728      101     1985        0        9       31
 606.000000      899      899        1        0      899        0      712      711      111     1960        0       10       30
 607.000000      911      911        1        0      911        0      722      721      108     1972        0       11       29
 608.000000      900      900        1        0      900        0      723      721      108     1982        0        9       31
 609.000000      904      904        1        0      904        0      726      724      105     1969        0        9       31
 610.000000      914      914        1        0      914        0      720      718      110     1952        0       10       30
 611.000000      931      917        2       14      917        0      713      711      111     1978        0       11       29
 612.000000      929      915        2       14      915        0      729      729      107     1975        0       11       29
 613.000000      931      916        2       15      916        0      723      721      112     1994        0       11       29
 614.000000      918      918        1        0      918        0      733      731      109     1968        0       10       30
 615.000000      916      916        1        0      916        0      712      712      116     2016        0        9       31
 616.000000      917      917        1        0      917        0      725      725      101     1997        0       10       30
 617.000000      953      953        1        0      953        0      707      704      119     2020        0       15       25
 618.000000      926      926        1        0      926        0      718      716      113     2001        0       12       28
 619.000000      936      936        1        0      936        0      727      726      113     2009        0       12       28
 620.000000      937      937        1        0      937        0      716      715      118     2009        0       10       30
 621.000000      936      936        1        0      936        0      727      726      117     2014        0       13       27
 622.000000      921      921        1        0      921        0      730      727      112     1995        0       11       29
 623.000000      935      935        1        0      935        0      713      711      115     1993        0       12       28
 624.000000      930      930        1        0      930        0      719      717      110     1985        0       10       30
 625.000000      925      925        1        0      925        0      736      735      109     2031        0       11       29
 626.000000      931      931        1        0      931        0      742      740      104     2028        0       11       29
 627.000000      941      941        1        0      941        0      733      729      119     1988        0       12       28
 628.000000      937      937        1        0      937        0      735      735      114     1966        0       12       28
 629.000000      935      935        1        0      935        0      745      744      112     1981        0       11       29
 630.000000      939      939        1        0      939        0      743      743      104     1987        0       12       28
 631.000000      925      925        1        0      925        0      732      731      100     1953        0       10       30
 632.000000      949      949        1        0      949        0      736      735      112     2014        0       12       28
 633.000000      927      927        1        0      927        0      749      748      104     1991        0       11       29
 634.000000      927      927        1        0      927        0      725      724      112     1983        0       10       30
 635.000000      938      938        1        0      938        0      727      725      109     1988        0       14       26
 636.000000      934      934        1        0      934        0      737      736      102     1993        0       12       28
 637.000000      925      925        1        0      925        0      729      727      112     2001        0       14       26
 638.000000      917      917        1        0      917        0      742      741       89     2022        0       12       28
 639.000000      918      918        1        0      918        0      737      734      112     1970        0       13       27
 640.000000      950      950        1        0      950        0      742      741      112     1994        0       14       26
 641.000000      931      931        1        0      931        0      754      753      100     1982        0       14       26
 642.000000      929      929        1        0      929        0      755      754      105     1998        0       14       26
 643.000000      925      925        1        0      925        0      741      740      113     2013        0       13       27
 644.000000      927      927        1        0      927        0      741      741      111     1980        0       11       29
 645.000000      914      914        1        0      914        0      738      737      118     1979        0       10       30
 646.000000      920      920        1        0      920        0      738      735      116     2001        0       12       28
 647.000000      928      928        1        0      928        0      731      728      110     1955        0       11       29
 648.000000      912      912        1        0      912        0      727      725      119     1988        0       10       30
 649.000000      912      912        1        0      912        0      722      721      116     1978        0        9       31
 650.000000      911      911        1        0      911        0      735      731      105     1914        0       10       30
 651.000000      927      927        1        0      927        0      741      738      112     1918        0       10       30
 652.000000      909      909        1        0      909        0      721      719      124     1924        0       10       30
 653.000000      916      916        1        0      916        0      738      736      111     1951        0       10       30
 654.000000      917      917        1        0      917        0      740      739      104     1943        0       11       29
 655.000000      919      919        1        0      919        0      739      739      104     1975        0       13       27
 656.000000      931      931        1        0      931        0      730      727      102     1987        0       11       29
 657.000000      930      930        1        0      930        0      723      721      115     1977        0       13       27
 658.000000      928      928        1        0      928        0      722      719      115     1989        0       14       26
 659.000000      923      923        1        0      923        0      742      740      101     1997        0       11       29
 660.000000      919      919        1        0      919        0      736      734      106     1999        0       11       29
 661.000000      922      922        1        0      922        0      736      736      101     1978        0       13       27
 662.000000      962      950        2        0      962        0      742      741      102     2014        0       14       26
 663.000000      930      930        1        0      930        0      735      732      113     1969        0       12       28
 664.000000      929      929        1        0      929        0      744      741      101     1956        0       14       26
 665.000000      918      918        1        0      918        0      730      728      106     1951        0       12       28
 666.000000      940      940        1        0      940        0      712      711      123     1961        0       15       25
 667.000000      945      945        1        0      945        0      740      737      114     1979        0       14       26
 668.000000      936      936        1        0      936        0      751      750       98     1970        0       13       27
 669.000000      967      967        1        0      967        0      746      743      109     1980        0       16       24
 670.000000      921      921        1        0      921        0      745      741       95     1964        0       11       29
 671.000000      946      946        1        0      946        0      745      744       93     1994        0       11       29
 672.000000      926      926        1        0      926        0      737      735      109     2041        0       14       26
 673.000000      936      936        1        0      936        0      727      723      116     2009        0       13       27
 674.000000      922      922        1        0      922        0      743      742      101     2013        0       11       29
 675.000000      947      947        1        0      947        0      754      753      100     2011        0       14       26
 676.000000      933      933        1        0      933        0      744      744       94     2008        0       15       25
 677.000000      927      927        1        0      927        0      733      731      109     2001        0       11       29
 678.000000      936      936        1        0      936        0      733      731       95     2015        0       11       29
 679.000000      931      931        1        0      931        0      742      741       98     1975        0       13       27
 680.000000      933      933        1        0      933        0      732      732      106     1974        0       11       29
 681.000000      963      963        1        0      963        0      742      741       99     1984        0       16       24
 682.000000      936      936        1        0      936        0      734      731      113     1994        0       13       27
 683.000000      933      933        1        0      933        0      741      741       92     2013        0       14       26
 684.000000      936      936        1        0      936        0      737      735      104     2025        0       14       26
 685.000000      930      930        1        0      930        0      740      736      104     1999        0       13       27
 686.000000      929      929        1        0      929        0      733      733       98     1993        0       12       28
 687.000000      924      924        1        0      924        0      718      716      103     1976        0       10       30
 688.000000      938      938        1        0      938        0      741      741       93     1986        0       11       29
 689.000000      921      921        1        0      921        0      713      710      110     1985        0       14       26
 690.000000      918      918        1        0      918        0      727      727       97     1990        0        9       31
 691.000000      937      937        1        0      937        0      734      732      103     1986        0       12       28
 692.000000      925      925        1        0      925        0      740      737       96     1963        0       12       28
 693.000000      929      929        1        0      929        0      733      731      105     1998        0       13       27
 694.000000      936      936        1        0      936        0      729      729       97     1991        0       14       26
 695.000000      925      925        1        0      925        0      726      725      124     2016        0       11       29
 696.000000      928      928        1        0      928        0      731      730      109     2009        0       12       28
 697.000000      930      930        1        0      930        0      730      728      113     2002        0       12       28
 698.000000      922      922        1        0      922        0      731      727      107     2033        0       11       29
 699.000000      926      926        1        0      926        0      733      731      103     2028        0       13       27
 700.000000      930      930        1        0      930        0      720      719      107     2047        0       14       26
 701.000000      936      920        2       16      920        0      727      724      103     1997        0       16       24
 702.000000      928      928        1        0      928        0      734      729      106     2030        0       14       26
 703.000000      925      925        1        0      925        0      743      741      116     2008        0       12       28
 704.000000      927      927        1        0      927        0      741      736      110     2005        0       13       27
 705.000000      943      926        2       17      926        0      732      730      103     2011        0       18       22
 706.000000      931      931        1        0      931        0      738      736      112     1989        0       14       26
 707.000000      937      937        1        0      937        0      739      737      116     1992        0       14       26
 708.000000      924      924        1        0      924        0      737      730      114     2015        0       14       26
 709.000000      927      927        1        0      927        0      727      726      101     1990        0       14       26
 710.000000      926      926        1        0      926        0      727      724      103     1994        0       14       26
 711.000000      931      931        1        0      931        0      738      736      102     1989        0       14       26
 712.000000      931      931        1        0      931        0      728      725       97     1990        0       14       26
 713.000000      926      926        1        0      926        0      744      741      103     1976        0       13       27
 714.000000      919      919        1        0      919        0      724      721      109     1975        0       12       28
 715.000000      926      926        1        0      926        0      744      740      107     1990        0       12       28
 716.000000      911      911        1        0      911        0      725      721      110     1973        0       12       28
 717.000000      932      932        1        0      932        0      734      734       89     1970        0       14       26
 718.000000      918      918        1        0      918        0      735      735      110     1970        0       12       28
 719.000000      910      910        1        0      910        0      720      719      107     1961        0       12       28
 720.000000      928      928        1        0      928        0      724      722       93     1958        0       12       28
 721.000000      917      917        1        0      917        0      736      733      110     1964        0       12       28
 722.000000      943      928        2       15      928        0      727      727      102     1972        0       16       24
 723.000000      932      932        1        0      932        0      727      727      103     1925        0       14       26
 724.000000      914      914        1        0      914        0      725      724      109     1988        0       12       28
 725.000000      929      929        1        0      929        0      726      724       99     1980        0       16       24
 726.000000      957      942        2       15      942        0      724      720      106     2007        1       15       24
 727.000000      914      914        1        0      914        0      722      720      117     1984        0       11       29
 728.000000      926      926        1        0      926        0      718      718      103     1992        0       13       27
 729.000000      933      933        1        0      933        0      716      715      104     1944        0       12       28
 730.000000      914      914        1        0      914        0      706      706       92     1889        0       10       30
 731.000000      916      916        1        0      916        0      709      709       99     1942        0       11       29
 732.000000      918      918        1        0      918        0      696      692      108     1952        0       12       28
 733.000000      919      919        1        0      919        0      709      707      105     1936        0       12       28
 734.000000      925      925        1        0      925        0      719      718      115     1924        0       13       27
 735.000000      915      915        1        0      915        0      716      715       97     1952        0       12       28
 736.000000      915      915        1        0      915        0      706      704      106     1945        0       12       28
 737.000000      933      933        1        0      933        0      712      712      118     1982        0       12       28
 738.000000      948      948        1        0      948        0      715      712      115     1976        0       15       25
 739.000000      938      938        1        0      938        0      718      714      115     1938        0       14       26
 740.000000      930      930        1        0      930        0      713      712      108     1983        0       14       26
 741.000000      932      932        1        0      932        0      715      713      109     1939        0       13       27
 742.000000      943      943        1        0      943        0      718      716      115     1973        0       13       27
 743.000000      927      927        1        0      927        0      704      702      111     1963        0       13       27
 744.000000      952      952        1        0      952        0      707      707      109     1996        0       15       25
 745.000000      931      931        1        0      931        0      706      705      115     1955        0       13       27
 746.000000      936      936        1        0      936        0      744      744      106     1998        0       12       28
 747.000000      926      926        1        0      926        0      731      729      105     1969        0       12       28
 748.000000      927      927        1        0      927        0      733      733       98     1962        0       12       28
 749.000000      941      941        1        0      941        0      727      726      111     1999        0       14       26
 750.000000      924      924        1        0      924        0      744      741      105     1976        0       11       29
 751.000000      938      938        1        0      938        0      734      733      112     1973        0       12       28
 752.000000      927      927        1        0      927        0      731      729       96     2002        0       11       29
 753.000000      935      935        1        0      935        0      729      728       97     1992        0       11       29
 754.000000      925      925        1        0      925        0      727      727      100     1978        0       11       29
 755.000000      938      938        1        0      938        0      739      734      111     1978        0       12       28
 756.000000      959      959        1        0      959        0      739      736      105     1987        0       17       23
 757.000000      951      951        1        0      951        0      709      706      107     2020        0       16       24
 758.000000      935      935        1        0      935        0      730      729      108     1986        0       11       29
 759.000000      931      931        1        0      931        0      714      712      112     1964        0       12       28
 760.000000      941      941        1        0      941        0      721      719      111     2006        0       14       26
 761.000000      925      925        1        0      925        0      729      725      112     1975        0       11       29
 762.000000      928      928        1        0      928        0      733      732      105     1975        0       12       28
 763.000000      924      924        1        0      924        0      729      726      114     1981        0       10       30
 764.000000      922      922        1        0      922        0      727      724      108     1989        0       12       28
 765.000000      933      933        1        0      933        0      729      729      104     1988        0       13       27
 766.000000      928      928        1        0      928        0      727      727      104     1980        0       11       29
 767.000000      922      922        1        0      922        0      746      745       98     2006        0       11       29
 768.000000      910      910        1        0      910        0      733      731      103     1984        0        9       31
 769.000000      935      935        1        0      935        0      740      737      107     1995        0       11       29
 770.000000      930      930        1        0      930        0      747      747       98     2030        0       11       29
 771.000000      937      937        1        0      937        0      726      724      110     1988        0       14       26
 772.000000      935      935        1        0      935        0      724      724      102     1983        0       11       29
 773.000000      934      934        1        0      934        0      738      737       90     1966        0       11       29
 774.000000      934      934        1        0      934        0      737      736      100     1930        0       11       29
 775.000000      924      924        1        0      924        0      737      735      104     1967        0       10       30
 776.000000      933      933        1        0      933        0      729      726      110     1994        0       12       28
 777.000000      942      942        1        0      942        0      734      733      101     2003        0       12       28
 778.000000      959      959        1        0      959        0      727      727      106     1994        0       15       25
 779.000000      930      930        1        0      930        0      724      719      112     2012        0       11       29
 780.000000      939      939        1        0      939        0      733      731       95     1948        0       12       28
 781.000000      924      924        1        0      924        0      729      724       97     1993        0       11       29
 782.000000      907      907        1        0      907        0      733      731       93     1979        0       10       30
 783.000000      929      929        1        0      929        0      741      741      103     2001        0       11       29
 784.000000      935      935        1        0      935        0      735      733       96     1998        0       13       27
 785.000000      926      926        1        0      926        0      721      718      112     2003        0       13       27
 786.000000      933      933        1        0      933        0      722      716      113     2009        0       13       27
 787.000000      936      936        1        0      936        0      746      741      100     1979        0       13       27
 788.000000      926      926        1        0      926        0      748      747       96     1982        0       11       29
 789.000000      923      923        1        0      923        0      738      735       98     2000        0       12       28
 790.000000      915      915        1        0      915        0      709      707      115     1995        0       10       30
 791.000000      913      913        1        0      913        0      730      730      111     1983        0       10       30
 792.000000      913      913        1        0      913        0      732      731      101     1985        0       11       29
 793.000000      914      914        1        0      914        0      737      733      104     1984        0       10       30
 794.000000      933      933        1        0      933        0      738      737      102     1973        0       11       29
 795.000000      913      913        1        0      913        0      714      712      116     1968        0       10       30
 796.000000      912      912        1        0      912        0      731      727      103     1992        0        9       31
 797.000000      915      915        1        0      915        0      719      719      105     1988        0       10       30
 798.000000      916      916        1        0      916        0      725      724       99     1998        0       10       30
 799.000000      915      915        1        0      915        0      726      726       94     1958        0       10       30
 800.000000      929      915        2       14      915        0      735      729      110     1968        0       10       30
 801.000000      916      904        2        0      916        0      706      706      110     1950        0        8       32
 802.000000      904      904        1        0      904        0      706      703      105     1967        0        9       31
 803.000000      913      913        1        0      913        0      726      725      103     1943        0        9       31
 804.000000      911      911        1        0      911        0      726      720      107     1974        0       10       30
 805.000000      907      907        1        0      907        0      730      729      106     1960        0       11       29
 806.000000      910      910        1        0      910        0      735      732      102     1987        0       11       29
 807.000000      911      911        1        0      911        0      722      721      101     1964        0       12       28
 808.000000      909      909        1        0      909        0      713      708      102     1948        0       10       30
 809.000000      890      890        1        0      890        0      704      699      115     1941        0        9       31
 810.000000      882      882        1        0      882        0      714      710      113     1961        0        8       32
 811.000000      891      891        1        0      891        0      719      718      109     1952        0        8       32
 812.000000      896      896        1        0      896        0      721      719      108     1936        0        9       31
 813.000000      893      893        1        0      893        0      716      709      112     1992        0        9       31
 814.000000      891      891        1        0      891        0      721      718      103     1964        0        7       33
 815.000000      894      894        1        0      894        0      709      708      114     1978        0       11       29
 816.000000      913      913        1        0      913        0      700      699      111     1938        0       12       28
 817.000000      901      901        1        0      901        0      711      709      121     1937        0       10       30
 818.000000      904      904        1        0      904        0      723      722      110     1943        0        9       31
 819.000000      910      910        1        0      910        0      726      724      106     1997        0       10       30
 820.000000      903      903        1        0      903        0      710      706      121     1941        0       10       30
 821.000000      905      905        1        0      905        0      722      717      100     1932        0        8       32
 822.000000      925      925        1        0      925        0      730      727      103     1949        0       15       25
 823.000000      920      920        1       14      906        0      709      705      113     1958        0       11       29
 824.000000      910      910        1        0      910        0      727      726      111     1968        0       10       30
 825.000000      913      913        1        0      913        0      717      717       99     1966        0       12       28
 826.000000      907      907        1        0      907        0      715      714      105     1981        0       11       29
 827.000000      914      914        1        0      914        0      712      709      120     1971        0       12       28
 828.000000      903      903        1        0      903        0      727      726      115     1936        0       10       30
 829.000000      899      899        1        0      899        0      721      719      110     1961        0        9       31
 830.000000      909      909        1        0      909        0      725      724      108     1988        0       10       30
 831.000000      914      914        1        0      914        0      748      746      101     1960        0       12       28
 832.000000      919      919        1        0      919        0      725      722      117     1968        0       12       28
 833.000000      906      906        1        0      906        0      713      711      115     1925        0       10       30
 834.000000      898      898        1        0      898        0      727      726       96     1957        0        9       31
 835.000000      918      918        1        0      918        0      726      724      112     1977        0       10       30
 836.000000      898      898        1        0      898        0      726      723      117     1965        0        8       32
 837.000000      904      904        1        0      904        0      735      733      102     1969        0        8       32
 838.000000      930      930        1        0      930        0      734      733      112     1974        0       13       27
 839.000000      914      914        1        0      914        0      728      727      110     1952        0       11       29
 840.000000      920      920        1        0      920        0      729      728       99     1971        0       11       29
 841.000000      905      905        1        0      905        0      726      725      108     1959        0       10       30
 842.000000      903      903        1        0      903        0      732      731      101     1958        0        9       31
 843.000000      902      902        1        0      902        0      728      727      107     1969        0       10       30
 844.000000      913      913        1        0      913        0      719      716      113     1966        0       13       27
 845.000000      913      913        1        0      913        0      717      713      109     1970        0       12       28
 846.000000      904      904        1        0      904        0      720      718      105     1956        0       11       29
 847.000000      901      901        1        0      901        0      726      724       95     1975        0       10       30
 848.000000      902      902        1        0      902        0      737      737      104     1997        0       11       29
 849.000000      916      916        1        0      916        0      704      702      121     1947        0       13       27
 850.000000      894      894        1        0      894        0      727      725      102     1981        0       10       30
 851.000000      895      895        1        0      895        0      724      724      113     1987        0       10       30
 852.000000      903      903        1        0      903        0      742      740      103     1973        0       14       26
 853.000000      913      913        1        0      913        0      716      713      112     1979        0       14       26
 854.000000      899      899        1        0      899        0      736      734       99     1977        0       11       29
 855.000000      912      912        1        0      912        0      730      728      101     1966        0       12       28
 856.000000      904      904        1        0      904        0      744      744      101     1985        0       11       29
 857.000000      915      915        1        0      915        0      737      736      104     1992        0       13       27
 858.000000      902      902        1        0      902        0      733      732      107     1974        0       14       26
 859.000000      902      902        1        0      902        0      736      733       98     1985        0       15       25
 860.000000      898      898        1        0      898        0      733      732       97     1978        0       11       29
 861.000000      897      897        1        0      897        0      732      731      103     1982        0       10       30
 862.000000      908      908        1        0      908        0      734      732      104     1988        0        9       31
 863.000000      914      914        1        0      914        0      735      734      100     2001        0       11       29
 864.000000      926      926        1        0      926        0      726      725      109     1973        0       11       29
 865.000000      919      919        1        0      919        0      735      732      113     1996        0       11       29
 866.000000      916      916        1        0      916        0      740      740      102     1996        0       12       28
 867.000000      923      923        1        0      923        0      726      722      105     1973        0       13       27
 868.000000      914      914        1        0      914        0      722      722      108     2011        0       11       29
 869.000000      909      909        1        0      909        0      718      717      107     1944        0       12       28
 870.000000      912      912        1        0      912        0      733      731      104     1966        0       12       28
 871.000000      915      915        1        0      915        0      736      733      105     1967        0       12       28
 872.000000      910      910        1        0      910        0      729      725      114     1931        0        9       31
 873.000000      898      898        1        0      898        0      733      733      101     1967        0       10       30
 874.000000      912      912        1        0      912        0      723      721      105     1987        0       13       27
 875.000000      918      918        1        0      918        0      708      706      110     1989        0       10       30
 876.000000      915      915        1        0      915        0      731      726      108     1977        0       10       30
 877.000000      926      926        1        0      926        0      715      713       99     1952        0        8       32
 878.000000      919      919        1        0      919        0      740      738       99     1970        0       11       29
 879.000000      909      909        1        0      909        0      732      730      110     1929        0        6       34
 880.000000      920      920        1        0      920        0      717      716      100     1951        0       10       30
 881.000000      944      944        1        0      944        0      715      715      102     1948        0        8       32
 882.000000      927      927        1        0      927        0      726      722      108     1949        0       12       28
 883.000000      926      926        1        0      926        0      725      721      114     1948        0        9       31
 884.000000      928      928        1        0      928        0      728      725      104     1940        0       10       30
 885.000000      951      951        1        0      951        0      719      716      111     1960        1       17       22
 886.000000      927      927        1        0      927        0      722      718      105     1928        0       10       30
 887.000000      935      935        1        0      935        0      719      715      115     1953        0       11       29
 888.000000      935      935        1        0      935        0      718      713      112     1934        0       12       28
 889.000000      918      918        1        0      918        0      731      728      117     1963        0       10       30
 890.000000      924      924        1        0      924        0      726      726      104     1945        0       12       28
 891.000000      919      919        1        0      919        0      729      728       97     1972        0       10       30
 892.000000      936      936        1        0      936        0      734      731      101     1953        0       12       28
 893.000000      935      935        1        0      935        0      723      719      103     1975        0       12       28
 894.000000      930      930        1        0      930        0      734      732      109     1953        0       11       29
 895.000000      933      933        1        0      933        0      714      713      118     1949        0       12       28
 896.000000      921      921        1        0      921        0      749      743       95     1977        0       12       28
 897.000000      938      926        2        0      938        0      723      722      109     1956        0       12       28
 898.000000      918      918        1        0      918        0      730      729       99     1990        0        9       31
 899.000000      917      917        1        0      917        0      721      721      103     1957        0        9       31
 900.000000      923      923        1        0      923        0      726      723      107     1964        0       11       29
 901.000000      937      937        1        0      937        0      714      712      108     1972        0       11       29
 902.000000      913      913        1        0      913        0      719      717      111     1923        0        8       32
 903.000000      929      929        1        0      929        0      722      720      116     1972        0       11       29
 904.000000      920      920        1        0      920        0      734      730      108     1941        0        9       31
 905.000000      930      930        1        0      930        0      728      726      100     1956        0        9       31
 906.000000      929      929        1        0      929        0      729      728       98     2018        1        8       31
 907.000000      936      936        1        0      936        0      733      730      105     1964        0       11       29
 908.000000      926      926        1        0      926        0      735      732      118     1984        1        8       31
 909.000000      920      920        1        0      920        0      743      743      106     2024        0       13       27
 910.000000      916      916        1        0      916        0      738      736      110     1980        0       11       29
 911.000000      909      909        1        0      909        0      740      739      105     1955        0        9       31
 912.000000      917      917        1        0      917        0      736      735       96     1970        0       11       29
 913.000000      917      917        1        0      917        0      730      726      100     1984        0       10       30
 914.000000      909      909        1        0      909        0      748      747      101     1978        0       10       30
 915.000000      916      916        1        0      916        0      746      742       93     1949        0        9       31
 916.000000      919      919        1        0      919        0      747      746      106     2002        0       12       28
 917.000000      936      936        1        0      936        0      734      731      102     1987        1       11       28
 918.000000      919      919        1        0      919        0      717      712      113     1959        0        9       31
 919.000000      930      930        1        0      930        0      725      722      111     1964        0       12       28
 920.000000      915      915        1        0      915        0      722      719      101     1961        0       12       28
 921.000000      920      920        1        0      920        0      741      741       92     1975        0       10       30
 922.000000      929      929        1        0      929        0      734      733      105     2001        0       13       27
 923.000000      925      925        1        0      925        0      733      730      101     1969        1       11       28
 924.000000      911      911        1        0      911        0      712      710      103     1953        0        8       32
 925.000000      918      918        1        0      918        0      723      719      113     1985        0       13       27
 926.000000      919      919        1        0      919        0      730      729       94     1980        1       11       28
 927.000000      924      924        1        0      924        0      725      720      114     2033        0       12       28
 928.000000      923      923        1        0      923        0      718      715      107     2007        0       11       29
 929.000000      920      920        1        0      920        0      719      718      113     2008        0       11       29
 930.000000      929      929        1        0      929        0      721      718      108     1998        0       11       29
 931.000000      926      926        1        0      926        0      724      722      114     1987        1        8       31
 932.000000      919      919        1        0      919        0      745      741      108     1962        0       10       30
 933.000000      926      926        1        0      926        0      732      729      108     1988        0       10       30
 934.000000      945      945        1        0      945        0      726      723      107     1983        1       11       28
 935.000000      949      949        1        0      949        0      736      734      105     2013        1       11       28
 936.000000      923      923        1        0      923        0      724      721      112     1993        1        7       32
 937.000000      928      928        1        0      928        0      722      721      103     2012        0       11       29
 938.000000      926      926        1        0      926        0      732      731      102     1998        0       10       30
 939.000000      934      934        1        0      934        0      721      720      115     2016        0       13       27
 940.000000      915      915        1        0      915        0      722      722      102     1973        1        9       30
 941.000000      922      922        1        0      922        0      725      723      101     1956        0       13       27
 942.000000      936      936        1        0      936        0      740      738      106     1977        0       12       28
 943.000000      936      936        1        0      936        0      740      737       97     2030        0       12       28
 944.000000      939      939        1        0      939        0      738      736       97     2034        0       14       26
 945.000000      935      935        1        0      935        0      738      735      104     1982        0       14       26
 946.000000      921      921        1        0      921        0      748      743      105     1967        0       12       28
 947.000000      933      933        1        0      933        0      755      751      111     2031        1       11       28
 948.000000      947      947        1        0      947        0      749      745      104     2025        1       12       27
 949.000000      941      941        1        0      941        0      736      732      102     2031        0       14       26
 950.000000      936      936        1        0      936        0      736      735       97     2006        0       13       27
 951.000000      941      941        1        0      941        0      741      739      109     1974        1       12       27
 952.000000      936      936        1        0      936        0      726      723      108     2021        0       13       27
 953.000000      937      937        1        0      937        0      734      731      112     2020        1       11       28
 954.000000      933      933        1        0      933        0      746      742      102     2010        1       11       28
 955.000000      950      950        1        0      950        0      735      733      107     2003        0       16       24
 956.000000      928      928        1        0      928        0      733      730      116     1977        0       11       29
 957.000000      967      967        1        0      967        0      730      727      113     2034        1       16       23
 958.000000      932      932        1        0      932        0      715      713      111     1970        0       13       27
 959.000000      943      943        1        0      943        0      740      737      110     1963        0       13       27
 960.000000      935      935        1        0      935        0      746      743      113     1968        0       10       30
 961.000000      962      962        1        0      962        0      729      728      118     2013        0       13       27
 962.000000      943      943        1        0      943        0      726      724      109     1987        0       14       26
 963.000000      939      939        1        0      939        0      747      745      109     1954        0       13       27
 964.000000      964      964        1        0      964        0      720      718      107     1953        0       18       22
 965.000000      949      949        1        0      949        0      737      734      107     2003        0       14       26
 966.000000      953      953        1        0      953        0      723      721      106     1969        0       15       25
 967.000000      949      949        1        0      949        0      729      725      106     2014        1       15       24
 968.000000      977      977        1        0      977        0      732      728      105     1974        0       18       22
 969.000000      962      962        1        0      962        0      737      737      108     2017        0       18       22
 970.000000      951      951        1        0      951        0      724      721      106     1963        0       15       25
 971.000000      980      980        1        0      980        0      738      738       91     1995        0       19       21
 972.000000      946      946        1        0      946        0      739      733      106     1994        0       15       25
 973.000000      946      946        1        0      946        0      741      735      110     2028        0       13       27
 974.000000      947      947        1        0      947        0      749      747       97     1952        0       13       27
 975.000000      967      967        1        0      967        0      754      752      105     1970        0       17       23
 976.000000      957      957        1        0      957        0      735      734      111     1961        0       16       24
 977.000000      975      975        1        0      975        0      756      756      106     1983        1       15       24
 978.000000      953      953        1        0      953        0      738      738      102     1973        0       14       26
 979.000000      949      949        1        0      949        0      747      746      100     1993        0       15       25
 980.000000      950      950        1        0      950        0      748      748      109     1992        0       15       25
 981.000000      956      956        1        0      956        0      728      724      102     1985        0       16       24
 982.000000      953      953        1        0      953        0      750      750      104     1974        0       15       25
 983.000000      952      952        1        0      952        0      733      732      104     1958        0       16       24
 984.000000      929      929        1        0      929        0      732      730      111     1970        0       12       28
 985.000000      945      945        1        0      945        0      739      737      104     1970        0       15       25
 986.000000      945      945        1        0      945        0      739      738      108     1993        0       14       26
 987.000000      938      938        1        0      938        0      732      728      101     1950        0       14       26
 988.000000      937      937        1        0      937        0      752      750      100     1995        0       14       26
 989.000000      943      943        1        0      943        0      753      752       97     2018        0       15       25
 990.000000      969      969        1        0      969        0      752      750      102     2017        0       16       24
 991.000000      959      959        1        0      959        0      750      747      103     1990        0       16       24
 992.000000      950      950        1        0      950        0      739      739      107     2016        0       15       25
 993.000000      955      955        1        0      955        0      744      743      103     2008        0       14       26
 994.000000      953      953        1        0      953        0      736      733      112     1960        0       13       27
 995.000000      956      956        1        0      956        0      748      744      101     1995        0       15       25
 996.000000      967      967        1        0      967        0      743      740      101     1989        0       15       25
 997.000000      988      988        1        0      988        0      741      740      112     2000        0       16       24
 998.000000      973      973        1        0      973        0      737      734      101     2032        1       15       24
 999.000000      988      988        1        0      988        0      747      744      105     1987        0       16       24
 1000.000000      978      978        1        0      978        0      761      760       97     1951        0       17       23
 1001.000000      979      979        1        0      979        0      748      745       97     1976        0       18       22
 1002.000000      985      985        1        0      985        0      743      742      104     1980        0       16       24
 1003.000000      962      962        1        0      962        0      750      749      113     1966        0       17       23
 1004.000000      977      977        1        0      977        0      741      741      103     1985        0       15       25
 1005.000000      963      963        1        0      963        0      752      750      114     1949        0       17       23
 1006.000000      986      974        2        0      986        0      733      731      104     1981        0       23       17
 1007.000000      968      968        1        0      968        0      744      742      106     1949        0       17       23
 1008.000000      962      962        1        0      962        0      749      749      109     1950        1       16       23
 1009.000000      945      945        1        0      945        0      754      753       90     1963        0       14       26
 1010.000000      969      969        1        0      969        0      743      739      110     1996        0       16       24
 1011.000000      967      967        1        0      967        0      747      745      113     1968        0       17       23
 1012.000000      945      945        1        0      945        0      746      743      104     1945        0       15       25
 1013.000000      947      947        1        0      947        0      747      745      105     1978        0       14       26
 1014.000000      966      966        1        0      966        0      740      737      112     1982        2       15       23
 1015.000000      942      942        1        0      942        0      761      760       92     1968        0       14       26
 1016.000000      952      952        1        0      952        0      767      766       94     1986        0       15       25
 1017.000000      952      952        1        0      952        0      749      749      105     1998        0       15       25
 1018.000000      949      949        1        0      949        0      750      746      108     1999        0       14       26
 1019.000000      980      980        1        0      980        0      762      760       93     2048        1       18       21
 1020.000000      951      951        1        0      951        0      755      755      100     2004        0       16       24
 1021.000000      948      948        1        0      948        0      759      757      105     1972        0       15       25
 1022.000000      953      953        1        0      953        0      730      729      112     1989        0       14       26
 1023.000000      956      956        1        0      956        0      746      745       94     2016        0       15       25
 1024.000000      963      963        1        0      963        0      752      752      100     1985        0       16       24
 1025.000000      968      968        1        0      968        0      764      761      103     2022        0       17       23
 1026.000000      970      970        1       14      956        0      756      755      104     1996        0       16       24
 1027.000000      975      975        1       14      961        0      760      756      112     1997        0       17       23
 1028.000000      957      957        1        0      957        0      762      756      104     2006        0       16       24
 1029.000000      968      956        2        0      968        0      752      751       99     1995        0       17       23
 1030.000000      987      974        2        0      987        0      757      756      112     2005        0       19       21
 1031.000000      979      967        2        0      979        0      770      769      106     1999        1       18       21
 1032.000000      962      962        1        0      962        0      760      758       98     2003        0       16       24
 1033.000000      959      959        1        0      959        0      756      754      103     1994        0       16       24
 1034.000000      992      992        1        0      992        0      758      754      107     2049        2       17       21
 1035.000000      959      959        1        0      959        0      745      745      106     2002        0       16       24
 1036.000000      979      979        1        0      979        0      766      764      108     2015        0       18       22
 1037.000000      978      978        1        0      978        0      758      758      117     2036        0       15       25
 1038.000000      982      982        1        0      982        0      761      761      109     2013        0       18       22
 1039.000000      965      965        1        0      965        0      764      762      105     1981        0       16       24
 1040.000000      975      975        1        0      975        0      755      755      103     2019        0       16       24
 1041.000000      979      979        1        0      979        0      765      759      104     1969        0       16       24
 1042.000000      976      976        1        0      976        0      761      758      108     2019        0       16       24
 1043.000000      975      975        1        0      975        0      758      756      121     2006        0       14       26
 1044.000000      980      980        1        0      980        0      746      744      115     1993        0       13       27
 1045.000000      982      982        1        0      982        0      767      767      107     2040        1       14       25
 1046.000000      995      983        2        0      995        0      761      759      104     2023        0       18       22
 1047.000000      983      971        2        0      983        0      751      750      110     2010        0       17       23
 1048.000000      962      962        1        0      962        0      749      747      109     2034        0       14       26
 1049.000000      977      977        1        0      977        0      763      762       92     2017        1       15       24
 1050.000000      963      963        1        0      963        0      756      756      105     2015        0       12       28
 1051.000000      975      975        1        0      975        0      748      748      111     2033        0       12       28
 1052.000000      977      977        1        0      977        0      752      752      114     2024        0       14       26
 1053.000000      969      969        1        0      969        0      751      751       98     1984        0       14       26
 1054.000000      957      957        1        0      957        0      731      729      107     2027        0       14       26
 1055.000000      953      953        1        0      953        0      745      742      110     1961        0       12       28
 1056.000000      976      976        1        0      976        0      738      737      113     2020        0       15       25
 1057.000000      959      959        1        0      959        0      751      749      108     1986        0       14       26
 1058.000000      955      955        1        0      955        0      755      754      102     2012        0       14       26
 1059.000000      952      952        1        0      952        0      751      748       99     1991        0       12       28
 1060.000000      952      952        1        0      952        0      757      755      102     1992        0       13       27
 1061.000000      966      966        1        0      966        0      747      746       98     2025        0       15       25
 1062.000000      949      949        1        0      949        0      726      726      110     2016        0       13       27
 1063.000000      950      950        1        0      950        0      729      729      106     1992        0       14       26
 1064.000000      962      962        1        0      962        0      741      740       98     1990        0       14       26
 1065.000000      947      947        1        0      947        0      745      741      110     2001        0       14       26
 1066.000000      946      946        1        0      946        0      727      727      111     2005        0       12       28
 1067.000000      960      960        1        0      960        0      726      726       92     2019        0       14       26
 1068.000000      956      956        1        0      956        0      736      736      115     2001        0       12       28
 1069.000000      957      957        1        0      957        0      733      733      108     2019        0       14       26
 1070.000000      964      964        1        0      964        0      735      734      102     1998        1       13       26
 1071.000000      967      967        1        0      967        0      731      731      120     2039        0       15       25
 1072.000000      991      991        1        0      991        0      747      747       96     2047        0       14       26
 1073.000000      966      966        1        0      966        0      754      753      101     2030        1       14       25
 1074.000000      937      937        1        0      937        0      734      734      102     2037        0       14       26
 1075.000000      949      949        1        0      949        0      753      753      103     2011        0       14       26
 1076.000000      952      952        1        0      952        0      746      745      114     2030        1       13       26
 1077.000000      941      941        1        0      941        0      752      750      102     1985        0       13       27
 1078.000000      958      958        1        0      958        0      740      740      115     2033        0       14       26
 1079.000000      952      952        1        0      952        0      742      742      115     1984        0       15       25
 1080.000000      940      940        1        0      940        0      755      751      119     2021        0       13       27
 1081.000000      945      945        1        0      945        0      744      740      108     2038        0       14       26
 1082.000000      950      950        1        0      950        0      749      747      102     2003        0       14       26
 1083.000000      944      944        1        0      944        0      739      737      108     1986        0       13       27
 1084.000000      960      960        1        0      960        0      749      749      107     2012        0       15       25
 1085.000000      953      953        1        0      953        0      745      744      100     1960        0       13       27
 1086.000000      945      945        1        0      945        0      731      729      113     1991        0       12       28
 1087.000000      957      957        1        0      957        0      751      750      104     1993        0       14       26
 1088.000000      962      962        1        0      962        0      733      732      106     2000        1       14       25
 1089.000000      952      952        1        0      952        0      737      734      113     1979        0       14       26
 1090.000000      947      947        1        0      947        0      750      747      105     1997        0       14       26
 1091.000000      948      948        1        0      948        0      750      745      107     1983        0       13       27
 1092.000000      960      960        1        0      960        0      740      739      109     2057        0       15       25
 1093.000000      967      967        1        0      967        0      752      752      103     2007        0       16       24
 1094.000000      979      979        1        0      979        0      745      743      116     2020        0       15       25
 1095.000000      969      969        1        0      969        0      741      740       99     1999        0       14       26
 1096.000000      966      966        1        0      966        0      733      733      114     2019        1       13       26
 1097.000000      978      978        1        0      978        0      770      770      102     2037        0       16       24
 1098.000000      956      956        1        0      956        0      755      753      107     2020        0       13       27
 1099.000000      957      957        1        0      957        0      748      747       98     1991        0       14       26
 1100.000000      956      956        1        0      956        0      740      740      100     2028        0       13       27
 1101.000000      953      953        1        0      953        0      753      752      102     2032        0       11       29
 1102.000000      951      951        1        0      951        0      769      769      101     2007        0       13       27
 1103.000000      969      969        1        0      969        0      759      757      105     2021        0       15       25
 1104.000000      956      956        1        0      956        0      753      752      113     2002        0       13       27
 1105.000000      982      982        1        0      982        0      765      763      109     2042        0       14       26
 1106.000000      978      978        1        0      978        0      761      761      107     2056        0       14       26
 1107.000000      956      956        1        0      956        0      761      758      107     2037        0       11       29
 1108.000000      961      961        1        0      961        0      759      756      104     2053        0       13       27
 1109.000000      971      971        1        0      971        0      759      757      108     1973        0       14       26
 1110.000000      958      958        1        0      958        0      773      768       97     2018        0       13       27
 1111.000000      952      952        1        0      952        0      760      759      109     2010        0       14       26
 1112.000000      964      964        1        0      964        0      746      744      112     2020        0       14       26
 1113.000000      952      952        1        0      952        0      758      757       97     2012        0       12       28
 1114.000000      956      956        1        0      956        0      754      752      110     1981        0       13       27
 1115.000000      957      957        1        0      957        0      760      758      104     1998        1       13       26
 1116.000000      954      954        1        0      954        0      748      746      121     2037        0       12       28
 1117.000000      949      949        1        0      949        0      767      767      102     2041        0       11       29
 1118.000000      948      948        1        0      948        0      766      764       97     2030        0       11       29
 1119.000000      958      958        1        0      958        0      752      749      101     2038        0       11       29
 1120.000000      957      957        1        0      957        0      760      756      108     2033        0       13       27
 1121.000000      980      968        2        0      980        0      746      746      100     2028        0       14       26
 1122.000000      962      962        1        0      962        0      756      754      111     2043        1       13       26
 1123.000000      951      951        1        0      951        0      729      727      123     2037        0       11       29
 1124.000000      972      960        2        0      972        0      750      749      102     2021        0       15       25
 1125.000000      951      951        1        0      951        0      748      747      106     2031        0       11       29
 1126.000000      962      962        1        0      962        0      766      765      101     2026        1       11       28
 1127.000000      975      975        1        0      975        0      758      754      100     2055        0       13       27
 1128.000000      960      960        1        0      960        0      751      751       94     2045        0       11       29
 1129.000000      976      964        2        0      976        0      761      761       98     2053        1       11       28
 1130.000000      953      953        1        0      953        0      752      750      111     2070        0       12       28
 1131.000000      966      966        1        0      966        0      752      751      107     2067        1       13       26
 1132.000000      955      955        1        0      955        0      756      754      109     2033        0       11       29
 1133.000000      987      975        2        0      987        0      757      757       98     2072        2       12       26
 1134.000000      970      970        1        0      970        0      751      750      107     2048        2       11       27
 1135.000000      962      950        2        0      962        0      755      750      115     2035        0       11       29
 1136.000000      963      963        1        0      963        0      759      756      108     2050        1       11       28
 1137.000000      964      964        1        0      964        0      751      750      106     2053        0       11       29
 1138.000000      953      953        1        0      953        0      744      744      116     1992        0       11       29
 1139.000000      962      962        1        0      962        0      763      763       99     2037        0       11       29
 1140.000000      956      944        2        0      956        0      760      760      108     2016        0       11       29
 1141.000000      952      952        1        0      952        0      750      750      110     2037        0       12       28
 1142.000000      946      946        1        0      946        0      764      764       97     2007        0       11       29
 1143.000000      948      948        1        0      948        0      754      752      113     2024        0       11       29
 1144.000000      949      949        1        0      949        0      750      749      104     2023        0       12       28
 1145.000000      963      963        1        0      963        0      748      746      103     2020        0       13       27
 1146.000000      953      953        1        0      953        0      751      750      105     1995        0       12       28
 1147.000000      972      960        2        0      972        0      764      762      107     2068        1       11       28
 1148.000000      956      956        1        0      956        0      761      760       94     2009        1        9       30
 1149.000000      952      952        1        0      952        0      753      752       97     2014        0       11       29
 1150.000000      961      961        1        0      961        0      748      748       95     2019        0       13       27
 1151.000000      945      945        1        0      945        0      753      751      105     2056        0       12       28
 1152.000000      956      956        1        0      956        0      752      750      100     2061        1       11       28
 1153.000000      960      960        1        0      960        0      751      749      100     2040        0       12       28
 1154.000000      949      949        1        0      949        0      758      756      111     2048        0       12       28
 1155.000000      951      951        1        0      951        0      754      752      105     2017        0       12       28
 1156.000000      958      958        1        0      958        0      757      757       96     2011        0       13       27
 1157.000000      949      949        1        0      949        0      750      750       99     2017        1       11       28
 1158.000000      954      954        1        0      954        0      759      759      100     2013        0       14       26
 1159.000000      954      954        1        0      954        0      758      754      112     2027        1       12       27
 1160.000000      948      948        1        0      948        0      754      754      103     2008        0       12       28
 1161.000000      951      951        1        0      951        0      742      742      104     2012        1       10       29
 1162.000000      953      953        1        0      953        0      752      752      103     2028        0       12       28
 1163.000000      953      953        1        0      953        0      752      752      101     2005        0       13       27
 1164.000000      949      949        1        0      949        0      762      762      107     2013        0       12       28
 1165.000000      945      945        1        0      945        0      745      743      100     2050        0       14       26
 1166.000000      951      951        1        0      951        0      720      718      116     2001        0       13       27
 1167.000000      960      960        1        0      960        0      732      730      119     2035        0       13       27
 1168.000000      964      964        1        0      964        0      752      750      103     2033        1       15       24
 1169.000000      957      957        1        0      957        0      745      743      101     1999        1       14       25
 1170.000000      981      981        1        0      981        0      740      738      112     1990        3       13       24
 1171.000000      984      984        1        0      984        0      751      750       95     2021        2       15       23
 1172.000000      976      976        1        0      976        0      748      747      100     2039        1       16       23
 1173.000000      965      965        1        0      965        0      746      746      107     2041        0       15       25
 1174.000000      976      976        1        0      976        0      759      758      107     1999        0       16       24
 1175.000000      982      982        1        0      982        0      745      744      103     2003        1       15       24
 1176.000000      997      997        1        0      997        0      749      749      108     2005        0       17       23
 1177.000000      971      971        1        0      971        0      746      744      107     2029        0       17       23
 1178.000000      966      966        1        0      966        0      749      749      105     2051        1       13       26
 1179.000000      952      952        1        0      952        0      753      753      108     2007        0       13       27
 1180.000000      968      968        1        0      968        0      745      743      102     2036        0       15       25
 1181.000000      962      962        1        0      962        0      755      752      109     2004        0       14       26
 1182.000000      975      975        1        0      975        0      758      756      104     2021        1       12       27
 1183.000000      966      966        1        0      966        0      749      748      118     2011        0       16       24
 1184.000000      964      964        1        0      964        0      757      756      104     2027        0       15       25
 1185.000000      959      959        1        0      959        0      755      755      106     2041        1       12       27
 1186.000000      962      962        1        0      962        0      771      771       99     2055        1       12       27
 1187.000000      954      954        1        0      954        0      761      760       97     2008        0       13       27
 1188.000000      965      965        1        0      965        0      770      770      100     2008        1       12       27
 1189.000000      965      965        1        0      965        0      741      740      116     1983        1       11       28
 1190.000000      945      945        1        0      945        0      759      757      102     2002        0       11       29
 1191.000000      945      945        1        0      945        0      751      751      105     2009        0       12       28
 1192.000000      954      954        1        0      954        0      762      762      104     1993        0       12       28
 1193.000000      945      945        1        0      945        0      752      751      102     2009        0       10       30
 1194.000000      950      950        1        0      950        0      766      765       80     1981        0       11       29
 1195.000000      972      958        2        0      972        0      755      755       98     2015        0       17       23
 1196.000000      944      944        1        0      944        0      771      768       89     2001        0       12       28
 1197.000000      950      950        1        0      950        0      745      745      105     2003        1       13       26
 1198.000000      958      958        1        0      958        0      753      751      101     2021        0       14       26
 1199.000000      955      955        1        0      955        0      760      756      101     2035        1       12       27
 1200.000000      958      958        1        0      958        0      766      766       91     2037        1       11       28
 1201.000000      961      961        1        0      961        0      757      757      106     2014        1       11       28
 1202.000000      949      949        1        0      949        0      766      765       96     2042        0       13       27
 1203.000000      952      952        1        0      952        0      759      758      101     2021        1       10       29
 1204.000000      943      943        1        0      943        0      762      761      101     1984        0       12       28
 1205.000000      942      942        1        0      942        0      768      767      106     1995        0       13       27
 1206.000000      948      948        1        0      948        0      762      762      100     1993        0       13       27
 1207.000000      946      946        1        0      946        0      751      751      107     1998        1       12       27
 1208.000000      953      953        1        0      953        0      757      757      110     2033        1       13       26
 1209.000000      955      955        1        0      955        0      768      768      101     2019        0       13       27
 1210.000000      953      953        1        0      953        0      760      760       93     2014        0       12       28
 1211.000000      968      968        1        0      968        0      777      776       92     2024        0       15       25
 1212.000000      955      955        1        0      955        0      767      765      102     2007        1       12       27
 1213.000000      964      964        1        0      964        0      771      769      102     2027        0       14       26
 1214.000000      955      955        1        0      955        0      759      756      110     2020        1       12       27
 1215.000000      960      960        1        0      960        0      766      764      102     2011        1       12       27
 1216.000000      965      965        1        0      965        0      779      776      104     2054        0       14       26
 1217.000000      958      958        1        0      958        0      774      771      109     2030        0       15       25
 1218.000000      959      959        1        0      959        0      761      760      122     2048        0       13       27
 1219.000000      960      960        1        0      960        0      772      770       95     2035        0       14       26
 1220.000000      960      960        1        0      960        0      747      747      103     2023        1       10       29
 1221.000000      956      956        1        0      956        0      761      759      107     2014        0       14       26
 1222.000000      966      966        1        0      966        0      770      770       93     2063        2       13       25
 1223.000000      960      960        1        0      960        0      758      756      108     2043        0       13       27
 1224.000000      950      950        1        0      950        0      759      756      110     2029        0       11       29
 1225.000000      948      948        1        0      948        0      760      760       99     2033        1       11       28
 1226.000000      961      961        1        0      961        0      753      753      118     2004        0       14       26
 1227.000000      949      949        1        0      949        0      757      755      103     2032        0       11       29
 1228.000000      957      957        1        0      957        0      760      759      105     2004        0       14       26
 1229.000000      954      954        1        0      954        0      762      760      101     2018        0       14       26
 1230.000000      955      955        1        0      955        0      760      759      113     2026        1       12       27
 1231.000000      966      966        1        0      966        0      747      746      123     2047        1       11       28
 1232.000000      954      954        1        0      954        0      755      754      113     2059        1       10       29
 1233.000000      957      957        1        0      957        0      758      757      108     2048        0       12       28
 1234.000000      962      962        1        0      962        0      767      765      109     2057        1       13       26
 1235.000000      954      954        1        0      954        0      758      756      108     2016        1       11       28
 1236.000000      957      957        1        0      957        0      763      762      108     2013        1       14       25
 1237.000000      959      959        1        0      959        0      759      757      112     2033        0       13       27
 1238.000000      959      959        1        0      959        0      762      760      103     2011        1        9       30
 1239.000000      959      959        1        0      959        0      769      769      106     2036        2       11       27
 1240.000000      953      953        1        0      953        0      741      740      115     2031        0       12       28
 1241.000000      954      954        1        0      954        0      765      764       86     2070        1       10       29
 1242.000000      952      952        1        0      952        0      767      767      103     2028        0       12       28
 1243.000000      945      945        1        0      945        0      765      765      100     2028        0       11       29
 1244.000000      955      955        1        0      955        0      759      757      110     2033        0       13       27
 1245.000000      958      958        1        0      958        0      763      760      110     2022        1       14       25
 1246.000000      965      965        1        0      965        0      755      753      109     2028        1       12       27
 1247.000000      965      965        1        0      965        0      757      753      106     2003        0       13       27
 1248.000000      965      965        1        0      965        0      751      749      108     2038        0       11       29
 1249.000000      958      958        1        0      958        0      760      757      105     2015        1       10       29
 1250.000000      958      958        1        0      958        0      765      762      104     2042        0       12       28
 1251.000000      960      960        1        0      960        0      769      765      104     2031        1       10       29
 1252.000000      957      957        1        0      957        0      764      763       99     2059        1       11       28
 1253.000000      953      953        1        0      953        0      770      769      103     2023        0       12       28
 1254.000000      950      950        1        0      950        0      755      754      105     2031        1        9       30
 1255.000000      965      965        1        0      965        0      761      761      105     2045        1       10       29
 1256.000000      955      955        1        0      955        0      753      751      112     2021        0       13       27
 1257.000000      959      959        1        0      959        0      753      753      107     2012        1       11       28
 1258.000000      950      950        1        0      950        0      767      767      107     2037        0       10       30
 1259.000000      947      947        1        0      947        0      750      747      105     1996        0       12       28
 1260.000000      958      958        1        0      958        0      755      755      107     1992        1       11       28
 1261.000000      951      951        1        0      951        0      761      758      108     2016        0       12       28
 1262.000000      955      955        1        0      955        0      753      753      113     2055        1       11       28
 1263.000000      944      944        1        0      944        0      740      740      108     1997        0       11       29
 1264.000000      971      971        1        0      971        0      748      747      111     2011        0       15       25
 1265.000000      973      973        1        0      973        0      761      758      102     2037        0       14       26
 1266.000000      967      967        1        0      967        0      745      744      108     1996        0       15       25
 1267.000000      969      969        1        0      969        0      747      744      114     2012        0       14       26
 1268.000000      938      938        1        0      938        0      749      748      101     2008        0       11       29
 1269.000000      975      975        1        0      975        0      744      743      102     2022        1       14       25
 1270.000000      951      951        1        0      951        0      755      752      102     2058        0       11       29
 1271.000000      954      954        1        0      954        0      761      761      103     2042        1       10       29
 1272.000000      971      971        1        0      971        0      773      773      108     2045        1       14       25
 1273.000000      975      975        1        0      975        0      758      757      116     2010        1       11       28
 1274.000000      948      948        1        0      948        0      762      762      110     2018        0       12       28
 1275.000000      953      953        1        0      953        0      758      757      107     2011        0       11       29
 1276.000000      958      958        1        0      958        0      766      763      103     2012        1       11       28
 1277.000000      950      950        1        0      950        0      762      761      105     2002        0       12       28
 1278.000000      957      957        1        0      957        0      767      766      101     1983        1       10       29
 1279.000000      958      958        1        0      958        0      758      758      111     2028        0       13       27
 1280.000000      956      956        1        0      956        0      759      757       97     2008        0       13       27
 1281.000000      957      957        1        0      957        0      765      764      108     2021        0       13       27
 1282.000000      967      967        1        0      967        0      768      763      110     2010        0       14       26
 1283.000000      971      971        1        0      971        0      771      769       95     2021        0       14       26
 1284.000000      964      964        1        0      964        0      763      759       98     2047        1       11       28
 1285.000000      961      961        1        0      961        0      773      772      103     2051        0       10       30
 1286.000000     1006     1006        1        0     1006        0      764      762      109     1998        1       17       22
 1287.000000      969      969        1        0      969        0      773      771      115     2021        1       10       29
 1288.000000      956      956        1        0      956        0      771      770      103     2004        0       14       26
 1289.000000      951      951        1        0      951        0      765      763      102     2043        0       10       30
 1290.000000      966      966        1        0      966        0      774      773       96     2075        1       13       26
 1291.000000      949      949        1        0      949        0      756      755      117     2006        1       10       29
 1292.000000      950      950        1        0      950        0      779      779       98     2017        0       11       29
 1293.000000      964      964        1        0      964        0      760      759      107     2050        0       11       29
 1294.000000      967      967        1        0      967        0      782      781      103     2044        0       15       25
 1295.000000      973      973        1        0      973        0      781      780      104     2053        0       15       25
 1296.000000      979      979        1        0      979        0      779      776      118     2056        0       15       25
 1297.000000      971      971        1        0      971        0      769      767      113     2069        0       14       26
 1298.000000      959      959        1        0      959        0      779      779       96     2067        0       11       29
 1299.000000      975      975        1        0      975        0      777      774      107     2076        0       13       27
 1300.000000      969      969        1        0      969        0      780      775      100     2034        1       10       29
 1301.000000      969      969        1        0      969        0      787      784      100     2055        0       11       29
 1302.000000      967      967        1        0      967        0      786      784      105     2022        0       10       30
 1303.000000      983      983        1        0      983        0      786      783      104     2026        1       12       27
 1304.000000      968      968        1        0      968        0      784      782      101     2037        0       10       30
 1305.000000      964      964        1        0      964        0      794      792      100     2027        1        9       30
 1306.000000      977      977        1        0      977        0      789      789       97     2056        1        9       30
 1307.000000      972      972        1        0      972        0      772      772      111     2021        1        9       30
 1308.000000      972      972        1        0      972        0      781      780       99     2039        1       11       28
 1309.000000      969      969        1        0      969        0      774      771      107     2029        1        9       30
 1310.000000      960      960        1        0      960        0      775      773      103     2019        0        9       31
 1311.000000      966      966        1        0      966        0      777      777       96     2034        1        9       30
 1312.000000      958      958        1        0      958        0      771      769      106     2032        0       10       30
 1313.000000      976      976        1        0      976        0      774      773       99     2047        0       10       30
 1314.000000      959      959        1        0      959        0      792      792       95     2033        1        8       31
 1315.000000      969      969        1        0      969        0      789      789      101     2063        1       10       29
 1316.000000      972      972        1        0      972        0      788      787      100     2023        1       11       28
 1317.000000      981      981        1        0      981        0      785      785      104     2029        1       10       29
 1318.000000      982      982        1        0      982        0      786      779      105     2036        1        9       30
 1319.000000      980      980        1        0      980        0      788      786      102     2064        1        9       30
 1320.000000      971      971        1        0      971        0      793      792      109     2064        0       10       30
 1321.000000      971      971        1        0      971        0      781      781      104     2059        1       10       29
 1322.000000      971      971        1        0      971        0      784      781      114     2072        0       10       30
 1323.000000      965      965        1        0      965        0      777      775      114     2059        0       11       29
 1324.000000      968      968        1        0      968        0      773      771      107     2045        0       11       29
 1325.000000      980      980        1        0      980        0      766      765      110     2054        0       11       29
 1326.000000      973      973        1        0      973        0      797      795      109     2045        0       12       28
 1327.000000      983      983        1        0      983        0      794      793       96     2074        0       12       28
 1328.000000      978      978        1        0      978        0      795      793       91     2069        0       11       29
 1329.000000      976      976        1        0      976        0      798      798       90     2050        0       12       28
 1330.000000      962      962        1        0      962        0      791      789      103     2059        1       10       29
 1331.000000      958      958        1        0      958        0      773      773      101     2045        0        9       31
 1332.000000      953      953        1        0      953        0      776      776      101     2062        1        8       31
 1333.000000      972      972        1        0      972        0      779      779      109     2064        1        8       31
 1334.000000      970      970        1        0      970        0      777      775      108     2082        0       11       29
 1335.000000      959      959        1        0      959        0      788      787      103     2018        1        9       30
 1336.000000      966      966        1        0      966        0      773      772      108     2087        0       12       28
 1337.000000      957      957        1        0      957        0      787      786       99     2064        0       11       29
 1338.000000      969      969        1        0      969        0      785      784       97     2021        0       11       29
 1339.000000      964      964        1        0      964        0      787      782       99     2066        0       11       29
 1340.000000      977      977        1        0      977        0      787      785       97     2058        0       10       30
 1341.000000      965      965        1        0      965        0      774      772      104     2032        0        9       31
 1342.000000      971      971        1        0      971        0      793      792       89     2054        1        9       30
 1343.000000      968      968        1        0      968        0      796      795       91     2052        0       11       29
 1344.000000      975      975        1        0      975        0      790      789      100     2021        0       10       30
 1345.000000      959      959        1        0      959        0      780      779      100     2043        0       10       30
 1346.000000      956      956        1        0      956        0      788      787       99     2021        0       11       29
 1347.000000      968      968        1        0      968        0      779      775      106     2041        0       11       29
 1348.000000      965      965        1        0      965        0      782      782       99     2060        0       11       29
 1349.000000      974      974        1        0      974        0      784      784      106     2055        0       10       30
 1350.000000      978      978        1        0      978        0      796      795      100     2077        0       10       30
 1351.000000      979      979        1        0      979        0      788      785       97     2046        0       12       28
 1352.000000      964      964        1        0      964        0      781      779       93     2032        0       11       29
 1353.000000      952      952        1        0      952        0      777      774      108     2034        0       11       29
 1354.000000      983      983        1        0      983        0      797      796      101     2058        0       11       29
 1355.000000      989      989        1        0      989        0      776      774      106     2069        0       11       29
 1356.000000     1006     1006        1        0     1006        0      789      789       94     2086        0       14       26
 1357.000000      980      980        1        0      980        0      798      798       99     2028        0       11       29
 1358.000000     1003     1003        1        0     1003        0      794      791       97     2094        0       13       27
 1359.000000      973      973        1        0      973        0      779      776      110     2065        0       11       29
 1360.000000      995      995        1        0      995        0      785      783       92     2056        2        9       29
 1361.000000      987      987        1        0      987        0      783      782       96     2092        2        9       29
 1362.000000      969      969        1        0      969        0      761      758      114     2058        0       10       30
 1363.000000      990      990        1        0      990        0      763      760      105     2033        0       12       28
 1364.000000      978      978        1        0      978        0      778      775      102     2029        0       12       28
 1365.000000     1013     1013        1        0     1013        0      767      763      100     2065        1       13       26
 1366.000000      981      981        1        0      981        0      778      775      106     2030        0       13       27
 1367.000000      972      972        1        0      972        0      766      762      111     2022        0       12       28
 1368.000000      983      983        1        0      983        0      783      779       99     2081        0       14       26
 1369.000000      967      967        1        0      967        0      763      762      103     1997        1       11       28
 1370.000000      969      969        1        0      969        0      758      757      113     2053        1       10       29
 1371.000000      978      978        1        0      978        0      767      765      112     2024        0       11       29
 1372.000000      970      970        1        0      970        0      772      771      104     2033        1       12       27
 1373.000000      963      963        1        0      963        0      774      769      108     2040        0       12       28
 1374.000000      976      976        1        0      976        0      781      779      108     2041        1       12       27
 1375.000000      984      984        1        0      984        0      776      774      111     2031        0       12       28
 1376.000000     1010     1010        1        0     1010        0      779      775      103     2052        0       15       25
 1377.000000      986      986        1        0      986        0      762      758      117     2063        0       12       28
 1378.000000      987      987        1        0      987        0      753      748      112     2054        1       11       28
 1379.000000     1006     1006        1        0     1006        0      774      770      107     2015        0       16       24
 1380.000000      977      977        1        0      977        0      763      762      107     2021        0       12       28
 1381.000000      968      968        1        0      968        0      780      776       96     2031        0       12       28
 1382.000000      987      987        1        0      987        0      773      773      106     2029        0       12       28
 1383.000000      990      990        1        0      990        0      765      763      106     2039        1       14       25
 1384.000000      981      981        1        0      981        0      766      765       98     2059        0       12       28
 1385.000000      988      988        1        0      988        0      772      768      115     2025        0       11       29
 1386.000000      985      985        1        0      985        0      770      765      113     2033        0       12       28
 1387.000000      994      994        1        0      994        0      778      778      105     2044        0       12       28
 1388.000000      975      975        1        0      975        0      773      770      106     2063        0       11       29
 1389.000000      987      987        1        0      987        0      787      785       97     2034        0       11       29
 1390.000000      987      987        1        0      987        0      773      772       93     2045        0       12       28
 1391.000000      983      983        1        0      983        0      769      768      119     2043        0       12       28
 1392.000000     1005     1005        1        0     1005        0      759      754      120     2040        1       11       28
 1393.000000      994      994        1        0      994        0      774      772      103     2039        0       12       28
 1394.000000      979      979        1        0      979        0      782      781      106     2045        0       11       29
 1395.000000      988      988        1        0      988        0      778      777      115     2041        1        9       30
 1396.000000      994      994        1        0      994        0      759      756      115     2044        0       11       29
 1397.000000      978      978        1        0      978        0      752      750      130     2031        0       10       30
 1398.000000      977      977        1        0      977        0      760      758      118     2054        0       11       29
 1399.000000      975      975        1        0      975        0      773      773      110     2038        0       10       30
 1400.000000      979      979        1        0      979        0      791      789      108     2042        1       11       28
 1401.000000      980      980        1        0      980        0      782      780      113     2055        1        9       30
 1402.000000      981      981        1        0      981        0      764      763      125     2036        0        9       31
 1403.000000      978      978        1        0      978        0      756      756      119     2064        0       10       30
 1404.000000      988      988        1        0      988        0      767      764      114     2024        1       10       29
 1405.000000      982      982        1        0      982        0      774      773      111     2078        1       10       29
 1406.000000     1010     1010        1        0     1010        0      766      766      112     2065        1       14       25
 1407.000000      983      983        1        0      983        0      774      771      112     2035        1       10       29
 1408.000000      984      984        1        0      984        0      779      777      111     2082        0       12       28
 1409.000000      993      993        1        0      993        0      772      772      111     2079        1        9       30
 1410.000000      974      974        1        0      974        0      777      776      111     2040        1       10       29
 1411.000000      983      983        1        0      983        0      784      782      101     2060        0       14       26
 1412.000000      986      986        1        0      986        0      763      760       98     2075        1       12       27
 1413.000000      978      978        1        0      978        0      791      789       91     2062        0       14       26
 1414.000000      973      973        1        0      973        0      773      772      108     2037        1       12       27
 1415.000000      986      986        1        0      986        0      748      747      114     2013        1       13       26
 1416.000000      999      987        2        0      999        0      770      769      105     2054        0       13       27
 1417.000000      992      992        1        0      992        0      774      773      111     2018        0       11       29
 1418.000000     1000      988        2        0     1000        0      772      768      114     2037        0       14       26
 1419.000000     1008      984        2        0     1008        0      773      769      116     2074        1       15       24
 1420.000000     1020     1020        1        0     1020        0      783      781      112     2033        0       16       24
 1421.000000     1002     1002        1        0     1002        0      771      769      116     2053        1       15       24
 1422.000000     1003     1003        1        0     1003        0      786      784      108     2029        0       13       27
 1423.000000      999      987        2        0      999        0      773      767      117     2049        0       15       25
 1424.000000     1000      988        2        0     1000        0      781      780      104     2028        1       15       24
 1425.000000      995      983        2        0      995        0      780      780      106     2072        1       13       26
 1426.000000      989      989        1        0      989        0      773      771      119     2062        1       12       27
 1427.000000      993      981        2        0      993        0      768      766      109     2008        1       14       25
 1428.000000      994      982        2        0      994        0      767      762      124     2036        1       12       27
 1429.000000      992      980        2        0      992        0      778      777      107     2036        1       11       28
 1430.000000      990      978        2        0      990        0      759      753      117     2038        0       14       26
 1431.000000      986      986        1        0      986        0      766      764      106     2034        0       12       28
 1432.000000      990      978        2        0      990        0      766      761      105     2013        0       13       27
 1433.000000      992      980        2        0      992        0      758      754      115     2045        0       14       26
 1434.000000     1018     1006        2        0     1018        0      774      772      103     2040        2       15       23
 1435.000000      991      979        2        0      991        0      775      771      102     2008        0       12       28
 1436.000000      979      967        2        0      979        0      774      772      101     2009        0       12       28
 1437.000000      987      975        2        0      987        0      762      760      109     2008        0       12       28
 1438.000000      974      974        1        0      974        0      782      778      106     1995        0       11       29
 1439.000000      976      976        1        0      976        0      774      767      104     2006        1       10       29
 1440.000000      990      990        1        0      990        0      770      766      104     2019        0       10       30
 1441.000000      969      969        1        0      969        0      773      771      107     1982        0       11       29
 1442.000000      969      969        1        0      969        0      768      765      107     1993        0       10       30
 1443.000000      979      979        1        0      979        0      773      769      107     1992        0       11       29
 1444.000000      968      968        1        0      968        0      771      768      113     1988        1        9       30
 1445.000000      972      972        1        0      972        0      762      758      106     2009        1       10       29
 1446.000000      982      982        1        0      982        0      762      761       97     2004        0       11       29
 1447.000000      974      974        1        0      974        0      766      762      107     1972        1       10       29
 1448.000000      974      974        1        0      974        0      762      759       97     2006        0       11       29
 1449.000000      977      977        1        0      977        0      775      773       98     2009        1        9       30
 1450.000000      984      984        1        0      984        0      763      762      107     2029        0       12       28
 1451.000000      976      976        1        0      976        0      763      758      113     1989        0       11       29
 1452.000000      982      982        1        0      982        0      760      760      113     2020        1       10       29
 1453.000000     1000     1000        1        0     1000        0      773      771      106     2029        1       15       24
 1454.000000     1000     1000        1        0     1000        0      769      764      110     2018        0       11       29
 1455.000000      999      999        1        0      999        0      778      774      110     2016        1       10       29
 1456.000000      999      999        1        0      999        0      762      759      126     2034        0       11       29
 1457.000000      993      993        1        0      993        0      761      759      109     2032        0       11       29
 1458.000000      990      990        1        0      990        0      774      772      110     1997        1       10       29
 1459.000000      993      993        1        0      993        0      779      774      111     2023        0       11       29
 1460.000000      998      998        1        0      998        0      769      767      109     2027        1        9       30
 1461.000000     1000     1000        1        0     1000        0      768      765      102     1999        0       11       29
 1462.000000     1004     1004        1        0     1004        0      773      770      109     2016        0       12       28
 1463.000000      980      980        1        0      980        0      777      774      111     2026        0       10       30
 1464.000000      989      989        1        0      989        0      780      778      109     2030        0       11       29
 1465.000000     1004     1004        1        0     1004        0      779      778      110     2027        1       10       29
 1466.000000     1004     1004        1        0     1004        0      771      768      118     2022        0       12       28
 1467.000000      990      990        1        0      990        0      763      761      117     2020        2       10       28
 1468.000000     1005     1005        1        0     1005        0      773      770      126     2026        0       11       29
 1469.000000      995      995        1        0      995        0      768      765      109     2046        1       10       29
 1470.000000      991      991        1        0      991        0      786      786       94     2056        0       10       30
 1471.000000      983      983        1        0      983        0      783      779      112     2062        0       11       29
 1472.000000      983      983        1        0      983        0      770      765      114     2027        0       10       30
 1473.000000      991      991        1        0      991        0      765      762      114     1986        0       10       30
 1474.000000     1001     1001        1        0     1001        0      753      751      119     2043        0       12       28
 1475.000000      982      982        1        0      982        0      760      751      117     2064        0       10       30
 1476.000000      980      980        1        0      980        0      752      751      132     2002        0       10       30
 1477.000000      978      978        1        0      978        0      758      757      114     2055        1        9       30
 1478.000000      975      975        1        0      975        0      747      744      116     2050        0       10       30
 1479.000000      967      967        1        0      967        0      771      768      109     1998        0       10       30
 1480.000000      988      988        1        0      988        0      765      765      112     2009        0       11       29
 1481.000000      989      989        1        0      989        0      773      769      126     2063        1        9       30
 1482.000000      977      977        1        0      977        0      774      770      115     2048        2        9       29
 1483.000000      988      988        1        0      988        0      791      789      109     2062        1       12       27
 1484.000000      978      978        1        0      978        0      790      786      107     2026        0       11       29
 1485.000000      992      992        1        0      992        0      794      793      102     2034        1       10       29
 1486.000000      990      990        1        0      990        0      773      773      102     2036        0       10       30
 1487.000000      989      989        1        0      989        0      773      772      108     2038        1       10       29
 1488.000000      985      985        1        0      985        0      776      775      110     2031        0       11       29
 1489.000000      984      984        1        0      984        0      769      766      118     2020        0       10       30
 1490.000000      998      986        2        0      998        0      760      755      124     2039        0       11       29
 1491.000000      984      984        1        0      984        0      781      778      101     2021        0       10       30
 1492.000000      985      985        1        0      985        0      772      770      105     2022        0       11       29
 1493.000000      982      982        1        0      982        0      770      768      113     2049        0        9       31
 1494.000000      986      986        1        0      986        0      768      766      110     2019        0        9       31
 1495.000000     1000     1000        1        0     1000        0      776      771      116     2052        0       14       26
 1496.000000      971      971        1        0      971        0      785      782      108     2033        0        9       31
 1497.000000      975      975        1        0      975        0      773      772      106     2036        1        9       30
 1498.000000      983      983        1        0      983        0      761      755      121     2035        0        9       31
 1499.000000      996      996        1        0      996        0      755      753      117     2048        0       11       29
 1500.000000     1000     1000        1        0     1000        0      758      757      132     2059        1       13       26
 1501.000000     1001     1001        1        0     1001        0      744      740      135     2044        0       12       28
 1502.000000      984      984        1        0      984        0      763      761      124     2037        0        9       31
 1503.000000      994      994        1        0      994        0      773      771      112     2021        0       11       29
 1504.000000      984      984        1        0      984        0      780      780      112     2074        0       10       30
 1505.000000     1007     1007        1        0     1007        0      773      771      115     2032        0       15       25
 1506.000000     1001     1001        1        0     1001        0      782      782      103     2084        1       10       29
 1507.000000      994      994        1        0      994        0      776      774      113     2097        0       11       29
 1508.000000      996      996        1        0      996        0      770      769      115     2047        0       11       29
 1509.000000      991      991        1        0      991        0      763      761      126     2040        1       11       28
 1510.000000      997      997        1        0      997        0      779      777      113     2054        0       12       28
 1511.000000      983      983        1        0      983        0      772      770      118     2077        0       11       29
 1512.000000      991      991        1        0      991        0      763      760      117     2039        0       11       29
 1513.000000      996      996        1        0      996        0      766      765      127     2029        1       11       28
 1514.000000      998      998        1        0      998        0      759      758      123     2054        0       12       28
 1515.000000      980      980        1        0      980        0      752      747      134     2015        0       12       28
 1516.000000     1002     1002        1        0     1002        0      773      769      110     2079        0       12       28
 1517.000000      989      989        1        0      989        0      761      761      128     2028        0       12       28
 1518.000000      987      987        1        0      987        0      777      775      116     2062        0        9       31
 1519.000000      991      991        1        0      991        0      784      781      118     2051        0       11       29
 1520.000000      984      984        1        0      984        0      783      779      113     2072        0       10       30
 1521.000000      980      980        1        0      980        0      790      789      106     2079        0        9       31
 1522.000000      998      998        1        0      998        0      778      777      121     2058        0       10       30
 1523.000000     1003     1003        1        0     1003        0      783      783      117     2078        1        9       30
 1524.000000      990      990        1        0      990        0      789      788      116     2050        1        9       30
 1525.000000      981      981        1        0      981        0      771      765      124     2055        0        9       31
 1526.000000      971      971        1        0      971        0      768      767      113     2033        0        9       31
 1527.000000      955      955        1        0      955        0      775      775      111     1999        0        9       31
 1528.000000      967      967        1        0      967        0      759      759      117     2005        1        8       31
 1529.000000      954      954        1        0      954        0      778      778      105     1994        0        9       31
 1530.000000      966      966        1        0      966        0      767      766      105     2001        1        8       31
 1531.000000      961      961        1        0      961        0      769      768      104     2005        1        9       30
 1532.000000      959      959        1        0      959        0      772      771      109     2000        1        8       31
 1533.000000      964      964        1        0      964        0      775      773      107     2004        0       11       29
 1534.000000      973      973        1        0      973        0      777      776      110     2011        0        9       31
 1535.000000      974      974        1        0      974        0      778      777      107     2019        0        9       31
 1536.000000      986      986        1        0      986        0      765      763      119     2026        0        9       31
 1537.000000      977      977        1        0      977        0      763      763      116     2043        1       11       28
 1538.000000      970      970        1        0      970        0      768      767      102     2033        1        8       31
 1539.000000      997      997        1        0      997        0      761      757      119     2014        0       11       29
 1540.000000     1004     1004        1        0     1004        0      789      787      108     2070        1       10       29
 1541.000000     1002     1002        1        0     1002        0      776      775      112     2029        1       11       28
 1542.000000      993      993        1        0      993        0      769      767      111     2043        1        8       31
 1543.000000     1007     1007        1        0     1007        0      775      775      126     2032        2       10       28
 1544.000000     1003     1003        1        0     1003        0      777      775      112     2073        1       10       29
 1545.000000      992      992        1        0      992        0      798      796      105     2042        1       10       29
 1546.000000      984      984        1        0      984        0      793      792      101     2050        0       10       30
 1547.000000      986      986        1        0      986        0      789      788      112     1997        0       10       30
 1548.000000      990      990        1        0      990        0      780      779      108     2034        0       12       28
 1549.000000      996      984        2        0      996        0      788      785      114     2049        0       12       28
 1550.000000      997      997        1        0      997        0      781      779       99     2056        1       10       29
 1551.000000      993      993        1        0      993        0      783      782       98     2067        0       12       28
 1552.000000     1011     1011        1        0     1011        0      779      777      125     2033        1       12       27
 1553.000000      993      993        1        0      993        0      783      782      119     2058        0       12       28
 1554.000000      993      993        1        0      993        0      787      784      111     2077        0       11       29
 1555.000000      991      991        1        0      991        0      786      785      107     2026        0       13       27
 1556.000000     1002     1002        1        0     1002        0      782      781      111     2058        0       12       28
 1557.000000     1006     1006        1        0     1006        0      785      784      111     2033        0       12       28
 1558.000000      989      989        1        0      989        0      786      785      100     2027        0       13       27
 1559.000000      986      986        1        0      986        0      786      782      100     2051        0       13       27
 1560.000000      991      991        1        0      991        0      780      780      112     2028        0        9       31
 1561.000000      995      995        1        0      995        0      778      777      112     2056        0       12       28
 1562.000000      995      995        1        0      995        0      769      767      117     2049        1       12       27
 1563.000000      991      991        1        0      991        0      784      781      120     2055        0       12       28
 1564.000000      999      999        1        0      999        0      781      781      112     2054        0       12       28
 1565.000000      983      983        1        0      983        0      780      778      112     2057        0        9       31
 1566.000000      982      982        1        0      982        0      790      789      103     2073        1        8       31
 1567.000000      981      981        1        0      981        0      779      778      101     2077        0       12       28
 1568.000000      989      989        1        0      989        0      782      781      102     2034        0       11       29
 1569.000000      984      984        1        0      984        0      778      776       97     2034        1       10       29
 1570.000000      991      991        1        0      991        0      777      774      108     2026        0       11       29
 1571.000000      988      988        1        0      988        0      784      783       97     2053        1       10       29
 1572.000000      991      991        1        0      991        0      776      774      114     2028        0       12       28
 1573.000000      984      984        1        0      984        0      777      774      113     2041        0       13       27
 1574.000000      985      985        1        0      985        0      776      774      109     2026        0       12       28
 1575.000000      983      983        1        0      983        0      772      771      119     2028        0       14       26
 1576.000000      985      985        1        0      985        0      779      777      100     1995        0       14       26
 1577.000000     1001     1001        1        0     1001        0      782      780      105     2019        0       13       27
 1578.000000      969      969        1        0      969        0      770      769      107     2054        0        9       31
 1579.000000      987      987        1        0      987        0      787      786      108     2014        0       10       30
 1580.000000      990      990        1        0      990        0      765      764      107     2012        0       10       30
 1581.000000      976      976        1        0      976        0      791      789       97     2009        1        8       31
 1582.000000     1001     1001        1        0     1001        0      773      771      122     2014        0       12       28
 1583.000000      993      993        1        0      993        0      777      777       98     2035        1       12       27
 1584.000000      968      968        1        0      968        0      761      760      108     2029        0        9       31
 1585.000000      980      980        1        0      980        0      780      778      108     2019        1        9       30
 1586.000000      971      971        1        0      971        0      764      763      117     2042        0        9       31
 1587.000000      979      979        1        0      979        0      777      776       99     2005        0       10       30
 1588.000000      969      969        1        0      969        0      773      772      113     2026        0        9       31
 1589.000000      965      965        1        0      965        0      773      771      113     2012        1        8       31
 1590.000000      978      978        1        0      978        0      786      785      101     2008        1        9       30
 1591.000000      972      972        1        0      972        0      780      779      114     2002        1        8       31
 1592.000000      969      969        1        0      969        0      765      764      113     1989        1        8       31
 1593.000000      967      967        1        0      967        0      764      762      113     2001        0       10       30
 1594.000000      959      959        1        0      959        0      776      776      111     2006        0       10       30
 1595.000000      969      969        1        0      969        0      779      778      108     2014        0        9       31
 1596.000000      980      980        1        0      980        0      790      790      104     1997        0       11       29
 1597.000000      968      968        1        0      968        0      773      771      109     1993        0        9       31
 1598.000000      963      963        1        0      963        0      771      771      110     2031        1        8       31
 1599.000000      966      966        1        0      966        0      773      772      107     2011        0       10       30
 1600.000000      961      961        1        0      961        0      780      779      110     1995        0        9       31
 1601.000000      971      971        1        0      971        0      773      773      110     1990        1        9       30
 1602.000000      983      983        1        0      983        0      773      772      109     2009        1       11       28
 1603.000000      961      961        1        0      961        0      770      769      111     2028        0        9       31
 1604.000000      982      982        1        0      982        0      786      785      101     2011        1       10       29
 1605.000000      972      972        1        0      972        0      770      766      128     2028        0       10       30
 1606.000000      981      981        1        0      981        0      786      784      108     2015        1        9       30
 1607.000000      979      979        1        0      979        0      765      762      120     2028        2        9       29
 1608.000000      972      972        1        0      972        0      773      772      118     2035        0       11       29
 1609.000000      966      966        1        0      966        0      761      761      116     2014        0       10       30
 1610.000000      977      977        1        0      977        0      776      774      113     2029        0        9       31
 1611.000000      972      972        1        0      972        0      770      769      113     2018        0        9       31
 1612.000000      975      975        1        0      975        0      786      783      106     2056        0       10       30
 1613.000000      970      970        1        0      970        0      781      780      106     2045        0       10       30
 1614.000000      966      966        1        0      966        0      775      775      103     2022        0        9       31
 1615.000000      969      969        1        0      969        0      772      770      114     2014        0        9       31
 1616.000000      992      992        1        0      992        0      769      767      113     2071        0       12       28
 1617.000000     1007     1007        1        0     1007        0      788      787      119     2041        1       12       27
 1618.000000      981      981        1        0      981        0      765      763      124     2014        0       11       29
 1619.000000      995      995        1        0      995        0      776      774      110     2047        2       10       28
 1620.000000      975      975        1        0      975        0      777      777      111     2024        1       10       29
 1621.000000      980      980        1        0      980        0      770      769      119     2017        0       12       28
 1622.000000      983      983        1        0      983        0      767      765      122     2035        0       12       28
 1623.000000      987      987        1        0      987        0      783      782      110     2040        0       13       27
 1624.000000      990      990        1        0      990        0      791      788      108     2022        0       13       27
 1625.000000      988      988        1        0      988        0      776      776      112     2010        0       11       29
 1626.000000      993      993        1        0      993        0      773      773      120     2017        0       13       27
 1627.000000      995      995        1        0      995        0      769      768      119     2012        1       11       28
 1628.000000      984      984        1        0      984        0      777      775      105     2014        0       12       28
 1629.000000      976      976        1        0      976        0      773      773      112     1987        0       11       29
 1630.000000     1007     1007        1        0     1007        0      773      772      110     2024        2       13       25
 1631.000000      969      969        1        0      969        0      770      767      115     2009        0        9       31
 1632.000000      989      989        1        0      989        0      775      771      115     2009        0       12       28
 1633.000000      993      993        1        0      993        0      778      777      105     2023        0       14       26
 1634.000000      990      990        1        0      990        0      768      767      118     2020        0       13       27
 1635.000000      997      997        1        0      997        0      770      766      121     2030        1       12       27
 1636.000000      992      992        1        0      992        0      785      784      112     2051        0       12       28
 1637.000000      985      985        1        0      985        0      782      779      110     2006        0       12       28
 1638.000000      991      991        1        0      991        0      774      771      115     2022        0       14       26
 1639.000000      981      981        1        0      981        0      794      788      118     1998        0       11       29
 1640.000000      988      988        1        0      988        0      779      774      124     2026        0       12       28
 1641.000000      965      965        1        0      965        0      761      759      121     2009        0        9       31
 1642.000000      973      973        1        0      973        0      765      763      112     2035        1        7       32
 1643.000000      973      973        1        0      973        0      784      783      102     2033        0        9       31
 1644.000000      973      973        1        0      973        0      783      782      113     2014        0        9       31
 1645.000000      968      968        1        0      968        0      775      774      110     2022        0        9       31
 1646.000000      967      967        1        0      967        0      783      781      107     2055        0        9       31
 1647.000000      968      968        1        0      968        0      789      789      101     2059        1        9       30
 1648.000000      968      968        1        0      968        0      792      791       92     2052        0        9       31
 1649.000000      982      982        1        0      982        0      784      782      112     2046        0       12       28
 1650.000000      981      981        1        0      981        0      793      791      104     2037        0       11       29
 1651.000000      979      979        1        0      979        0      789      786      108     2029        0       11       29
 1652.000000      966      966        1        0      966        0      787      787      100     2045        0        9       31
 1653.000000      977      977        1        0      977        0      790      788      113     2004        0       11       29
 1654.000000      967      967        1        0      967        0      795      792      110     2056        0        9       31
 1655.000000      970      970        1        0      970        0      786      781       98     2037        0        9       31
 1656.000000      988      988        1        0      988        0      794      791      102     2047        0       11       29
 1657.000000      973      973        1        0      973        0      791      788      101     2017        1        8       31
 1658.000000      980      980        1        0      980        0      790      789      109     2055        0       11       29
 1659.000000      984      984        1        0      984        0      785      783      106     2036        0       11       29
 1660.000000      980      980        1        0      980        0      777      775      110     2054        0       10       30
 1661.000000      979      979        1        0      979        0      791      791      102     2055        0       11       29
 1662.000000      978      978        1        0      978        0      776      774      114     2020        0       12       28
 1663.000000      979      979        1        0      979        0      779      778      108     2016        0       11       29
 1664.000000      980      980        1        0      980        0      778      775      106     2018        1       10       29
 1665.000000      980      980        1        0      980        0      762      759      114     2026        0       12       28
 1666.000000      987      987        1        0      987        0      777      775      104     2006        0       13       27
 1667.000000      974      974        1        0      974        0      790      787      101     2013        0       11       29
 1668.000000      976      976        1        0      976        0      782      781      104     2015        0       12       28
 1669.000000      968      968        1        0      968        0      774      770      102     2004        0       11       29
 1670.000000      978      978        1        0      978        0      774      773      108     2053        0       11       29
 1671.000000      982      982        1        0      982        0      780      779      103     2021        0       12       28
 1672.000000      972      972        1        0      972        0      777      775      113     1979        0       11       29
 1673.000000      981      981        1        0      981        0      783      780      104     2045        0       15       25
 1674.000000      977      977        1        0      977        0      786      783      101     2024        1        9       30
 1675.000000      978      978        1        0      978        0      775      773      113     2040        0       11       29
 1676.000000      960      960        1        0      960        0      781      777      111     2061        0        9       31
 1677.000000      961      961        1        0      961        0      797      791       97     2037        0        9       31
 1678.000000      962      962        1        0      962        0      780      776      103     2060        0        9       31
 1679.000000      962      962        1        0      962        0      792      789       96     2040        0        9       31
 1680.000000      967      967        1        0      967        0      786      784      107     2050        1        9       30
 1681.000000      960      960        1        0      960        0      771      768      103     2039        0        9       31
 1682.000000      972      972        1        0      972        0      786      783       99     2027        0       10       30
 1683.000000      965      965        1        0      965        0      787      784      104     2018        1        8       31
 1684.000000      969      969        1        0      969        0      776      773      105     2050        0        9       31
 1685.000000      970      970        1        0      970        0      794      792       95     2014        0       10       30
 1686.000000      966      966        1        0      966        0      792      789       96     2023        0        8       32
 1687.000000      982      982        1        0      982        0      788      785      102     2007        0       12       28
 1688.000000      964      964        1        0      964        0      770      766      112     2032        0        9       31
 1689.000000      967      967        1        0      967        0      785      783       99     2033        0        9       31
 1690.000000      976      976        1        0      976        0      774      773      101     2016        1       11       28
 1691.000000      961      961        1        0      961        0      777      773       98     2009        0        9       31
 1692.000000      968      968        1        0      968        0      786      784       99     2017        0        9       31
 1693.000000      978      978        1        0      978        0      788      782      108     2028        0       11       29
 1694.000000      961      961        1        0      961        0      785      779      114     2003        0        9       31
 1695.000000      964      964        1        0      964        0      790      788       92     2001        0        9       31
 1696.000000      964      964        1        0      964        0      762      757      116     2019        0        9       31
 1697.000000      974      974        1        0      974        0      787      785       96     2008        0        9       31
 1698.000000      971      971        1        0      971        0      787      786      102     2015        0        9       31
 1699.000000      961      961        1        0      961        0      771      768      100     2011        0        9       31
 1700.000000      963      963        1        0      963        0      786      783       94     2025        0        9       31
 1701.000000      958      958        1        0      958        0      784      782      105     2005        0        9       31
 1702.000000      956      956        1        0      956        0      767      764      104     2027        0        9       31
 1703.000000      959      959        1        0      959        0      777      774      102     1985        0        9       31
 1704.000000      972      972        1        0      972        0      759      756      115     2014        0       10       30
 1705.000000      971      971        1        0      971        0      774      772      112     2018        0        8       32
 1706.000000      971      971        1        0      971        0      774      772      101     2032        0       10       30
 1707.000000      968      968        1        0      968        0      777      773      104     1996        0        9       31
 1708.000000      975      975        1        0      975        0      778      775      112     2030        0       10       30
 1709.000000      979      979        1        0      979        0      782      779       93     2049        0       10       30
 1710.000000      964      964        1        0      964        0      780      778       98     2001        0        9       31
 1711.000000      970      970        1        0      970        0      778      776      103     2019        0       10       30
 1712.000000      965      965        1        0      965        0      767      762      114     2010        0        9       31
 1713.000000      966      966        1        0      966        0      783      779      104     2026        0        9       31
 1714.000000      959      959        1        0      959        0      771      768      117     2017        0       10       30
 1715.000000      964      964        1        0      964        0      779      774      110     2008        0        9       31
 1716.000000      963      963        1        0      963        0      777      777      108     2013        0        9       31
 1717.000000      969      969        1        0      969        0      779      775      107     2048        0        9       31
 1718.000000      971      971        1        0      971        0      773      770      106     1990        0        9       31
 1719.000000      978      978        1        0      978        0      771      769      105     2038        0       11       29
 1720.000000      964      964        1        0      964        0      762      761      120     2056        0        9       31
 1721.000000      969      969        1        0      969        0      767      764      106     2041        0        9       31
 1722.000000      966      966        1        0      966        0      778      778      105     2074        0       10       30
 1723.000000      963      963        1        0      963        0      776      774      110     2041        0        9       31
 1724.000000      974      974        1        0      974        0      778      777      106     2026        0        9       31
 1725.000000      974      974        1        0      974        0      789      786      108     2051        0        9       31
 1726.000000      971      971        1        0      971        0      790      790      100     2006        0       12       28
 1727.000000      969      969        1        0      969        0      776      773      115     2029        0       10       30
 1728.000000      968      968        1        0      968        0      775      774      102     1996        0       10       30
 1729.000000      960      960        1        0      960        0      779      777       92     2039        0       10       30
 1730.000000      967      967        1        0      967        0      779      779      103     2027        1        9       30
 1731.000000      968      968        1        0      968        0      773      770      105     2002        0       11       29
 1732.000000      973      973        1        0      973        0      766      763       99     2051        0       10       30
 1733.000000      975      975        1        0      975        0      779      777      105     2033        0        9       31
 1734.000000      967      967        1        0      967        0      774      773      111     2026        0       10       30
 1735.000000      965      965        1        0      965        0      779      779      101     2035        0        9       31
 1736.000000      974      974        1        0      974        0      773      770      114     2022        0       11       29
 1737.000000      968      968        1        0      968        0      772      768      109     2023        0       10       30
 1738.000000      978      978        1        0      978        0      775      772      107     2028        1       10       29
 1739.000000      990      990        1        0      990        0      767      767      109     2027        0       11       29
 1740.000000      967      967        1        0      967        0      767      765      106     2052        0       10       30
 1741.000000      966      966        1        0      966        0      766      764      103     2022        0       10       30
 1742.000000      964      964        1        0      964        0      776      775      103     2006        0       10       30
 1743.000000      963      963        1        0      963        0      764      761      106     1981        0       10       30
 1744.000000      970      970        1        0      970        0      768      766      105     2027        0       10       30
 1745.000000      980      980        1        0      980        0      768      767       97     2012        1       11       28
 1746.000000      963      963        1        0      963        0      771      769      105     2011        0       10       30
 1747.000000      972      972        1        0      972        0      774      769      111     2028        0       10       30
 1748.000000      980      980        1        0      980        0      777      774       93     2054        0       10       30
 1749.000000      969      969        1        0      969        0      782      780       95     2016        0       10       30
 1750.000000      963      963        1        0      963        0      777      777       94     2022        0       10       30
 1751.000000      973      973        1        0      973        0      784      780      108     2048        0       10       30
 1752.000000      971      971        1        0      971        0      797      794      100     2027        0       10       30
 1753.000000      977      977        1        0      977        0      768      764      118     2045        0       10       30
 1754.000000      976      976        1        0      976        0      791      788      100     2061        0       10       30
 1755.000000      988      988        1        0      988        0      792      787      115     2071        0       10       30
 1756.000000      985      985        1        0      985        0      789      787      108     2087        0       10       30
 1757.000000     1001     1001        1        0     1001        0      786      784      114     2048        0       12       28
 1758.000000      994      994        1        0      994        0      802      797      101     2060        0       12       28
 1759.000000      981      981        1        0      981        0      786      784       91     2047        0       10       30
 1760.000000      995      995        1        0      995        0      795      794       99     2047        0       11       29
 1761.000000      990      990        1        0      990        0      785      784      104     2041        0       11       29
 1762.000000      985      985        1        0      985        0      790      789      103     2042        0       11       29
 1763.000000      987      987        1        0      987        0      777      774      109     2041        0       11       29
 1764.000000      985      985        1        0      985        0      777      775      114     2053        0       11       29
 1765.000000      996      996        1        0      996        0      797      795      101     2052        0       13       27
 1766.000000      992      992        1        0      992        0      800      799       94     2053        0       12       28
 1767.000000      984      984        1        0      984        0      778      776      100     2051        0       11       29
 1768.000000      983      983        1        0      983        0      785      781      116     2058        0       11       29
 1769.000000     1002     1002        1        0     1002        0      797      795      103     2055        0       15       25
 1770.000000      990      990        1        0      990        0      781      779      110     2036        0       11       29
 1771.000000      972      972        1        0      972        0      751      748      135     1998        0       11       29
 1772.000000      981      981        1        0      981        0      770      768      114     2042        0       11       29
 1773.000000      969      969        1        0      969        0      778      773      115     2067        0       11       29
 1774.000000      984      984        1        0      984        0      776      771      104     2068        0       12       28
 1775.000000      982      982        1        0      982        0      773      770      110     2053        0       11       29
 1776.000000     1006     1006        1        0     1006        0      787      782      106     2065        0       13       27
 1777.000000      995      995        1        0      995        0      780      777      113     2058        0       14       26
 1778.000000      983      983        1        0      983        0      779      777       98     2053        0       12       28
 1779.000000      983      983        1        0      983        0      770      766      112     2024        0       13       27
 1780.000000      980      980        1        0      980        0      774      773      112     2040        0       12       28
 1781.000000      975      975        1        0      975        0      784      781       97     2048        0       11       29
 1782.000000      988      988        1        0      988        0      781      779       99     2072        0       11       29
 1783.000000      995      995        1        0      995        0      786      785      100     2076        0       13       27
 1784.000000      991      991        1        0      991        0      768      766      111     2067        0       11       29
 1785.000000     1011     1011        1        0     1011        0      778      776      108     2039        1       13       26
 1786.000000     1000     1000        1        8      986        6      777      775      109     2044        0       12       28
 1787.000000      993      993        1        0      993        0      784      782       98     2070        0       11       29
 1788.000000      985      985        1        0      985        0      776      773      111     2051        0       12       28
 1789.000000      976      976        1        0      976        0      779      779       99     2067        0       11       29
 1790.000000      985      985        1        0      985        0      784      783       98     2080        0       13       27
 1791.000000      968      968        1        0      968        0      779      777      108     2040        0       11       29
 1792.000000      977      977        1        0      977        0      779      778      101     2054        0       11       29
 1793.000000      978      978        1        0      978        0      777      776      101     2042        0       12       28
 1794.000000      969      969        1        8      955        6      756      755      111     2027        0       11       29
 1795.000000      986      986        1        0      986        0      774      772      104     2030        0       12       28
 1796.000000      973      973        1        0      973        0      765      762      103     2021        0       11       29
 1797.000000      977      977        1        0      977        0      786      778      109     2051        1       12       27
 1798.000000      980      980        1        0      980        0      768      766      108     2047        0       11       29
 1799.000000      979      979        1        0      979        0      774      773      105     2049        0       11       29
 1800.000000      975      975        1        0      975        0      759      757      112     2025        0       12       28
 1801.000000      968      968        1        0      968        0      771      770      108     1984        0       11       29
 1802.000000      957      957        1        0      957        0      768      767      106     1994        0       10       30
 1803.000000      975      975        1        0      975        0      770      767      106     1995        0       13       27
 1804.000000      966      966        1        0      966        0      768      767      100     2006        0       11       29
 1805.000000      969      969        1        0      969        0      770      767      110     2022        0       10       30
 1806.000000      958      958        1        0      958        0      760      757      111     2003        0       10       30
 1807.000000      961      961        1        0      961        0      768      767      111     2022        0       10       30
 1808.000000      977      977        1        0      977        0      776      773      115     2052        0       10       30
 1809.000000      949      949        1        0      949        0      773      768      104     2019        0       11       29
 1810.000000      966      966        1        0      966        0      761      757      121     1996        0       13       27
 1811.000000      962      962        1        0      962        0      769      768      117     2043        0       12       28
 1812.000000      963      963        1        0      963        0      755      754      120     1997        0       11       29
 1813.000000      958      958        1        0      958        0      756      753      123     2030        0       11       29
 1814.000000      959      959        1        0      959        0      769      765      118     2057        0       10       30
 1815.000000      957      957        1        0      957        0      794      792       99     2047        0       10       30
 1816.000000      956      956        1        0      956        0      769      766      109     2036        0       11       29
 1817.000000      974      974        1        0      974        0      775      770       92     2013        0       12       28
 1818.000000      956      956        1        0      956        0      761      759      112     2032        0       12       28
 1819.000000      947      947        1        0      947        0      781      779      101     2017        0       11       29
 1820.000000      964      964        1        0      964        0      784      782      104     2057        0       12       28
 1821.000000      990      990        1        0      990        0      791      786       98     2025        0       14       26
 1822.000000      958      958        1        0      958        0      766      765      104     2028        0       12       28
 1823.000000      947      947        1        0      947        0      766      765      101     2007        0       11       29
 1824.000000      957      957        1        0      957        0      778      776      105     2027        0       12       28
 1825.000000      989      989        1        0      989        0      769      769      106     2021        0       14       26
 1826.000000     1014     1014        1        0     1014        0      759      758      106     1997        0       15       25
 1827.000000      971      971        1        0      971        0      763      761      104     2020        0       11       29
 1828.000000      964      964        1        0      964        0      777      773      103     2014        0       12       28
 1829.000000      963      963        1        0      963        0      774      771      115     1984        0       12       28
 1830.000000      965      965        1        0      965        0      777      777       96     2006        0       12       28
 1831.000000      980      980        1        0      980        0      776      775      110     2009        0       15       25
 1832.000000      973      973        1        0      973        0      768      767      113     1995        0       12       28
 1833.000000      968      968        1        0      968        0      763      759      107     2044        0       12       28
 1834.000000      970      970        1        0      970        0      767      766       94     2012        0       14       26
 1835.000000      962      962        1        0      962        0      771      768      113     2045        0       11       29
 1836.000000      954      954        1        0      954        0      771      768      111     2004        0       11       29
 1837.000000      975      975        1        0      975        0      765      763      110     2038        0       13       27
 1838.000000      961      961        1        0      961        0      783      780      109     2055        0       11       29
 1839.000000      958      958        1        0      958        0      783      781      111     2043        0       10       30
 1840.000000      956      956        1        0      956        0      777      775      109     2030        0       11       29
 1841.000000      951      951        1        0      951        0      763      762      114     2011        0       11       29
 1842.000000      951      951        1        0      951        0      786      785      100     2012        0       12       28
 1843.000000      957      957        1        0      957        0      771      767      113     2010        0       11       29
 1844.000000      947      947        1        0      947        0      775      773      105     2018        0       11       29
 1845.000000      963      963        1        0      963        0      784      780      100     2025        0       11       29
 1846.000000      971      958        2        0      971        0      773      771      122     2034        0       17       23
 1847.000000      965      965        1        0      965        0      776      770      111     2073        0       11       29
 1848.000000      964      964        1        0      964        0      778      775      111     2047        0       11       29
 1849.000000      960      960        1        0      960        0      766      764      110     2028        0       10       30
 1850.000000      961      961        1        0      961        0      771      770      112     2061        0       13       27
 1851.000000      954      954        1        0      954        0      776      775      109     2029        0       11       29
 1852.000000      981      981        1        0      981        0      780      777      101     2025        0       12       28
 1853.000000      964      964        1        0      964        0      783      779      112     2020        0       12       28
 1854.000000      967      967        1        0      967        0      786      781      106     2052        1        9       30
 1855.000000      953      953        1        0      953        0      771      770      130     2050        1       10       29
 1856.000000      964      964        1        0      964        0      766      761      110     2018        0       11       29
 1857.000000      985      985        1        0      985        0      785      780      107     2029        1       13       26
 1858.000000      951      951        1        0      951        0      775      772      107     2058        0       11       29
 1859.000000      964      964        1        0      964        0      776      776      104     2057        1       11       28
 1860.000000      959      959        1        0      959        0      774      774      108     2027        1       12       27
 1861.000000      968      968        1        0      968        0      779      777      105     2071        0       12       28
 1862.000000      988      988        1        0      988        0      783      783      102     2034        0       16       24
 1863.000000      971      971        1        0      971        0      773      771      104     2007        1       11       28
 1864.000000      968      968        1        0      968        0      774      771      110     2029        0       12       28
 1865.000000      965      965        1        0      965        0      763      760      110     2012        0       12       28
 1866.000000      991      991        1        0      991        0      766      765      112     2048        0       14       26
 1867.000000      980      980        1        0      980        0      770      770      103     2024        1       12       27
 1868.000000      983      983        1        0      983        0      777      776      104     2033        0       12       28
 1869.000000      972      972        1        0      972        0      766      763      111     2027        0       12       28
 1870.000000      981      981        1        0      981        0      764      760      113     2031        0       12       28
 1871.000000      990      990        1        0      990        0      761      759      103     2047        0       14       26
 1872.000000      993      993        1        0      993        0      787      782      109     2042        0       13       27
 1873.000000      967      967        1        0      967        0      774      773      103     2027        0       11       29
 1874.000000      990      990        1        0      990        0      778      770      105     2042        0       12       28
 1875.000000      974      974        1        0      974        0      768      768       97     2046        0       12       28
 1876.000000      992      992        1        0      992        0      770      765      115     2007        0       12       28
 1877.000000      989      989        1        0      989        0      763      760      115     2061        0       13       27
 1878.000000      989      989        1        0      989        0      761      753      120     2039        0       13       27
 1879.000000      982      982        1        0      982        0      779      776       98     2042        0       12       28
 1880.000000      982      982        1        0      982        0      782      778      111     2041        0       12       28
 1881.000000      998      998        1        0      998        0      779      777      112     2039        0       14       26
 1882.000000      986      986        1        0      986        0      785      785      103     2005        0       13       27
 1883.000000      967      967        1        0      967        0      784      782      103     2038        0       12       28
 1884.000000      977      977        1        0      977        0      761      760      113     2000        0       12       28
 1885.000000      980      980        1        0      980        0      771      768      106     2032        0       12       28
 1886.000000      990      990        1        0      990        0      756      754      116     2039        0       12       28
 1887.000000      985      985        1        0      985        0      760      756      119     2018        0       12       28
 1888.000000      998      998        1        0      998        0      767      765      111     2022        0       14       26
 1889.000000      995      995        1        0      995        0      754      749      127     2035        0       13       27
 1890.000000      978      978        1        0      978        0      774      773      103     1965        0       12       28
 1891.000000      993      993        1        0      993        0      766      763      115     1998        0       11       29
 1892.000000      978      978        1        0      978        0      747      746      131     1997        0       11       29
 1893.000000     1000     1000        1        0     1000        0      769      766      109     1985        0       12       28
 1894.000000      993      993        1        0      993        0      767      765      125     2034        0       11       29
 1895.000000      990      990        1        0      990        0      775      774      106     2028        0       12       28
 1896.000000     1008     1008        1        0     1008        0      770      769      126     2037        1       12       27
 1897.000000     1008     1008        1        0     1008        0      768      766      111     2007        0       15       25
 1898.000000      979      979        1        0      979        0      769      765      107     2011        0       12       28
 1899.000000      975      975        1        0      975        0      765      761      112     2029        0       11       29
 1900.000000      981      981        1        0      981        0      755      753      107     2031        0       11       29
 1901.000000     1007     1007        1        0     1007        0      775      774      109     2023        1       14       25
 1902.000000      992      992        1        0      992        0      769      763      114     1994        0       12       28
 1903.000000      979      979        1        0      979        0      766      765      109     2004        0       11       29
 1904.000000      985      985        1        0      985        0      768      766      120     2007        0       12       28
 1905.000000      986      986        1        0      986        0      766      762      110     2006        0       13       27
 1906.000000      987      987        1        0      987        0      771      770      106     2036        0       12       28
 1907.000000      985      985        1        0      985        0      772      771      123     2022        0       12       28
 1908.000000      975      975        1        0      975        0      753      751      125     1995        0       10       30
 1909.000000      973      973        1        0      973        0      773      771      115     2009        0       10       30
 1910.000000      979      979        1        0      979        0      770      768      119     1993        0       11       29
 1911.000000      990      990        1        0      990        0      769      767      107     2025        0       12       28
 1912.000000      974      974        1        0      974        0      755      754      110     2035        0       12       28
 1913.000000      982      982        1        0      982        0      760      758      111     2024        0       12       28
 1914.000000      980      980        1        0      980        0      762      762      114     2009        0       11       29
 1915.000000      972      972        1        0      972        0      769      767      112     2002        0       12       28
 1916.000000      986      986        1        0      986        0      759      756      115     2022        0       15       25
 1917.000000      976      976        1        0      976        0      773      765      108     1995        0       13       27
 1918.000000     1000     1000        1        0     1000        0      763      760      111     1996        0       13       27
 1919.000000      972      972        1        0      972        0      763      760      109     1992        0       12       28
 1920.000000      989      989        1        0      989        0      763      762      116     2025        1       11       28
 1921.000000      967      967        1        0      967        0      760      757      103     2028        0       11       29
 1922.000000      972      972        1        0      972        0      752      748      116     2011        0       13       27
 1923.000000      969      969        1        0      969        0      762      761      111     2034        0       12       28
 1924.000000      959      959        1        0      959        0      745      742      112     1995        0       12       28
 1925.000000      950      950        1        0      950        0      765      764      104     2005        1        9       30
 1926.000000      947      947        1        0      947        0      746      744      109     1976        0       13       27
 1927.000000      958      958        1        0      958        0      760      759       93     2019        1       11       28
 1928.000000      959      959        1        0      959        0      748      746      113     1967        0       11       29
 1929.000000      971      971        1        0      971        0      763      757      105     2000        1       11       28
 1930.000000      958      958        1        0      958        0      750      748      115     2032        0       11       29
 1931.000000      966      966        1        0      966        0      756      755      102     1994        0       10       30
 1932.000000      954      954        1        0      954        0      768      764      101     2067        0       11       29
 1933.000000      985      985        1        0      985        0      762      760      108     2046        0       12       28
 1934.000000      959      959        1        0      959        0      743      735      132     2043        0       11       29
 1935.000000      966      966        1        0      966        0      760      760      109     2015        0       11       29
 1936.000000      969      969        1        0      969        0      745      740      124     2065        1       12       27
 1937.000000      961      961        1        0      961        0      759      757      106     2030        0       12       28
 1938.000000      983      983        1        0      983        0      765      763      104     2026        1       12       27
 1939.000000      969      969        1        0      969        0      753      749      102     2027        0       12       28
 1940.000000      959      959        1        0      959        0      763      762      110     2084        1       12       27
 1941.000000      977      977        1        0      977        0      759      755      100     2049        1       14       25
 1942.000000      971      971        1        0      971        0      745      743      114     2012        0       13       27
 1943.000000      962      962        1        0      962        0      751      747      124     2030        0       12       28
 1944.000000      984      984        1        0      984        0      753      751      120     2035        1       16       23
 1945.000000      966      966        1        0      966        0      756      753      107     2040        1       12       27
 1946.000000      968      968        1        0      968        0      755      751      107     2051        0       12       28
 1947.000000      958      958        1        0      958        0      762      760      109     2060        0       12       28
 1948.000000      977      977        1        0      977        0      746      742      109     2052        1       13       26
 1949.000000      977      977        1        0      977        0      765      764      107     2060        1       11       28
 1950.000000      955      955        1        0      955        0      743      741      110     2028        0       13       27
 1951.000000      955      955        1        0      955        0      768      767      105     2026        0       11       29
 1952.000000      956      956        1        0      956        0      749      746       97     2043        0       12       28
 1953.000000      978      978        1        0      978        0      752      750      109     2054        0       14       26
 1954.000000      964      964        1        0      964        0      766      762      101     2037        0       10       30
 1955.000000      979      979        1        0      979        0      743      740      112     2059        1       14       25
 1956.000000      962      962        1        0      962        0      772      771       96     2062        1       11       28
 1957.000000      964      964        1        0      964        0      777      775      106     2021        1        9       30
 1958.000000      959      959        1        0      959        0      764      761      120     2030        0       11       29
 1959.000000      965      965        1        0      965        0      766      764      106     2005        0       11       29
 1960.000000      954      954        1        0      954        0      743      742      116     2039        1       11       28
 1961.000000      959      959        1        0      959        0      762      760      102     2014        0       12       28
 1962.000000      956      956        1        0      956        0      762      760       98     2018        1        9       30
 1963.000000      965      965        1        0      965        0      761      755      104     2016        0       12       28
 1964.000000      958      958        1        0      958        0      772      769      102     2066        0       11       29
 1965.000000      958      958        1        0      958        0      751      748      113     2023        1       12       27
 1966.000000      951      951        1        0      951        0      768      766       99     2046        0       12       28
 1967.000000      949      949        1        0      949        0      765      763      113     2054        0       13       27
 1968.000000      950      950        1        0      950        0      751      747      111     2042        0       12       28
 1969.000000      955      955        1        0      955        0      765      761       98     2043        1       11       28
 1970.000000      958      958        1        0      958        0      769      764      102     2040        1       10       29
 1971.000000      954      954        1        0      954        0      742      742      102     2010        1       12       27
 1972.000000      962      962        1       15      947        0      737      734      111     2072        0       14       26
 1973.000000      947      947        1        0      947        0      765      762      106     2025        1       10       29
 1974.000000      952      952        1        0      952        0      746      743      110     2042        1       11       28
 1975.000000      945      945        1        0      945        0      756      754      117     2011        1       11       28
 1976.000000      952      952        1        0      952        0      773      773      106     2042        0       11       29
 1977.000000      957      957        1        0      957        0      761      759      108     2045        1       10       29
 1978.000000      948      948        1        0      948        0      753      750      107     2012        1       10       29
 1979.000000      947      947        1        0      947        0      759      757       98     2002        0       12       28
 1980.000000      959      959        1        0      959        0      757      757      110     1997        1       12       27
 1981.000000      949      949        1        0      949        0      758      757      109     2032        0       10       30
 1982.000000      971      971        1        0      971        0      752      752      103     2031        0       11       29
 1983.000000      950      950        1        0      950        0      740      740      109     2016        0        9       31
 1984.000000      958      958        1        0      958        0      755      753      104     2026        1        9       30
 1985.000000      969      969        1        0      969        0      756      756      107     2077        0       13       27
 1986.000000      943      943        1        0      943        0      764      763      106     2026        0       10       30
 1987.000000      954      954        1        0      954        0      765      765      101     2041        1       10       29
 1988.000000      962      962        1        0      962        0      753      750      114     2017        1       10       29
 1989.000000      947      947        1        0      947        0      767      760      102     2000        0       11       29
 1990.000000      962      962        1        0      962        0      768      768      102     2016        1       10       29
 1991.000000      955      955        1        0      955        0      761      759       98     2021        0       11       29
 1992.000000      947      947        1        0      947        0      772      771       97     2008        0       13       27
 1993.000000      959      959        1        0      959        0      749      748       89     2033        0       12       28
 1994.000000      959      959        1        0      959        0      766      765      102     2034        0       12       28
 1995.000000      960      960        1        0      960        0      763      763       95     2013        0       13       27
 1996.000000      954      954        1        0      954        0      756      753      105     2053        1       10       29
 1997.000000      952      952        1        0      952        0      752      749       95     2057        0       12       28
 1998.000000      937      937        1        0      937        0      756      754       93     1999        1       10       29
 1999.000000      959      959        1        0      959        0      745      745      100     2025        1       10       29
 2000.000000      951      951        1        0      951        0      757      757       98     2050        1       10       29
 2001.000000      966      966        1        0      966        0      760      755      102     2042        0       12       28
 2002.000000      953      953        1        0      953        0      754      754      104     2007        0       11       29
 2003.000000      955      955        1        0      955        0      763      763      109     2031        1       10       29
 2004.000000      955      955        1        0      955        0      760      759       98     2058        0       11       29
 2005.000000      950      950        1        0      950        0      746      743      107     2034        0       11       29
 2006.000000      950      950        1        0      950        0      751      750       94     2017        1       11       28
 2007.000000      958      958        1        0      958        0      757      755       98     2019        1       10       29
 2008.000000      956      956        1        0      956        0      746      745      119     2039        0       11       29
 2009.000000      948      948        1        0      948        0      764      763      100     1998        0       11       29
 2010.000000      955      955        1        0      955        0      746      741      106     2045        1       10       29
 2011.000000      957      957        1        0      957        0      759      757       97     2012        0        9       31
 2012.000000      964      964        1        0      964        0      746      745      113     2014        1       14       25
 2013.000000      944      944        1        0      944        0      755      755       95     1996        0       12       28
 2014.000000      957      957        1        0      957        0      758      757      100     2031        0       13       27
 2015.000000      961      961        1        0      961        0      757      755      105     2019        0       12       28
 2016.000000      975      975        1        0      975        0      741      740      112     2047        0       15       25
 2017.000000      951      951        1        0      951        0      748      744      106     2032        0       12       28
 2018.000000      948      948        1        0      948        0      731      730      119     2014        1       12       27
 2019.000000      966      966        1        0      966        0      762      761       96     2033        0       15       25
 2020.000000      968      968        1        0      968        0      759      758      106     2005        0       13       27
 2021.000000      966      966        1        0      966        0      759      758      106     2020        0       13       27
 2022.000000      958      958        1        0      958        0      767      765       96     2004        1       11       28
 2023.000000      946      946        1        0      946        0      753      751      112     2025        0       12       28
 2024.000000      967      967        1        0      967        0      759      759       97     2046        1       10       29
 2025.000000      956      956        1        0      956        0      771      769       96     2015        0       12       28
 2026.000000      948      948        1        0      948        0      765      760      105     2056        1       10       29
 2027.000000      969      969        1        0      969        0      757      757      100     2076        0       11       29
 2028.000000      940      940        1        0      940        0      749      747      106     2007        0        9       31
 2029.000000      954      954        1        0      954        0      770      769       96     2022        0       10       30
 2030.000000      949      949        1        0      949        0      765      760      102     2018        0       13       27
 2031.000000      950      950        1        0      950        0      773      767      100     2041        0       13       27
 2032.000000      947      947        1        0      947        0      776      774       93     2018        1       10       29
 2033.000000      950      950        1        0      950        0      763      757      111     2028        0       11       29
 2034.000000      955      955        1        0      955        0      778      773      102     2053        2       11       27
 2035.000000      950      950        1        0      950        0      771      769       99     2031        0       13       27
 2036.000000      953      953        1        0      953        0      766      766       99     2047        0       11       29
 2037.000000      949      949        1        0      949        0      762      760      101     2046        0       13       27
 2038.000000      952      952        1        0      952        0      771      769       96     2062        1        8       31
 2039.000000      972      972        1        0      972        0      766      766      105     2024        0       11       29
 2040.000000      969      969        1        0      969        0      770      768      106     2044        1       10       29
 2041.000000      960      960        1        0      960        0      774      769       92     2048        0       12       28
 2042.000000      956      956        1        0      956        0      758      752      112     2032        0       11       29
 2043.000000      957      957        1        0      957        0      754      752      108     2064        0       11       29
 2044.000000      961      961        1        0      961        0      775      773       97     2043        1       10       29
 2045.000000      966      966        1        0      966        0      767      765       90     2056        0       12       28
 2046.000000      976      976        1        0      976        0      763      757      101     2042        0       11       29
 2047.000000      959      959        1        0      959        0      765      764      107     2050        1       10       29
 2048.000000      964      964        1        0      964        0      764      763      105     2045        0       12       28
 2049.000000      971      971        1        0      971        0      768      765      107     2040        1       11       28
 2050.000000      967      967        1        0      967        0      766      766      102     2022        1       10       29
 2051.000000      970      970        1        0      970        0      769      767       91     1998        0       12       28
 2052.000000      963      963        1        0      963        0      766      762      107     2017        1       10       29
 2053.000000      959      959        1        0      959        0      770      770       96     2025        0       12       28
 2054.000000      966      966        1        0      966        0      755      750      114     2005        0       11       29
 2055.000000      952      952        1        0      952        0      773      771      111     2016        0       11       29
 2056.000000      961      961        1        0      961        0      768      767      102     2026        0       11       29
 2057.000000      948      948        1        0      948        0      766      766      105     2024        0       11       29
 2058.000000      964      964        1        0      964        0      760      758      105     2010        0       11       29
 2059.000000      949      949        1        0      949        0      772      769      102     2017        0       11       29
 2060.000000      975      975        1        0      975        0      769      768       99     2038        0       11       29
 2061.000000      954      954        1        0      954        0      769      768      104     2022        0       11       29
 2062.000000      972      972        1        0      972        0      774      773       90     2025        1       11       28
 2063.000000      980      980        1        0      980        0      774      772      100     2003        0       13       27
 2064.000000      990      990        1        0      990        0      789      787      100     2023        0       14       26
 2065.000000      968      968        1        0      968        0      763      762       94     2027        0       14       26
 2066.000000      965      965        1        0      965        0      775      775       93     1990        0       14       26
 2067.000000      956      956        1        0      956        0      784      783       93     2017        0       13       27
 2068.000000      954      954        1        0      954        0      746      745      110     2014        0       11       29
 2069.000000      951      951        1        0      951        0      772      772       92     2037        0       11       29
 2070.000000      969      969        1        0      969        0      756      755       99     2044        0       13       27
 2071.000000      972      972        1        0      972        0      766      764      107     2038        0       13       27
 2072.000000      979      979        1        0      979        0      770      769       99     2022        1       13       26
 2073.000000      955      955        1        0      955        0      764      764       99     2049        0       11       29
 2074.000000      942      942        1        0      942        0      770      768      104     2050        0       11       29
 2075.000000      951      951        1        0      951        0      767      765       99     2046        0       12       28
 2076.000000      958      958        1        0      958        0      769      769      106     2029        1       11       28
 2077.000000      957      957        1        0      957        0      761      760       99     2031        0       11       29
 2078.000000      957      957        1        0      957        0      773      773      100     2040        0       12       28
 2079.000000      967      967        1        0      967        0      773      773       88     2033        1       10       29
 2080.000000      975      975        1        0      975        0      753      752      113     2056        1       10       29
 2081.000000      963      963        1        0      963        0      770      769      116     2064        0       11       29
 2082.000000      960      960        1        0      960        0      759      757      118     2056        0       12       28
 2083.000000      968      968        1        0      968        0      764      762      111     2024        0       11       29
 2084.000000      969      969        1        0      969        0      761      760       97     2018        0       11       29
 2085.000000      957      957        1        0      957        0      755      755       97     2032        0       11       29
 2086.000000      947      947        1        0      947        0      774      773      109     2040        0       10       30
 2087.000000      963      963        1        0      963        0      754      751      122     2035        0       12       28
 2088.000000      959      959        1        0      959        0      767      766      102     2050        0       11       29
 2089.000000      966      966        1        0      966        0      776      776      100     2017        0       11       29
 2090.000000      960      960        1        0      960        0      782      782       97     2035        0       11       29
 2091.000000      965      965        1        0      965        0      774      770       99     2057        0       11       29
 2092.000000      957      957        1        0      957        0      769      765      102     2034        0       11       29
 2093.000000      964      964        1        0      964        0      757      752      109     2033        0       11       29
 2094.000000      971      971        1        0      971        0      782      780       93     2046        0       11       29
 2095.000000      985      985        1        0      985        0      774      771      102     2076        1       10       29
 2096.000000      971      971        1        0      971        0      778      774       96     2049        1       10       29
 2097.000000      971      971        1        0      971        0      777      775       95     2043        0       12       28
 2098.000000      960      960        1        0      960        0      778      777      102     2044        0       10       30
 2099.000000      976      976        1        0      976        0      767      764      108     2007        1       11       28
 2100.000000      992      992        1        0      992        0      775      774       98     2015        1       11       28
 2101.000000      981      981        1        0      981        0      771      769       97     2030        0       11       29
 2102.000000      975      975        1        0      975        0      783      782       97     2013        0       11       29
 2103.000000      966      966        1        0      966        0      768      767      101     1984        0       11       29
 2104.000000      966      966        1        0      966        0      755      754      115     2022        0       11       29
 2105.000000      983      983        1        0      983        0      771      770      110     2016        0       13       27
 2106.000000      981      981        1        0      981        0      771      767      106     2008        1       12       27
 2107.000000      972      972        1        0      972        0      756      755      109     2006        0       14       26
 2108.000000      954      954        1        0      954        0      760      758      114     2032        0       11       29
 2109.000000      964      964        1        0      964        0      762      758      110     2000        1       10       29
 2110.000000      990      990        1        0      990        0      763      760      116     2048        1       10       29
 2111.000000      978      978        1        0      978        0      760      757      117     2026        1       10       29
 2112.000000      968      968        1        0      968        0      749      746      118     1997        1       10       29
 2113.000000      967      967        1        0      967        0      763      758      116     2018        0       11       29
 2114.000000      964      964        1        0      964        0      755      752      121     2023        0       11       29
 2115.000000      964      964        1        0      964        0      776      773      108     2041        0       11       29
 2116.000000      976      976        1        0      976        0      774      771      106     2055        0       12       28
 2117.000000      966      966        1        0      966        0      776      773      113     2007        1        9       30
 2118.000000      965      965        1        0      965        0      777      775      101     2033        0       11       29
 2119.000000      970      970        1        0      970        0      770      769      113     1994        0       10       30
 2120.000000      967      967        1        0      967        0      780      778      101     1998        0       11       29
 2121.000000      973      973        1        0      973        0      771      766      129     2017        0       11       29
 2122.000000      981      981        1        0      981        0      766      763      119     2035        1        9       30
 2123.000000      972      972        1        0      972        0      764      761      119     2012        0       11       29
 2124.000000      970      970        1        0      970        0      768      763      118     2031        0       11       29
 2125.000000      971      971        1        0      971        0      771      770      110     2018        0       12       28
 2126.000000      966      966        1        0      966        0      756      755      121     2015        0       10       30
 2127.000000      977      977        1        0      977        0      767      766      117     2010        1       11       28
 2128.000000      971      971        1        0      971        0      771      767      124     1997        0       12       28
 2129.000000      965      965        1        0      965        0      760      757      118     2046        1       11       28
 2130.000000      966      966        1        0      966        0      765      765      120     2063        1       10       29
 2131.000000      984      984        1        0      984        0      780      777      115     2037        1       13       26
 2132.000000      974      974        1        0      974        0      775      774      111     2049        1        9       30
 2133.000000      967      967        1        0      967        0      755      755      118     2035        0       10       30
 2134.000000      979      979        1        0      979        0      781      776      101     2018        0       12       28
 2135.000000      982      982        1        0      982        0      762      761      112     2027        1       12       27
 2136.000000      970      970        1        0      970        0      772      770      108     2035        1       11       28
 2137.000000      951      951        1        0      951        0      751      748      117     2018        1        9       30
 2138.000000      952      952        1        0      952        0      772      770       99     2016        0        9       31
 2139.000000      971      971        1        0      971        0      760      756      118     2001        1       10       29
 2140.000000      970      970        1        0      970        0      757      754      106     2035        2        9       29
 2141.000000      957      957        1        0      957        0      761      757      113     2033        0       10       30
 2142.000000      953      953        1        0      953        0      762      761      123     1973        0       10       30
 2143.000000      952      952        1        0      952        0      780      778      103     2012        1        9       30
 2144.000000      951      951        1        0      951        0      754      752      111     2001        0       10       30
 2145.000000      961      961        1        0      961        0      765      764      117     2039        1       10       29
 2146.000000      961      961        1        0      961        0      770      770      104     2031        1       10       29
 2147.000000      959      959        1        0      959        0      759      757      112     2006        0       11       29
 2148.000000      956      956        1        0      956        0      762      762      103     2060        0       11       29
 2149.000000      958      958        1        0      958        0      766      766      107     2044        0       10       30
 2150.000000      964      964        1        0      964        0      753      750      112     2037        1        8       31
 2151.000000      959      959        1        0      959        0      762      761      116     2044        1       11       28
 2152.000000      961      961        1        0      961        0      741      739      118     2054        0       11       29
 2153.000000      967      967        1        0      967        0      758      757      110     2052        0       10       30
 2154.000000      961      961        1        0      961        0      776      772      109     2055        1        9       30
 2155.000000      951      951        1        0      951        0      755      754      116     2036        1        9       30
 2156.000000      962      962        1        0      962        0      762      760      104     2035        1       10       29
 2157.000000      960      960        1        0      960        0      750      748      120     2053        1        9       30
 2158.000000      961      961        1        0      961        0      751      750      114     2011        0       10       30
 2159.000000      968      968        1        0      968        0      745      743      123     2066        1       10       29
 2160.000000      968      968        1        0      968        0      756      754      112     2048        0       13       27
 2161.000000      955      955        1        0      955        0      769      765      101     2026        0        9       31
 2162.000000      963      963        1        0      963        0      763      759      112     2031        0       10       30
 2163.000000      960      960        1        0      960        0      772      767      111     2043        0       10       30
 2164.000000      955      955        1        0      955        0      765      763      114     2057        1        9       30
 2165.000000      950      950        1        0      950        0      758      754      114     2035        0       10       30
 2166.000000      946      946        1        0      946        0      756      754      115     2044        0       10       30
 2167.000000      943      943        1        0      943        0      746      745      118     2017        0       11       29
 2168.000000      952      952        1        0      952        0      758      755      113     2043        0       12       28
 2169.000000      961      961        1        0      961        0      772      768       96     2062        0       11       29
 2170.000000      962      962        1        0      962        0      762      758      112     2047        0       11       29
 2171.000000      964      964        1        0      964        0      779      778       99     2037        0       12       28
 2172.000000      960      960        1        0      960        0      773      772      103     2048        0       11       29
 2173.000000      976      976        1        0      976        0      767      764      100     2066        1       11       28
 2174.000000      975      975        1        0      975        0      765      763      113     2045        0       11       29
 2175.000000      980      980        1        0      980        0      756      755      109     2016        0       13       27
 2176.000000      967      967        1        0      967        0      775      772      110     2029        0       12       28
 2177.000000      968      968        1        0      968        0      767      767      105     2031        0       11       29
 2178.000000      962      962        1        0      962        0      773      772       98     2027        0       11       29
 2179.000000      965      965        1        0      965        0      752      750      108     2005        1       10       29
 2180.000000      956      956        1        0      956        0      767      764      109     2007        0       11       29
 2181.000000      967      967        1        0      967        0      752      750      120     1989        1       10       29
 2182.000000      966      966        1        0      966        0      756      755      122     2022        1       12       27
 2183.000000      978      966        2        0      978        0      762      760      119     2003        1       12       27
 2184.000000      966      966        1        0      966        0      746      744      130     2007        0       12       28
 2185.000000      965      965        1        0      965        0      775      774      110     2003        1       10       29
 2186.000000      964      964        1        0      964        0      765      762      106     1983        1       12       27
 2187.000000      958      958        1        0      958        0      755      754      116     2032        0       11       29
 2188.000000      971      971        1        0      971        0      766      764      114     1995        1       11       28
 2189.000000      967      967        1        0      967        0      752      751      110     2032        1       10       29
 2190.000000      972      960        2        0      972        0      759      757      104     2028        1       14       25
 2191.000000      953      953        1        0      953        0      746      746      102     2006        1        9       30
 2192.000000      958      958        1        0      958        0      755      754      114     1991        0       12       28
 2193.000000      960      960        1        0      960        0      747      743      121     1987        1       11       28
 2194.000000      967      967        1        0      967        0      768      768      102     2031        1       12       27
 2195.000000      964      964        1        0      964        0      769      766      108     2029        0       13       27
 2196.000000      980      968        2        0      980        0      773      772      104     2026        1       13       26
 2197.000000      966      966        1        0      966        0      762      761      106     2041        1       12       27
 2198.000000      963      963        1        0      963        0      761      760      111     2023        0       13       27
 2199.000000      967      967        1        0      967        0      761      757      114     2041        1       12       27
 2200.000000      960      960        1        0      960        0      764      763      110     2006        0       11       29
 2201.000000      965      965        1        0      965        0      771      769      122     2039        1       11       28
 2202.000000      971      971        1        0      971        0      759      757      117     2042        1       11       28
 2203.000000      970      970        1        0      970        0      762      762      109     2041        0       12       28
 2204.000000      977      977        1        0      977        0      769      767      115     2032        0       13       27
 2205.000000      970      970        1        0      970        0      751      747      120     2039        1       12       27
 2206.000000      968      968        1        0      968        0      748      743      120     2046        1       10       29
 2207.000000      971      971        1        0      971        0      755      751      121     1975        1       11       28
 2208.000000      970      970        1        0      970        0      756      755      114     2017        2       11       27
 2209.000000      965      965        1        0      965        0      753      753      111     1997        0       12       28
 2210.000000      959      959        1        0      959        0      762      762      113     2004        0       12       28
 2211.000000      964      964        1        0      964        0      741      738      122     2004        0       12       28
 2212.000000      975      975        1        0      975        0      751      750      120     2015        1       10       29
 2213.000000      979      979        1        0      979        0      762      760      116     2036        0       11       29
 2214.000000      972      972        1        0      972        0      773      772      103     2032        0       10       30
 2215.000000      960      960        1        0      960        0      760      757      103     2034        0       10       30
 2216.000000      962      962        1        0      962        0      766      766      116     2017        0       11       29
 2217.000000      965      965        1        0      965        0      766      764      108     2012        0       11       29
 2218.000000      966      966        1        0      966        0      768      767       97     2022        0       11       29
 2219.000000      972      972        1        0      972        0      780      774      106     2025        0       11       29
 2220.000000      977      977        1        0      977        0      768      767      108     2064        1       11       28
 2221.000000      973      973        1        0      973        0      775      771      114     2054        1        9       30
 2222.000000      978      978        1        0      978        0      767      767      107     2039        1        9       30
 2223.000000      966      966        1        0      966        0      768      767      109     2041        1        8       31
 2224.000000      967      967        1        0      967        0      771      767      108     2015        0       10       30
 2225.000000      964      964        1        0      964        0      768      766      117     2021        0        9       31
 2226.000000      969      969        1        0      969        0      759      759      125     2040        1        9       30
 2227.000000      964      964        1        0      964        0      755      754      130     2021        0       11       29
 2228.000000      961      961        1        0      961        0      762      759      121     2069        1        8       31
 2229.000000      974      974        1        0      974        0      755      751      108     2045        1        8       31
 2230.000000      962      962        1        0      962        0      764      763      120     2015        0       10       30
 2231.000000      988      988        1        0      988        0      760      760      120     2043        1        9       30
 2232.000000      989      989        1        0      989        0      766      765      110     2044        1       11       28
 2233.000000      981      981        1        0      981        0      754      754      115     2038        1        9       30
 2234.000000      998      998        1        0      998        0      765      763      116     2004        1       10       29
 2235.000000      985      985        1        0      985        0      766      764      118     2048        0       12       28
 2236.000000      992      992        1        0      992        0      769      769      112     2071        1       13       26
 2237.000000      993      993        1        0      993        0      768      766      108     2059        1       13       26
 2238.000000      987      987        1        0      987        0      762      761      114     2060        1       12       27
 2239.000000      985      985        1        0      985        0      770      768      112     2043        0       12       28
 2240.000000      982      982        1        0      982        0      768      765      115     2023        0       11       29
 2241.000000      985      985        1        0      985        0      767      766      111     2028        1       11       28
 2242.000000      985      985        1        0      985        0      783      781      101     2013        0       13       27
 2243.000000      987      987        1        0      987        0      780      780      102     2012        0       12       28
 2244.000000      978      978        1        0      978        0      755      753      108     2010        0       12       28
 2245.000000      974      974        1        0      974        0      757      756      108     2027        0       12       28
 2246.000000      967      967        1        0      967        0      745      743      120     2020        0       13       27
 2247.000000      971      971        1        0      971        0      764      760       99     2001        0       12       28
 2248.000000      975      975        1        0      975        0      756      755      101     2001        0       12       28
 2249.000000      970      970        1        0      970        0      764      762       96     2001        0       11       29
 2250.000000      976      976        1        0      976        0      747      746      117     2020        0       12       28
 2251.000000      972      972        1        0      972        0      743      741      113     2010        0       12       28
 2252.000000      989      989        1        0      989        0      751      750      102     2040        1       12       27
 2253.000000      982      982        1        0      982        0      751      749      100     2025        0       13       27
 2254.000000      974      974        1        0      974        0      769      767       93     1989        0       12       28
 2255.000000      986      986        1        0      986        0      754      753      109     2004        0       13       27
 2256.000000      981      981        1        0      981        0      748      747      107     2002        0       12       28
 2257.000000      977      977        1        0      977        0      741      739      117     2038        0       12       28
 2258.000000      969      969        1        0      969        0      756      754       93     2001        0       13       27
 2259.000000      975      975        1        0      975        0      766      765       96     1958        0       11       29
 2260.000000      970      970        1        0      970        0      750      749      104     1992        0       12       28
 2261.000000      977      977        1        0      977        0      746      744      115     2002        0       12       28
 2262.000000      973      973        1        0      973        0      752      751      111     1985        0       12       28
 2263.000000      991      991        1        0      991        0      756      754       99     1978        1       12       27
 2264.000000      986      986        1        0      986        0      748      748      103     2008        0       13       27
 2265.000000      981      981        1        0      981        0      752      751      110     1993        0       12       28
 2266.000000      977      977        1        0      977        0      745      745      124     2035        0       12       28
 2267.000000      959      959        1        0      959        0      739      736      116     2053        0       11       29
 2268.000000      976      976        1        0      976        0      734      733      118     2000        0       12       28
 2269.000000      964      964        1        0      964        0      738      735      117     2007        0       11       29
 2270.000000      984      984        1        0      984        0      741      739      106     1969        0       13       27
 2271.000000      963      963        1        0      963        0      756      754      103     1966        0       13       27
 2272.000000      978      978        1        0      978        0      744      744      109     2030        0       13       27
 2273.000000      963      963        1        0      963        0      738      738      120     1988        0       12       28
 2274.000000      974      974        1        0      974        0      745      743      112     2042        1       14       25
 2275.000000      982      982        1        0      982        0      744      742      120     2032        0       13       27
 2276.000000      992      992        1        0      992        0      746      746      110     1997        1       13       26
 2277.000000      986      986        1        0      986        0      744      742      108     2024        0       13       27
 2278.000000     1011     1011        1        0     1011        0      755      755      104     1999        0       18       22
 2279.000000      970      970        1        0      970        0      739      737      116     1984        0       13       27
 2280.000000      972      972        1        0      972        0      761      760      102     2023        0       12       28
 2281.000000      983      971        2        0      983        0      750      749      113     2028        0       13       27
 2282.000000      999      999        1        0      999        0      752      750      113     1999        0       15       25
 2283.000000      983      983        1        0      983        0      730      730      114     2010        0       12       28
 2284.000000      981      981        1        0      981        0      749      749      111     2003        0       15       25
 2285.000000      969      969        1        0      969        0      743      741      105     2015        1       10       29
 2286.000000      989      989        1        0      989        0      740      739      113     2002        0       13       27
 2287.000000      980      980        1        0      980        0      743      743      113     2041        1       11       28
 2288.000000      967      967        1        0      967        0      749      747      103     2005        0       12       28
 2289.000000      987      987        1        0      987        0      747      745      113     2004        0       15       25
 2290.000000      973      973        1        0      973        0      743      741      115     2000        0       12       28
 2291.000000      968      968        1        0      968        0      730      728      114     1998        0       12       28
 2292.000000      993      993        1        0      993        0      736      733      114     2005        0       13       27
 2293.000000      968      968        1        0      968        0      743      740      117     1971        0       12       28
 2294.000000      976      976        1        0      976        0      752      750      115     2021        0       11       29
 2295.000000      972      972        1        0      972        0      750      749      111     1984        0       12       28
 2296.000000      975      975        1        0      975        0      731      727      120     1984        1       12       27
 2297.000000      980      980        1        0      980        0      745      742      110     2009        1       12       27
 2298.000000      974      974        1        0      974        0      744      744      111     1997        0       12       28
 2299.000000      974      974        1        0      974        0      740      739      115     1987        0       12       28
 2300.000000      975      975        1        0      975        0      753      752      107     2021        0       13       27
 2301.000000      957      957        1        0      957        0      738      737      110     1970        0       13       27
 2302.000000      952      952        1        0      952        0      736      735      113     1969        0       11       29
 2303.000000      966      966        1        0      966        0      753      751      100     1993        0       12       28
 2304.000000      948      948        1        0      948        0      750      748      106     1987        0       12       28
 2305.000000      964      964        1        0      964        0      743      741      102     1996        0       11       29
 2306.000000      959      959        1        0      959        0      749      749      106     2006        0       12       28
 2307.000000      955      955        1        0      955        0      748      745      107     2021        0       12       28
 2308.000000      960      960        1        0      960        0      750      747      109     2027        0       12       28
 2309.000000      970      970        1        0      970        0      744      743      111     2012        1       11       28
 2310.000000      988      988        1        0      988        0      756      756      103     2011        0       12       28
 2311.000000      969      969        1        0      969        0      745      742      110     2024        0       13       27
 2312.000000      970      970        1        0      970        0      759      757      101     1985        0       12       28
 2313.000000      968      968        1        0      968        0      748      747      113     2016        0       13       27
 2314.000000      985      985        1        0      985        0      751      748      109     2032        0       13       27
 2315.000000      969      969        1        0      969        0      733      731      112     1989        0       14       26
 2316.000000      974      974        1        0      974        0      746      744      108     2023        0       11       29
 2317.000000      973      973        1        0      973        0      756      755      108     1973        0       12       28
 2318.000000      979      979        1        0      979        0      750      749      114     2014        0       14       26
 2319.000000      990      990        1        0      990        0      756      752      107     1999        0       14       26
 2320.000000      979      979        1        0      979        0      739      737      117     1990        0       14       26
 2321.000000      963      963        1        0      963        0      755      752      101     2003        0       12       28
 2322.000000      955      955        1        0      955        0      755      753      109     1998        0       12       28
 2323.000000      966      966        1        0      966        0      744      741      121     2000        1       12       27
 2324.000000      962      962        1        0      962        0      739      739      117     1997        1       11       28
 2325.000000      980      980        1        0      980        0      749      749      118     1986        0       14       26
 2326.000000      984      984        1        0      984        0      741      741      108     2018        1       12       27
 2327.000000      963      963        1        0      963        0      750      746      116     1989        0       12       28
 2328.000000      961      961        1        0      961        0      742      741      105     1974        1       10       29
 2329.000000      969      969        1        0      969        0      740      738      110     1989        0       13       27
 2330.000000      969      969        1        0      969        0      741      740      100     1967        0       14       26
 2331.000000      992      992        1        0      992        0      738      737      110     2004        1       14       25
 2332.000000      982      982        1        0      982        0      730      730      115     2003        0       14       26
 2333.000000      958      958        1        0      958        0      738      734      114     1986        0       12       28
 2334.000000      965      965        1        0      965        0      739      739      115     2027        1       10       29
 2335.000000      977      977        1        0      977        0      764      764      100     2011        1       11       28
 2336.000000      979      979        1        0      979        0      757      757      116     2000        0       13       27
 2337.000000      965      965        1        0      965        0      751      751      109     1971        1        9       30
 2338.000000      964      964        1        0      964        0      744      743      109     1964        1        9       30
 2339.000000      961      961        1        0      961        0      750      749      107     1986        1       10       29
 2340.000000      962      962        1        0      962        0      751      750      105     2025        0       12       28
 2341.000000      955      955        1        0      955        0      747      746      111     1972        1       11       28
 2342.000000      979      979        1        0      979        0      744      744      115     1988        1       13       26
 2343.000000      958      958        1        0      958        0      743      741      122     1988        0       14       26
 2344.000000      954      954        1        0      954        0      744      744      114     1951        0       12       28
 2345.000000      958      958        1        0      958        0      742      740      113     1978        1       13       26
 2346.000000      960      960        1        0      960        0      759      759       99     1988        0       12       28
 2347.000000      967      967        1        0      967        0      751      749      115     1990        1       14       25
 2348.000000      960      960        1        0      960        0      747      747      105     1984        0       13       27
 2349.000000      955      955        1        0      955        0      751      749      112     2007        0       15       25
 2350.000000      956      956        1        0      956        0      748      743      103     2023        0       15       25
 2351.000000      959      959        1        0      959        0      750      750      109     1977        0       13       27
 2352.000000      968      968        1        0      968        0      752      751      104     1982        1       13       26
 2353.000000      957      957        1        0      957        0      741      740      111     2007        0       13       27
 2354.000000      958      958        1        0      958        0      747      747      111     1973        0       13       27
 2355.000000      959      959        1        0      959        0      756      755      109     2002        0       13       27
 2356.000000      968      968        1        0      968        0      755      754      102     1972        1       13       26
 2357.000000      960      960        1        0      960        0      742      741      112     1959        0       14       26
 2358.000000      967      967        1        0      967        0      741      741      111     1960        0       13       27
 2359.000000      956      956        1        0      956        0      751      747      101     1974        0       11       29
 2360.000000      971      971        1        0      971        0      747      747      101     2000        0       14       26
 2361.000000      965      965        1        0      965        0      745      742      113     1966        0       13       27
 2362.000000      950      950        1        0      950        0      740      739      105     2007        0       13       27
 2363.000000      952      952        1        0      952        0      749      748       99     2012        0       11       29
 2364.000000      956      956        1        0      956        0      739      737      108     2043        0       12       28
 2365.000000      951      951        1        0      951        0      740      739      112     2022        1       12       27
 2366.000000      969      969        1        0      969        0      744      743       94     2005        0       10       30
 2367.000000      951      951        1        0      951        0      741      740      108     1984        0       12       28
 2368.000000      943      943        1        0      943        0      736      734      115     1952        0       10       30
 2369.000000      954      954        1        0      954        0      737      737      109     1990        0       14       26
 2370.000000      969      969        1        0      969        0      742      740      120     2043        0       14       26
 2371.000000      950      950        1        0      950        0      737      737      111     2024        0       11       29
 2372.000000      944      944        1        0      944        0      739      739      114     2022        0       11       29
 2373.000000      957      957        1        0      957        0      751      751      112     2006        1       11       28
 2374.000000      965      965        1        0      965        0      749      748      110     2032        1       10       29
 2375.000000      970      970        1        0      970        0      743      742      109     2024        0       12       28
 2376.000000      967      967        1        0      967        0      748      746      112     2019        1       13       26
 2377.000000      954      954        1        0      954        0      739      736      114     2001        1       11       28
 2378.000000      980      980        1        0      980        0      747      746      100     2016        0       14       26
 2379.000000      963      963        1        0      963        0      747      746      109     1975        0       12       28
 2380.000000      961      961        1        0      961        0      750      749      108     1974        0       12       28
 2381.000000      940      940        1        0      940        0      743      742      106     1982        0       12       28
 2382.000000      962      962        1        0      962        0      740      740      113     2020        0       12       28
 2383.000000      954      954        1        0      954        0      741      739      117     1977        0       13       27
 2384.000000      961      961        1        0      961        0      752      752      102     1974        0       11       29
 2385.000000      950      950        1        0      950        0      753      753      110     1975        1       11       28
 2386.000000      973      973        1        0      973        0      751      749      106     2021        1       11       28
 2387.000000      961      961        1        0      961        0      746      745      112     1967        1       11       28
 2388.000000      950      950        1        0      950        0      741      740      117     1989        0       12       28
 2389.000000      953      953        1        0      953        0      741      739      114     1986        1       11       28
 2390.000000      955      955        1        0      955        0      736      735      120     1985        0       12       28
 2391.000000      963      963        1        0      963        0      742      740      113     1985        1       11       28
 2392.000000      957      957        1        0      957        0      763      760      104     1992        0       12       28
 2393.000000      956      956        1        0      956        0      742      739      104     1983        1       10       29
 2394.000000      954      954        1        0      954        0      740      737      125     2019        0       12       28
 2395.000000      945      945        1        0      945        0      733      732      120     1983        0       12       28
 2396.000000      955      955        1        0      955        0      737      734      115     2010        1       11       28
 2397.000000      945      945        1        0      945        0      723      721      126     1977        0       12       28
 2398.000000      965      965        1        0      965        0      742      740      123     1980        1       12       27
 2399.000000      946      946        1        0      946        0      736      736      109     1989        1       13       26
 2400.000000      947      947        1        0      947        0      732      730      121     1995        0       12       28
 2401.000000      960      960        1        0      960        0      742      742      115     1997        1       11       28
 2402.000000      959      959        1        0      959        0      741      739      121     1967        0       12       28
 2403.000000      957      957        1        0      957        0      723      721      124     2025        1       12       27
 2404.000000      981      981        1        0      981        0      734      732      126     2002        1       13       26
 2405.000000      966      966        1       14      952        0      727      727      130     1938        0       13       27
 2406.000000      968      954        2       14      954        0      739      738      113     1962        1       12       27
 2407.000000      983      983        1       14      969        0      734      732      119     1969        2       13       25
 2408.000000      967      953        2       14      953        0      708      706      135     1979        1       13       26
 2409.000000      965      951        2       14      951        0      747      746      113     1981        0       13       27
 2410.000000      956      956        1        0      956        0      739      738      123     1967        1       13       26
 2411.000000      970      956        2       14      956        0      731      729      122     1977        0       13       27
 2412.000000      962      962        1       14      948        0      745      745      110     1960        0       13       27
 2413.000000      950      950        1        0      950        0      758      756      112     1971        1       10       29
 2414.000000      960      960        1        0      960        0      760      754      109     2020        1       10       29
 2415.000000      963      949        2       14      949        0      745      744      114     1995        0       12       28
 2416.000000      978      978        1       14      964        0      741      740      116     1972        0       13       27
 2417.000000      979      964        2       15      964        0      736      734      120     1982        0       16       24
 2418.000000      951      951        1        0      951        0      750      749      112     2007        0       10       30
 2419.000000      946      946        1        0      946        0      748      747      107     1985        1       10       29
 2420.000000      961      961        1        0      961        0      745      744      124     2005        1       10       29
 2421.000000      980      980        1       14      966        0      759      756      108     1992        0       14       26
 2422.000000      960      960        1        0      960        0      744      741      125     2019        0       11       29
 2423.000000      947      947        1        0      947        0      769      767      121     2017        1       11       28
 2424.000000      955      955        1        0      955        0      755      752      114     2007        0       10       30
 2425.000000      951      951        1        0      951        0      757      756      117     2021        1        9       30
 2426.000000      993      993        1       13      979        1      734      733      127     2002        2       15       23
 2427.000000      974      974        1       14      960        0      744      744      126     1994        0       13       27
 2428.000000      978      978        1       13      964        1      743      741      115     2005        0       13       27
 2429.000000      989      975        2       14      975        0      747      743      115     2017        1       11       28
 2430.000000      990      990        1       13      976        1      744      742      111     2007        1       13       26
 2431.000000      978      964        2       14      964        0      742      741      116     2015        1       13       26
 2432.000000      977      963        2       14      963        0      768      767      110     1990        0       15       25
 2433.000000      989      975        2       14      975        0      758      755      109     2006        0       14       26
 2434.000000     1004      990        2       14      990        0      767      766      110     2007        1       15       24
 2435.000000      982      968        2       14      968        0      760      760      118     2016        0       13       27
 2436.000000     1011      997        2       14      997        0      761      759      111     2000        1       19       20
 2437.000000      984      984        1       14      970        0      762      761      115     1997        0       12       28
 2438.000000      986      972        2       14      972        0      779      779      100     2006        0       15       25
 2439.000000      985      985        1       14      971        0      755      753      112     2016        0       15       25
 2440.000000      981      967        2       14      967        0      754      752      108     1993        0       14       26
 2441.000000      999      985        2       14      985        0      756      756      115     2018        0       16       24
 2442.000000      967      967        1        0      967        0      746      743      105     1973        0       12       28
 2443.000000      983      969        2       14      969        0      744      740      117     1977        0       15       25
 2444.000000      993      979        2       14      979        0      760      758      104     1992        0       16       24
 2445.000000      955      955        1        0      955        0      759      759      104     2006        0       11       29
 2446.000000      964      964        1        0      964        0      772      769      112     1983        1       10       29
 2447.000000      960      960        1        0      960        0      752      751      113     1995        0       11       29
 2448.000000      975      975        1        0      975        0      748      748      116     2009        0       13       27
 2449.000000      970      970        1        0      970        0      744      739      129     1974        0       13       27
 2450.000000      973      973        1        0      973        0      748      744      117     2003        0       14       26
 2451.000000      977      977        1        0      977        0      753      750      118     2005        1       12       27
 2452.000000      971      971        1        0      971        0      757      756      115     2030        1       12       27
 2453.000000      963      963        1        0      963        0      737      736      114     2021        0       13       27
 2454.000000      969      969        1        0      969        0      777      774      116     2016        1       11       28
 2455.000000      961      961        1        0      961        0      764      764      108     2010        0       12       28
 2456.000000      964      964        1        0      964        0      747      741      116     2011        0       11       29
 2457.000000      961      961        1        0      961        0      746      744      123     1990        0       14       26
 2458.000000      975      975        1        0      975        0      763      761      126     2009        1       11       28
 2459.000000      961      961        1        0      961        0      766      765       98     2000        1       12       27
 2460.000000      962      962        1        0      962        0      751      749      110     2008        0       13       27
 2461.000000      969      969        1        0      969        0      754      753      116     2011        0       12       28
 2462.000000      984      984        1        0      984        0      752      752      111     2009        1       14       25
 2463.000000      989      989        1        0      989        0      747      744      112     2052        0       14       26
 2464.000000      992      992        1        0      992        0      732      727      134     2008        1       13       26
 2465.000000      986      986        1        0      986        0      757      754      119     2008        0       13       27
 2466.000000      980      980        1        0      980        0      759      758      114     2025        1       13       26
 2467.000000      987      987        1        0      987        0      768      765      113     2039        0       14       26
 2468.000000      978      978        1        0      978        0      755      750      130     2011        0       12       28
 2469.000000      989      977        2        0      989        0      765      764      108     2028        0       14       26
 2470.000000      982      982        1        0      982        0      754      752      115     2008        1       12       27
 2471.000000      978      978        1        0      978        0      752      750      112     2026        0       12       28
 2472.000000      992      992        1        0      992        0      762      760      118     2032        1       13       26
 2473.000000     1011     1011        1        0     1011        0      754      754      121     2034        2       13       25
 2474.000000      998      998        1        0      998        0      755      751      115     2025        0       13       27
 2475.000000      991      991        1        0      991        0      751      746      122     2054        1       11       28
 2476.000000     1007      995        2        0     1007        0      768      767      114     2011        0       16       24
 2477.000000     1010     1010        1        0     1010        0      769      767      115     2068        0       15       25
 2478.000000     1009     1009        1        0     1009        0      766      764      119     2033        1       14       25
 2479.000000      995      995        1        0      995        0      758      754      120     2023        0       13       27
 2480.000000      984      984        1        0      984        0      759      754      126     2027        1       12       27
 2481.000000      998      998        1        0      998        0      761      758      117     2030        1       14       25
 2482.000000      996      996        1        0      996        0      755      752      117     2057        0       14       26
 2483.000000     1003     1003        1        0     1003        0      767      766      111     2044        1       15       24
 2484.000000      998      998        1        0      998        0      781      781      106     2038        1       14       25
 2485.000000     1001     1001        1        0     1001        0      764      763      113     2036        0       15       25
 2486.000000     1010     1010        1        0     1010        0      764      764      116     2051        1       14       25
 2487.000000      997      997        1        0      997        0      753      750      109     2066        0       14       26
 2488.000000      977      977        1        0      977        0      756      755      118     2058        0       13       27
 2489.000000      994      994        1        0      994        0      765      764      103     2060        0       14       26
 2490.000000     1004     1004        1        0     1004        0      769      767      105     2054        0       14       26
 2491.000000      995      995        1        0      995        0      767      765      107     2049        0       14       26
 2492.000000     1006     1006        1        0     1006        0      778      777      106     2080        1       15       24
 2493.000000     1006     1006        1        0     1006        0      761      761      106     2053        0       15       25
 2494.000000      993      993        1        0      993        0      775      772      106     2042        1       13       26
 2495.000000      997      997        1        0      997        0      779      777      101     2015        0       14       26
 2496.000000     1007     1007        1        0     1007        0      767      767      102     2077        0       15       25
 2497.000000      987      987        1        0      987        0      753      751      127     2090        1       13       26
 2498.000000     1020     1020        1        0     1020        0      770      769      110     2069        1       14       25
 2499.000000      997      997        1        0      997        0      765      760      118     2059        1       13       26
 2500.000000     1000     1000        1        0     1000        0      774      769      122     2080        1       12       27
 2501.000000     1003     1003        1        0     1003        0      787      784      110     2080        1       14       25
 2502.000000     1012     1012        1        0     1012        0      791      790       99     2051        0       17       23
 2503.000000     1011     1011        1        0     1011        0      772      770      108     2065        1       14       25
 2504.000000      998      998        1        0      998        0      769      767      112     2035        0       14       26
 2505.000000     1016     1016        1        0     1016        0      773      771      112     2055        1       14       25
 2506.000000     1014     1014        1        0     1014        0      786      783      102     2056        1       16       23
 2507.000000      991      991        1        0      991        0      755      754      123     2072        0       13       27
 2508.000000     1017     1017        1        0     1017        0      779      779      109     2058        2       14       24
 2509.000000     1017     1017        1        0     1017        0      758      756      113     2075        0       16       24
 2510.000000      999      999        1        0      999        0      765      763      118     2060        0       13       27
 2511.000000      988      988        1        0      988        0      767      765      112     2023        0       14       26
 2512.000000     1007     1007        1        0     1007        0      741      737      124     2024        2       12       26
 2513.000000      990      990        1        0      990        0      749      748      120     2050        0       14       26
 2514.000000      989      989        1        0      989        0      758      753      120     2049        0       15       25
 2515.000000     1001     1001        1        0     1001        0      763      759      110     2039        0       15       25
 2516.000000     1000     1000        1        0     1000        0      760      760      105     2030        0       15       25
 2517.000000      983      983        1        0      983        0      763      761      112     2028        1       12       27
 2518.000000      997      997        1        0      997        0      747      743      118     2018        0       15       25
 2519.000000      994      994        1        0      994        0      749      744      114     2041        1       14       25
 2520.000000      987      987        1        0      987        0      760      755      106     2022        1       11       28
 2521.000000      989      989        1        0      989        0      758      754      122     1999        0       15       25
 2522.000000      974      974        1        0      974        0      760      755      114     2023        1       12       27
 2523.000000      973      973        1        0      973        0      761      760      110     2038        0       13       27
 2524.000000      977      977        1        0      977        0      763      760      111     2002        0       13       27
 2525.000000      967      967        1        0      967        0      750      747      108     2015        0       13       27
 2526.000000      965      965        1        0      965        0      758      753      108     2043        1       12       27
 2527.000000      991      991        1        0      991        0      763      760      115     2042        1       16       23
 2528.000000      992      992        1        0      992        0      767      764      117     2034        0       13       27
 2529.000000      977      977        1        0      977        0      751      749      110     2008        0       14       26
 2530.000000      963      963        1        0      963        0      752      749      109     1992        0       12       28
 2531.000000      984      984        1        0      984        0      749      747      111     2058        1       13       26
 2532.000000      979      979        1        0      979        0      759      757      116     2006        1       11       28
 2533.000000      980      980        1        0      980        0      745      740      113     2018        1       12       27
 2534.000000      968      968        1        0      968        0      750      746      112     1997        1       11       28
 2535.000000      996      996        1        0      996        0      757      756      112     1987        0       14       26
 2536.000000      979      979        1        0      979        0      756      753      116     2025        1       13       26
 2537.000000      975      975        1        0      975        0      757      754      113     2025        0       12       28
 2538.000000      990      990        1        0      990        0      765      763       96     2002        1       11       28
 2539.000000      987      987        1        0      987        0      758      755      116     2014        0       12       28
 2540.000000      964      964        1        0      964        0      746      742      119     2025        0       14       26
 2541.000000      994      994        1        0      994        0      758      755      117     2005        0       13       27
 2542.000000      976      976        1        0      976        0      749      746      118     2010        1       11       28
 2543.000000      974      974        1        0      974        0      746      744      109     1988        0       14       26
 2544.000000      998      998        1        0      998        0      751      745      108     2007        0       12       28
 2545.000000      985      985        1        0      985        0      747      744      123     2036        0       14       26
 2546.000000      996      996        1        0      996        0      757      755      121     1983        1       13       26
 2547.000000      995      995        1        0      995        0      747      745      116     2037        1       11       28
 2548.000000      984      984        1        0      984        0      765      763      108     2025        0       12       28
 2549.000000      993      993        1        0      993        0      754      752      111     2045        1       12       27
 2550.000000      995      995        1        0      995        0      763      757      106     2030        2       11       27
 2551.000000     1001     1001        1        0     1001        0      763      760      111     2026        0       14       26
 2552.000000      983      983        1        0      983        0      771      768      102     2016        1       11       28
 2553.000000      981      981        1        0      981        0      757      755      112     2023        1       11       28
 2554.000000     1003     1003        1        0     1003        0      748      745      124     2056        1       14       25
 2555.000000      985      985        1        0      985        0      750      748      110     2039        0       11       29
 2556.000000      993      993        1        0      993        0      758      753      121     2022        1       13       26
 2557.000000      995      995        1        0      995        0      763      760      116     2033        0       13       27
 2558.000000      994      994        1        0      994        0      752      750      119     2023        1       13       26
 2559.000000      984      984        1        0      984        0      740      738      120     2008        1       12       27
 2560.000000      998      998        1        0      998        0      757      756      108     2009        1       14       25
 2561.000000      993      993        1        0      993        0      737      734      128     2013        0       13       27
 2562.000000      974      974        1        0      974        0      749      744      109     1981        0       11       29
 2563.000000      997      997        1        0      997        0      747      746      121     1997        0       15       25
 2564.000000      998      998        1        0      998        0      747      746      118     2009        2       13       25
 2565.000000      998      998        1        0      998        0      739      737      116     1989        0       15       25
 2566.000000      981      981        1        0      981        0      761      758      101     2010        0       14       26
 2567.000000     1000     1000        1        0     1000        0      763      762      100     2014        0       17       23
 2568.000000      971      971        1        0      971        0      758      753      106     2037        0       13       27
 2569.000000      982      982        1        0      982        0      741      738      116     2064        0       12       28
 2570.000000      991      991        1        0      991        0      753      753      105     2025        0       15       25
 2571.000000      981      981        1        0      981        0      733      729      115     2055        0       13       27
 2572.000000      999      985        2       14      985        0      758      757      107     2001        0       15       25
 2573.000000      999      985        2       14      985        0      751      748      117     2022        1       12       27
 2574.000000      985      985        1        0      985        0      754      749      110     2028        0       13       27
 2575.000000      979      979        1        0      979        0      740      735      105     2006        0       13       27
 2576.000000      994      994        1        0      994        0      745      742      114     2002        0       12       28
 2577.000000      993      993        1        0      993        0      721      719      123     2030        0       12       28
 2578.000000     1004     1004        1        0     1004        0      744      743      111     2031        2       14       24
 2579.000000      967      967        1        0      967        0      752      752      109     2026        0       13       27
 2580.000000      995      995        1        0      995        0      743      737      108     2031        1       13       26
 2581.000000      975      975        1        0      975        0      757      751      112     2015        0       12       28
 2582.000000      972      972        1        0      972        0      753      750       88     1991        1       13       26
 2583.000000      987      987        1        0      987        0      745      743      113     2013        0       16       24
 2584.000000      985      985        1        0      985        0      759      755      113     1996        2       12       26
 2585.000000      981      981        1        0      981        0      748      746      111     2009        0       12       28
 2586.000000      952      952        1        0      952        0      748      746      105     2012        0       11       29
 2587.000000      998      998        1        0      998        0      756      756      101     2046        0       15       25
 2588.000000      987      967        2        0      987        0      757      756      104     2004        1       13       26
 2589.000000      983      963        2        0      983        0      742      741      110     2014        0       13       27
 2590.000000      989      970        2        0      989        0      743      740      105     2035        0       13       27
 2591.000000      964      964        1        0      964        0      746      744      107     1994        0       11       29
 2592.000000      964      964        1        0      964        0      750      747      114     1990        0       11       29
 2593.000000      973      973        1        0      973        0      737      733      126     2008        0       12       28
 2594.000000      990      971        2        0      990        0      734      732      127     1974        1       14       25
 2595.000000      968      968        1        0      968        0      733      731      108     1985        0       13       27
 2596.000000      970      970        1        0      970        0      737      736      106     2059        0       12       28
 2597.000000      975      962        2        0      975        0      739      738      105     1991        1       12       27
 2598.000000      969      969        1        0      969        0      733      732      118     1997        0       12       28
 2599.000000      960      960        1        0      960        0      740      739      104     1960        0       12       28
 2600.000000      979      979        1        0      979        0      738      737      113     1999        0       14       26
 2601.000000      967      967        1        0      967        0      732      732      114     1997        0       13       27
 2602.000000      957      957        1        0      957        0      740      736      121     1990        0       12       28
 2603.000000      966      966        1        0      966        0      736      735      113     1995        1       12       27
 2604.000000      967      967        1        0      967        0      756      753      109     2016        0       12       28
 2605.000000      972      972        1        0      972        0      748      746      106     1979        2       10       28
 2606.000000      964      964        1        0      964        0      757      754      110     1995        0       13       27
 2607.000000      982      982        1        0      982        0      747      743      120     2016        0       14       26
 2608.000000      984      984        1        0      984        0      731      727      114     1979        1       15       24
 2609.000000      995      995        1        0      995        0      723      720      116     1996        0       17       23
 2610.000000      995      995        1        0      995        0      748      746      107     1978        0       16       24
 2611.000000      973      973        1        0      973        0      754      751      101     2013        0       15       25
 2612.000000      980      980        1        0      980        0      753      751      118     2056        0       13       27
 2613.000000      969      969        1        0      969        0      737      733      115     2003        0       12       28
 2614.000000      974      974        1        0      974        0      746      743      105     2009        0       15       25
 2615.000000      979      979        1        0      979        0      755      752      110     2000        0       15       25
 2616.000000      970      970        1        0      970        0      755      752      107     1981        0       13       27
 2617.000000      964      964        1        0      964        0      741      739      114     2016        0       13       27
 2618.000000      950      950        1        0      950        0      735      731      109     1997        0       12       28
 2619.000000      971      971        1        0      971        0      742      740      100     2021        0       14       26
 2620.000000      988      988        1        0      988        0      743      741      111     2035        0       13       27
 2621.000000      951      951        1        0      951        0      723      719      114     2026        0       11       29
 2622.000000      948      948        1        0      948        0      746      744      104     1999        0       12       28
 2623.000000      965      965        1        0      965        0      739      737      121     1979        2       12       26
 2624.000000      965      965        1        0      965        0      749      747      105     2025        0       11       29
 2625.000000      968      968        1        0      968        0      745      743      118     2027        0       14       26
 2626.000000      958      958        1        0      958        0      733      732      114     1985        0       12       28
 2627.000000      958      958        1        0      958        0      739      737      107     2018        0       11       29
 2628.000000      963      963        1        0      963        0      749      747      110     2057        0       12       28
 2629.000000      962      962        1        0      962        0      733      731      126     2026        0       12       28
 2630.000000      963      963        1        0      963        0      744      742       96     2010        1       11       28
 2631.000000      961      961        1        0      961        0      743      740      111     2028        0       13       27
 2632.000000      978      978        1        0      978        0      736      732      116     2001        0       15       25
 2633.000000      972      972        1        0      972        0      729      727      130     1978        0       14       26
 2634.000000      980      980        1        0      980        0      741      738      114     2018        0       16       24
 2635.000000      971      971        1        0      971        0      745      744      105     2007        0       14       26
 2636.000000      982      982        1        0      982        0      753      751      107     2006        0       15       25
 2637.000000      983      983        1        0      983        0      746      745      109     2015        0       15       25
 2638.000000      975      975        1        0      975        0      753      750       95     2023        0       15       25
 2639.000000      979      979        1        0      979        0      750      747      108     2040        0       15       25
 2640.000000      950      950        1        0      950        0      734      731      107     1999        0       11       29
 2641.000000      967      967        1        0      967        0      735      734      115     2022        0       15       25
 2642.000000      974      974        1        0      974        0      755      752      115     2018        0       16       24
 2643.000000      961      961        1        0      961        0      754      750      105     2028        0       14       26
 2644.000000      958      958        1        0      958        0      744      742      112     1996        0       14       26
 2645.000000      977      977        1        0      977        0      752      751      101     2017        0       14       26
 2646.000000      982      982        1        0      982        0      743      740      109     2017        0       16       24
 2647.000000      970      970        1        0      970        0      738      736      122     2046        0       14       26
 2648.000000      965      965        1        0      965        0      749      748      105     2014        0       14       26
 2649.000000      970      970        1        0      970        0      732      731      124     2006        1       15       24
 2650.000000      963      963        1        0      963        0      739      736      117     2026        0       14       26
 2651.000000      954      954        1        0      954        0      735      734      111     2008        0       11       29
 2652.000000      961      961        1        0      961        0      729      728      118     2008        0       14       26
 2653.000000      965      965        1        0      965        0      739      738      115     1991        0       11       29
 2654.000000      944      944        1        0      944        0      743      740      110     2009        0       11       29
 2655.000000      946      946        1        0      946        0      742      737      112     2002        0       14       26
 2656.000000      943      943        1        0      943        0      731      727      111     2016        0       12       28
 2657.000000      944      944        1        0      944        0      731      728      117     2012        0       15       25
 2658.000000      932      932        1        0      932        0      730      724      128     2008        0       11       29
 2659.000000      935      935        1        0      935        0      748      747      107     2004        0       12       28
 2660.000000      934      934        1        0      934        0      748      745      108     2006        0       12       28
 2661.000000      927      927        1        0      927        0      749      745      106     1994        0       12       28
 2662.000000      959      959        1        0      959        0      744      744      101     2041        0       13       27
 2663.000000      935      935        1        0      935        0      745      745      102     2001        0       12       28
 2664.000000      949      949        1        0      949        0      741      739      104     2006        0       12       28
 2665.000000      961      961        1        0      961        0      744      742      111     2030        0       14       26
 2666.000000      946      946        1        0      946        0      750      749      104     2007        0       13       27
 2667.000000      954      954        1        0      954        0      760      760      101     2004        0       13       27
 2668.000000      951      951        1        0      951        0      748      748      103     1988        0       13       27
 2669.000000      946      946        1        0      946        0      752      752       98     2037        0       12       28
 2670.000000      955      955        1        0      955        0      770      768       94     2020        0       15       25
 2671.000000      953      953        1        0      953        0      764      762      102     2049        0       15       25
 2672.000000      962      962        1        0      962        0      765      762       97     2040        0       14       26
 2673.000000      946      946        1        0      946        0      755      754       97     2019        0       11       29
 2674.000000      942      942        1        0      942        0      761      761       91     2000        0       11       29
 2675.000000      950      950        1        0      950        0      751      748      100     2036        0       12       28
 2676.000000      945      945        1        0      945        0      751      750      101     2028        0       13       27
 2677.000000      940      940        1        0      940        0      749      749      105     2041        0       12       28
 2678.000000      939      939        1        0      939        0      754      752      108     2017        0       11       29
 2679.000000      953      953        1        0      953        0      752      752      108     2017        0       11       29
 2680.000000      951      951        1        0      951        0      752      751      113     2020        0       10       30
 2681.000000      943      943        1        0      943        0      754      752      114     2025        0       10       30
 2682.000000      943      943        1        0      943        0      753      753      107     2025        0       11       29
 2683.000000      964      964        1        0      964        0      746      744      118     2016        2       12       26
 2684.000000      974      974        1        0      974        0      747      745      107     2042        0       15       25
 2685.000000      960      960        1        0      960        0      749      748      111     2016        0       12       28
 2686.000000      955      955        1        0      955        0      755      751      105     2032        0       14       26
 2687.000000      961      961        1        0      961        0      749      747      104     2028        1       14       25
 2688.000000      949      949        1        0      949        0      746      746       94     2010        0       11       29
 2689.000000      950      950        1        0      950        0      750      750      103     2028        0       11       29
 2690.000000      953      953        1        0      953        0      753      753       90     2047        0       13       27
 2691.000000      975      975        1        0      975        0      744      743       95     2030        1       13       26
 2692.000000      953      953        1        0      953        0      756      754       98     2077        0       11       29
 2693.000000      959      959        1        0      959        0      755      755      102     2050        0       12       28
 2694.000000      950      950        1        0      950        0      751      750      109     2024        0       10       30
 2695.000000      967      967        1        0      967        0      753      748      109     2029        0       11       29
 2696.000000      960      960        1        0      960        0      740      740      108     2015        0       13       27
 2697.000000      981      981        1        0      981        0      760      759       97     2010        1       14       25
 2698.000000      972      972        1        0      972        0      759      758      105     2030        1       11       28
 2699.000000      968      968        1        0      968        0      756      756      107     2049        0       12       28
 2700.000000      956      956        1        0      956        0      746      745      113     2021        0       12       28
 2701.000000      968      968        1        0      968        0      757      755      106     2068        1       14       25
 2702.000000      970      970        1        0      970        0      754      752      108     2021        0       14       26
 2703.000000      971      971        1        0      971        0      749      749      102     2042        0       14       26
 2704.000000      963      963        1        0      963        0      757      755       96     2031        0       13       27
 2705.000000      963      963        1        0      963        0      748      747      112     2017        1       10       29
 2706.000000      990      990        1        0      990        0      749      747      110     2041        1       15       24
 2707.000000      980      980        1        0      980        0      757      753      108     2053        0       15       25
 2708.000000      968      968        1        0      968        0      755      754      109     2030        0       14       26
 2709.000000      975      975        1        0      975        0      764      763      108     2036        0       13       27
 2710.000000      960      960        1        0      960        0      762      760      103     2005        0       13       27
 2711.000000      956      956        1        0      956        0      769      766       96     2036        0       13       27
 2712.000000      950      950        1        0      950        0      745      743      105     2018        0       12       28
 2713.000000      979      979        1        0      979        0      753      749      105     2017        0       15       25
 2714.000000      980      980        1        0      980        0      764      758      103     2015        0       14       26
 2715.000000      979      979        1        0      979        0      760      757      109     1998        0       13       27
 2716.000000      963      963        1        0      963        0      761      758      112     2027        0       14       26
 2717.000000      949      949        1        0      949        0      753      749      105     2013        0       10       30
 2718.000000      984      984        1        0      984        0      750      747      112     2035        0       16       24
 2719.000000      991      991        1        0      991        0      756      755      109     2050        0       15       25
 2720.000000      968      968        1        0      968        0      758      755      112     2029        0       12       28
 2721.000000      976      976        1        0      976        0      750      745      100     2072        0       14       26
 2722.000000      983      983        1        0      983        0      758      750      100     2030        0       16       24
 2723.000000      977      977        1        0      977        0      753      750      106     2020        0       14       26
 2724.000000      981      981        1        0      981        0      756      751       98     2044        0       14       26
 2725.000000      977      977        1        0      977        0      751      747      103     2043        0       15       25
 2726.000000      975      975        1        0      975        0      751      749      105     2054        0       15       25
 2727.000000      978      978        1        0      978        0      772      768      100     2043        0       13       27
 2728.000000      970      970        1        0      970        0      760      755      102     2047        0       15       25
 2729.000000      983      983        1        0      983        0      757      756      114     2028        0       16       24
 2730.000000      982      982        1        0      982        0      757      755      105     2035        0       16       24
 2731.000000      977      965        2        0      977        0      750      745      105     2033        1       14       25
 2732.000000      968      968        1        0      968        0      753      750      114     2028        0       15       25
 2733.000000      963      963        1        0      963        0      740      740      105     2038        0       12       28
 2734.000000      964      964        1        0      964        0      740      736      118     2016        0       15       25
 2735.000000      959      959        1        0      959        0      755      754       91     2035        0       14       26
 2736.000000      960      960        1        0      960        0      756      754      103     2003        0       12       28
 2737.000000      963      963        1        0      963        0      756      753      115     2040        0       15       25
 2738.000000      957      957        1        0      957        0      744      740      119     2040        0       14       26
 2739.000000      978      978        1        0      978        0      754      752      101     1996        0       18       22
 2740.000000      977      977        1        0      977        0      764      761       99     2041        0       18       22
 2741.000000      960      960        1        0      960        0      740      738      110     1992        0       15       25
 2742.000000      976      976        1        0      976        0      740      735      106     2002        0       18       22
 2743.000000      956      956        1        0      956        0      767      763      105     2005        0       12       28
 2744.000000      976      976        1        0      976        0      757      756      104     2044        1       13       26
 2745.000000      971      959        2        0      971        0      764      764       93     2038        0       12       28
 2746.000000      965      965        1        0      965        0      752      750      101     2043        0       11       29
 2747.000000      948      948        1        0      948        0      758      757       97     2005        0       12       28
 2748.000000      975      975        1        0      975        0      749      746       96     2055        0       13       27
 2749.000000      976      976        1        0      976        0      752      748      104     2004        0       13       27
 2750.000000      982      982        1        0      982        0      758      755       95     2021        1       12       27
 2751.000000      958      958        1        0      958        0      754      752       91     2021        0       12       28
 2752.000000      969      969        1        0      969        0      755      753      108     2026        0       12       28
 2753.000000      953      953        1        0      953        0      761      760      104     2001        0       12       28
 2754.000000      954      954        1        0      954        0      772      770       98     2057        0       11       29
 2755.000000      954      954        1        0      954        0      760      759      106     2039        0       12       28
 2756.000000      957      957        1        0      957        0      761      755      103     1993        0       13       27
 2757.000000      956      956        1        0      956        0      761      760       88     2021        0       12       28
 2758.000000      960      960        1        0      960        0      751      750       94     2019        0       11       29
 2759.000000      958      958        1        0      958        0      747      744      105     2032        0       13       27
 2760.000000      961      961        1        0      961        0      732      727      118     2042        0       12       28
 2761.000000      962      962        1        0      962        0      752      747      103     2017        0       13       27
 2762.000000      945      945        1        0      945        0      738      736      115     2017        0       11       29
 2763.000000      952      952        1        0      952        0      757      752      101     2028        0       12       28
 2764.000000      960      960        1        0      960        0      756      755       98     2056        0       11       29
 2765.000000      966      966        1        0      966        0      738      736      111     2012        0       12       28
 2766.000000      959      959        1        0      959        0      764      763       96     2027        0       15       25
 2767.000000      955      955        1        0      955        0      761      756       99     2004        0       13       27
 2768.000000      956      956        1        0      956        0      745      745      113     2044        0       13       27
 2769.000000      975      975        1        0      975        0      742      739      114     2014        1       14       25
 2770.000000      965      965        1        0      965        0      733      730      102     2020        0       13       27
 2771.000000      973      973        1        0      973        0      750      748       98     2044        0       12       28
 2772.000000      965      965        1        0      965        0      741      739      124     2037        0       11       29
 2773.000000      970      970        1        0      970        0      763      763       93     1997        0       11       29
 2774.000000      957      957        1        0      957        0      763      762       93     2045        0       11       29
 2775.000000      978      978        1        0      978        0      758      754       98     2017        0       13       27
 2776.000000      965      965        1        0      965        0      764      762       98     2024        0       12       28
 2777.000000      966      966        1        0      966        0      750      748      106     2000        0       12       28
 2778.000000      962      962        1        0      962        0      773      771       96     1999        0       12       28
 2779.000000      957      957        1        0      957        0      770      768       91     2013        0       10       30
 2780.000000      962      962        1        0      962        0      766      763       99     2020        0       12       28
 2781.000000      960      960        1        0      960        0      759      758       96     2003        0       11       29
 2782.000000      970      970        1        0      970        0      761      758       96     1992        0       14       26
 2783.000000      991      991        1        0      991        0      766      764       96     2021        0       14       26
 2784.000000      963      963        1        0      963        0      733      733      105     2001        0       11       29
 2785.000000      967      967        1        0      967        0      760      757       97     2008        0       13       27
 2786.000000      968      968        1        0      968        0      753      752      105     2011        0       12       28
 2787.000000      973      973        1        0      973        0      746      743      110     2000        0       13       27
 2788.000000      963      963        1        0      963        0      741      737      110     1996        0       11       29
 2789.000000      963      963        1        0      963        0      751      750       95     1992        0       13       27
 2790.000000      950      950        1        0      950        0      751      748      104     2036        0       11       29
 2791.000000      966      966        1        0      966        0      753      751      107     2016        1       12       27
 2792.000000      962      962        1        0      962        0      757      756       87     1995        0       10       30
 2793.000000      962      962        1        0      962        0      749      748      103     1991        0       11       29
 2794.000000      959      959        1        0      959        0      762      760       97     2036        0       11       29
 2795.000000      959      959        1        0      959        0      761      760       92     1988        0       11       29
 2796.000000      959      959        1        0      959        0      759      755      104     1977        0       10       30
 2797.000000      962      962        1        0      962        0      765      763       98     1990        0       10       30
 2798.000000      965      965        1        0      965        0      755      753      100     2031        0       12       28
 2799.000000      965      965        1        0      965        0      749      746      115     2007        0       11       29
 2800.000000      979      979        1        0      979        0      767      764       90     1998        0       12       28
 2801.000000      966      966        1        0      966        0      766      764      102     2041        1       10       29
 2802.000000      963      963        1        0      963        0      767      765       93     1983        0       12       28
 2803.000000      973      973        1        0      973        0      761      758      105     2012        0       11       29
 2804.000000      958      958        1        0      958        0      770      768      101     2019        0       10       30
 2805.000000      966      966        1        0      966        0      752      750      117     2027        0       12       28
 2806.000000      962      962        1        0      962        0      775      772       93     2015        0       10       30
 2807.000000      965      965        1        0      965        0      766      764       88     2022        0       12       28
 2808.000000      956      956        1        0      956        0      749      744      113     2003        0        9       31
 2809.000000      967      967        1        0      967        0      763      760       99     1995        0        9       31
 2810.000000      979      979        1        0      979        0      765      762      100     2006        1       13       26
 2811.000000      975      975        1        0      975        0      759      758       92     2020        0       13       27
 2812.000000      968      968        1        0      968        0      751      750      104     2009        0       10       30
 2813.000000      958      958        1        0      958        0      758      756      100     1996        0       11       29
 2814.000000      959      959        1        0      959        0      748      743       98     2004        0       11       29
 2815.000000      976      976        1        0      976        0      757      751       95     2006        1       11       28
 2816.000000      964      964        1        0      964        0      771      769       84     2033        0       12       28
 2817.000000      960      960        1        0      960        0      760      760       94     2026        0       13       27
 2818.000000      959      959        1        0      959        0      752      749      104     1995        0       12       28
 2819.000000      966      966        1        0      966        0      765      761       94     2005        0       14       26
 2820.000000      966      966        1        0      966        0      766      764      102     1983        0       12       28
 2821.000000      976      976        1        0      976        0      762      757      104     2009        0       12       28
 2822.000000      976      976        1        0      976        0      759      759       97     2044        0       13       27
 2823.000000      970      970        1        0      970        0      758      755      107     2051        0       12       28
 2824.000000      969      969        1        0      969        0      753      749      107     2036        0       12       28
 2825.000000      969      969        1        0      969        0      753      750      101     2036        1       11       28
 2826.000000      973      973        1        0      973        0      763      761       98     2062        1       14       25
 2827.000000      965      965        1        0      965        0      748      746      112     2016        0       14       26
 2828.000000      976      976        1        0      976        0      772      772       94     2068        0       14       26
 2829.000000      973      973        1        0      973        0      758      757      111     2052        1       11       28
 2830.000000      976      976        1        0      976        0      751      749       96     2049        1       12       27
 2831.000000      965      965        1        0      965        0      753      752       99     2037        0       13       27
 2832.000000      977      977        1        0      977        0      763      762      102     2037        0       14       26
 2833.000000      986      986        1        0      986        0      781      780       86     2018        0       15       25
 2834.000000      966      966        1        0      966        0      769      768      108     2008        0       12       28
 2835.000000      960      960        1        0      960        0      778      773      107     2026        0       13       27
 2836.000000      955      955        1        0      955        0      762      759      103     2024        0        9       31
 2837.000000      956      956        1        0      956        0      767      759      107     2024        0       10       30
 2838.000000      948      948        1        0      948        0      754      753      115     2042        0       10       30
 2839.000000      964      964        1        0      964        0      769      768      100     2055        0       12       28
 2840.000000      969      969        1        0      969        0      760      759      102     2040        0       13       27
 2841.000000      966      966        1        0      966        0      746      740      117     2046        1        9       30
 2842.000000      962      962        1        0      962        0      755      751      101     1987        1       11       28
 2843.000000      956      956        1        0      956        0      752      748      101     2058        0        9       31
 2844.000000      969      969        1        0      969        0      761      756       98     1992        0       13       27
 2845.000000      960      960        1        0      960        0      753      751      103     2006        0       10       30
 2846.000000      956      956        1        0      956        0      750      750       98     2008        0       10       30
 2847.000000      950      950        1        0      950        0      755      754      103     2000        0       12       28
 2848.000000      951      951        1        0      951        0      759      756       98     1982        0       11       29
 2849.000000      939      939        1        0      939        0      762      761      104     2017        0        9       31
 2850.000000      949      949        1        0      949        0      741      738      112     2016        0       11       29
 2851.000000      958      958        1        0      958        0      748      740      111     2029        0       11       29
 2852.000000      960      960        1        0      960        0      763      762      105     2042        1       12       27
 2853.000000      949      949        1       14      935        0      776      772       94     2017        0       12       28
 2854.000000      952      938        2       14      938        0      759      754      100     2024        0       12       28
 2855.000000      940      940        1        0      940        0      751      750      103     1986        0       12       28
 2856.000000      941      941        1        0      941        0      760      759       96     2013        0       11       29
 2857.000000      942      942        1        0      942        0      762      756      101     1988        0       10       30
 2858.000000      934      934        1        0      934        0      752      750      113     2010        0       10       30
 2859.000000      934      934        1        0      934        0      752      749      112     1998        0       10       30
 2860.000000      945      945        1        0      945        0      747      743      109     2013        1       12       27
 2861.000000      948      948        1        0      948        0      754      753      110     1970        0        9       31
 2862.000000      944      944        1        0      944        0      763      762      117     1998        0        9       31
 2863.000000      965      965        1        0      965        0      756      752       99     1970        1        9       30
 2864.000000      941      941        1        0      941        0      746      744      107     2003        0       10       30
 2865.000000      942      942        1        0      942        0      754      754      104     1981        0       11       29
 2866.000000      942      942        1        0      942        0      761      759      111     1996        0       11       29
 2867.000000      936      936        1        0      936        0      745      744      103     1975        0        9       31
 2868.000000      944      944        1        0      944        0      754      754       87     2006        0       11       29
 2869.000000      966      966        1        0      966        0      752      752      111     1997        0        9       31
 2870.000000      929      929        1        0      929        0      746      744      104     2012        0       12       28
 2871.000000      948      948        1        0      948        0      743      741       96     2021        0       11       29
 2872.000000      949      949        1        0      949        0      747      747      107     2033        0       11       29
 2873.000000      953      953        1        0      953        0      752      748      111     2000        0       10       30
 2874.000000      943      943        1        0      943        0      741      737      109     2056        0       11       29
 2875.000000      942      942        1        0      942        0      764      761      103     2029        0       10       30
 2876.000000      937      937        1        0      937        0      759      755      100     2030        0        9       31
 2877.000000      939      939        1        0      939        0      769      766       96     2035        0        9       31
 2878.000000      936      936        1        0      936        0      757      753      107     2015        0        9       31
 2879.000000      935      935        1        0      935        0      765      764      106     2032        0       10       30
 2880.000000      929      929        1        0      929        0      744      737      117     2027        0        8       32
 2881.000000      935      935        1        0      935        0      753      750      109     2023        0        9       31
 2882.000000      936      936        1        0      936        0      767      764      105     2062        0       10       30
 2883.000000      936      936        1        0      936        0      759      754      103     2038        0        9       31
 2884.000000      928      928        1        0      928        0      763      762       99     2045        0        9       31
 2885.000000      941      941        1        0      941        0      752      747      120     2040        0       11       29
 2886.000000      931      931        1        0      931        0      767      765       97     2022        0        9       31
 2887.000000      935      935        1        0      935        0      748      745      107     2063        0        9       31
 2888.000000      937      937        1        0      937        0      761      757      112     2031        0       10       30
 2889.000000      938      938        1        0      938        0      757      753      101     2024        0       10       30
 2890.000000      949      949        1        0      949        0      740      739      105     2035        1        9       30
 2891.000000      947      947        1        0      947        0      764      761       96     2028        0       11       29
 2892.000000      952      952        1        0      952        0      755      755      106     2021        1       10       29
 2893.000000      931      931        1        0      931        0      758      757      108     1969        0        8       32
 2894.000000      947      947        1        0      947        0      763      763       90     2019        0       11       29
 2895.000000      946      946        1        0      946        0      761      761       94     2058        0       11       29
 2896.000000      950      950        1        0      950        0      768      765      103     2016        0       13       27
 2897.000000      965      965        1        0      965        0      765      764       94     2027        0       12       28
 2898.000000      955      955        1        0      955        0      770      768       97     2044        1       12       27
 2899.000000      942      942        1        0      942        0      756      755      106     1987        0       11       29
 2900.000000      960      960        1        0      960        0      771      768      102     2014        1       12       27
 2901.000000      945      945        1        0      945        0      775      773      104     1989        0        8       32
 2902.000000      958      958        1        0      958        0      758      753      120     2034        0       11       29
 2903.000000      964      964        1        0      964        0      762      760      107     2009        0       10       30
 2904.000000      941      941        1        0      941        0      763      763      102     2041        0        9       31
 2905.000000      957      957        1        0      957        0      771      767      101     2007        1       11       28
 2906.000000      938      938        1        0      938        0      766      766       98     2001        1       10       29
 2907.000000      937      937        1        0      937        0      774      772       96     1991        0        9       31
 2908.000000      949      949        1        0      949        0      752      750      105     2016        0       11       29
 2909.000000      938      938        1        0      938        0      764      762      102     1983        0       10       30
 2910.000000      945      945        1        0      945        0      771      767      104     2024        0       11       29
 2911.000000      937      937        1        0      937        0      752      752      106     2010        0        9       31
 2912.000000      940      940        1        0      940        0      762      760       97     2033        0       11       29
 2913.000000      946      946        1        0      946        0      774      770      106     1981        0        9       31
 2914.000000      948      948        1        0      948        0      769      765      106     2001        0        9       31
 2915.000000      949      949        1        0      949        0      775      772      105     2040        0        9       31
 2916.000000      951      951        1        0      951        0      782      781       88     2042        0        8       32
 2917.000000      947      947        1        0      947        0      764      762      105     2012        0        8       32
 2918.000000      948      948        1        0      948        0      765      763       99     2029        0        8       32
 2919.000000      963      963        1        0      963        0      767      765      108     2005        0       10       30
 2920.000000      951      951        1        0      951        0      765      764      105     2028        0        8       32
 2921.000000      960      960        1        0      960        0      774      773       90     2025        0        9       31
 2922.000000      951      951        1        0      951        0      764      761      107     2055        0       10       30
 2923.000000      953      953        1        0      953        0      779      777       95     2033        0        8       32
 2924.000000      987      987        1       33      954        0      763      761      118     2021        1        8       31
 2925.000000      969      969        1       14      954        1      759      757      111     2024        0       14       26
 2926.000000      959      959        1        0      959        0      755      751      113     2039        0        8       32
 2927.000000      959      959        1        0      959        0      760      759      106     2029        0       10       30
 2928.000000      963      963        1        0      963        0      771      767      105     2024        0       11       29
 2929.000000      964      964        1        0      964        0      769      768      105     2032        0       10       30
 2930.000000      966      966        1        0      966        0      765      763      112     2039        0       11       29
 2931.000000      974      974        1        0      974        0      765      762      106     2017        1        9       30
 2932.000000      963      963        1        0      963        0      767      764      100     2029        1        8       31
 2933.000000      977      977        1        0      977        0      775      774      103     2023        1       13       26
 2934.000000      970      970        1        0      970        0      767      763      109     2039        0       11       29
 2935.000000      958      958        1        0      958        0      782      778       95     2055        0        9       31
 2936.000000      955      955        1        0      955        0      759      757      113     2039        0       10       30
 2937.000000      960      960        1        0      960        0      771      771      112     2028        0       11       29
 2938.000000      967      967        1        0      967        0      780      780      105     2055        1       10       29
 2939.000000      959      959        1        0      959        0      770      768      105     2057        0        9       31
 2940.000000      965      965        1        0      965        0      763      763      109     2032        0       12       28
 2941.000000      983      983        1        0      983        0      784      782       93     2032        1        9       30
 2942.000000      971      971        1        0      971        0      783      781      104     2032        0       11       29
 2943.000000      971      971        1        0      971        0      783      780      104     2023        0        9       31
 2944.000000      977      977        1        0      977        0      779      777      104     2028        0       11       29
 2945.000000      969      969        1        0      969        0      765      762      112     1990        0       12       28
 2946.000000      967      967        1        0      967        0      786      784       96     2018        0       10       30
 2947.000000      974      974        1        0      974        0      775      774      113     1978        0       11       29
 2948.000000      974      974        1        0      974        0      769      769      110     2004        0       10       30
 2949.000000      962      962        1        0      962        0      766      764      119     2006        0       11       29
 2950.000000      977      977        1        0      977        0      784      784      104     2013        0       11       29
 2951.000000      963      963        1        0      963        0      780      779      112     2005        0        9       31
 2952.000000      964      964        1        0      964        0      765      764      106     2015        0        9       31
 2953.000000      988      988        1        0      988        0      788      787       96     2025        0       12       28
 2954.000000      964      964        1        0      964        0      781      781       99     1990        0       10       30
 2955.000000      986      986        1        0      986        0      777      776      101     2033        0       12       28
 2956.000000      974      974        1        0      974        0      782      781       97     2046        0       15       25
 2957.000000      969      969        1        0      969        0      778      776       97     2027        0       11       29
 2958.000000      976      976        1        0      976        0      767      767      104     2018        1       10       29
 2959.000000      973      973        1        0      973        0      790      786      100     2032        0       12       28
 2960.000000      963      963        1        0      963        0      777      775      112     2033        0       10       30
 2961.000000      968      968        1        0      968        0      777      776      111     2048        0       11       29
 2962.000000      979      979        1        0      979        0      787      786       95     2040        1       12       27
 2963.000000      979      979        1        0      979        0      783      780      103     2058        1       11       28
 2964.000000      982      982        1        0      982        0      784      783      105     2048        0       12       28
 2965.000000      982      982        1        0      982        0      786      784      110     2049        1        9       30
 2966.000000      966      966        1        0      966        0      784      784      114     2024        0        9       31
 2967.000000      969      969        1        0      969        0      792      791       97     2046        0        9       31
 2968.000000      972      972        1        0      972        0      794      791       99     2058        0       10       30
 2969.000000      978      978        1        0      978        0      780      777      100     2057        0       11       29
 2970.000000      973      973        1        0      973        0      788      786       94     2049        0       14       26
 2971.000000      976      976        1        0      976        0      791      790      106     2054        1       10       29
 2972.000000      978      978        1        0      978        0      800      800       94     2082        0       12       28
 2973.000000      974      974        1        0      974        0      785      783      106     2009        0       11       29
 2974.000000      975      975        1        0      975        0      778      776       98     2008        0       10       30
 2975.000000      980      980        1        0      980        0      788      788       98     2048        1        9       30
 2976.000000      976      976        1        0      976        0      768      768      112     2048        0        9       31
 2977.000000      988      988        1        0      988        0      792      791      102     2031        0       12       28
 2978.000000      979      979        1        0      979        0      776      776      101     2048        0       10       30
 2979.000000      982      982        1        0      982        0      778      778       99     2064        1       13       26
 2980.000000      971      971        1        0      971        0      785      785       99     2032        0        9       31
 2981.000000      967      967        1        0      967        0      781      781      111     2033        0       12       28
 2982.000000      966      966        1        0      966        0      778      776      100     2016        0       10       30
 2983.000000      977      977        1        0      977        0      789      788      100     2044        0       11       29
 2984.000000      972      972        1        0      972        0      783      782      104     2028        0       10       30
 2985.000000      986      986        1        0      986        0      788      788      105     2071        0        9       31
 2986.000000      978      978        1        0      978        0      796      795      102     2075        0        9       31
 2987.000000      996      996        1        0      996        0      782      782       98     2067        0       15       25
 2988.000000      989      989        1        0      989        0      783      783      103     2045        0       12       28
 2989.000000      972      972        1        0      972        0      797      795       98     2070        0       10       30
 2990.000000      976      976        1        0      976        0      783      782      107     2064        0       10       30
 2991.000000      970      970        1        0      970        0      788      788       96     2058        0        9       31
 2992.000000      967      967        1        0      967        0      783      783       93     2062        0        9       31
 2993.000000      973      973        1        0      973        0      771      771      101     2057        0       10       30
 2994.000000      980      980        1        0      980        0      789      788      102     2070        0       11       29
 2995.000000      980      980        1        0      980        0      784      783      102     2063        0       10       30
 2996.000000      982      982        1        0      982        0      789      789      106     2054        0       11       29
 2997.000000      975      975        1        0      975        0      772      770      119     2019        0       11       29
 2998.000000      977      977        1        0      977        0      786      785      106     2036        0        9       31
 2999.000000      976      976        1        0      976        0      792      791      104     2050        0       10       30
 3000.000000      988      988        1        0      988        0      791      791      103     2035        0       10       30
 3001.000000      985      985        1        0      985        0      785      784       97     2037        0       11       29
 3002.000000      981      981        1        0      981        0      786      785      105     2056        0       10       30
 3003.000000      988      988        1        0      988        0      789      787      106     2063        0        9       31
 3004.000000      981      981        1        0      981        0      777      772      114     2068        0       10       30
 3005.000000     1009      997        2        0     1009        0      787      786      101     2050        0       13       27
 3006.000000      984      984        1        0      984        0      779      774      102     2072        0       10       30
 3007.000000      996      996        1        0      996        0      774      771      116     2044        0       10       30
 3008.000000      984      984        1        0      984        0      789      788       93     2046        0        9       31
 3009.000000      980      980        1        0      980        0      791      791       94     2047        0        8       32
 3010.000000      997      997        1        0      997        0      790      789      106     2035        1       10       29
 3011.000000      978      978        1        0      978        0      801      798       97     2050        0       10       30
 3012.000000      990      990        1        0      990        0      786      784      107     2065        1        8       31
 3013.000000      988      988        1        0      988        0      791      790       96     2058        0        9       31
 3014.000000      958      958        1        0      958        0      780      778      108     2046        0        9       31
 3015.000000      974      974        1        0      974        0      775      774      115     2056        0       10       30
 3016.000000      973      973        1        0      973        0      773      770      105     2032        1        9       30
 3017.000000      972      972        1        0      972        0      774      774      110     2075        0       10       30
 3018.000000      968      968        1        0      968        0      782      780       92     2061        0       10       30
 3019.000000      977      977        1        0      977        0      788      788       89     2046        0       10       30
 3020.000000      974      974        1        0      974        0      791      791       94     2056        0        9       31
 3021.000000      984      984        1        0      984        0      789      787       97     2022        0       10       30
 3022.000000     1005     1005        1        0     1005        0      780      779      104     2051        0       13       27
 3023.000000      975      975        1        0      975        0      790      788      112     2051        0        8       32
 3024.000000      966      966        1        0      966        0      787      786      107     2035        0        8       32
 3025.000000      969      969        1        0      969        0      778      777       97     2030        0        9       31
 3026.000000      973      973        1        0      973        0      789      785      104     2049        0       10       30
 3027.000000      980      980        1        0      980        0      798      797      105     2083        1        9       30
 3028.000000      972      972        1        0      972        0      777      773      109     2034        0       10       30
 3029.000000      973      973        1        0      973        0      785      782      102     2021        0       10       30
 3030.000000      978      978        1        0      978        0      791      785      106     2061        1        9       30
 3031.000000      972      972        1        0      972        0      780      777      109     2042        0       10       30
 3032.000000      978      978        1        0      978        0      774      771      104     2065        0       10       30
 3033.000000      974      974        1        0      974        0      794      790      107     2053        0       10       30
 3034.000000      979      979        1        0      979        0      793      791       99     2027        0       10       30
 3035.000000      983      983        1        0      983        0      777      772      108     2056        2        9       29
 3036.000000      973      973        1        0      973        0      785      782       99     2062        0        9       31
 3037.000000      976      976        1        0      976        0      789      788      102     2044        0        9       31
 3038.000000      977      977        1        0      977        0      781      780      102     2080        0        9       31
 3039.000000      977      977        1        0      977        0      776      770      111     2063        0        9       31
 3040.000000      999      999        1        0      999        0      785      782      108     2062        0       10       30
 3041.000000      999      999        1        0      999        0      787      785      104     2075        1        8       31
 3042.000000      991      991        1        0      991        0      770      766      120     2069        0        9       31
 3043.000000      992      992        1        0      992        0      790      790       97     2056        0       10       30
 3044.000000      981      981        1        0      981        0      781      778      100     2068        0       10       30
 3045.000000      998      998        1        0      998        0      781      779      107     2086        0       10       30
 3046.000000      989      989        1        0      989        0      783      781      106     2054        0       11       29
 3047.000000      993      993        1        0      993        0      794      791      106     2054        0       10       30
 3048.000000      988      976        2        0      988        0      777      776      109     2066        0        9       31
 3049.000000      986      986        1        0      986        0      777      773      107     2074        2       10       28
 3050.000000      992      992        1        0      992        0      779      777      115     2042        0       11       29
 3051.000000      976      976        1        0      976        0      789      787      101     2055        0       11       29
 3052.000000      979      979        1        0      979        0      777      776       96     2065        0       12       28
 3053.000000      965      965        1        0      965        0      784      780      103     2064        0       10       30
 3054.000000      964      964        1        0      964        0      776      774      105     2056        0       10       30
 3055.000000      977      977        1        0      977        0      778      777      109     2066        0       10       30
 3056.000000      975      975        1        0      975        0      783      779      108     2044        0       10       30
 3057.000000      991      991        1        0      991        0      785      782       91     2080        0       10       30
 3058.000000      961      961        1        0      961        0      778      776      112     2056        0       10       30
 3059.000000      989      989        1        0      989        0      773      767      124     2068        1        9       30
 3060.000000      980      980        1        0      980        0      785      784       99     2050        0       10       30
 3061.000000      988      988        1        0      988        0      773      769      111     2072        0       11       29
 3062.000000     1003     1003        1        0     1003        0      766      764      114     2076        0       14       26
 3063.000000      991      991        1        0      991        0      778      775      119     2053        0       11       29
 3064.000000      985      985        1        0      985        0      771      767       97     2040        0       11       29
 3065.000000      978      978        1        0      978        0      769      765      115     2030        0        9       31
 3066.000000      985      985        1        0      985        0      779      778       95     2053        0       10       30
 3067.000000      976      976        1        0      976        0      763      761      105     2036        0       10       30
 3068.000000      982      982        1        0      982        0      788      784       99     2026        0       10       30
 3069.000000      987      987        1        0      987        0      783      780       99     2035        0       11       29
 3070.000000      993      993        1        0      993        0      761      759      110     2060        1       12       27
 3071.000000     1009     1009        1        0     1009        0      779      779       94     2068        1       14       25
 3072.000000      983      983        1        0      983        0      787      786      105     2049        0       10       30
 3073.000000      989      989        1        0      989        0      790      790      102     2044        1       10       29
 3074.000000      993      993        1        0      993        0      780      776       96     2022        0        9       31
 3075.000000      995      995        1        0      995        0      790      788      111     2070        0        9       31
 3076.000000     1008     1008        1        0     1008        0      794      791      114     2073        0       12       28
 3077.000000      988      988        1        0      988        0      767      764      101     2065        0       10       30
 3078.000000     1007     1007        1        0     1007        0      790      784      101     2040        0       13       27
 3079.000000      987      987        1        0      987        0      771      767      103     2015        0        9       31
 3080.000000     1004     1004        1        0     1004        0      775      773      105     2016        0       13       27
 3081.000000     1000     1000        1        0     1000        0      782      781      115     2053        1       10       29
 3082.000000      993      993        1        0      993        0      792      790      101     2016        1       10       29
 3083.000000      970      970        1        0      970        0      778      776      110     2034        1        8       31
 3084.000000      988      988        1        0      988        0      772      769      112     2037        0       10       30
 3085.000000     1000     1000        1        0     1000        0      777      775      123     2045        2        8       30
 3086.000000      977      977        1        0      977        0      778      774      107     2026        0       10       30
 3087.000000      983      983        1        0      983        0      780      779       92     2026        0       10       30
 3088.000000      994      994        1        0      994        0      771      771      108     1988        0       10       30
 3089.000000      976      976        1        0      976        0      775      774      105     1998        0       11       29
 3090.000000      972      972        1        0      972        0      788      787       99     1988        0       10       30
 3091.000000      971      971        1        0      971        0      778      776      107     2006        0        9       31
 3092.000000      976      976        1        0      976        0      776      774      103     2009        0       10       30
 3093.000000      976      976        1        0      976        0      778      775       92     1989        0        9       31
 3094.000000      982      982        1        0      982        0      790      789       94     1978        0       11       29
 3095.000000      977      977        1        0      977        0      763      758      102     1972        0       11       29
 3096.000000      978      978        1        0      978        0      764      762      118     1981        0       10       30
 3097.000000      990      990        1        0      990        0      762      759       91     2004        1       12       27
 3098.000000      977      977        1        0      977        0      763      762      108     1997        0       10       30
 3099.000000      983      983        1        0      983        0      756      753      120     1966        1       10       29
 3100.000000      995      995        1        0      995        0      759      753      110     2005        1       13       26
 3101.000000      988      988        1        0      988        0      770      769      100     1998        0       11       29
 3102.000000      985      985        1        0      985        0      785      784      106     1971        0       10       30
 3103.000000      984      984        1        0      984        0      765      762      109     1979        0       11       29
 3104.000000      996      996        1        0      996        0      775      775      105     1999        0       15       25
 3105.000000      982      982        1        0      982        0      773      771      107     1979        0       11       29
 3106.000000      993      993        1        0      993        0      767      765      108     2011        0       12       28
 3107.000000      990      990        1        0      990        0      773      771      102     2013        0       14       26
 3108.000000      996      996        1        0      996        0      773      773       84     1982        0       14       26
 3109.000000      981      981        1        0      981        0      778      776      102     1980        0       13       27
 3110.000000      993      993        1        0      993        0      780      775      102     1981        0       14       26
 3111.000000      999      999        1        0      999        0      763      760      113     1976        0       14       26
 3112.000000      969      969        1        0      969        0      762      760      111     1987        0       11       29
 3113.000000      984      984        1        0      984        0      771      769       98     1989        0       12       28
 3114.000000      978      978        1        0      978        0      774      772       93     1997        0       11       29
 3115.000000      973      973        1        0      973        0      774      771       98     2004        0       11       29
 3116.000000      970      970        1        0      970        0      767      766      101     1992        0       11       29
 3117.000000      979      979        1        0      979        0      769      767      112     2018        2        8       30
 3118.000000      957      957        1        0      957        0      766      765      103     2002        0       12       28
 3119.000000      982      982        1        0      982        0      764      761      108     2026        0       11       29
 3120.000000      977      977        1        0      977        0      771      770       96     2011        1       11       28
 3121.000000      975      975        1        0      975        0      755      755      120     2002        0       11       29
 3122.000000      960      960        1        0      960        0      775      770       99     1981        0       11       29
 3123.000000      960      960        1        0      960        0      749      746      102     2007        0       13       27
 3124.000000      954      954        1        0      954        0      751      751      103     1975        0       10       30
 3125.000000      956      956        1        0      956        0      773      771      104     2019        0       11       29
 3126.000000      974      974        1        0      974        0      765      762      106     2023        0       12       28
 3127.000000      968      968        1        0      968        0      760      760      103     1997        2        9       29
 3128.000000      981      981        1        0      981        0      764      764       92     2013        0       11       29
 3129.000000      969      969        1        0      969        0      752      750      108     1954        0       11       29
 3130.000000      973      973        1        0      973        0      753      752      114     2000        0       13       27
 3131.000000      999      999        1        0      999        0      769      768      109     2026        2       14       24
 3132.000000      984      984        1        0      984        0      769      768      118     2029        0       15       25
 3133.000000      975      975        1        0      975        0      769      768      105     2014        1       13       26
 3134.000000      983      983        1        0      983        0      770      768      116     2036        0       12       28
 3135.000000      972      972        1        0      972        0      774      772      106     2036        0       12       28
 3136.000000      975      975        1        0      975        0      766      765      112     2002        0       11       29
 3137.000000      981      981        1        0      981        0      760      758      105     1996        0       13       27
 3138.000000      982      982        1        0      982        0      756      753      118     2023        0       13       27
 3139.000000      985      985        1        0      985        0      773      771      107     1997        0       12       28
 3140.000000      983      983        1        0      983        0      769      769      102     2015        0       12       28
 3141.000000      967      967        1        0      967        0      767      764      111     2008        0       10       30
 3142.000000      977      977        1        0      977        0      768      767       96     1977        0       13       27
 3143.000000      988      988        1        0      988        0      764      764      102     1990        0       15       25
 3144.000000      997      997        1        0      997        0      766      764      107     2035        1       14       25
 3145.000000      974      974        1        0      974        0      770      769      107     1987        1       11       28
 3146.000000      973      973        1        0      973        0      773      772       92     2016        0       11       29
 3147.000000      987      987        1        0      987        0      772      771      103     2011        0       13       27
 3148.000000      990      990        1        0      990        0      774      773      114     1989        1       11       28
 3149.000000      988      988        1        0      988        0      768      767      107     2021        1       12       27
 3150.000000      982      982        1        0      982        0      758      758      113     1971        0       11       29
 3151.000000      978      978        1        0      978        0      770      769      106     1975        0       12       28
 3152.000000      979      979        1        0      979        0      760      757      121     2014        0       12       28
 3153.000000      987      987        1        0      987        0      758      756      109     2022        0       12       28
 3154.000000      964      964        1        0      964        0      756      753      113     1989        0       11       29
 3155.000000      964      964        1        0      964        0      757      753       97     2016        0       11       29
 3156.000000      968      968        1        0      968        0      759      756      112     2009        0       10       30
 3157.000000      978      978        1        0      978        0      768      765      109     1986        1       11       28
 3158.000000      971      971        1        0      971        0      768      766      101     1989        0       12       28
 3159.000000      972      972        1        0      972        0      771      766      105     1983        1       11       28
 3160.000000      953      953        1        0      953        0      755      752      107     2014        0       10       30
 3161.000000      976      976        1        0      976        0      764      763       98     2011        0       13       27
 3162.000000      963      963        1        0      963        0      761      758      103     2016        0       11       29
 3163.000000      970      958        2        0      970        0      772      766      111     1991        0       11       29
 3164.000000      965      965        1        0      965        0      771      768      107     2005        0       10       30
 3165.000000      959      959        1        0      959        0      762      759      116     2020        0       11       29
 3166.000000      968      968        1        0      968        0      760      758       97     2023        1       12       27
 3167.000000      960      960        1        0      960        0      758      756      110     2008        0       11       29
 3168.000000      978      966        2        0      978        0      765      764       98     1997        0       10       30
 3169.000000      978      966        2        0      978        0      762      758      107     2040        1        9       30
 3170.000000      985      973        2        0      985        0      763      759      104     2013        1       10       29
 3171.000000      982      970        2        0      982        0      753      752      114     2009        0       13       27
 3172.000000      972      960        2        0      972        0      756      755       99     1992        0       11       29
 3173.000000      974      974        1        0      974        0      764      763      100     2018        0       12       28
 3174.000000      970      970        1        0      970        0      780      778       93     2015        0       11       29
 3175.000000      972      972        1        0      972        0      766      762       97     1984        0       11       29
 3176.000000      980      980        1        0      980        0      760      756      100     1990        2       10       28
 3177.000000      973      973        1        0      973        0      765      765      104     1991        0       11       29
 3178.000000      974      974        1        0      974        0      759      757      112     2002        1       11       28
 3179.000000      974      974        1        0      974        0      765      762      109     2001        0       11       29
 3180.000000      968      968        1        0      968        0      753      750      120     1999        0       13       27
 3181.000000      969      969        1        0      969        0      762      761      107     2007        0       11       29
 3182.000000      956      956        1        0      956        0      759      757      103     1996        0       10       30
 3183.000000      957      957        1        0      957        0      762      760       94     2007        0       10       30
 3184.000000      958      958        1        0      958        0      764      763      107     2016        0       11       29
 3185.000000      954      954        1        0      954        0      769      767      101     1993        0       11       29
 3186.000000      955      955        1        0      955        0      764      763       99     2005        0       10       30
 3187.000000      967      967        1        0      967        0      762      762      102     2023        0       11       29
 3188.000000      950      950        1        0      950        0      756      755      101     1997        0        9       31
 3189.000000      944      944        1        0      944        0      766      764      108     1977        0        8       32
 3190.000000      943      943        1        0      943        0      756      754       93     1999        0       10       30
 3191.000000      952      952        1        0      952        0      754      753      102     1956        0       11       29
 3192.000000      956      956        1        0      956        0      756      753      108     1991        0       13       27
 3193.000000      946      946        1        0      946        0      761      760       89     2005        0        9       31
 3194.000000      956      956        1        0      956        0      760      758       99     1990        1       11       28
 3195.000000      939      939        1        0      939        0      748      746      108     1986        0       10       30
 3196.000000      945      945        1        0      945        0      746      743       96     1981        0        9       31
 3197.000000      949      949        1        0      949        0      748      748       91     1970        0       10       30
 3198.000000      940      940        1        0      940        0      735      732      117     1986        0       10       30
 3199.000000      942      942        1        0      942        0      771      769      102     1983        0        9       31
 3200.000000      952      952        1        0      952        0      753      751      106     1968        0       10       30
 3201.000000      951      951        1        0      951        0      756      753      106     2004        0        8       32
 3202.000000      959      959        1        0      959        0      768      765      102     1993        0       11       29
 3203.000000      963      963        1        0      963        0      755      754      102     1959        0        9       31
 3204.000000      956      956        1        0      956        0      740      739      111     1998        0       10       30
 3205.000000      953      953        1        0      953        0      742      740      113     2000        0        9       31
 3206.000000      947      947        1        0      947        0      745      744      114     1953        0       10       30
 3207.000000      959      959        1        0      959        0      761      758      100     2002        0       10       30
 3208.000000      958      958        1        0      958        0      757      754      113     1989        0        9       31
 3209.000000      972      972        1        0      972        0      764      760       96     2011        0       11       29
 3210.000000      968      968        1        0      968        0      750      748      111     1993        0       12       28
 3211.000000      970      970        1        0      970        0      747      746      112     2046        0       11       29
 3212.000000      974      974        1        0      974        0      753      752      108     2001        0       11       29
 3213.000000      954      954        1        0      954        0      750      749      108     1974        1        9       30
 3214.000000      964      964        1        0      964        0      757      755      101     2018        0       11       29
 3215.000000      955      955        1        0      955        0      767      767      109     1991        1        9       30
 3216.000000      956      956        1        0      956        0      738      737      103     1975        0       10       30
 3217.000000      935      935        1        0      935        0      757      755      108     1984        0       10       30
 3218.000000      951      951        1        0      951        0      750      746      107     1984        1        9       30
 3219.000000      951      951        1        0      951        0      739      738      109     1978        0       10       30
 3220.000000      947      947        1        0      947        0      742      742       97     2009        0        9       31
 3221.000000      944      944        1        0      944        0      748      748      104     1972        1        9       30
 3222.000000      951      951        1        0      951        0      760      758      108     2005        0        9       31
 3223.000000      948      948        1        0      948        0      774      773       99     2030        0       10       30
 3224.000000      943      943        1        0      943        0      748      745      111     1991        0       11       29
 3225.000000      948      948        1        0      948        0      763      761      107     2006        0       11       29
 3226.000000      954      954        1        0      954        0      755      755       97     2020        2       13       25
 3227.000000      933      933        1        0      933        0      756      755       93     2003        0       11       29
 3228.000000      944      944        1        0      944        0      749      747      107     1997        0       11       29
 3229.000000      928      928        1        0      928        0      767      766       94     1996        0       11       29
 3230.000000      956      956        1        0      956        0      760      757      111     2032        0       11       29
 3231.000000      934      934        1        0      934        0      767      765      101     2039        0       11       29
 3232.000000      929      929        1        0      929        0      747      746      117     2011        0       11       29
 3233.000000      945      945        1        0      945        0      760      759      102     2009        1        9       30
 3234.000000      936      936        1        0      936        0      766      764       99     1985        0       12       28
 3235.000000      933      933        1        0      933        0      765      763      101     1996        0       11       29
 3236.000000      935      935        1        0      935        0      769      766      102     2015        0       11       29
 3237.000000      955      955        1        0      955        0      753      751      112     1997        0       11       29
 3238.000000      945      945        1        0      945        0      763      762      118     2010        0       11       29
 3239.000000      950      950        1        0      950        0      764      761      111     2031        0       12       28
 3240.000000      954      954        1        0      954        0      781      779      112     2041        0       11       29
 3241.000000      956      956        1        0      956        0      762      761      106     2032        0       11       29
 3242.000000      957      957        1        0      957        0      763      762      106     2040        0       11       29
 3243.000000      991      979        2        0      991        0      777      776       99     2048        0       18       22
 3244.000000      989      989        1        0      989        0      765      763      109     1993        0       17       23
 3245.000000      962      962        1        0      962        0      774      772       96     1997        0       11       29
 3246.000000      969      969        1        0      969        0      771      768      103     2005        0       11       29
 3247.000000      958      958        1        0      958        0      761      757       96     2007        0       12       28
 3248.000000      963      963        1        0      963        0      776      774       96     1985        0       12       28
 3249.000000      963      963        1        0      963        0      766      765      107     2038        0       10       30
 3250.000000      983      983        1        0      983        0      762      760       99     2051        0       15       25
 3251.000000      955      955        1        0      955        0      776      776      101     2052        0       10       30
 3252.000000      962      962        1        0      962        0      764      760      110     2027        0       12       28
 3253.000000      973      973        1        0      973        0      772      768      106     2054        0       11       29
 3254.000000      969      969        1        0      969        0      761      757      113     2079        0       10       30
 3255.000000     1006     1006        1        0     1006        0      768      765      112     2016        0       13       27
 3256.000000      999      999        1        0      999        0      774      774       98     1985        0       16       24
 3257.000000      984      984        1        0      984        0      772      769      107     2023        0       12       28
 3258.000000      973      973        1        0      973        0      757      755      118     2015        0       12       28
 3259.000000      967      967        1        0      967        0      760      760      117     1983        0       10       30
 3260.000000      976      976        1        0      976        0      764      763      100     2000        0       10       30
 3261.000000      971      971        1        0      971        0      772      772       98     2012        1       10       29
 3262.000000      970      970        1        0      970        0      775      773       97     1998        0       10       30
 3263.000000      978      978        1        0      978        0      772      767      116     2002        0       10       30
 3264.000000      966      966        1        0      966        0      767      766      108     1995        0       10       30
 3265.000000      994      980        2       14      980        0      763      759      114     2004        0       16       24
 3266.000000      962      962        1        0      962        0      750      748      109     2017        0       10       30
 3267.000000      987      987        1        0      987        0      769      768      102     2027        1       10       29
 3268.000000      993      993        1        0      993        0      757      754      117     2059        0       13       27
 3269.000000      974      974        1        0      974        0      766      766      106     2017        0       10       30
 3270.000000      984      984        1        0      984        0      761      758      124     1993        0       13       27
 3271.000000      973      973        1        0      973        0      753      751      108     2024        0       10       30
 3272.000000      968      968        1        0      968        0      759      757      107     2009        0       10       30
 3273.000000      978      978        1        0      978        0      758      755      114     1982        0       13       27
 3274.000000      970      970        1        0      970        0      759      757      100     2014        0       10       30
 3275.000000      973      973        1        0      973        0      750      746      112     2045        0       11       29
 3276.000000      978      978        1        0      978        0      771      767      105     2018        0       11       29
 3277.000000      980      980        1        0      980        0      766      764       85     2026        0       12       28
 3278.000000      973      973        1        0      973        0      768      765      107     2017        0       11       29
 3279.000000      980      980        1        0      980        0      752      750      110     2035        0       11       29
 3280.000000      977      977        1        0      977        0      771      770      108     2005        0       11       29
 3281.000000      974      974        1        0      974        0      768      765      111     1976        0       12       28
 3282.000000      976      976        1        0      976        0      757      756      100     2012        0       12       28
 3283.000000      993      993        1        0      993        0      761      759      102     2023        0       12       28
 3284.000000      957      957        1        0      957        0      756      755      101     2018        0       10       30
 3285.000000      945      945        1        0      945        0      759      759       98     2002        0        9       31
 3286.000000      937      937        1        0      937        0      749      748      102     2012        0        9       31
 3287.000000      949      949        1        0      949        0      764      763      101     2012        0        9       31
 3288.000000      956      956        1        0      956        0      754      753       95     2008        0       10       30
 3289.000000      977      977        1        0      977        0      753      751       98     2014        0       12       28
 3290.000000      969      969        1        0      969        0      758      757       98     2005        0       10       30
 3291.000000      957      957        1        0      957        0      752      747      105     1984        0       10       30
 3292.000000      963      963        1        0      963        0      748      745       99     1999        0       10       30
 3293.000000      964      964        1        0      964        0      748      747      112     2004        0       10       30
 3294.000000      963      963        1        0      963        0      759      759      106     2028        0       10       30
 3295.000000      952      952        1        0      952        0      759      754      112     2005        0       10       30
 3296.000000      956      956        1        0      956        0      746      743      121     1984        0       11       29
 3297.000000      947      947        1        0      947        0      748      748      112     2010        0        9       31
 3298.000000      955      955        1        0      955        0      760      760       90     2002        0        9       31
 3299.000000      960      960        1        0      960        0      755      753       98     2015        0        9       31
 3300.000000      966      966        1        0      966        0      751      751      110     2023        0       11       29
 3301.000000      969      969        1        0      969        0      742      738      101     2038        0       12       28
 3302.000000      969      969        1        0      969        0      755      753      109     2016        0       11       29
 3303.000000      954      954        1        0      954        0      751      751      114     1984        0        9       31
 3304.000000      961      961        1        0      961        0      764      761      101     2013        0       11       29
 3305.000000      950      950        1        0      950        0      762      760      104     2006        0        9       31
 3306.000000      986      986        1        0      986        0      756      755      106     2005        0       12       28
 3307.000000      943      943        1        0      943        0      771      770       95     2052        0       10       30
 3308.000000      936      936        1        0      936        0      765      763      100     2019        0        9       31
 3309.000000      945      945        1        0      945        0      760      760       95     2033        0       10       30
 3310.000000      940      940        1        0      940        0      762      761      103     1993        0       10       30
 3311.000000      950      950        1        0      950        0      752      750      105     2019        0       10       30
 3312.000000      954      954        1        0      954        0      775      774       92     1986        0       10       30
 3313.000000      942      942        1        0      942        0      761      757      109     1984        0        9       31
 3314.000000      942      942        1        0      942        0      759      757       88     1949        0        8       32
 3315.000000      943      943        1        0      943        0      765      764       93     1986        0        9       31
 3316.000000      939      939        1        0      939        0      751      749      101     1973        0       10       30
 3317.000000      923      923        1        0      923        0      754      751       95     1971        0        8       32
 3318.000000      938      938        1        0      938        0      760      759       93     2015        0        9       31
 3319.000000      951      951        1        0      951        0      752      751      104     1992        0       11       29
 3320.000000      927      927        1        0      927        0      749      747      106     1978        0        8       32
 3321.000000      947      947        1        0      947        0      756      752      100     1985        0       11       29
 3322.000000      941      941        1        0      941        0      744      742       99     1960        0       11       29
 3323.000000      936      936        1        0      936        0      736      735      107     1959        0        9       31
 3324.000000      931      931        1        0      931        0      766      764       99     1976        0        8       32
 3325.000000      920      920        1        0      920        0      750      749       98     1939        0        9       31
 3326.000000      947      947        1        0      947        0      758      756       89     1988        1       10       29
 3327.000000      941      941        1        0      941        0      746      744      100     2003        1       10       29
 3328.000000      943      943        1        0      943        0      756      754      107     1992        1        8       31
 3329.000000      941      941        1        0      941        0      752      750       91     1959        0       11       29
 3330.000000      913      913        1        0      913        0      747      746       98     1966        0        8       32
 3331.000000      935      935        1        0      935        0      746      746       98     1975        0       10       30
 3332.000000      931      931        1        0      931        0      750      749       93     1962        1       10       29
 3333.000000      936      936        1        0      936        0      729      728       97     1996        0       10       30
 3334.000000      928      928        1        0      928        0      749      749       91     1953        0       12       28
 3335.000000      914      914        1        0      914        0      734      732      107     1965        0        9       31
 3336.000000      917      917        1        0      917        0      748      747      100     1945        0        9       31
 3337.000000      920      920        1        0      920        0      739      738       86     1985        0        8       32
 3338.000000      937      937        1        0      937        0      739      733       95     1988        0       11       29
 3339.000000      934      934        1        0      934        0      747      744       98     2012        2        7       31
 3340.000000      929      929        1        0      929        0      740      737      105     1978        1        9       30
 3341.000000      926      926        1        0      926        0      752      749       91     1977        0        9       31
 3342.000000      927      927        1        0      927        0      751      749       93     1968        0        9       31
 3343.000000      919      919        1        0      919        0      727      725      104     1969        1        6       33
 3344.000000      929      929        1        0      929        0      738      737       96     1945        1        8       31
 3345.000000      941      941        1        0      941        0      750      748      103     1935        0        9       31
 3346.000000      938      938        1        0      938        0      740      739       91     1980        0       10       30
 3347.000000      955      955        1        0      955        0      753      752       97     1955        0       12       28
 3348.000000      931      931        1        0      931        0      741      739       99     1942        0        8       32
 3349.000000      936      936        1        0      936        0      737      733       92     1988        0       10       30
 3350.000000      932      932        1        0      932        0      730      725      109     1953        0        9       31
 3351.000000      926      926        1        0      926        0      727      726      109     1977        0        9       31
 3352.000000      935      935        1        0      935        0      735      732      105     1960        0       10       30
 3353.000000      935      935        1        0      935        0      728      727      100     1980        0       10       30
 3354.000000      929      929        1        0      929        0      732      729      106     1992        0        8       32
 3355.000000      928      928        1        0      928        0      720      720      114     1973        1        8       31
 3356.000000      917      917        1        0      917        0      744      744       95     2004        0        9       31
 3357.000000      935      935        1        0      935        0      732      731       97     1972        0       10       30
 3358.000000      931      931        1        0      931        0      733      732      100     1959        0       10       30
 3359.000000      922      922        1        0      922        0      726      725      102     1945        1        9       30
 3360.000000      927      927        1        0      927        0      730      729      106     1975        0       10       30
 3361.000000      935      935        1       11      919        5      721      721      105     1998        0       11       29
 3362.000000      941      941        1        7      926        8      737      737       93     1946        1       10       29
 3363.000000      929      929        1        0      929        0      712      711      103     1947        0       10       30
 3364.000000      937      937        1        9      920        8      728      727       98     1947        1        9       30
 3365.000000      937      937        1        8      921        8      747      745       99     1929        0       11       29
 3366.000000      928      928        1        0      928        0      737      737       97     1950        0       10       30
 3367.000000      943      943        1        8      927        8      740      738      103     1963        1       10       29
 3368.000000      939      939        1       10      924        5      731      730      101     1956        0       11       29
 3369.000000      933      933        1        7      919        7      737      737       97     1929        0       11       29
 3370.000000      937      937        1        9      923        5      739      738      105     1959        1       10       29
 3371.000000      927      927        1        0      927        0      737      735      106     1944        0       11       29
 3372.000000      926      926        1        7      912        7      741      736      102     1941        1        9       30
 3373.000000      943      943        1        9      929        5      736      735      102     1972        1       10       29
 3374.000000      939      939        1        0      939        0      734      731      106     1971        0        9       31
 3375.000000      926      926        1        0      926        0      733      733       88     1949        0       10       30
 3376.000000      914      914        1        0      914        0      732      729      107     1944        0        9       31
 3377.000000      922      922        1        7      907        8      725      725      106     1947        0       11       29
 3378.000000      928      928        1        7      913        8      724      720      111     1959        0       11       29
 3379.000000      927      927        1        7      912        8      732      731       94     1949        0       11       29
 3380.000000      924      924        1        0      924        0      731      730      100     1981        0       10       30
 3381.000000      922      922        1        7      907        8      728      726      106     1963        0       10       30
 3382.000000      923      923        1        7      908        8      715      714      106     1954        0       11       29
 3383.000000      950      950        1        7      935        8      732      730       94     1964        0       10       30
 3384.000000      962      962        1        8      946        8      725      724      102     1972        0       11       29
 3385.000000      945      945        1        7      930        8      726      725      108     1953        0       11       29
 3386.000000      939      939        1        8      923        8      733      732       98     1956        1       10       29
 3387.000000      935      935        1        0      935        0      735      735       83     1958        1       10       29
 3388.000000      928      928        1        9      912        7      730      730       99     1948        0       11       29
 3389.000000      939      939        1        0      939        0      727      725       99     1930        0       12       28
 3390.000000      950      950        1        0      950        0      731      731      102     1980        1       11       28
 3391.000000      939      939        1        0      939        0      726      724      101     1992        0       12       28
 3392.000000      932      932        1        7      917        8      735      734      103     1945        0       12       28
 3393.000000      935      935        1        7      920        8      730      729      109     1921        0       12       28
 3394.000000      950      950        1        0      950        0      741      736      101     1948        1       10       29
 3395.000000      955      955        1        8      938        9      734      732      105     1957        0       12       28
 3396.000000      949      949        1        7      934        8      744      741       93     1944        0       12       28
 3397.000000      938      938        1        8      922        8      739      737      101     1971        0       12       28
 3398.000000      928      928        1        7      913        8      747      746       93     1952        0        9       31
 3399.000000      935      935        1        7      920        8      741      740       91     1976        1       11       28
 3400.000000      933      933        1        7      918        8      744      743       96     1960        0       12       28
 3401.000000      926      926        1        0      926        0      737      735      106     1950        0       11       29
 3402.000000      928      928        1        0      928        0      740      740       95     1989        0       12       28
 3403.000000      919      919        1        0      919        0      733      729      103     1978        0       10       30
 3404.000000      926      926        1        7      911        8      726      725      114     1955        0       11       29
 3405.000000      938      938        1        7      923        8      743      739       95     2019        0       12       28
 3406.000000      928      928        1        0      928        0      727      726      105     1956        0       11       29
 3407.000000      935      935        1        8      919        8      742      741      104     1969        0       12       28
 3408.000000      947      947        1       10      932        5      733      732      109     1965        0       12       28
 3409.000000      935      935        1        7      920        8      743      740      101     1956        0       11       29
 3410.000000      934      934        1        7      919        8      736      735      106     1968        0       11       29
 3411.000000      944      944        1       10      929        5      749      746       80     1964        0       12       28
 3412.000000      940      940        1       11      924        5      744      742      108     1984        0       11       29
 3413.000000      932      932        1        7      917        8      733      732       97     1983        0       11       29
 3414.000000      932      932        1        0      932        0      732      730      109     1975        1        9       30
 3415.000000      956      956        1        0      956        0      746      745       93     2001        1       11       28
 3416.000000      938      938        1        0      938        0      738      736      109     1976        0       10       30
 3417.000000      966      966        1        7      950        9      734      730      109     2019        0       12       28
 3418.000000      925      925        1        0      925        0      731      730       98     1996        0       11       29
 3419.000000      949      949        1        7      934        8      736      733      109     1997        0       14       26
 3420.000000      947      947        1        8      931        8      731      728      112     1980        0       12       28
 3421.000000      924      924        1        8      908        8      741      739      113     1975        0       11       29
 3422.000000      937      937        1        5      921       11      735      733      109     2013        0       12       28
 3423.000000      914      914        1        0      914        0      737      735      102     1998        0       11       29
 3424.000000      943      943        1        0      943        0      742      739      106     1999        0       12       28
 3425.000000      940      940        1        8      924        8      752      750      103     1960        0       12       28
 3426.000000      941      941        1        7      926        8      734      732      111     1955        0       12       28
 3427.000000      930      930        1        7      915        8      719      716      116     2006        0       11       29
 3428.000000      916      916        1        7      901        8      737      734      104     1925        0       11       29
 3429.000000      922      922        1        8      906        8      726      725      104     1963        0       10       30
 3430.000000      923      923        1        7      908        8      723      721      110     1945        0       11       29
 3431.000000      927      927        1        8      911        8      730      730      113     1983        0       11       29
 3432.000000      920      920        1        7      905        8      724      721      103     1945        0       11       29
 3433.000000      926      926        1        7      911        8      732      729      106     1973        0       12       28
 3434.000000      923      923        1        8      907        8      730      727       97     1974        0       10       30
 3435.000000      921      921        1        0      921        0      726      724      110     1976        0       10       30
 3436.000000      923      923        1        7      908        8      725      724      102     1941        0       12       28
 3437.000000      938      938        1        8      922        8      737      736       92     1939        0       11       29
 3438.000000      935      935        1        7      920        8      729      727      106     1933        0       11       29
 3439.000000      931      931        1        8      915        8      736      736      107     1934        0       11       29
 3440.000000      938      938        1        7      923        8      720      717      106     1945        0       12       28
 3441.000000      936      936        1        7      921        8      729      726      112     1954        0       12       28
 3442.000000      933      933        1        7      918        8      735      734      114     1981        0       12       28
 3443.000000      931      931        1        8      915        8      739      735      107     1964        0       12       28
 3444.000000      944      944        1        7      929        8      728      724      110     1970        0       11       29
 3445.000000      928      928        1        8      912        8      738      736       93     1958        0       12       28
 3446.000000      947      947        1        8      931        8      738      737      106     1967        0       12       28
 3447.000000      920      920        1        0      920        0      739      737      103     1985        0       10       30
 3448.000000      941      941        1        8      925        8      724      722      117     1968        0       13       27
 3449.000000      940      940        1        7      925        8      728      727       98     1989        0       12       28
 3450.000000      935      935        1        8      919        8      734      730      103     1974        0       11       29
 3451.000000      936      936        1        8      920        8      738      736      114     1969        0       12       28
 3452.000000      945      945        1        8      929        8      729      729      100     1970        1       11       28
 3453.000000      937      937        1       13      917        7      731      731      105     1986        0       12       28
 3454.000000      933      933        1       12      914        7      722      720      112     1970        0       12       28
 3455.000000      920      920        1        0      920        0      713      712      114     1962        0       11       29
 3456.000000      940      940        1        0      940        0      726      726      110     1930        0       11       29
 3457.000000      923      923        1        0      923        0      732      731      104     1925        0       10       30
 3458.000000      914      914        1        0      914        0      733      732      107     1951        0       11       29
 3459.000000      909      909        1        0      909        0      746      745      106     1974        0       10       30
 3460.000000      912      912        1        0      912        0      726      724      118     1966        0        9       31
 3461.000000      917      917        1        0      917        0      732      731      115     1964        0        9       31
 3462.000000      925      925        1        0      925        0      731      727      110     1996        1       10       29
 3463.000000      910      910        1        0      910        0      734      733      107     2000        0       10       30
 3464.000000      913      913        1        0      913        0      724      723      103     1981        0       10       30
 3465.000000      918      918        1        0      918        0      724      722      100     1970        0        8       32
 3466.000000      919      919        1        0      919        0      735      733      104     1957        0       10       30
 3467.000000      921      921        1        0      921        0      741      739      105     1967        0       10       30
 3468.000000      923      923        1        0      923        0      745      744       99     1955        0       11       29
 3469.000000      931      931        1        0      931        0      747      747      102     1937        0       10       30
 3470.000000      916      916        1        0      916        0      746      743      105     1981        0        9       31
 3471.000000      920      920        1        0      920        0      728      726      115     2007        1       11       28
 3472.000000      915      915        1        0      915        0      745      740      107     1988        0       12       28
 3473.000000      932      932        1        0      932        0      736      735      114     1975        0       11       29
 3474.000000      922      922        1        0      922        0      759      757       94     1989        0       12       28
 3475.000000      930      930        1        0      930        0      750      749      101     1972        0       11       29
 3476.000000      919      919        1        0      919        0      746      746      104     2023        0       11       29
 3477.000000      936      936        1        0      936        0      747      744      101     2017        0       12       28
 3478.000000      935      935        1        0      935        0      753      751      103     2015        0       11       29
 3479.000000      935      935        1        0      935        0      746      745      100     2018        0       11       29
 3480.000000      938      938        1        0      938        0      748      748      102     2007        0       10       30
 3481.000000      941      941        1        0      941        0      750      747      107     2001        0       11       29
 3482.000000      946      946        1        0      946        0      730      730      106     1976        0       13       27
 3483.000000      950      950        1        0      950        0      740      739      101     2002        0       12       28
 3484.000000      935      935        1        0      935        0      755      752       97     2002        0       11       29
 3485.000000      934      934        1        0      934        0      748      743      107     1995        0       11       29
 3486.000000      937      937        1        0      937        0      742      741      113     2006        0       11       29
 3487.000000      937      937        1        0      937        0      729      729      110     2018        0       11       29
 3488.000000      947      947        1        0      947        0      739      738      100     1999        0       11       29
 3489.000000      927      927        1        0      927        0      756      753       94     2000        0       11       29
 3490.000000      932      932        1        0      932        0      742      739      109     1963        0       11       29
 3491.000000      926      926        1        0      926        0      736      736      117     1965        0       11       29
 3492.000000      943      943        1        0      943        0      732      731      107     1984        0       11       29
 3493.000000      937      937        1        0      937        0      746      745      103     1998        0       12       28
 3494.000000      936      936        1        0      936        0      739      738      108     2000        0       11       29
 3495.000000      923      923        1        0      923        0      746      746      105     1964        0       10       30
 3496.000000      924      924        1        0      924        0      732      731      112     1994        0       11       29
 3497.000000      937      937        1        0      937        0      734      732      104     1977        0       12       28
 3498.000000      924      924        1        0      924        0      733      732      115     1971        0        9       31
 3499.000000      934      934        1        0      934        0      735      734      107     1974        0       12       28
 3500.000000      928      928        1        0      928        0      738      733      110     1951        0       11       29
 3501.000000      918      918        1        0      918        0      726      725      114     1957        0       11       29
 3502.000000      924      924        1        0      924        0      730      729      104     1958        0       11       29
 3503.000000      919      919        1        0      919        0      746      744      101     1949        0       11       29
 3504.000000      925      925        1        0      925        0      745      744      105     1971        0       11       29
 3505.000000      939      939        1        0      939        0      739      738      107     1964        0       12       28
 3506.000000      921      921        1        0      921        0      732      730      105     1970        0       11       29
 3507.000000      921      921        1        0      921        0      741      738       94     1964        0       11       29
 3508.000000      928      928        1        0      928        0      735      735       97     1964        0       11       29
 3509.000000      933      933        1        0      933        0      737      736      109     1975        1        9       30
 3510.000000      923      923        1        0      923        0      739      736      106     1973        0        9       31
 3511.000000      931      931        1        0      931        0      744      741      102     1983        0       11       29
 3512.000000      910      910        1        0      910        0      720      720      117     1953        0       10       30
 3513.000000      908      908        1        0      908        0      732      731      104     1956        0       10       30
 3514.000000      916      916        1        0      916        0      732      731      104     1922        0       12       28
 3515.000000      933      933        1        0      933        0      732      732       98     1938        0       12       28
 3516.000000      913      913        1        0      913        0      737      737      104     1942        0        9       31
 3517.000000      917      917        1        0      917        0      724      723      107     1960        0       11       29
 3518.000000      919      919        1        0      919        0      721      721      116     1954        0       12       28
 3519.000000      909      909        1        0      909        0      726      725       97     1930        0       11       29
 3520.000000      913      913        1        0      913        0      722      722      113     1973        0       11       29
 3521.000000      919      919        1        0      919        0      721      719      103     1926        0       11       29
 3522.000000      919      919        1        0      919        0      735      735      105     1966        0       11       29
 3523.000000      919      919        1        0      919        0      740      739       96     1961        0        9       31
 3524.000000      915      915        1        0      915        0      733      730      101     1929        0        9       31
 3525.000000      931      931        1        0      931        0      724      720      110     1984        0       11       29
 3526.000000      938      938        1        0      938        0      737      735       98     1991        0       12       28
 3527.000000      923      923        1        0      923        0      719      715      115     1989        0       11       29
 3528.000000      930      930        1        0      930        0      731      727      115     1975        1        9       30
 3529.000000      908      908        1        0      908        0      732      731      101     1975        0       10       30
 3530.000000      915      915        1        0      915        0      727      724      116     1997        0       10       30
 3531.000000      944      944        1        0      944        0      741      737      100     1964        1       10       29
 3532.000000      941      941        1        0      941        0      740      737      110     2007        1       12       27
 3533.000000      931      919        2        0      931        0      737      736      122     1958        0       11       29
 3534.000000      908      908        1        0      908        0      726      725      106     1968        0        7       33
 3535.000000      942      942        1        0      942        0      739      734      103     1994        0       12       28
 3536.000000      924      924        1        0      924        0      729      728      110     1977        0       10       30
 3537.000000      936      936        1        0      936        0      743      742      115     1971        0       11       29
 3538.000000      924      924        1        0      924        0      729      726      118     1988        0       10       30
 3539.000000      920      920        1        0      920        0      724      724      109     1966        0       11       29
 3540.000000      922      922        1        0      922        0      732      730      106     1966        0        9       31
 3541.000000      928      928        1        0      928        0      723      720      117     1970        0       11       29
 3542.000000      923      923        1        0      923        0      739      737      109     1955        0        9       31
 3543.000000      951      951        1        0      951        0      737      733      107     1976        0       11       29
 3544.000000      932      932        1        0      932        0      742      739      112     1959        0       12       28
 3545.000000      940      940        1        0      940        0      750      748      104     1989        0       10       30
 3546.000000      931      931        1        0      931        0      750      744      106     1964        0       11       29
 3547.000000      931      931        1        0      931        0      737      736      102     1970        0       11       29
 3548.000000      942      942        1        0      942        0      733      731      107     1943        0       10       30
 3549.000000      933      933        1        0      933        0      725      724      105     1957        0       10       30
 3550.000000      932      932        1        0      932        0      747      745       99     1940        0       11       29
 3551.000000      939      939        1        0      939        0      741      739      109     1958        0       11       29
 3552.000000      931      931        1        0      931        0      743      743      102     1958        0        9       31
 3553.000000      930      930        1        0      930        0      726      724      114     1989        0       10       30
 3554.000000      933      933        1        0      933        0      732      730      122     1957        1        8       31
 3555.000000      912      912        1        0      912        0      737      734      106     1941        0        8       32
 3556.000000      928      928        1        0      928        0      743      739      111     1959        0       11       29
 3557.000000      922      922        1        0      922        0      730      729      108     1941        0       10       30
 3558.000000      933      933        1        0      933        0      722      720      119     1918        0       11       29
 3559.000000      945      945        1        0      945        0      737      735      115     1952        0       11       29
 3560.000000      930      930        1        0      930        0      728      725      113     1953        0       10       30
 3561.000000      943      943        1        0      943        0      746      746      110     1988        0       11       29
 3562.000000      958      958        1        0      958        0      729      728      111     1972        1       11       28
 3563.000000      943      943        1        0      943        0      732      731      110     1967        0       11       29
 3564.000000      949      949        1        0      949        0      729      725      107     1974        0       12       28
 3565.000000      943      943        1        0      943        0      738      738      109     1956        0       10       30
 3566.000000      942      942        1        0      942        0      735      734      106     1992        0       11       29
 3567.000000      945      945        1        0      945        0      737      736      111     1967        0       10       30
 3568.000000      945      945        1        0      945        0      734      734      104     1954        0       11       29
 3569.000000      951      951        1        0      951        0      738      738      102     1979        0       11       29
 3570.000000      949      937        2        0      949        0      731      726      110     1944        0        9       31
 3571.000000      955      943        2        0      955        0      756      754       99     1977        0       12       28
 3572.000000      943      943        1        0      943        0      732      731      115     1979        0       10       30
 3573.000000      970      958        2        0      970        0      742      739      108     1966        0       13       27
 3574.000000      952      940        2        0      952        0      743      742      110     1980        0       13       27
 3575.000000      976      976        1        0      976        0      742      740      105     1983        0       12       28
 3576.000000      946      946        1        0      946        0      736      734      116     2002        1       10       29
 3577.000000      943      943        1        0      943        0      740      740      114     1980        0       12       28
 3578.000000      947      947        1        0      947        0      749      748      106     1968        0       11       29
 3579.000000      936      936        1        0      936        0      751      749      102     1950        0       10       30
 3580.000000      931      931        1        0      931        0      735      734      107     1963        0       10       30
 3581.000000      936      936        1        0      936        0      746      742      101     1974        0       10       30
 3582.000000      928      928        1        0      928        0      742      741      103     1955        0        9       31
 3583.000000      929      929        1        0      929        0      730      726      110     1967        0       10       30
 3584.000000      926      926        1        0      926        0      734      733      113     1957        0       11       29
 3585.000000      937      937        1        0      937        0      728      723      117     1967        0       11       29
 3586.000000      938      938        1        0      938        0      746      743       92     1951        0       10       30
 3587.000000      941      941        1        0      941        0      744      742      111     1958        0       11       29
 3588.000000      929      929        1        0      929        0      739      739      100     1939        0       11       29
 3589.000000      960      960        1        0      960        0      735      733      103     1973        1        9       30
 3590.000000      941      941        1        0      941        0      743      742      102     1984        0       12       28
 3591.000000      933      933        1        0      933        0      743      742      105     1999        0       11       29
 3592.000000      941      941        1        0      941        0      741      736      109     1977        0       11       29
 3593.000000      934      934        1        0      934        0      747      746      107     1989        0       11       29
 3594.000000      973      961        2        0      973        0      760      760       98     1990        0       17       23
 3595.000000      960      960        1        0      960        0      750      748      101     1963        0       12       28
 3596.000000      956      944        2        0      956        0      743      741      116     1976        0       14       26
 3597.000000      930      930        1        0      930        0      733      733      112     1996        0       12       28
 3598.000000      931      931        1        0      931        0      733      732      113     1974        0       12       28
 3599.000000      929      929        1        0      929        0      734      732      106     1961        0       12       28
 3600.000000      941      941        1        0      941        0      747      745      107     1948        0       12       28
 3601.000000      939      939        1        0      939        0      746      745      106     1958        0       12       28
 3602.000000      928      928        1        0      928        0      741      738      106     2022        0       12       28
 3603.000000      926      926        1        0      926        0      744      743      110     1959        0       12       28
 3604.000000      931      931        1        0      931        0      743      741      107     1955        0       12       28
 3605.000000      928      928        1        0      928        0      742      742      105     1980        0       12       28
 3606.000000      926      926        1        0      926        0      736      735      109     1954        0       12       28
 3607.000000      929      929        1        0      929        0      745      745       91     1988        0       11       29
 3608.000000      927      927        1        0      927        0      726      725      112     1952        0       12       28
 3609.000000      929      929        1        0      929        0      729      727      113     1980        0       11       29
 3610.000000      927      927        1        0      927        0      731      729       94     1938        1       10       29
 3611.000000      944      944        1        0      944        0      744      741      103     2013        0       11       29
 3612.000000      938      938        1        0      938        0      729      722      109     1962        0       11       29
 3613.000000      955      943        2        0      955        0      740      738       98     1965        0       14       26
 3614.000000      935      935        1        0      935        0      731      731      109     1987        0       11       29
 3615.000000      939      939        1        0      939        0      741      734      118     1984        0       12       28
 3616.000000      936      936        1        0      936        0      732      729      119     1985        0       10       30
 3617.000000      961      949        2        0      961        0      752      747      104     1974        1       13       26
 3618.000000      933      933        1        0      933        0      751      749      100     1999        0       11       29
 3619.000000      950      938        2        0      950        0      748      744      106     1950        0       17       23
 3620.000000      933      933        1        0      933        0      735      728      110     1985        0       12       28
 3621.000000      958      958        1        0      958        0      735      733      105     1993        0       11       29
 3622.000000      957      957        1        0      957        0      745      743      104     2037        0       12       28
 3623.000000      943      943        1        0      943        0      757      755       88     1998        0       12       28
 3624.000000      960      960        1        0      960        0      738      734      104     2002        1       10       29
 3625.000000      942      942        1        0      942        0      740      738      116     2012        0       11       29
 3626.000000      960      960        1        0      960        0      746      744      101     2007        0       11       29
 3627.000000      942      942        1        0      942        0      751      748      102     1982        0       11       29
 3628.000000      944      944        1        0      944        0      752      750      111     2004        0       11       29
 3629.000000      952      952        1        0      952        0      753      750      110     2026        0       11       29
 3630.000000      945      945        1        0      945        0      773      770      101     2034        0       11       29
 3631.000000      935      935        1        0      935        0      766      764      100     2019        0       11       29
 3632.000000      949      949        1        0      949        0      758      758      103     2001        0       12       28
 3633.000000      959      959        1        0      959        0      756      755      110     2056        0       12       28
 3634.000000      952      952        1        0      952        0      762      761      104     2022        0       12       28
 3635.000000      936      936        1        0      936        0      757      755      109     2012        0       10       30
 3636.000000      942      942        1        0      942        0      753      750      110     2032        0       11       29
 3637.000000      942      942        1        0      942        0      749      745      104     2011        0       11       29
 3638.000000      942      942        1        0      942        0      763      762      101     2041        0       12       28
 3639.000000      944      944        1        0      944        0      773      772      100     2003        0       11       29
 3640.000000      941      941        1        0      941        0      760      757      105     2003        0       11       29
 3641.000000      941      941        1        0      941        0      753      752      103     2025        0       11       29
 3642.000000      948      948        1        0      948        0      749      748      111     1979        0       11       29
 3643.000000      941      941        1        0      941        0      760      757      101     2024        0       11       29
 3644.000000      941      941        1        0      941        0      770      767       94     2018        0       11       29
 3645.000000      945      945        1        0      945        0      749      748      100     2006        0       11       29
 3646.000000      936      936        1        0      936        0      761      760       97     2024        0       13       27
 3647.000000      935      935        1        0      935        0      754      751       97     2027        0       11       29
 3648.000000      944      944        1        0      944        0      767      765       94     2032        0       14       26
 3649.000000      971      971        1        0      971        0      767      766       94     2018        0       17       23
 3650.000000      942      942        1        0      942        0      754      753      102     2024        0       11       29
 3651.000000      934      934        1        0      934        0      767      767      102     2006        0       11       29
 3652.000000      942      942        1        0      942        0      756      753       96     2021        0       11       29
 3653.000000      943      943        1        0      943        0      745      743      108     1983        0       12       28
 3654.000000      978      978        1        0      978        0      760      760      101     1967        0       14       26
 3655.000000      957      957        1        0      957        0      757      757      101     2025        0       12       28
 3656.000000      947      947        1        0      947        0      752      752      107     2009        0       11       29
 3657.000000      953      953        1        0      953        0      760      758      101     1985        0       12       28
 3658.000000      942      942        1        0      942        0      765      764      102     1998        0       11       29
 3659.000000      932      932        1        0      932        0      752      752      106     1983        0       11       29
 3660.000000      938      938        1        8      923        7      764      759      107     1975        0       11       29
 3661.000000      940      940        1        0      940        0      750      749      118     2021        0       11       29
 3662.000000      936      936        1        0      936        0      761      761      114     2018        0       11       29
 3663.000000      948      948        1        0      948        0      749      749      106     2023        0       16       24
 3664.000000      942      942        1        0      942        0      764      763       95     2019        0       13       27
 3665.000000      946      946        1        0      946        0      779      777       97     2039        0       11       29
 3666.000000      939      939        1        0      939        0      766      766      104     2013        0       11       29
 3667.000000      956      956        1        0      956        0      762      761      100     2008        1       12       27
 3668.000000      937      937        1        0      937        0      750      747      114     1979        0       10       30
 3669.000000      947      947        1        0      947        0      768      765       98     2008        0        9       31
 3670.000000      951      951        1        0      951        0      758      756      101     1998        0       11       29
 3671.000000      953      953        1        0      953        0      757      756      107     1992        0       10       30
 3672.000000      958      958        1        0      958        0      753      750      108     2024        0       10       30
 3673.000000      954      954        1        0      954        0      766      766       97     2007        0       11       29
 3674.000000      949      949        1        0      949        0      764      762       91     2011        0       11       29
 3675.000000      964      964        1        0      964        0      751      747      110     1992        0       11       29
 3676.000000      954      954        1        0      954        0      766      765       99     2031        0       11       29
 3677.000000      955      955        1        0      955        0      765      765      113     2006        0       12       28
 3678.000000      956      956        1        0      956        0      758      756      112     2024        0       12       28
 3679.000000      953      953        1        0      953        0      761      760      117     2026        0       12       28
 3680.000000      953      953        1        0      953        0      755      753      116     2004        0       12       28
 3681.000000      947      947        1        0      947        0      771      768      106     2017        0       10       30
 3682.000000      961      961        1        0      961        0      754      749      112     2003        0       11       29
 3683.000000      959      959        1        0      959        0      766      765      100     2016        1       10       29
 3684.000000      955      955        1        0      955        0      772      769      103     1994        1       11       28
 3685.000000      948      948        1        0      948        0      759      758      109     1987        1       10       29
 3686.000000      950      950        1        0      950        0      768      764      101     1993        1       11       28
 3687.000000      981      981        1        0      981        0      775      774       96     2019        0       12       28
 3688.000000      975      975        1        0      975        0      771      771      105     1997        0       11       29
 3689.000000      956      956        1        0      956        0      768      766      106     2028        0       12       28
 3690.000000      963      963        1        0      963        0      770      769      101     2016        1       12       27
 3691.000000      961      961        1        0      961        0      759      756      113     1998        0       11       29
 3692.000000      970      970        1        0      970        0      771      771       95     2000        0       13       27
 3693.000000      952      952        1        0      952        0      762      762      102     1987        0       12       28
 3694.000000      987      987        1        0      987        0      755      753      106     1985        1       13       26
 3695.000000      964      964        1        0      964        0      768      766       95     1998        1       11       28
 3696.000000      972      972        1        0      972        0      750      748       95     1979        0       14       26
 3697.000000      957      957        1        0      957        0      758      755       98     1989        1       10       29
 3698.000000      950      950        1        0      950        0      744      743      109     1994        1       10       29
 3699.000000      959      959        1        0      959        0      760      759      103     1974        0       11       29
 3700.000000      965      965        1        0      965        0      764      761      102     2009        1       13       26
 3701.000000      956      956        1        0      956        0      749      748       97     2002        0       12       28
 3702.000000      953      953        1        0      953        0      744      743       97     1997        0       13       27
 3703.000000      951      951        1        0      951        0      746      744       94     1981        0       12       28
 3704.000000      952      952        1        0      952        0      760      759      104     1961        0       12       28
 3705.000000      955      955        1        0      955        0      745      742      115     1952        0       12       28
 3706.000000      943      943        1        0      943        0      762      761      100     1965        0       11       29
 3707.000000      961      961        1        0      961        0      752      751      100     1977        1       11       28
 3708.000000      954      954        1        0      954        0      737      733      108     1988        0       13       27
 3709.000000      972      972        1        0      972        0      759      758      100     1993        1       10       29
 3710.000000      973      973        1        0      973        0      760      755       96     2001        1       13       26
 3711.000000      970      970        1        0      970        0      773      770       95     1985        1       11       28
 3712.000000      970      970        1        0      970        0      755      754       93     1977        1       10       29
 3713.000000      969      969        1        0      969        0      752      752       96     2008        1       11       28
 3714.000000      972      972        1        0      972        0      748      746      102     2006        1       12       27
 3715.000000      964      964        1        0      964        0      752      751       98     1983        1       10       29
 3716.000000      966      966        1        0      966        0      757      754       97     2009        0       12       28
 3717.000000      972      972        1        0      972        0      754      751       99     2024        0       12       28
 3718.000000      966      966        1        0      966        0      756      752      105     2003        0       12       28
 3719.000000      973      973        1        0      973        0      753      750       98     2008        1       12       27
 3720.000000      970      970        1        0      970        0      747      745      111     2004        1       12       27
 3721.000000      976      976        1        0      976        0      740      736      110     1961        1       11       28
 3722.000000      962      962        1        0      962        0      753      749      110     1964        0       11       29
 3723.000000      963      963        1        0      963        0      756      754      108     2007        1        9       30
 3724.000000      972      972        1        0      972        0      748      745      109     1989        0       13       27
 3725.000000      995      995        1        0      995        0      742      738      115     2002        0       14       26
 3726.000000      960      960        1        0      960        0      738      735      124     1992        0       11       29
 3727.000000      971      971        1        0      971        0      751      750      108     2004        0       12       28
 3728.000000      958      958        1        0      958        0      744      744      102     2001        0       11       29
 3729.000000      960      960        1        0      960        0      754      751      107     1994        0       12       28
 3730.000000      956      956        1        0      956        0      755      754      101     1952        0       11       29
 3731.000000      953      953        1        0      953        0      732      731      126     1977        0       11       29
 3732.000000      969      969        1        0      969        0      746      745      111     1994        1       11       28
 3733.000000      967      967        1        0      967        0      741      733      124     1991        0       12       28
 3734.000000      953      953        1        0      953        0      758      758      101     1975        0       11       29
 3735.000000      965      965        1        0      965        0      750      749      114     1992        0       13       27
 3736.000000      956      956        1        0      956        0      751      750      103     1982        0       12       28
 3737.000000      954      954        1        0      954        0      757      753      108     1968        0       12       28
 3738.000000      958      958        1        0      958        0      748      747      100     1955        0       12       28
 3739.000000      955      955        1        0      955        0      757      757      106     1969        0       11       29
 3740.000000      952      952        1        0      952        0      756      756       97     1976        0       10       30
 3741.000000      951      951        1        0      951        0      749      747      107     1987        0       10       30
 3742.000000      952      952        1        0      952        0      745      742      107     1968        0       12       28
 3743.000000      959      959        1        0      959        0      764      760      105     1956        0       11       29
 3744.000000      931      931        1        0      931        0      753      750      108     1994        0       10       30
 3745.000000      958      958        1        0      958        0      750      749      102     1976        0       11       29
 3746.000000      958      958        1        0      958        0      747      746      101     1976        0       12       28
 3747.000000      962      962        1        0      962        0      747      746      103     1993        0       13       27
 3748.000000      956      956        1        0      956        0      736      736      116     2010        0       13       27
 3749.000000      960      960        1        0      960        0      734      730      111     1999        0       13       27
 3750.000000      959      959        1        0      959        0      724      724      113     1997        0       12       28
 3751.000000      968      968        1        0      968        0      746      741      120     1993        0       12       28
 3752.000000      978      966        2        0      978        0      741      738      116     1975        1       13       26
 3753.000000      969      969        1        0      969        0      754      753       98     1971        0       13       27
 3754.000000      974      974        1        0      974        0      748      746      102     1975        0       13       27
 3755.000000      966      966        1        0      966        0      742      742      102     1976        0       13       27
 3756.000000      968      968        1        0      968        0      740      740      114     1983        0       13       27
 3757.000000      988      988        1        0      988        0      771      767      102     1998        0       15       25
 3758.000000      967      967        1        0      967        0      752      752      104     2004        0       13       27
 3759.000000      994      994        1        0      994        0      753      752       96     2002        0       15       25
 3760.000000      971      971        1        0      971        0      752      749      105     1979        0       14       26
 3761.000000      949      949        1        0      949        0      768      765       96     1987        1       11       28
 3762.000000      959      959        1        0      959        0      766      766      104     1997        0       11       29
 3763.000000      971      971        1        0      971        0      754      753      108     2006        1       11       28
 3764.000000      962      962        1        0      962        0      745      745      109     1985        0       12       28
 3765.000000      970      970        1        0      970        0      757      755      113     1984        0       14       26
 3766.000000      974      974        1        0      974        0      760      759      113     2008        0       14       26
 3767.000000      955      955        1        0      955        0      774      774      100     1986        0       12       28
 3768.000000      966      966        1        0      966        0      774      771      112     1990        0       12       28
 3769.000000      968      968        1        0      968        0      768      768      112     1989        1       11       28
 3770.000000      959      959        1        0      959        0      766      761      125     1983        0       11       29
 3771.000000      953      953        1        0      953        0      747      742      129     2010        0       12       28
 3772.000000      969      969        1        0      969        0      756      754      110     2019        0       16       24
 3773.000000      945      945        1        0      945        0      764      764      104     2021        0       13       27
 3774.000000      978      964        2       14      964        0      752      746      118     1997        1       11       28
 3775.000000      987      987        1       14      973        0      765      763      102     1996        0       14       26
 3776.000000      956      956        1        0      956        0      753      751      113     1971        0       10       30
 3777.000000      988      974        2       14      974        0      751      750      109     1995        1       12       27
 3778.000000      979      965        2       14      965        0      761      759      116     1974        0       12       28
 3779.000000      962      962        1        0      962        0      760      758      108     1988        1        9       30
 3780.000000      965      965        1        0      965        0      767      764      107     1981        0       12       28
 3781.000000      967      967        1        0      967        0      774      773      114     2021        0       12       28
 3782.000000      970      970        1        0      970        0      754      751      118     1982        0       14       26
 3783.000000      971      971        1        0      971        0      756      756      117     1995        0       13       27
 3784.000000      994      980        2       14      980        0      770      770      114     2016        0       14       26
 3785.000000      972      972        1        0      972        0      750      748      121     1970        0       14       26
 3786.000000      967      967        1        0      967        0      745      743      126     1997        1       11       28
 3787.000000      966      966        1        0      966        0      744      741      119     1976        1       12       27
 3788.000000      958      958        1        0      958        0      766      764      112     1998        0       11       29
 3789.000000      959      959        1        0      959        0      752      750      118     1998        0       10       30
 3790.000000      961      961        1        0      961        0      765      763      108     1971        0       10       30
 3791.000000      967      967        1        0      967        0      754      752      110     1977        0       12       28
 3792.000000      969      969        1        0      969        0      755      755      109     1967        0       13       27
 3793.000000      966      966        1        0      966        0      752      750      125     1963        0       14       26
 3794.000000      957      957        1        0      957        0      761      759      118     1970        0       11       29
 3795.000000      976      976        1        0      976        0      760      759      111     1990        0       12       28
 3796.000000      963      963        1        0      963        0      757      755      117     1949        0       11       29
 3797.000000      954      954        1        0      954        0      750      748      125     1981        0       11       29
 3798.000000      965      965        1        0      965        0      745      742      129     1986        0       11       29
 3799.000000      968      968        1        0      968        0      766      766      109     1978        0       11       29
 3800.000000      972      972        1        0      972        0      754      749      105     2007        0       11       29
 3801.000000      977      977        1        0      977        0      755      754      110     1996        0       13       27
 3802.000000      968      968        1        0      968        0      756      751      108     1981        0       11       29
 3803.000000      974      974        1        0      974        0      768      768      112     1986        0       13       27
 3804.000000      972      972        1        0      972        0      762      756      114     1988        0       13       27
 3805.000000      968      968        1        0      968        0      767      766      109     2008        0       10       30
 3806.000000      974      974        1        0      974        0      754      754      116     2015        0       11       29
 3807.000000      967      967        1        0      967        0      753      752      102     2012        0       11       29
 3808.000000      968      968        1        0      968        0      756      756      114     1996        0       11       29
 3809.000000      979      979        1        0      979        0      764      763      102     2019        0       12       28
 3810.000000      964      964        1        0      964        0      759      759      116     2012        0       11       29
 3811.000000      976      976        1        0      976        0      748      748      103     2013        0       13       27
 3812.000000      974      974        1        0      974        0      754      751      108     2006        1       12       27
 3813.000000      974      974        1        0      974        0      762      761      113     2018        0       13       27
 3814.000000      967      967        1        0      967        0      751      749      117     1992        1       10       29
 3815.000000      963      963        1        0      963        0      771      770      101     2004        1       10       29
 3816.000000      979      979        1        0      979        0      759      758      115     2038        1       14       25
 3817.000000      963      963        1        0      963        0      763      763      102     2020        0       12       28
 3818.000000      969      969        1        0      969        0      769      764       99     2034        1       10       29
 3819.000000      952      952        1        0      952        0      755      754      106     2011        1       10       29
 3820.000000      956      956        1        0      956        0      751      750      110     2002        0       11       29
 3821.000000      948      948        1        0      948        0      754      752      116     2004        0        9       31
 3822.000000      938      938        1        0      938        0      755      755       96     2021        0        9       31
 3823.000000      939      939        1        0      939        0      749      747      101     1986        0        8       32
 3824.000000      953      953        1        0      953        0      747      746      107     1979        1        9       30
 3825.000000      947      947        1        0      947        0      759      759       98     2023        1        8       31
 3826.000000      956      956        1        0      956        0      763      762      107     1980        1       11       28
 3827.000000      934      934        1        0      934        0      763      762       96     1999        1        7       32
 3828.000000      941      941        1        0      941        0      766      766       96     1993        1        7       32
 3829.000000      943      943        1        0      943        0      765      764       95     2012        1        7       32
 3830.000000      938      938        1        0      938        0      770      769       92     2017        0        8       32
 3831.000000      957      957        1        0      957        0      772      770      107     1995        0       11       29
 3832.000000      956      956        1        0      956        0      758      756       98     2026        1        7       32
 3833.000000      943      943        1        0      943        0      757      755      117     1984        1        8       31
 3834.000000      949      949        1        0      949        0      766      765      103     2007        1        7       32
 3835.000000      953      953        1        0      953        0      758      754      118     2038        1        9       30
 3836.000000      950      950        1        0      950        0      757      756       97     1986        0        8       32
 3837.000000      948      948        1        0      948        0      748      745      105     2000        1        6       33
 3838.000000      937      937        1        0      937        0      757      757      110     2015        0        8       32
 3839.000000      966      966        1        0      966        0      753      750      103     2008        1       11       28
 3840.000000      943      943        1        0      943        0      756      753      104     2029        0        8       32
 3841.000000      940      940        1        0      940        0      764      764      105     1987        0        9       31
 3842.000000      962      962        1        0      962        0      758      754      110     1998        0       13       27
 3843.000000      964      964        1        0      964        0      767      767       98     1985        0       10       30
 3844.000000      943      943        1        0      943        0      740      738      118     2001        1        9       30
 3845.000000      960      960        1        0      960        0      756      752      115     1987        0       15       25
 3846.000000      961      961        1        0      961        0      747      745      110     1966        1       12       27
 3847.000000      971      959        2        0      971        0      761      758      109     1979        0       10       30
 3848.000000      954      954        1        0      954        0      768      766      117     1975        1       10       29
 3849.000000      953      953        1        0      953        0      763      762      113     1985        1        9       30
 3850.000000      951      951        1        0      951        0      757      756      104     1999        0       12       28
 3851.000000      956      956        1        0      956        0      763      760      118     1996        1       10       29
 3852.000000      952      952        1        0      952        0      755      751      101     1973        1       10       29
 3853.000000      948      948        1        0      948        0      754      752      105     1975        1       10       29
 3854.000000      949      949        1        0      949        0      752      749      112     1969        1        9       30
 3855.000000      943      943        1        0      943        0      772      771      101     1977        0        9       31
 3856.000000      946      946        1        0      946        0      769      766      102     2033        1        9       30
 3857.000000      950      950        1        0      950        0      745      742      113     1994        0       10       30
 3858.000000      955      955        1        0      955        0      755      753      106     2000        1        9       30
 3859.000000      949      949        1        0      949        0      754      752      101     1987        0       10       30
 3860.000000      939      939        1        0      939        0      756      754       96     2036        0       10       30
 3861.000000      942      942        1        0      942        0      739      738      110     2015        0       10       30
 3862.000000      946      946        1        0      946        0      752      750      104     1979        0       10       30
 3863.000000      950      950        1        0      950        0      747      747      113     2015        0       11       29
 3864.000000      936      936        1        0      936        0      736      734      123     2002        0       10       30
 3865.000000      947      947        1        0      947        0      751      746      124     2000        0       11       29
 3866.000000      940      940        1        0      940        0      753      750      113     1978        0       10       30
 3867.000000      950      950        1        0      950        0      747      745      104     1991        0       11       29
 3868.000000      946      946        1        0      946        0      741      739      112     1968        0       10       30
 3869.000000      957      957        1        0      957        0      751      750      115     1991        0       11       29
 3870.000000      949      949        1        0      949        0      759      758      102     2000        1       10       29
 3871.000000      925      925        1        0      925        0      751      749      102     1945        0       10       30
 3872.000000      933      933        1        0      933        0      751      750      113     1972        0        9       31
 3873.000000      963      963        1        0      963        0      764      759      102     1975        0       10       30
 3874.000000      945      945        1        0      945        0      759      758       96     2002        0       10       30
 3875.000000      947      947        1        0      947        0      776      773       94     1994        0       10       30
 3876.000000      954      954        1        0      954        0      769      765      104     2039        0       10       30
 3877.000000      967      967        1        0      967        0      753      753      116     2000        0       10       30
 3878.000000      955      955        1        0      955        0      755      753      106     2014        2        8       30
 3879.000000      957      957        1        0      957        0      767      763      103     1995        1       10       29
 3880.000000      949      949        1        0      949        0      759      756      110     2018        2        8       30
 3881.000000      965      965        1        0      965        0      776      772      100     2016        1        9       30
 3882.000000      967      967        1        0      967        0      756      753      100     1995        2        8       30
 3883.000000      958      958        1        0      958        0      758      756      105     2005        1        9       30
 3884.000000      962      962        1        0      962        0      759      756      112     2017        1        9       30
 3885.000000      967      967        1        0      967        0      763      760      103     2014        2        9       29
 3886.000000      964      964        1        0      964        0      766      765      115     2036        1        9       30
 3887.000000      960      960        1        0      960        0      766      764      100     2022        1       10       29
 3888.000000      958      958        1        0      958        0      761      760      105     2082        1        9       30
 3889.000000      954      954        1        0      954        0      765      763      110     2039        1       10       29
 3890.000000      945      945        1        0      945        0      759      756      110     1990        1        9       30
 3891.000000      962      962        1        0      962        0      752      750      105     2009        1        9       30
 3892.000000      971      971        1        0      971        0      757      756      104     2038        0       11       29
 3893.000000      959      959        1        0      959        0      756      752      106     1971        1       10       29
 3894.000000      960      960        1        0      960        0      753      750      126     1980        2        8       30
 3895.000000      954      954        1        0      954        0      759      758      111     2019        0        9       31
 3896.000000      958      958        1        0      958        0      767      766      108     1983        0       11       29
 3897.000000      978      978        1        0      978        0      763      759      112     1994        0       10       30
 3898.000000      973      973        1        0      973        0      777      775      103     2003        1       10       29
 3899.000000      986      986        1        0      986        0      764      762       99     2025        0       13       27
 3900.000000      964      964        1        0      964        0      776      775      109     2041        0       10       30
 3901.000000      984      984        1        0      984        0      770      769      106     2035        0       13       27
 3902.000000      984      984        1        0      984        0      763      762      117     2004        0       10       30
 3903.000000      962      962        1        0      962        0      764      763      104     2008        0       10       30
 3904.000000      959      959        1        0      959        0      763      762       97     2013        1        9       30
 3905.000000      954      954        1        0      954        0      769      765       87     1991        0       10       30
 3906.000000      964      964        1        0      964        0      771      770      107     2002        0       10       30
 3907.000000      964      964        1        0      964        0      762      760      110     2012        0       10       30
 3908.000000      966      966        1        0      966        0      772      770      103     2025        1       10       29
 3909.000000      963      963        1        0      963        0      768      766       93     1979        0       11       29
 3910.000000      959      959        1        0      959        0      768      768      102     2004        0       10       30
 3911.000000      966      966        1        0      966        0      760      758      102     2015        0       10       30
 3912.000000      981      981        1        0      981        0      762      762      110     2007        0       13       27
 3913.000000      967      967        1        0      967        0      759      758      105     2015        0       10       30
 3914.000000      943      943        1        0      943        0      747      745      102     1999        0       10       30
 3915.000000      959      959        1        0      959        0      743      740      119     2017        0       11       29
 3916.000000      956      956        1        0      956        0      762      761       88     2018        0       10       30
 3917.000000      957      957        1        0      957        0      751      749      105     1963        0       11       29
 3918.000000      960      960        1        0      960        0      743      742       99     2012        0       10       30
 3919.000000      959      959        1        0      959        0      743      742      114     2011        0       10       30
 3920.000000      956      956        1        0      956        0      747      745      110     2000        2        8       30
 3921.000000      969      969        1        0      969        0      761      761       98     2021        2        8       30
 3922.000000      959      959        1        0      959        0      750      747      111     1996        0       12       28
 3923.000000      970      970        1        0      970        0      767      764      106     1997        2       11       27
 3924.000000      954      954        1        0      954        0      733      731      110     1987        1        9       30
 3925.000000      973      973        1        0      973        0      744      742      110     2011        0       13       27
 3926.000000      965      965        1        0      965        0      740      737      118     2018        2       10       28
 3927.000000      954      954        1        0      954        0      757      755      108     2011        2        7       31
 3928.000000      954      954        1        0      954        0      732      726      112     1978        0       10       30
 3929.000000      962      962        1        0      962        0      748      747      109     2006        1        9       30
 3930.000000      977      977        1        0      977        0      752      749      122     1984        0       12       28
 3931.000000      965      965        1        0      965        0      761      759       94     2011        1        8       31
 3932.000000      970      970        1        0      970        0      768      767       94     2003        1        9       30
 3933.000000      960      960        1        0      960        0      766      761      100     1985        1        9       30
 3934.000000      964      964        1        0      964        0      751      748       98     2002        1        9       30
 3935.000000      965      965        1        0      965        0      761      759       99     2045        0       10       30
 3936.000000      976      976        1        0      976        0      762      760       96     1994        0       10       30
 3937.000000      966      966        1        0      966        0      775      774      101     2007        0       10       30
 3938.000000      967      967        1        0      967        0      749      747      100     1996        0       11       29
 3939.000000      964      964        1        0      964        0      754      753      110     2006        1        9       30
 3940.000000      980      980        1        0      980        0      755      752      113     2044        1       10       29
 3941.000000      971      971        1        0      971        0      760      759      104     2026        0       10       30
 3942.000000      968      968        1        0      968        0      765      761      111     1989        1        8       31
 3943.000000      968      968        1        0      968        0      756      755      108     1987        0       10       30
 3944.000000      968      968        1        0      968        0      753      753      108     2035        0       10       30
 3945.000000      968      968        1        0      968        0      747      745      113     2027        1        9       30
 3946.000000      974      974        1        0      974        0      770      770      107     1983        1        9       30
 3947.000000      961      961        1        0      961        0      759      758      103     1987        1        9       30
 3948.000000      968      968        1        0      968        0      760      760       90     2003        0       10       30
 3949.000000      962      962        1        0      962        0      754      753      115     2006        1        9       30
 3950.000000      992      992        1        0      992        0      753      752      114     2042        1       11       28
 3951.000000      959      959        1        0      959        0      757      756       97     1984        0       10       30
 3952.000000      969      969        1        0      969        0      751      749      107     2023        0       12       28
 3953.000000      962      962        1        0      962        0      757      754       99     2019        1       10       29
 3954.000000      955      955        1        0      955        0      764      762      101     2026        1       10       29
 3955.000000      990      990        1        0      990        0      763      762      102     2009        0       14       26
 3956.000000      969      969        1        0      969        0      773      772      102     2034        2        9       29
 3957.000000      978      978        1        0      978        0      757      752      112     2020        2        8       30
 3958.000000      982      982        1        0      982        0      764      762      108     2017        0       12       28
 3959.000000      975      975        1        0      975        0      764      763      101     2028        2        9       29
 3960.000000      959      959        1        0      959        0      755      753      117     2051        0       10       30
 3961.000000      973      973        1        0      973        0      764      763      106     2037        1       10       29
 3962.000000      979      979        1        0      979        0      765      763      109     2009        1        9       30
 3963.000000      997      997        1        0      997        0      770      765       91     2044        1       10       29
 3964.000000      981      981        1        0      981        0      767      765       94     2004        1       10       29
 3965.000000      985      985        1        0      985        0      768      765       92     2008        1       12       27
 3966.000000      988      988        1        0      988        0      752      751      120     2028        2        9       29
 3967.000000      996      996        1        0      996        0      772      770      105     2015        0       13       27
 3968.000000      963      963        1        0      963        0      768      760      107     2028        1        9       30
 3969.000000      968      968        1        0      968        0      752      749      115     1987        2        8       30
 3970.000000      997      997        1        0      997        0      779      778       96     2071        0       11       29
 3971.000000      993      993        1        0      993        0      788      786       94     2036        1       10       29
 3972.000000      988      988        1        0      988        0      761      758      111     2027        0       11       29
 3973.000000      990      990        1        0      990        0      775      771      106     2036        1        9       30
 3974.000000      982      982        1        0      982        0      758      756      113     2051        1       10       29
 3975.000000      972      972        1        0      972        0      773      773      101     2049        0       11       29
 3976.000000      998      998        1        0      998        0      770      769      100     2049        2        8       30
 3977.000000      979      979        1        0      979        0      750      747      120     2013        0       12       28
 3978.000000      985      985        1        0      985        0      771      769       98     2022        0       11       29
 3979.000000      973      973        1        0      973        0      766      763      112     2013        1       11       28
 3980.000000      982      982        1        0      982        0      761      760      105     2028        2        9       29
 3981.000000      980      980        1        0      980        0      760      757      107     2010        0       12       28
 3982.000000      968      968        1        0      968        0      754      750      111     2003        1       10       29
 3983.000000      996      996        1        0      996        0      760      758       95     2017        2       11       27
 3984.000000      980      980        1        0      980        0      751      751      124     2038        1        9       30
 3985.000000      987      987        1        0      987        0      762      757      114     2043        1        9       30
 3986.000000      989      989        1        0      989        0      761      759      105     2010        1       11       28
 3987.000000      979      979        1        0      979        0      767      766      106     2026        1        9       30
 3988.000000      989      989        1        0      989        0      764      763       97     2047        1        9       30
 3989.000000     1000     1000        1        0     1000        0      757      755      104     2041        0       13       27
 3990.000000      999      999        1        0      999        0      767      762      113     2031        1       10       29
 3991.000000      974      974        1        0      974        0      782      780      103     2003        1        9       30
 3992.000000      980      980        1        0      980        0      778      776      101     2015        0       12       28
 3993.000000      994      994        1        0      994        0      773      771      101     2043        2       10       28
 3994.000000      982      982        1        0      982        0      757      752      119     2037        0       11       29
 3995.000000      983      983        1        0      983        0      764      763      102     2041        0       10       30
 3996.000000      980      980        1        0      980        0      787      784       99     2038        1       11       28
 3997.000000      979      979        1        0      979        0      785      785       99     2021        1       10       29
 3998.000000      974      974        1        0      974        0      770      768      103     2037        0       11       29
 3999.000000      978      978        1        0      978        0      776      773      112     2027        1       10       29
 4000.000000      967      967        1        0      967        0      787      784      103     2019        0       10       30
 4001.000000      999      999        1        0      999        0      776      772      116     2019        0       10       30
 4002.000000      986      986        1        0      986        0      770      766      112     2079        0       12       28
 4003.000000      971      971        1        0      971        0      769      767      110     2037        0       11       29
 4004.000000     1004     1004        1        0     1004        0      778      776      101     2048        1       12       27
 4005.000000      978      978        1        0      978        0      759      757      111     2036        0       11       29
 4006.000000      974      974        1        0      974        0      779      777      104     2047        1        9       30
 4007.000000      977      977        1        0      977        0      778      776      110     2051        1       11       28
 4008.000000      963      963        1        0      963        0      768      766      108     1990        0       10       30
 4009.000000      958      958        1        0      958        0      785      782       97     1996        0       10       30
 4010.000000      972      972        1        0      972        0      773      772      109     2020        0       11       29
 4011.000000      972      972        1        0      972        0      786      786      109     2001        0       10       30
 4012.000000     1007     1007        1        0     1007        0      780      778       98     2031        2       14       24
 4013.000000      963      963        1        0      963        0      784      783      104     2038        1        9       30
 4014.000000      959      959        1        0      959        0      770      768      102     2034        1        9       30
 4015.000000      965      965        1        0      965        0      786      781       96     2024        0       10       30
 4016.000000      977      977        1        0      977        0      770      770      109     2004        0       12       28
 4017.000000      957      957        1        0      957        0      782      781       87     2011        0       10       30
 4018.000000      951      951        1        0      951        0      765      764      114     2032        1        9       30
 4019.000000      977      977        1        0      977        0      770      768       99     2045        1       11       28
 4020.000000      963      963        1        0      963        0      765      762      109     2020        1        9       30
 4021.000000      967      967        1        0      967        0      780      777       99     2053        0       11       29
 4022.000000      960      960        1        0      960        0      771      766      112     2020        1        9       30
 4023.000000      971      971        1        0      971        0      770      769       94     2033        0       12       28
 4024.000000      965      965        1        0      965        0      772      769      102     2041        1        9       30
 4025.000000      965      965        1        0      965        0      772      769      103     2039        1        9       30
 4026.000000      986      986        1        0      986        0      780      777      106     2018        1       10       29
 4027.000000     1002     1002        1        0     1002        0      774      774      104     1997        0       15       25
 4028.000000     1012     1012        1        0     1012        0      777      775       99     2066        2       10       28
 4029.000000      980      980        1        0      980        0      788      785       93     2016        1        9       30
 4030.000000      989      989        1        0      989        0      778      777      104     2039        0       11       29
 4031.000000      964      964        1        0      964        0      779      779       96     2036        0       10       30
 4032.000000      992      992        1        0      992        0      763      758      110     2037        0       12       28
 4033.000000      962      962        1        0      962        0      771      768      101     2030        0       10       30
 4034.000000      969      969        1        0      969        0      772      770      103     2014        0       12       28
 4035.000000      966      966        1        0      966        0      769      764      105     2012        1        9       30
 4036.000000      981      981        1        0      981        0      768      764      101     2023        1       12       27
 4037.000000      985      985        1        0      985        0      781      775       99     2039        0       12       28
 4038.000000      966      966        1        0      966        0      763      761      113     2013        1        9       30
 4039.000000      987      975        2        0      987        0      768      766      106     2035        1        9       30
 4040.000000      967      967        1        0      967        0      772      770      105     2030        0       10       30
 4041.000000      952      952        1        0      952        0      763      761      105     2023        0        9       31
 4042.000000      971      971        1        0      971        0      761      758      106     2075        0       12       28
 4043.000000      991      979        2        0      991        0      759      758      106     2033        0       10       30
 4044.000000      987      987        1        0      987        0      777      775       98     2056        0       14       26
 4045.000000      970      970        1        0      970        0      756      754       98     2041        0       12       28
 4046.000000      991      991        1        0      991        0      753      753      110     2041        1       12       27
 4047.000000      962      962        1        0      962        0      774      771      102     2032        1        9       30
 4048.000000      976      976        1        0      976        0      761      761      102     2015        0       10       30
 4049.000000      976      976        1        0      976        0      759      758      104     2003        0       10       30
 4050.000000      973      973        1        0      973        0      759      759      106     1994        0       10       30
 4051.000000      976      976        1        0      976        0      769      766      103     2008        1        9       30
 4052.000000      956      956        1        0      956        0      767      766      101     2012        1        9       30
 4053.000000      968      968        1        0      968        0      768      766      103     2007        1        9       30
 4054.000000      967      967        1        0      967        0      754      754      121     2016        0       10       30
 4055.000000      958      958        1        0      958        0      761      760      104     1967        0       10       30
 4056.000000      961      961        1        0      961        0      757      755      117     1970        0       10       30
 4057.000000      972      972        1        0      972        0      775      774      104     2038        0       11       29
 4058.000000      954      954        1        0      954        0      755      754       99     1980        0       10       30
 4059.000000      956      956        1        0      956        0      761      760      109     2004        0       10       30
 4060.000000      967      967        1        0      967        0      744      743      109     2023        0       10       30
 4061.000000      945      945        1        0      945        0      745      744      123     2018        0       10       30
 4062.000000      947      947        1        0      947        0      761      760      104     1962        0       10       30
 4063.000000      956      956        1        0      956        0      763      763       96     2005        0       11       29
 4064.000000      945      945        1        0      945        0      763      759      102     1991        0       10       30
 4065.000000      950      950        1        0      950        0      761      759      100     1978        0       10       30
 4066.000000      953      953        1        0      953        0      775      775      105     1999        0       10       30
 4067.000000      961      961        1        0      961        0      774      771       99     2018        0       10       30
 4068.000000      958      958        1        0      958        0      772      771      102     1996        0        9       31
 4069.000000      958      958        1        0      958        0      774      772       95     2048        0       10       30
 4070.000000      957      957        1        0      957        0      772      770       95     2029        0       10       30
 4071.000000      965      965        1        0      965        0      764      760       99     2006        1        8       31
 4072.000000      971      971        1        0      971        0      777      775       98     2026        0       11       29
 4073.000000      966      966        1        0      966        0      768      768       94     2021        0       10       30
 4074.000000      950      950        1        0      950        0      771      765       98     1989        0       10       30
 4075.000000      964      964        1        0      964        0      772      770       95     2005        0       10       30
 4076.000000      987      975        2        0      987        0      774      771      121     2004        0       11       29
 4077.000000      979      967        2        0      979        0      760      757       98     2029        0       10       30
 4078.000000      974      974        1        0      974        0      767      760      102     1991        1        9       30
 4079.000000      968      968        1        0      968        0      760      756      105     1956        0       10       30
 4080.000000      965      965        1        0      965        0      764      761       97     1998        1       10       29
 4081.000000      957      957        1        0      957        0      763      761      105     2019        0       10       30
 4082.000000      969      969        1        0      969        0      774      772      102     2030        0       10       30
 4083.000000      961      961        1        0      961        0      748      748      111     2041        0        9       31
 4084.000000      960      960        1        0      960        0      777      775      104     2035        0       10       30
 4085.000000      959      959        1        0      959        0      752      752      108     2035        0        9       31
 4086.000000      968      968        1        0      968        0      778      778      103     2018        1        8       31
 4087.000000      969      969        1        0      969        0      766      765      110     2041        0       11       29
 4088.000000      953      953        1        0      953        0      767      766      107     2046        0       10       30
 4089.000000      975      975        1        0      975        0      764      762      108     2029        0       11       29
 4090.000000      970      970        1        0      970        0      779      775      103     2037        0       10       30
 4091.000000      949      949        1        0      949        0      770      769       95     2021        0        9       31
 4092.000000      958      958        1        0      958        0      772      770      102     2050        0       10       30
 4093.000000      958      958        1        0      958        0      785      784       99     2027        0       12       28
 4094.000000      958      958        1        0      958        0      770      769       99     2034        0       10       30
 4095.000000      957      957        1        0      957        0      776      774       92     2048        0       10       30
 4096.000000      957      957        1        0      957        0      784      781       98     2015        0       10       30
 4097.000000      948      948        1        0      948        0      757      756      110     2035        0        9       31
 4098.000000      953      953        1        0      953        0      758      752      104     2032        0        9       31
 4099.000000      952      952        1        0      952        0      785      783      105     2017        0       10       30
 4100.000000      957      957        1        0      957        0      775      771       97     2034        1        9       30
 4101.000000      963      963        1        0      963        0      766      766      104     2056        0       12       28
 4102.000000      959      959        1        0      959        0      772      771      118     2056        1        9       30
 4103.000000      939      939        1        0      939        0      774      771      109     2032        0       10       30
 4104.000000      932      932        1        0      932        0      756      756       97     2030        0       10       30
 4105.000000      946      946        1        0      946        0      749      748      105     2006        0       10       30
 4106.000000      944      944        1        0      944        0      778      775      104     2081        0        9       31
 4107.000000      946      946        1        0      946        0      758      758      112     2008        0       11       29
 4108.000000      931      931        1        0      931        0      762      760      101     2052        0       10       30
 4109.000000      952      952        1        0      952        0      758      755      103     2043        0       10       30
 4110.000000      957      957        1        0      957        0      767      761      106     2064        0       10       30
 4111.000000      949      949        1        0      949        0      764      760      101     2064        0       10       30
 4112.000000      961      961        1        0      961        0      770      769       85     2048        1        9       30
 4113.000000      947      947        1        0      947        0      762      758      102     2052        0       10       30
 4114.000000      962      962        1        0      962        0      762      761      102     2049        0       10       30
 4115.000000      959      959        1        0      959        0      764      763      107     2035        1        9       30
 4116.000000      966      966        1        0      966        0      754      754      109     2067        2        8       30
 4117.000000      966      966        1        0      966        0      754      750      112     2027        0       10       30
 4118.000000      952      952        1        0      952        0      770      769      102     2036        1        9       30
 4119.000000      971      971        1        0      971        0      756      755      106     2010        0       10       30
 4120.000000      970      970        1        0      970        0      768      767      107     2054        0       10       30
 4121.000000      962      962        1        0      962        0      775      773       96     2018        0       10       30
 4122.000000      976      976        1        0      976        0      766      764      101     2030        2        8       30
 4123.000000      964      964        1        0      964        0      766      763      102     2032        0       10       30
 4124.000000      958      958        1        0      958        0      766      763       96     2048        0        9       31
 4125.000000      964      964        1        0      964        0      752      751       96     2036        0       10       30
 4126.000000      971      971        1        0      971        0      781      781       95     2029        0       10       30
 4127.000000      986      986        1        0      986        0      768      767      108     2019        1       13       26
 4128.000000      963      963        1        0      963        0      751      749      104     2029        0        9       31
 4129.000000      971      971        1        0      971        0      749      748      104     2007        0       10       30
 4130.000000      965      965        1        0      965        0      755      754      114     2021        1        9       30
 4131.000000      964      964        1        0      964        0      763      762       94     1986        1        9       30
 4132.000000      956      956        1        0      956        0      749      749       97     1975        0       10       30
 4133.000000      960      960        1        0      960        0      748      747      110     2009        0       10       30
 4134.000000      961      961        1        0      961        0      748      745      102     2014        1        9       30
 4135.000000      953      953        1        0      953        0      756      753       96     1986        0       10       30
 4136.000000      950      950        1        0      950        0      747      746      104     1982        0        9       31
 4137.000000      968      968        1        0      968        0      738      735      108     2014        1       10       29
 4138.000000      962      962        1        0      962        0      735      731      109     2025        0       11       29
 4139.000000      963      963        1        0      963        0      723      722      116     1978        0       11       29
 4140.000000      960      960        1        0      960        0      757      756      104     2016        0       10       30
 4141.000000      955      955        1        0      955        0      740      740      117     1979        1       15       24
 4142.000000      961      961        1        0      961        0      745      744      101     1997        1       10       29
 4143.000000      962      962        1        0      962        0      749      749       97     1978        0       10       30
 4144.000000      971      971        1        0      971        0      754      754       98     2003        1       11       28
 4145.000000      966      966        1        0      966        0      765      763      102     2009        0       11       29
 4146.000000      966      966        1        0      966        0      744      743       97     2022        0       11       29
 4147.000000      974      974        1        0      974        0      736      736      101     2007        0       12       28
 4148.000000      946      946        1        0      946        0      743      743      109     2048        0       10       30
 4149.000000      947      947        1        0      947        0      726      726      111     1974        0       10       30
 4150.000000      951      951        1        0      951        0      745      745       99     1974        1        9       30
 4151.000000      953      953        1        0      953        0      744      742      106     2036        0       10       30
 4152.000000      950      950        1        0      950        0      741      741      112     1982        0       10       30
 4153.000000      958      958        1        0      958        0      756      754      110     1988        0       10       30
 4154.000000      952      952        1        0      952        0      732      732      113     1971        0       10       30
 4155.000000      946      946        1        0      946        0      744      742      104     1998        0       10       30
 4156.000000      958      958        1        0      958        0      735      733      118     2002        0       10       30
 4157.000000      964      964        1        0      964        0      745      742      100     1972        1        9       30
 4158.000000      960      960        1        0      960        0      751      750      101     1982        0       10       30
 4159.000000      965      965        1        0      965        0      732      732      110     2048        0       10       30
 4160.000000      963      963        1        0      963        0      737      736      100     2001        0       11       29
 4161.000000      961      961        1        0      961        0      742      740       95     1996        0       11       29
 4162.000000      948      948        1        0      948        0      733      733      105     1993        0       11       29
 4163.000000      961      961        1        0      961        0      742      742      109     2046        1       11       28
 4164.000000      955      955        1        0      955        0      750      750      108     1983        1        9       30
 4165.000000      961      961        1        0      961        0      748      745      109     2009        1        9       30
 4166.000000      950      950        1        0      950        0      738      736      105     2011        0       10       30
 4167.000000      947      947        1        0      947        0      757      757       97     2008        0       10       30
 4168.000000      944      944        1        0      944        0      733      733      106     2021        0        9       31
 4169.000000      954      954        1        0      954        0      743      741      109     2006        0       11       29
 4170.000000      951      951        1        0      951        0      741      740      104     1991        0       11       29
 4171.000000      937      937        1        0      937        0      743      741       94     1990        0       10       30
 4172.000000      937      937        1        0      937        0      746      744      111     1996        0        8       32
 4173.000000      941      941        1        0      941        0      738      736      102     1969        0        9       31
 4174.000000      933      933        1        0      933        0      726      723      112     1972        0        9       31
 4175.000000      941      941        1        0      941        0      724      724       93     2005        0       10       30
 4176.000000      928      928        1        0      928        0      744      744       98     1990        0       10       30
 4177.000000      935      935        1        0      935        0      725      723      106     1998        0        9       31
 4178.000000      937      937        1        0      937        0      732      730      115     2000        0        9       31
 4179.000000      923      923        1        0      923        0      723      721      119     1981        0        9       31
 4180.000000      941      941        1        0      941        0      738      735       97     1965        0       10       30
 4181.000000      922      922        1        0      922        0      734      730      113     2008        0        9       31
 4182.000000      924      924        1        0      924        0      744      743      104     1979        0        9       31
 4183.000000      929      929        1        0      929        0      730      727      109     1962        0        9       31
 4184.000000      960      960        1        0      960        0      727      727      107     1994        0       11       29
 4185.000000      929      929        1        0      929        0      724      721      114     2003        0        9       31
 4186.000000      943      943        1        0      943        0      721      716      108     1993        0       12       28
 4187.000000      945      945        1        0      945        0      730      728      117     1980        0       12       28
 4188.000000      942      942        1        0      942        0      744      743      103     1987        0       10       30
 4189.000000      939      939        1        0      939        0      725      723      107     1996        0       10       30
 4190.000000      959      959        1        0      959        0      740      736      120     2029        0       14       26
 4191.000000      959      959        1        0      959        0      726      725      110     1995        0       11       29
 4192.000000      967      967        1        0      967        0      740      740      112     2029        0       12       28
 4193.000000      960      960        1        0      960        0      736      731      122     1998        0       11       29
 4194.000000      954      954        1        0      954        0      727      724      108     1990        1        9       30
 4195.000000      969      969        1        0      969        0      739      738      106     1997        2        9       29
 4196.000000      978      978        1        0      978        0      745      740      110     2020        0       12       28
 4197.000000      953      953        1        0      953        0      726      724      114     1998        0       11       29
 4198.000000      986      986        1        0      986        0      745      745       88     1995        1       11       28
 4199.000000      960      960        1        0      960        0      756      752      103     2000        0       11       29
 4200.000000      969      969        1        0      969        0      751      750      111     1958        1       10       29
 4201.000000      946      946        1        0      946        0      758      757       99     1996        0       10       30
 4202.000000      965      965        1        0      965        0      739      739       99     1986        2        9       29
 4203.000000      949      949        1        0      949        0      749      748       97     2023        0       10       30
 4204.000000      955      955        1        0      955        0      746      744       93     2035        0       11       29
 4205.000000      949      949        1        0      949        0      745      741      109     1958        1       10       29
 4206.000000      954      954        1        0      954        0      733      731      111     2004        0       11       29
 4207.000000      948      948        1        0      948        0      750      747      111     2007        0       10       30
 4208.000000      938      938        1        0      938        0      741      737      113     2018        0       11       29
 4209.000000      953      953        1        0      953        0      750      749      101     2009        1       10       29
 4210.000000      942      942        1        0      942        0      744      743      100     1989        0        9       31
 4211.000000      940      940        1        0      940        0      743      741      102     2002        1       11       28
 4212.000000      944      944        1        0      944        0      751      751      106     1997        0       10       30
 4213.000000      960      960        1       14      946        0      748      744      104     2027        0       11       29
 4214.000000      950      950        1        0      950        0      731      728      108     2009        0       11       29
 4215.000000      949      949        1        0      949        0      738      735      120     1999        0       10       30
 4216.000000      941      941        1        0      941        0      740      737      109     2024        0       10       30
 4217.000000      944      944        1        0      944        0      750      745      112     2000        0       10       30
 4218.000000      945      945        1        0      945        0      746      745      103     2005        1        9       30
 4219.000000      954      954        1        0      954        0      744      739      108     1967        1       11       28
 4220.000000      947      947        1        0      947        0      731      727      115     2002        1       10       29
 4221.000000      932      932        1        0      932        0      733      732      117     1998        0        9       31
 4222.000000      934      934        1        0      934        0      753      751       97     1950        0        9       31
 4223.000000      944      944        1        0      944        0      747      746      107     1976        1        9       30
 4224.000000      936      936        1        0      936        0      738      734      115     1981        0        8       32
 4225.000000      958      958        1        0      958        0      752      750      103     1988        1       11       28
 4226.000000      949      949        1        0      949        0      743      739      109     1963        0       13       27
 4227.000000      949      949        1        0      949        0      760      758      104     1974        0       11       29
 4228.000000      946      946        1        0      946        0      757      755      104     1980        0       12       28
 4229.000000      930      930        1        0      930        0      749      744      109     2000        0       10       30
 4230.000000      947      947        1        0      947        0      746      746      117     1987        1        9       30
 4231.000000      954      954        1        0      954        0      762      761      106     2026        1       10       29
 4232.000000      945      945        1        0      945        0      760      756      114     1975        0       12       28
 4233.000000      943      943        1        0      943        0      765      763      102     1993        1        9       30
 4234.000000      957      957        1        0      957        0      765      762      111     2012        0       14       26
 4235.000000      952      952        1        0      952        0      752      750       97     2010        1       10       29
 4236.000000      957      957        1        0      957        0      754      753      103     2007        0       11       29
 4237.000000      962      962        1        0      962        0      754      754      100     2016        1       12       27
 4238.000000      965      965        1        0      965        0      756      755      107     1980        2       11       27
 4239.000000      948      948        1        0      948        0      737      734      109     2030        1        8       31
 4240.000000      961      961        1        0      961        0      745      742      114     2010        0       13       27
 4241.000000      943      943        1        0      943        0      723      721      117     2003        1       11       28
 4242.000000      953      953        1        0      953        0      728      722      123     2003        1        9       30
 4243.000000      970      970        1        0      970        0      732      729      116     1991        0       14       26
 4244.000000      971      971        1        0      971        0      738      735      121     1990        1       11       28
 4245.000000      945      945        1        0      945        0      744      740      106     1960        0       11       29
 4246.000000      937      937        1        0      937        0      745      741      117     1988        0       12       28
 4247.000000      934      934        1        0      934        0      746      746      109     1957        0       10       30
 4248.000000      935      935        1        0      935        0      753      750      103     1973        1        8       31
 4249.000000      944      944        1        0      944        0      767      765      103     2015        1       11       28
 4250.000000      950      950        1        0      950        0      755      754      113     1988        1       11       28
 4251.000000      946      946        1        0      946        0      753      752      116     1991        1        9       30
 4252.000000      957      957        1        0      957        0      758      755      113     1983        1       10       29
 4253.000000      956      956        1        0      956        0      758      755      114     2007        1       10       29
 4254.000000      953      953        1        0      953        0      752      749      110     2031        1       10       29
 4255.000000      954      954        1        0      954        0      748      745      111     2018        1       13       26
 4256.000000      953      953        1        0      953        0      752      752      113     1992        0       12       28
 4257.000000      946      946        1        0      946        0      762      758      107     2012        0       13       27
 4258.000000      967      967        1        0      967        0      772      769      113     2057        0       13       27
 4259.000000      969      969        1        0      969        0      757      757      107     2028        1       12       27
 4260.000000      955      955        1        0      955        0      762      758       96     2015        0       12       28
 4261.000000      956      956        1        0      956        0      758      755      105     2005        1       10       29
 4262.000000      955      955        1        0      955        0      754      754      123     2038        1       11       28
 4263.000000      956      956        1        0      956        0      756      752      123     2012        1       10       29
 4264.000000      964      964        1        0      964        0      764      763      105     2030        1       12       27
 4265.000000      956      956        1        0      956        0      770      769       97     2024        1       10       29
 4266.000000      956      956        1        0      956        0      753      751      102     1991        1       11       28
 4267.000000      962      962        1        0      962        0      753      751      115     2035        1       12       27
 4268.000000      951      951        1        0      951        0      752      750      105     2013        0       11       29
 4269.000000      950      950        1        0      950        0      758      758      103     2021        0       12       28
 4270.000000      948      948        1        0      948        0      767      765       96     2016        0       12       28
 4271.000000      956      956        1        0      956        0      753      749      103     1996        1       11       28
 4272.000000      949      949        1        0      949        0      749      747      108     1989        0       11       29
 4273.000000      941      941        1        0      941        0      754      752      102     2024        0       11       29
 4274.000000      941      941        1        0      941        0      752      751      115     1980        0       11       29
 4275.000000      944      944        1        0      944        0      751      747      112     2009        1       10       29
 4276.000000      936      936        1        0      936        0      764      763       99     2002        1        9       30
 4277.000000      964      964        1        0      964        0      752      751      105     2007        1       12       27
 4278.000000      944      944        1        0      944        0      741      740      124     1978        1       11       28
 4279.000000      956      956        1        0      956        0      752      751      100     2004        1       11       28
 4280.000000      959      959        1        0      959        0      760      759       93     2018        1       12       27
 4281.000000      953      953        1        0      953        0      750      749      107     1981        1       10       29
 4282.000000      947      947        1        0      947        0      755      752      110     1996        1       11       28
 4283.000000      945      945        1        0      945        0      753      749      101     1994        0       11       29
 4284.000000      958      958        1        0      958        0      759      755      105     2018        1       11       28
 4285.000000      938      938        1        0      938        0      759      755      110     2007        0       11       29
 4286.000000      951      951        1        0      951        0      750      749      111     2001        0       15       25
 4287.000000      955      955        1        0      955        0      753      751      105     1987        1       10       29
 4288.000000      938      938        1        0      938        0      737      737       98     1983        1       10       29
 4289.000000      947      947        1        0      947        0      746      745      100     2008        0       11       29
 4290.000000      936      936        1        0      936        0      751      747      110     2013        0       10       30
 4291.000000      961      961        1        0      961        0      747      747      110     2014        0       12       28
 4292.000000      947      947        1        0      947        0      762      760       99     2014        1        8       31
 4293.000000      969      969        1        0      969        0      758      756      101     2012        1       10       29
 4294.000000      966      966        1        0      966        0      745      744      107     2006        0       14       26
 4295.000000      944      944        1        0      944        0      751      750      100     1981        0       10       30
 4296.000000      952      952        1        0      952        0      762      760       93     2005        1       10       29
 4297.000000      947      947        1        0      947        0      758      757      105     2016        0       10       30
 4298.000000      943      943        1        0      943        0      744      743      100     2009        1        9       30
 4299.000000      947      947        1        0      947        0      759      758       89     2032        1       10       29
 4300.000000      958      958        1        0      958        0      758      756      110     2043        0       11       29
 4301.000000      949      949        1        0      949        0      747      746      110     2004        1        9       30
 4302.000000      950      950        1        0      950        0      747      744      104     1999        0       11       29
 4303.000000      949      949        1        0      949        0      754      752      114     2024        0       10       30
 4304.000000      970      970        1        0      970        0      744      740      109     2016        0       13       27
 4305.000000      949      949        1        0      949        0      759      758       93     1986        0       10       30
 4306.000000      945      945        1        0      945        0      760      759      104     1986        1        9       30
 4307.000000      949      949        1        0      949        0      752      749      101     1980        0        9       31
 4308.000000      948      948        1        0      948        0      751      751      117     1966        1       10       29
 4309.000000      949      949        1        0      949        0      742      741      107     1997        0       10       30
 4310.000000      944      944        1        0      944        0      746      746      106     2022        0       11       29
 4311.000000      936      936        1        0      936        0      744      744      101     1978        1       10       29
 4312.000000      927      927        1        0      927        0      748      746      100     1983        0        9       31
 4313.000000      931      931        1        0      931        0      744      742      113     1947        0        8       32
 4314.000000      946      946        1        0      946        0      748      744      104     1991        0        9       31
 4315.000000      951      951        1        0      951        0      742      741      113     2030        0        9       31
 4316.000000      938      938        1        0      938        0      742      741      105     2013        1        8       31
 4317.000000      944      944        1        0      944        0      732      732      111     1986        0        9       31
 4318.000000      948      948        1        0      948        0      742      742      101     2024        0       11       29
 4319.000000      936      936        1        0      936        0      738      737      117     2001        0       10       30
 4320.000000      949      949        1        0      949        0      753      752      108     1991        0       10       30
 4321.000000      942      942        1        0      942        0      757      756      101     1978        0        9       31
 4322.000000      941      941        1        0      941        0      745      743      108     1986        0       11       29
 4323.000000      952      952        1        0      952        0      747      745      106     1996        0       11       29
 4324.000000      957      957        1        0      957        0      748      746      115     2015        0       12       28
 4325.000000      952      952        1        0      952        0      763      761      102     2004        1        9       30
 4326.000000      962      962        1        0      962        0      746      744      106     1972        0       13       27
 4327.000000      947      947        1        0      947        0      752      751      107     1982        0       10       30
 4328.000000      952      952        1        0      952        0      746      744      110     2024        1       10       29
 4329.000000      931      931        1        0      931        0      754      753       97     2005        0        8       32
 4330.000000      940      940        1        0      940        0      751      747      103     2020        0       12       28
 4331.000000      940      940        1        0      940        0      746      744      102     1987        0        9       31
 4332.000000      935      935        1        0      935        0      754      751      104     1986        0        9       31
 4333.000000      946      946        1        0      946        0      754      752      110     1994        0        9       31
 4334.000000      957      957        1        0      957        0      759      759       98     2000        0       12       28
 4335.000000      959      959        1        0      959        0      765      765       94     1989        0       12       28
 4336.000000      958      958        1        0      958        0      753      752      103     2021        1       14       25
 4337.000000      957      957        1        0      957        0      756      754      101     1996        2        9       29
 4338.000000      953      953        1        0      953        0      765      764      110     2007        1       10       29
 4339.000000      951      951        1        0      951        0      764      762      106     2002        1        9       30
 4340.000000      944      944        1        0      944        0      753      749      120     1986        0       10       30
 4341.000000      950      950        1        0      950        0      754      753      102     1976        1       12       27
 4342.000000      950      950        1        0      950        0      762      760      102     1993        0       10       30
 4343.000000      948      948        1        0      948        0      756      755      103     1976        0       11       29
 4344.000000      963      963        1        0      963        0      756      754      105     2008        0       12       28
 4345.000000      955      955        1        0      955        0      749      747      112     2019        1       13       26
 4346.000000      950      950        1        0      950        0      744      744      107     2010        0       12       28
 4347.000000      979      979        1        0      979        0      752      751       96     2021        2       12       26
 4348.000000      956      956        1        0      956        0      758      752      101     2011        1       13       26
 4349.000000      957      957        1        0      957        0      760      758       96     2024        1       11       28
 4350.000000      951      951        1        0      951        0      753      748      104     1993        0       14       26
 4351.000000      938      938        1        0      938        0      754      753      104     2019        1       11       28
 4352.000000      967      967        1        0      967        0      740      736      120     1991        0       15       25
 4353.000000      963      963        1        0      963        0      761      760       96     1992        1       11       28
 4354.000000      957      957        1        0      957        0      756      750      104     2024        0       13       27
 4355.000000      948      948        1        0      948        0      752      748      109     1992        0       11       29
 4356.000000      950      950        1        0      950        0      756      755       97     1996        1        9       30
 4357.000000      950      950        1        0      950        0      756      755      101     2002        1       11       28
 4358.000000      950      950        1        0      950        0      742      740      106     2005        0       13       27
 4359.000000      959      959        1        0      959        0      748      748       95     2028        0       11       29
 4360.000000      959      959        1        0      959        0      749      746      110     1987        1       12       27
 4361.000000      974      974        1        0      974        0      741      739      111     2024        0       15       25
 4362.000000      953      953        1        0      953        0      764      763      100     1974        0       10       30
 4363.000000      959      959        1        0      959        0      743      741      110     2009        1       10       29
 4364.000000      976      976        1        0      976        0      757      756      105     1996        1       13       26
 4365.000000      984      984        1        0      984        0      748      745      100     1991        1       10       29
 4366.000000      963      963        1        0      963        0      743      739      110     1974        0       10       30
 4367.000000      956      956        1        0      956        0      746      744      103     2015        0       11       29
 4368.000000      962      962        1        0      962        0      746      743      110     2000        0       12       28
 4369.000000      963      963        1       14      949        0      738      737      108     1976        1       15       24
 4370.000000      956      956        1        0      956        0      748      745      106     2021        0       13       27
 4371.000000      985      985        1        0      985        0      744      741      109     2021        2       14       24
 4372.000000      969      969        1        0      969        0      727      724      105     2051        2       13       25
 4373.000000      977      977        1        0      977        0      734      732       95     1994        2       13       25
 4374.000000      958      958        1        0      958        0      740      736      114     1963        0       14       26
 4375.000000      954      954        1        0      954        0      756      751       97     1998        2        7       31
 4376.000000      960      960        1        0      960        0      742      737      105     2006        0       13       27
 4377.000000      952      952        1        0      952        0      749      746      107     2001        1        7       32
 4378.000000      952      952        1        0      952        0      737      734      114     2019        0        9       31
 4379.000000      955      955        1        0      955        0      755      751      107     1997        0       11       29
 4380.000000      968      968        1        0      968        0      747      743       99     2014        0       12       28
 4381.000000      978      966        2        0      978        0      771      770      101     2014        0       13       27
 4382.000000      955      955        1        0      955        0      752      749       97     2003        1        9       30
 4383.000000      966      966        1        0      966        0      740      738      104     2013        0       11       29
 4384.000000      964      964        1        0      964        0      748      745      108     2004        0        9       31
 4385.000000      963      963        1        0      963        0      745      743      105     1997        0       10       30
 4386.000000      980      980        1        0      980        0      749      746      113     2014        0       11       29
 4387.000000      968      968        1        0      968        0      755      751       92     2038        1       10       29
 4388.000000      962      962        1        0      962        0      749      747       99     2011        0       10       30
 4389.000000      969      969        1        0      969        0      744      742      111     2028        0       12       28
 4390.000000      962      962        1        0      962        0      750      746      105     2007        1       10       29
 4391.000000      975      975        1        0      975        0      751      748       89     1997        1        9       30
 4392.000000      961      961        1        0      961        0      742      738      105     2037        1       12       27
 4393.000000      969      969        1        0      969        0      738      735      111     2018        0       10       30
 4394.000000      975      975        1        0      975        0      760      758      101     1996        0       13       27
 4395.000000      974      974        1        0      974        0      752      749      101     2027        0       12       28
 4396.000000      970      970        1        0      970        0      748      746       96     1992        0       13       27
 4397.000000      968      968        1        0      968        0      751      749      105     1981        0       12       28
 4398.000000      973      973        1        0      973        0      758      755      106     2022        0       13       27
 4399.000000      967      967        1        0      967        0      743      741      112     2035        0       13       27
 4400.000000      965      965        1        0      965        0      739      736      117     2022        0       13       27
 4401.000000      966      966        1        0      966        0      758      756       99     2039        0       12       28
 4402.000000      967      967        1        0      967        0      742      738      108     1991        0       10       30
 4403.000000      966      966        1        0      966        0      751      749      111     1991        0       14       26
 4404.000000      970      970        1        0      970        0      741      740      115     2038        0       13       27
 4405.000000      959      959        1        0      959        0      736      733      105     2005        0       11       29
 4406.000000      956      956        1        0      956        0      735      732      103     1982        0       12       28
 4407.000000      959      959        1        0      959        0      743      740      107     2021        1       11       28
 4408.000000      970      958        2        0      970        0      733      731      101     1986        0       15       25
 4409.000000      981      969        2        0      981        0      753      750       98     1974        0       16       24
 4410.000000      997      985        2        0      997        0      740      737      111     2011        1       15       24
 4411.000000      989      977        2        0      989        0      728      725      118     1999        0       16       24
 4412.000000      982      969        2        0      982        0      737      732      110     1997        0       15       25
 4413.000000     1005      993        2        0     1005        0      750      747       96     1990        0       15       25
 4414.000000      994      994        1        0      994        0      751      748      102     2004        0       14       26
 4415.000000      974      974        1        0      974        0      738      735      110     1991        0       13       27
 4416.000000      977      977        1        0      977        0      741      738      109     2009        0       12       28
 4417.000000      977      977        1        0      977        0      740      738      111     1987        0       12       28
 4418.000000      982      982        1        0      982        0      734      729      113     2051        1       12       27
 4419.000000      969      969        1        0      969        0      747      740      110     2040        0       12       28
 4420.000000      964      964        1        0      964        0      737      735      103     1974        1       12       27
 4421.000000      958      958        1        0      958        0      745      743      110     1992        0       13       27
 4422.000000      966      966        1        0      966        0      743      740      106     2008        0       13       27
 4423.000000      962      962        1        0      962        0      731      730      113     2002        1       12       27
 4424.000000      962      962        1        0      962        0      726      722      106     1957        0       11       29
 4425.000000      956      956        1        0      956        0      742      740      110     1989        0       13       27
 4426.000000      956      956        1        0      956        0      731      729      109     1957        0       11       29
 4427.000000      968      968        1        0      968        0      730      728       95     1999        1       12       27
 4428.000000      962      962        1        0      962        0      730      727      110     1963        1       11       28
 4429.000000      959      959        1        0      959        0      738      736      102     1981        1       12       27
 4430.000000      969      969        1        0      969        0      734      731       96     1989        1       12       27
 4431.000000      961      961        1        0      961        0      732      730      102     1988        1       12       27
 4432.000000      950      950        1        0      950        0      730      727      107     1964        0       10       30
 4433.000000      967      967        1        0      967        0      728      725       93     1955        1       12       27
 4434.000000      981      981        1        0      981        0      739      736      105     1996        0       12       28
 4435.000000      967      967        1        0      967        0      739      738      101     1993        1       11       28
 4436.000000      964      964        1        0      964        0      737      736      107     1973        1       11       28
 4437.000000      971      971        1        0      971        0      735      732      104     2011        1       10       29
 4438.000000      964      964        1        0      964        0      732      731       95     1953        0       11       29
 4439.000000      950      950        1        0      950        0      740      739      106     1988        0       11       29
 4440.000000      962      962        1        0      962        0      733      731      103     1985        0        9       31
 4441.000000      965      965        1        0      965        0      731      731      107     1957        0        9       31
 4442.000000      960      960        1        0      960        0      735      734      107     1961        2        9       29
 4443.000000      956      956        1        0      956        0      730      727      103     1960        1        9       30
 4444.000000      947      947        1        0      947        0      724      722      107     1951        0       10       30
 4445.000000      954      954        1        0      954        0      742      741      109     1969        1       10       29
 4446.000000      961      961        1        0      961        0      739      738      111     1939        0       11       29
 4447.000000      956      956        1        0      956        0      738      735      102     1942        0       12       28
 4448.000000      958      958        1        0      958        0      718      717      110     1949        0       11       29
 4449.000000      956      956        1        0      956        0      704      701      124     1964        0        9       31
 4450.000000      957      957        1        0      957        0      723      723      114     1947        0       10       30
 4451.000000      951      951        1        0      951        0      724      721      110     1959        1       11       28
 4452.000000      955      955        1        0      955        0      734      732      114     1940        0       11       29
 4453.000000      966      966        1        0      966        0      737      733      108     1966        0       11       29
 4454.000000      952      952        1        0      952        0      731      726      110     1975        0       11       29
 4455.000000      925      925        1        0      925        0      721      716      107     1961        0        9       31
 4456.000000      945      945        1        0      945        0      734      732      107     1955        0       12       28
 4457.000000      936      936        1        0      936        0      721      719      117     1933        0       10       30
 4458.000000      940      940        1        0      940        0      722      719      107     1938        0       11       29
 4459.000000      941      941        1        0      941        0      723      722      112     1939        0       11       29
 4460.000000      943      943        1        0      943        0      735      732      106     1927        0       12       28
 4461.000000      950      950        1        0      950        0      738      735      107     1957        1       12       27
 4462.000000      955      955        1        0      955        0      738      737      100     1965        1       12       27
 4463.000000      947      947        1        0      947        0      712      709      116     1988        0       12       28
 4464.000000      940      940        1        0      940        0      715      713      113     1995        0       11       29
 4465.000000      940      940        1        0      940        0      725      722      111     1957        0       11       29
 4466.000000      946      946        1        0      946        0      739      736      104     2004        0       10       30
 4467.000000      943      943        1        0      943        0      733      731      101     1970        0        9       31
 4468.000000      958      958        1        0      958        0      733      730      102     1999        0       12       28
 4469.000000      942      942        1        0      942        0      724      723      103     1995        0        9       31
 4470.000000      948      948        1        0      948        0      739      732      118     1987        0       11       29
 4471.000000      955      955        1        0      955        0      730      729      108     2008        0        9       31
 4472.000000      954      954        1        0      954        0      722      719      111     1988        0       12       28
 4473.000000      963      963        1        0      963        0      716      714      121     1978        0       18       22
 4474.000000      940      940        1        0      940        0      716      713      111     1963        0       11       29
 4475.000000      940      940        1        0      940        0      726      726      112     1971        1       10       29
 4476.000000      953      953        1        0      953        0      740      738      103     1954        0       11       29
 4477.000000      946      946        1        0      946        0      736      733      105     1970        0       10       30
 4478.000000      949      949        1        0      949        0      744      743      104     1982        0       10       30
 4479.000000      958      958        1        0      958        0      743      740      107     1966        0       12       28
 4480.000000      955      955        1        0      955        0      738      737      110     1982        0       12       28
 4481.000000      949      949        1        0      949        0      717      715       99     1963        0       12       28
 4482.000000      946      946        1        0      946        0      733      731      108     1982        0       12       28
 4483.000000      956      956        1        0      956        0      721      721      109     1991        0       12       28
 4484.000000      957      957        1        0      957        0      725      719      106     1937        0       13       27
 4485.000000      964      964        1        0      964        0      709      705      122     1954        0       12       28
 4486.000000      961      961        1        0      961        0      729      728      109     1982        0       12       28
 4487.000000      968      968        1        0      968        0      719      716      121     1947        0       12       28
 4488.000000      968      968        1        0      968        0      730      727      102     1956        0       13       27
 4489.000000      966      966        1        0      966        0      710      707      108     1956        0       15       25
 4490.000000      955      955        1        0      955        0      739      737      100     1935        0       12       28
 4491.000000      942      942        1        0      942        0      731      729      106     1989        0       11       29
 4492.000000      955      955        1        0      955        0      734      731      109     1957        1       11       28
 4493.000000      951      951        1        0      951        0      726      723      107     1964        0       11       29
 4494.000000      968      968        1        0      968        0      736      735      112     1980        0       14       26
 4495.000000      958      958        1        0      958        0      734      733      100     1944        0       15       25
 4496.000000      954      954        1        0      954        0      731      730      109     1979        0       13       27
 4497.000000      979      979        1        0      979        0      736      735      110     1980        0       16       24
 4498.000000      966      966        1        0      966        0      731      730       98     1949        0       12       28
 4499.000000      964      964        1        0      964        0      722      720       93     1974        0       13       27
 4500.000000      962      962        1        0      962        0      738      738      109     1956        0       13       27
 4501.000000      981      981        1        0      981        0      736      736      101     1994        1       14       25
 4502.000000      966      966        1        0      966        0      746      745       99     2011        1       12       27
 4503.000000      963      963        1        0      963        0      733      732      106     1997        0       13       27
 4504.000000      966      966        1        0      966        0      731      731      110     2005        2       17       21
 4505.000000      953      953        1        0      953        0      724      724      107     1981        0       12       28
 4506.000000      969      969        1        0      969        0      727      727      114     1978        0       15       25
 4507.000000      986      986        1        0      986        0      724      722      111     1983        2       17       21
 4508.000000      989      989        1        0      989        0      741      737      100     2023        0       11       29
 4509.000000      966      966        1        0      966        0      742      741      103     1982        0       12       28
 4510.000000      983      983        1        0      983        0      737      737      102     1977        0       13       27
 4511.000000      957      957        1        0      957        0      746      744       98     1975        0       11       29
 4512.000000      961      961        1        0      961        0      730      729      114     1994        0       12       28
 4513.000000      955      955        1        0      955        0      738      737      116     1994        0       12       28
 4514.000000      971      971        1        0      971        0      738      736      114     2023        0       11       29
 4515.000000      953      953        1        0      953        0      735      733      102     1984        0       12       28
 4516.000000      950      950        1        0      950        0      730      730      102     2015        0       11       29
 4517.000000      959      959        1        0      959        0      733      731      114     1974        1       11       28
 4518.000000      961      961        1        0      961        0      740      739      109     2012        0       13       27
 4519.000000      957      957        1        0      957        0      743      742      106     1993        0       11       29
 4520.000000      956      956        1        0      956        0      739      738      107     2004        0       12       28
 4521.000000      959      959        1        0      959        0      738      736      103     1984        0       12       28
 4522.000000      967      967        1        0      967        0      733      731      108     2010        0       17       23
 4523.000000      951      951        1        0      951        0      733      733      111     1957        0       11       29
 4524.000000      956      956        1        0      956        0      749      747      101     1976        0       13       27
 4525.000000      958      958        1        0      958        0      727      726       94     1963        0       12       28
 4526.000000      963      963        1        0      963        0      721      720       98     1984        0       12       28
 4527.000000      951      951        1        0      951        0      740      738      109     1959        0       11       29
 4528.000000      955      955        1        0      955        0      731      727      113     1987        0       11       29
 4529.000000      969      969        1        0      969        0      736      735      110     1997        0       18       22
 4530.000000      961      961        1        0      961        0      736      735      115     1989        0       10       30
 4531.000000      952      952        1        0      952        0      723      720      113     1985        0       11       29
 4532.000000      949      949        1        0      949        0      730      729      112     2007        0       12       28
 4533.000000      962      962        1        0      962        0      733      729      108     1995        0       12       28
 4534.000000      939      939        1        0      939        0      726      725      111     1993        0       12       28
 4535.000000      960      960        1        0      960        0      730      728      106     2007        0       12       28
 4536.000000      947      947        1        0      947        0      739      736      115     2019        0       12       28
 4537.000000      972      972        1        0      972        0      724      722      120     2000        0       13       27
 4538.000000      948      948        1        0      948        0      729      727      115     2014        1       12       27
 4539.000000      942      942        1        0      942        0      737      733      103     2007        0       10       30
 4540.000000      944      944        1        0      944        0      742      741      106     2055        0       11       29
 4541.000000      951      951        1        0      951        0      710      709      120     1977        0       12       28
 4542.000000      938      938        1        0      938        0      731      726      109     2001        0       11       29
 4543.000000      949      949        1        0      949        0      725      723      114     2017        0       12       28
 4544.000000      942      942        1        0      942        0      735      735      105     1982        0       10       30
 4545.000000      948      948        1        0      948        0      734      732      123     1994        0       11       29
 4546.000000      931      931        1        0      931        0      729      727      116     1964        0       10       30
 4547.000000      937      937        1        0      937        0      731      730       97     2006        0       10       30
 4548.000000      935      935        1        0      935        0      733      733       98     2003        0       10       30
 4549.000000      942      942        1        0      942        0      732      729       99     1981        0       12       28
 4550.000000      935      935        1        0      935        0      729      728      110     2006        0       10       30
 4551.000000      940      940        1        0      940        0      737      736      111     1959        0       10       30
 4552.000000      935      935        1        0      935        0      720      718      110     1977        0       10       30
 4553.000000      936      936        1        0      936        0      710      708      119     1993        0        8       32
 4554.000000      932      932        1        0      932        0      731      731      114     1965        0        9       31
 4555.000000      948      948        1        0      948        0      728      727      112     1997        0       11       29
 4556.000000      948      948        1        0      948        0      728      728      108     1990        0       12       28
 4557.000000      951      951        1        0      951        0      743      743      100     2006        0       11       29
 4558.000000      955      955        1        0      955        0      724      724      113     1992        0       10       30
 4559.000000      943      943        1        0      943        0      739      737      105     1969        0        9       31
 4560.000000      940      940        1        0      940        0      732      732      105     1998        0       10       30
 4561.000000      958      958        1        0      958        0      737      736      106     1981        0        9       31
 4562.000000      959      959        1        0      959        0      726      724      123     2001        1       13       26
 4563.000000      974      974        1        0      974        0      749      748      105     2021        1       15       24
 4564.000000      953      953        1        0      953        0      747      747       92     1994        0       11       29
 4565.000000      936      936        1        0      936        0      734      732      102     1965        0       10       30
 4566.000000      965      965        1        0      965        0      742      741      102     2008        0       11       29
 4567.000000      933      933        1        0      933        0      733      732      107     1962        0       10       30
 4568.000000      946      946        1        8      927       11      739      736      111     2001        0       11       29
 4569.000000      945      945        1        0      945        0      740      738      107     2004        0        9       31
 4570.000000      947      947        1        0      947        0      725      723      104     1981        0       11       29
 4571.000000      943      943        1        0      943        0      740      737      100     1955        0       12       28
 4572.000000      936      936        1        0      936        0      735      735      102     1959        0       11       29
 4573.000000      942      942        1        0      942        0      739      739      101     1975        0       10       30
 4574.000000      927      927        1        0      927        0      741      739      115     1978        0       10       30
 4575.000000      937      937        1        0      937        0      718      717      118     1942        0       10       30
 4576.000000      957      957        1        0      957        0      736      735       98     1975        1       15       24
 4577.000000      930      930        1        0      930        0      732      729      105     1949        0        9       31
 4578.000000      927      927        1        0      927        0      736      734      108     1970        0       10       30
 4579.000000      922      922        1        0      922        0      735      732      116     1954        0       10       30
 4580.000000      935      935        1        0      935        0      721      718      113     1973        0        8       32
 4581.000000      926      926        1        0      926        0      712      712      114     1960        0        8       32
 4582.000000      935      935        1        0      935        0      728      725       99     1962        0       10       30
 4583.000000      939      939        1        0      939        0      719      713      113     1956        0       10       30
 4584.000000      927      927        1        0      927        0      729      725      112     1957        0        9       31
 4585.000000      920      920        1        0      920        0      732      730      110     1934        0        8       32
 4586.000000      933      933        1        0      933        0      735      733      107     1977        0       10       30
 4587.000000      923      923        1        0      923        0      729      727      119     1950        0        9       31
 4588.000000      935      935        1        0      935        0      716      716      110     1960        0       10       30
 4589.000000      930      930        1        0      930        0      722      719      108     1950        0       10       30
 4590.000000      909      909        1        0      909        0      722      717      111     1976        0        9       31
 4591.000000      918      918        1        0      918        0      719      718      111     1971        0        9       31
 4592.000000      930      930        1        0      930        0      716      715      110     1945        0       12       28
 4593.000000      917      917        1        0      917        0      719      718      109     1983        0        9       31
 4594.000000      933      933        1        0      933        0      724      722      121     1961        0       14       26
 4595.000000      932      932        1        0      932        0      716      713      107     1944        0       10       30
 4596.000000      934      934        1        0      934        0      726      722      112     1982        0        9       31
 4597.000000      913      913        1        0      913        0      722      721      107     1959        0        9       31
 4598.000000      932      932        1        0      932        0      731      727      116     1983        0        9       31
 4599.000000      928      928        1        0      928        0      728      724      115     1986        0       10       30
 4600.000000      915      915        1        0      915        0      723      720      106     1958        0       10       30
 4601.000000      934      922        2        0      934        0      715      714      107     1920        0       11       29
 4602.000000      924      924        1        0      924        0      722      717      106     1986        0        9       31
 4603.000000      928      928        1        0      928        0      717      715      115     1951        0       11       29
 4604.000000      925      925        1        0      925        0      715      712      112     1946        0       10       30
 4605.000000      913      913        1        0      913        0      717      717      109     1973        0        9       31
 4606.000000      929      929        1        0      929        0      713      712      119     1974        0       10       30
 4607.000000      925      925        1        0      925        0      744      742      103     1974        0       10       30
 4608.000000      915      915        1        0      915        0      720      717      114     1966        0        8       32
 4609.000000      919      919        1        0      919        0      719      718      114     1970        0        9       31
 4610.000000      923      923        1        0      923        0      733      731      103     2013        0        8       32
 4611.000000      922      922        1        0      922        0      731      729      110     2000        0        8       32
 4612.000000      921      921        1        0      921        0      723      719      118     1986        0        9       31
 4613.000000      921      921        1        0      921        0      723      723      108     1983        1       10       29
 4614.000000      924      924        1        0      924        0      715      714      107     1984        1        9       30
 4615.000000      911      911        1        0      911        0      703      700      117     1977        0        8       32
 4616.000000      907      907        1        0      907        0      715      713      114     1969        0        9       31
 4617.000000      927      927        1        0      927        0      704      703      114     1968        0       10       30
 4618.000000      910      910        1        0      910        0      705      701      122     1947        0        8       32
 4619.000000      929      929        1        0      929        0      724      724      112     1989        1       10       29
 4620.000000      932      932        1       11      917        4      713      711      125     1956        1        8       31
 4621.000000      914      914        1        0      914        0      718      717      117     1999        0       10       30
 4622.000000      925      925        1       11      910        4      718      715      132     1969        0       10       30
 4623.000000      924      924        1       12      908        4      720      713      119     1972        0       10       30
 4624.000000      927      927        1       12      911        4      711      709      111     1982        0       11       29
 4625.000000      926      926        1       12      907        7      721      721      116     1976        0        9       31
 4626.000000      935      935        1       11      911       13      710      702      128     1963        0        9       31
 4627.000000      938      938        1        3      919       16      707      706      125     1950        0       10       30
 4628.000000      929      929        1        0      929        0      719      717      114     1988        0       10       30
 4629.000000      933      933        1       10      919        4      724      723      118     2000        0       11       29
 4630.000000      928      928        1        7      914        7      734      728      104     2024        0       10       30
 4631.000000      922      922        1       11      907        4      733      729      107     2010        0        9       31
 4632.000000      930      930        1       10      916        4      728      725      106     1979        0       11       29
 4633.000000      915      915        1       10      901        4      726      725      105     1948        0        9       31
 4634.000000      928      928        1       10      914        4      722      720      111     1964        0        9       31
 4635.000000      926      926        1       10      912        4      728      726      110     1994        0       10       30
 4636.000000      903      903        1       10      889        4      732      729      107     1999        0        8       32
 4637.000000      934      934        1       10      920        4      714      711      118     1978        0       10       30
 4638.000000      928      928        1       10      914        4      722      721      123     2005        0       11       29
 4639.000000      929      929        1       10      915        4      735      733      103     1963        0        9       31
 4640.000000      917      917        1        0      917        0      738      738      107     1979        0       11       29
 4641.000000      926      926        1        0      926        0      731      730      106     1970        0       10       30
 4642.000000      936      936        1        0      936        0      740      738      116     1976        0       11       29
 4643.000000      930      930        1        0      930        0      727      723      111     1964        0       12       28
 4644.000000      918      918        1        0      918        0      732      731      102     1960        0       10       30
 4645.000000      936      936        1        0      936        0      716      714      113     2047        0       10       30
 4646.000000      920      920        1        0      920        0      730      726      110     1952        0       10       30
 4647.000000      922      922        1        0      922        0      720      718      106     2004        0        9       31
 4648.000000      924      924        1        0      924        0      711      707      111     1971        0       10       30
 4649.000000      919      919        1        0      919        0      718      717      111     1954        0        7       33
 4650.000000      925      925        1        0      925        0      730      728      114     1968        0       10       30
 4651.000000      935      935        1        0      935        0      739      738       98     1980        0       10       30
 4652.000000      943      943        1        0      943        0      740      736      115     1989        0       11       29
 4653.000000      936      936        1        0      936        0      728      726      115     1976        0        9       31
 4654.000000      927      927        1        0      927        0      730      729      116     1995        0        7       33
 4655.000000      932      920        2        0      932        0      733      730      114     1980        0       10       30
 4656.000000      946      946        1        0      946        0      720      719      111     1948        0       11       29
 4657.000000      926      926        1        0      926        0      740      736      109     1982        0        9       31
 4658.000000      934      934        1        0      934        0      732      730      102     1989        0        9       31
 4659.000000      933      933        1        0      933        0      733      730      113     1997        0       10       30
 4660.000000      933      933        1        0      933        0      729      726      115     1985        0        8       32
 4661.000000      936      936        1        0      936        0      735      733      103     1963        0        9       31
 4662.000000      958      958        1        0      958        0      742      739      100     2004        0       11       29
 4663.000000      925      925        1        0      925        0      726      725      108     1972        0        9       31
 4664.000000      917      917        1        0      917        0      732      728      111     1959        0        6       34
 4665.000000      921      921        1        0      921        0      716      715      116     1957        0        7       33
 4666.000000      918      918        1        0      918        0      711      710      116     1918        0        7       33
 4667.000000      928      928        1        0      928        0      715      715      105     1914        0        8       32
 4668.000000      920      920        1        0      920        0      704      700      114     1929        0        7       33
 4669.000000      935      935        1        0      935        0      720      717      102     1959        0       10       30
 4670.000000      924      924        1        0      924        0      724      722      112     1946        0        8       32
 4671.000000      933      933        1        0      933        0      715      713      106     1983        0        7       33
 4672.000000      924      924        1        0      924        0      718      716      109     1961        0        8       32
 4673.000000      932      932        1        0      932        0      715      713      115     1968        0        9       31
 4674.000000      927      927        1        0      927        0      700      698      124     1934        0       10       30
 4675.000000      931      931        1        0      931        0      717      715      103     1986        0       10       30
 4676.000000      924      924        1        0      924        0      714      712      122     1936        0        9       31
 4677.000000      927      927        1        0      927        0      719      715      111     1971        0        8       32
 4678.000000      923      923        1        0      923        0      717      712      102     1981        0        9       31
 4679.000000      925      925        1        0      925        0      725      725      109     2000        0        7       33
 4680.000000      921      921        1        0      921        0      724      722      114     1968        0        8       32
 4681.000000      938      938        1        0      938        0      730      727      112     1981        0        8       32
 4682.000000      938      938        1        0      938        0      735      733      106     1945        0       10       30
 4683.000000      966      966        1        0      966        0      745      741      116     1960        1        9       30
 4684.000000      949      949        1        0      949        0      725      724      109     1959        0       12       28
 4685.000000      951      951        1        0      951        0      740      737      101     1976        0       12       28
 4686.000000      945      945        1        0      945        0      748      747      111     1960        0       10       30
 4687.000000      943      943        1        0      943        0      747      746      112     2001        0        9       31
 4688.000000      954      954        1        0      954        0      733      729      114     2002        0       10       30
 4689.000000      935      935        1        0      935        0      731      726      123     1989        0        7       33
 4690.000000      948      948        1        0      948        0      709      704      122     1981        1        9       30
 4691.000000      938      938        1        0      938        0      718      715      123     1943        0       10       30
 4692.000000      930      930        1        0      930        0      738      736      111     1952        0        8       32
 4693.000000      934      934        1        0      934        0      721      720      114     1963        0       10       30
 4694.000000      928      928        1        0      928        0      712      710      118     1950        0        7       33
 4695.000000      953      953        1        0      953        0      729      725      119     1964        0        9       31
 4696.000000      940      940        1        0      940        0      732      730      113     1996        0       10       30
 4697.000000      956      956        1        0      956        0      730      727      111     1966        0       12       28
 4698.000000      940      940        1        0      940        0      731      729      119     1970        0       11       29
 4699.000000      951      951        1        0      951        0      741      740      107     1999        0       12       28
 4700.000000      937      937        1        0      937        0      720      720      115     1965        0        9       31
 4701.000000      937      937        1        0      937        0      725      724      110     1986        0        9       31
 4702.000000      937      937        1        0      937        0      729      729       99     1995        0       11       29
 4703.000000      943      943        1        0      943        0      733      732       95     1970        0        9       31
 4704.000000      934      934        1        0      934        0      725      725      103     2005        0        9       31
 4705.000000      929      929        1        0      929        0      723      720      110     1999        0        8       32
 4706.000000      935      935        1        0      935        0      742      737      106     1989        0        8       32
 4707.000000      946      946        1        0      946        0      744      741      102     2025        0       10       30
 4708.000000      947      931        2       16      931        0      725      723      114     2007        0       10       30
 4709.000000      954      954        1        0      954        0      724      723      117     1969        1        9       30
 4710.000000      937      937        1        0      937        0      730      728      116     1970        0        8       32
 4711.000000      913      913        1        0      913        0      717      717      109     1963        0        7       33
 4712.000000      939      939        1        0      939        0      744      743       97     1989        1        7       32
 4713.000000      942      942        1        0      942        0      743      742       93     1991        0        9       31
 4714.000000      919      919        1        0      919        0      728      728      101     1974        0        7       33
 4715.000000      910      910        1        0      910        0      736      732      106     1980        0        7       33
 4716.000000      936      936        1        0      936        0      723      721      104     1963        0        8       32
 4717.000000      928      928        1        0      928        0      718      718      105     1979        0       10       30
 4718.000000      897      897        1        0      897        0      728      724      105     1955        0        6       34
 4719.000000      942      942        1        0      942        0      719      717      101     1953        0        8       32
 4720.000000      911      911        1        0      911        0      724      723      107     1956        0        9       31
 4721.000000      916      916        1        0      916        0      733      730      102     2010        0        8       32
 4722.000000      920      908        2        0      920        0      728      726      106     1962        0        9       31
 4723.000000      907      907        1        0      907        0      726      725       96     1940        0        7       33
 4724.000000      919      919        1        0      919        0      715      713      113     1981        0        8       32
 4725.000000      901      901        1        0      901        0      727      724      111     1966        0        6       34
 4726.000000      908      908        1        0      908        0      726      723      101     1975        0        7       33
 4727.000000      906      894        2        0      906        0      718      712      107     1983        0        7       33
 4728.000000      909      909        1        0      909        0      728      728      104     1976        0        7       33
 4729.000000      917      917        1        0      917        0      727      726      111     1966        0        9       31
 4730.000000      910      910        1        0      910        0      718      717      116     1964        0        7       33
 4731.000000      901      901        1        0      901        0      718      717      107     1994        0        7       33
 4732.000000      913      913        1        0      913        0      726      725      110     1973        0        7       33
 4733.000000      930      930        1        0      930        0      730      728      107     2036        0        8       32
 4734.000000      907      907        1        0      907        0      728      726      110     1998        0        6       34
 4735.000000      913      913        1        0      913        0      715      713      111     1993        0        7       33
 4736.000000      928      928        1        0      928        0      731      731      112     1988        0        9       31
 4737.000000      912      912        1        0      912        0      723      722      108     1930        0        7       33
 4738.000000      908      908        1        0      908        0      723      717      120     1985        0        6       34
 4739.000000      926      913        2        0      926        0      712      710      113     1970        0        8       32
 4740.000000      913      913        1        0      913        0      732      729      103     1975        0        7       33
 4741.000000      920      908        2        0      920        0      720      718      104     1960        0        9       31
 4742.000000      918      918        1        0      918        0      726      724      121     1958        0        8       32
 4743.000000      920      907        2        0      920        0      720      719      113     1927        0        8       32
 4744.000000      915      915        1        0      915        0      729      728      110     1952        0        7       33
 4745.000000      920      920        1        0      920        0      740      736      106     1957        0        7       33
 4746.000000      917      917        1        0      917        0      726      725      111     1950        0        6       34
 4747.000000      914      914        1        0      914        0      726      725      100     1938        0        8       32
 4748.000000      907      907        1        0      907        0      727      726      112     1966        0        6       34
 4749.000000      911      911        1        0      911        0      727      726      108     1924        0        7       33
 4750.000000      923      923        1        0      923        0      734      732      104     1933        0       12       28
 4751.000000      923      923        1        0      923        0      722      720      108     1930        1        6       33
 4752.000000      970      970        1        0      970        0      721      717      122     1974        1       13       26
 4753.000000      944      944        1        0      944        0      721      721      108     1911        0       13       27
 4754.000000      920      920        1        0      920        0      721      720      116     1958        0        9       31
 4755.000000      924      924        1        0      924        0      726      724      106     1914        0        8       32
 4756.000000      926      926        1        0      926        0      728      723      109     1944        0        9       31
 4757.000000      913      913        1        0      913        0      723      720      116     1951        0        8       32
 4758.000000      920      920        1        0      920        0      729      728      108     1952        0        8       32
 4759.000000      920      920        1        0      920        0      727      727      103     1982        0        8       32
 4760.000000      908      908        1        0      908        0      715      711      114     1930        0        7       33
 4761.000000      934      934        1        0      934        0      720      718      114     1960        0        9       31
 4762.000000      916      916        1        0      916        0      711      708      110     1957        0        9       31
 4763.000000      916      916        1        0      916        0      727      723      108     1976        0        9       31
 4764.000000      911      911        1        0      911        0      710      708      117     1962        0        7       33
 4765.000000      906      906        1        0      906        0      717      717      113     1940        0        6       34
 4766.000000      906      906        1        0      906        0      703      700      122     1930        0        7       33
 4767.000000      909      909        1        0      909        0      723      721       98     1948        0        6       34
 4768.000000      923      923        1        0      923        0      709      709      108     1962        0        8       32
 4769.000000      912      912        1        0      912        0      731      727      109     1933        0        8       32
 4770.000000      924      924        1        0      924        0      730      729      109     1998        0        9       31
 4771.000000      923      923        1        0      923        0      718      715      111     1974        0        9       31
 4772.000000      916      916        1        0      916        0      721      719      107     1973        0       11       29
 4773.000000      932      932        1        0      932        0      721      720      117     1957        0        9       31
 4774.000000      912      912        1        0      912        0      720      718      117     1946        0        6       34
 4775.000000      912      912        1        0      912        0      716      715      115     1917        0        8       32
 4776.000000      934      934        1        0      934        0      711      710      124     1935        0        9       31
 4777.000000      932      932        1        0      932        0      726      724      112     1953        0        8       32
 4778.000000      933      933        1        0      933        0      700      699      118     1960        1        6       33
 4779.000000      917      917        1        0      917        0      703      702      115     1932        0        7       33
 4780.000000      911      911        1        0      911        0      731      729      105     1947        0        6       34
 4781.000000      908      908        1        0      908        0      733      730      112     1973        0        7       33
 4782.000000      906      906        1        0      906        0      716      714      103     1961        0        7       33
 4783.000000      911      898        2        0      911        0      712      707      117     1954        0        7       33
 4784.000000      907      907        1        0      907        0      707      704      113     1968        0        6       34
 4785.000000      912      912        1        0      912        0      725      720      109     1957        0        5       35
 4786.000000      904      904        1        0      904        0      710      708      114     1954        0        6       34
 4787.000000      901      901        1        0      901        0      723      720      103     1990        0        9       31
 4788.000000      898      898        1        0      898        0      734      731      112     1981        0        6       34
 4789.000000      897      897        1        0      897        0      724      724      104     1967        0        7       33
 4790.000000      897      897        1        0      897        0      712      711      106     1967        0        6       34
 4791.000000      899      899        1        0      899        0      713      709      110     1960        0        5       35
 4792.000000      898      898        1        0      898        0      715      712      117     1985        0        6       34
 4793.000000      917      917        1        0      917        0      715      710      112     1984        0        8       32
 4794.000000      915      915        1        0      915        0      713      712      110     2004        1        8       31
 4795.000000      902      902        1        0      902        0      718      711      118     1945        0        6       34
 4796.000000      908      908        1        0      908        0      724      723      116     1948        0        7       33
 4797.000000      908      908        1        0      908        0      721      718      114     1982        0        8       32
 4798.000000      894      894        1        0      894        0      722      716      119     1957        0        6       34
 4799.000000      904      904        1        0      904        0      711      709      118     1949        0        7       33
 4800.000000      894      894        1        0      894        0      714      710      115     1980        0        5       35
 4801.000000      890      890        1        0      890        0      715      713      114     1999        0        5       35
 4802.000000      890      890        1        0      890        0      725      724      109     1973        0        5       35
 4803.000000      895      895        1        0      895        0      717      716      112     1953        0        5       35
 4804.000000      912      912        1       15      893        4      715      713      108     1957        0        8       32
 4805.000000      914      914        1       15      895        4      709      706      111     1964        0        9       31
 4806.000000      892      892        1        0      892        0      723      721      102     1959        0        5       35
 4807.000000      913      899        2       14      899        0      714      710      112     1953        0        6       34
 4808.000000      898      898        1        0      898        0      713      710      113     1978        0        5       35
 4809.000000      932      918        2       28      900        4      705      704      118     1950        0        8       32
 4810.000000      911      911        1       15      892        4      717      715      106     1979        0        8       32
 4811.000000      968      968        1       42      918        8      724      723      105     1989        0       12       28
 4812.000000      920      920        1       14      902        4      713      711      118     1954        0        8       32
 4813.000000      960      937        2       42      914        4      724      721      119     1991        1       13       26
 4814.000000      926      926        1       20      899        7      722      719      107     1993        0       10       30
 4815.000000      912      912        1       15      893        4      698      693      118     1973        0        9       31
 4816.000000      924      911        2        0      924        0      708      706      100     1975        0        9       31
 4817.000000      909      909        1        0      909        0      708      705      115     1946        0        8       32
 4818.000000      951      927        2       11      937        3      715      712      101     1978        1       11       28
 4819.000000      904      904        1        0      904        0      701      699      117     2008        0        7       33
 4820.000000      932      932        1       10      918        4      715      713      100     1964        0       10       30
 4821.000000      943      919        2       11      929        3      726      722      109     1973        0       10       30
 4822.000000      936      923        2        0      936        0      717      714      120     1939        0       11       29
 4823.000000      937      925        2        0      937        0      713      711      113     1945        0        9       31
 4824.000000      938      913        3        0      938        0      724      723      103     1947        0       10       30
 4825.000000      932      920        2        0      932        0      726      723      114     1971        0        9       31
 4826.000000      932      920        2        0      932        0      726      726      105     1947        0        9       31
 4827.000000      940      928        2        0      940        0      737      734      123     1973        0       10       30
 4828.000000      937      924        2        0      937        0      733      731      105     1965        0       10       30
 4829.000000      938      925        2        0      938        0      722      721      104     2001        0       10       30
 4830.000000      938      925        2        0      938        0      722      722      113     1977        0       10       30
 4831.000000      931      931        1        0      931        0      721      716      125     1967        0        9       31
 4832.000000      926      926        1        0      926        0      705      704      112     1963        0        8       32
 4833.000000      923      923        1        0      923        0      728      723      112     1981        0        8       32
 4834.000000      939      925        2       14      925        0      722      722      101     1942        0        9       31
 4835.000000      934      934        1        0      934        0      733      730      107     1955        0        8       32
 4836.000000      943      943        1        0      943        0      716      714      117     1955        0        9       31
 4837.000000      941      941        1        0      941        0      724      723      111     1995        0       10       30
 4838.000000      949      949        1        0      949        0      717      717      109     1949        0       12       28
 4839.000000      935      935        1        0      935        0      728      727      101     1960        0       10       30
 4840.000000      949      949        1        0      949        0      718      718      101     1977        0       10       30
 4841.000000      944      944        1        0      944        0      717      717      120     1974        0       10       30
 4842.000000      949      949        1        0      949        0      726      724      102     1982        0       10       30
 4843.000000      933      933        1        0      933        0      722      718      116     1980        0        8       32
 4844.000000      942      942        1        0      942        0      709      708      122     1960        0        9       31
 4845.000000      949      949        1        0      949        0      739      739      105     2022        0       11       29
 4846.000000      927      927        1        0      927        0      733      729      113     1972        0        9       31
 4847.000000      940      940        1        0      940        0      741      739      102     2008        0        9       31
 4848.000000      942      942        1        0      942        0      739      738      114     2014        0        9       31
 4849.000000      922      922        1        0      922        0      736      735      110     1993        0        7       33
 4850.000000      922      922        1        0      922        0      721      720      108     1981        0        9       31
 4851.000000      929      929        1        0      929        0      737      736      111     1975        0        9       31
 4852.000000      947      932        2       15      932        0      724      722       99     1978        0       11       29
 4853.000000      920      920        1        0      920        0      713      711      116     1963        0        8       32
 4854.000000      933      933        1        0      933        0      728      727      117     1967        0        9       31
 4855.000000      930      930        1        0      930        0      725      721      107     1980        0        9       31
 4856.000000      951      951        1        0      951        0      721      720      109     1983        0       12       28
 4857.000000      951      951        1        0      951        0      725      722      118     1984        0       13       27
 4858.000000      934      934        1        0      934        0      722      720      112     1975        0        8       32
 4859.000000      933      933        1        0      933        0      728      727      110     1955        0        9       31
 4860.000000      923      923        1        0      923        0      718      718      101     1987        0        9       31
 4861.000000      931      931        1        0      931        0      719      715      113     2017        0        9       31
 4862.000000      932      932        1        0      932        0      730      727      107     2013        0        8       32
 4863.000000      939      939        1        0      939        0      721      720      108     1979        0       11       29
 4864.000000      928      928        1        0      928        0      725      723      118     1976        0        9       31
 4865.000000      944      944        1        0      944        0      722      719      112     1996        0        9       31
 4866.000000      965      965        1        0      965        0      724      723      111     1966        0       12       28
 4867.000000      952      952        1        0      952        0      733      732      100     2024        0       11       29
 4868.000000      953      953        1        0      953        0      721      719      101     1996        0       11       29
 4869.000000      967      967        1        0      967        0      734      732      107     1987        0       10       30
 4870.000000      950      950        1        0      950        0      728      727       98     1947        0       10       30
 4871.000000      936      936        1        0      936        0      708      708      112     1987        0        9       31
 4872.000000      920      920        1        0      920        0      718      716      119     1964        0        8       32
 4873.000000      937      937        1        0      937        0      704      703      123     1973        0       11       29
 4874.000000      926      926        1        0      926        0      722      722      112     1939        0        8       32
 4875.000000      935      935        1        0      935        0      733      732      113     1981        0       10       30
 4876.000000      933      933        1        0      933        0      722      721      103     1969        0        8       32
 4877.000000      944      944        1        0      944        0      737      735      106     1983        0       10       30
 4878.000000      926      926        1        0      926        0      721      720      115     1947        0        8       32
 4879.000000      936      936        1        0      936        0      730      726      108     1970        0        9       31
 4880.000000      937      937        1        0      937        0      731      727       98     1966        0        9       31
 4881.000000      935      935        1        0      935        0      719      716      105     1952        0        9       31
 4882.000000      930      930        1        0      930        0      730      728      122     1960        0        9       31
 4883.000000      927      927        1        0      927        0      732      730      112     1921        0       10       30
 4884.000000      939      939        1        0      939        0      715      714      111     1980        0        9       31
 4885.000000      929      929        1        0      929        0      726      725      119     1971        0       10       30
 4886.000000      936      936        1        0      936        0      731      729      104     1986        0       10       30
 4887.000000      941      929        2        0      941        0      729      728      124     1972        0       10       30
 4888.000000      945      932        2        0      945        0      739      737      111     1957        0       10       30
 4889.000000      934      922        2        0      934        0      739      739      120     1939        0       11       29
 4890.000000      931      931        1        0      931        0      736      732      107     1969        0        9       31
 4891.000000      934      934        1        0      934        0      710      708      118     1972        0       14       26
 4892.000000      917      917        1        0      917        0      717      715      106     1928        0        9       31
 4893.000000      928      928        1        0      928        0      723      720      106     1961        1       10       29
 4894.000000      914      914        1        0      914        0      713      713      113     1951        0        8       32
 4895.000000      916      916        1        0      916        0      711      709      108     1966        1        8       31
 4896.000000      926      926        1        0      926        0      722      719      120     1997        1       11       28
 4897.000000      915      915        1        0      915        0      716      716      110     1987        1        8       31
 4898.000000      920      920        1        0      920        0      733      733      107     1958        0       10       30
 4899.000000      905      905        1        0      905        0      725      723      105     1949        0        8       32
 4900.000000      908      908        1        0      908        0      708      706      123     1954        0        8       32
 4901.000000      916      916        1        0      916        0      704      701      112     1950        0        8       32
 4902.000000      921      921        1        0      921        0      712      708      124     1947        0       10       30
 4903.000000      928      928        1        0      928        0      719      717      110     1969        0       10       30
 4904.000000      917      917        1        0      917        0      709      708      116     1982        0        9       31
 4905.000000      920      920        1        0      920        0      720      720      110     1955        0        9       31
 4906.000000      923      923        1        0      923        0      729      726      116     1933        0       10       30
 4907.000000      911      911        1        0      911        0      719      718      110     1944        0        9       31
 4908.000000      933      933        1        0      933        0      733      731      114     1963        0        9       31
 4909.000000      925      925        1        0      925        0      723      718      115     1973        0       12       28
 4910.000000      914      914        1        0      914        0      727      723      118     1958        0        9       31
 4911.000000      920      920        1        0      920        0      726      724      120     1958        0        9       31
 4912.000000      921      921        1        0      921        0      721      721      110     1935        0        9       31
 4913.000000      916      916        1        0      916        0      722      721       99     1933        0        9       31
 4914.000000      921      921        1        0      921        0      738      736      112     1961        0        9       31
 4915.000000      919      919        1        0      919        0      720      719      113     1932        0        9       31
 4916.000000      920      920        1        0      920        0      705      703      127     1954        0        9       31
 4917.000000      919      919        1        0      919        0      706      704      115     1961        0        9       31
 4918.000000      919      919        1        0      919        0      711      710      124     1959        0       12       28
 4919.000000      928      928        1        0      928        0      719      718      105     1952        0       12       28
 4920.000000      915      915        1        0      915        0      719      715      122     1942        0       10       30
 4921.000000      933      933        1        0      933        0      710      706      108     1925        0        9       31
 4922.000000      943      943        1        0      943        0      715      712      111     1949        0       12       28
 4923.000000      938      938        1        0      938        0      726      724       96     1973        1        9       30
 4924.000000      935      935        1        0      935        0      712      710      126     1939        0       10       30
 4925.000000      919      919        1        0      919        0      714      709      116     1986        0        9       31
 4926.000000      918      918        1        0      918        0      714      712      107     1946        0        9       31
 4927.000000      937      937        1        0      937        0      733      733      101     1949        1        9       30
 4928.000000      924      924        1        0      924        0      720      718      110     1954        0        9       31
 4929.000000      927      927        1        0      927        0      714      712      117     1935        1        8       31
 4930.000000      923      923        1        0      923        0      716      716      108     1917        1       10       29
 4931.000000      917      917        1        0      917        0      716      715       99     1931        0        9       31
 4932.000000      929      929        1        0      929        0      719      717      104     1957        0       12       28
 4933.000000      926      926        1        0      926        0      724      722      102     1911        0       10       30
 4934.000000      931      931        1        0      931        0      726      725       97     1967        0       11       29
 4935.000000      924      924        1        0      924        0      722      720      104     1940        0       10       30
 4936.000000      925      925        1        0      925        0      723      721      105     1942        0       12       28
 4937.000000      931      931        1        0      931        0      726      723      102     1948        0       11       29
 4938.000000      929      929        1        0      929        0      730      728      103     1930        0       10       30
 4939.000000      939      939        1        0      939        0      701      701      118     1939        0       11       29
 4940.000000      925      925        1        0      925        0      720      719      115     1994        1        8       31
 4941.000000      915      915        1        0      915        0      735      732      104     1959        0        7       33
 4942.000000      938      938        1        0      938        0      715      715      111     1963        0        9       31
 4943.000000      935      935        1        0      935        0      720      719      109     1957        1       12       27
 4944.000000      929      929        1        0      929        0      701      698      114     1943        0       12       28
 4945.000000      926      926        1        0      926        0      701      701      104     1962        0       11       29
 4946.000000      925      925        1        0      925        0      727      727       99     1959        1        9       30
 4947.000000      944      944        1        0      944        0      720      718      110     1966        0       12       28
 4948.000000      948      948        1        0      948        0      727      725      103     1958        0       11       29
 4949.000000      947      947        1        0      947        0      719      719      107     1981        0       11       29
 4950.000000      922      922        1        0      922        0      707      705      119     2022        0        9       31
 4951.000000      923      923        1        0      923        0      733      733       96     1945        0        9       31
 4952.000000      939      939        1        0      939        0      709      706      125     2005        0       10       30
 4953.000000      927      927        1        0      927        0      727      727      114     1920        0        9       31
 4954.000000      915      915        1        0      915        0      706      703      110     1977        0        9       31
 4955.000000      938      938        1        0      938        0      714      713      107     1926        0       11       29
 4956.000000      922      922        1        0      922        0      712      711      102     1933        0       10       30
 4957.000000      917      917        1        0      917        0      710      710      113     1948        0       12       28
 4958.000000      904      904        1        0      904        0      703      701       97     1943        0        8       32
 4959.000000      917      917        1        0      917        0      718      717      104     1962        1        8       31
 4960.000000      931      931        1        0      931        0      717      717      111     1971        0        9       31
 4961.000000      927      927        1        0      927        0      719      719      109     1940        0       10       30
 4962.000000      924      924        1        0      924        0      715      714      119     1948        0       10       30
 4963.000000      909      909        1        0      909        0      707      704      112     1999        1        7       32
 4964.000000      917      917        1        0      917        0      709      707      116     1941        0        9       31
 4965.000000      906      906        1        0      906        0      697      695      120     1938        0        8       32
 4966.000000      903      903        1        0      903        0      696      694      101     1927        1        9       30
 4967.000000      941      941        1       16      925        0      704      703      105     1913        0       13       27
 4968.000000      904      904        1        0      904        0      697      695      106     1956        0        8       32
 4969.000000      927      927        1       14      912        1      699      699      119     1984        1       11       28
 4970.000000      927      927        1        0      927        0      708      708      102     1957        0       11       29
 4971.000000      922      922        1        0      922        0      706      703      107     1983        0       10       30
 4972.000000      906      906        1        0      906        0      718      717       90     1969        1        9       30
 4973.000000      898      898        1        0      898        0      694      692      118     1965        0        8       32
 4974.000000      899      899        1        0      899        0      704      703      111     1951        0        8       32
 4975.000000      908      908        1        0      908        0      715      714      111     1981        0        8       32
 4976.000000      913      913        1        0      913        0      702      698      106     1996        0       11       29
 4977.000000      916      916        1        0      916        0      717      713       93     2002        0        8       32
 4978.000000      911      911        1        0      911        0      697      692      115     1961        0       10       30
 4979.000000      907      907        1        0      907        0      708      705      104     1972        0        8       32
 4980.000000      921      921        1        0      921        0      716      713      102     2008        1        9       30
 4981.000000      926      926        1        0      926        0      685      681      118     1989        0       11       29
 4982.000000      915      915        1        0      915        0      701      697      110     1968        0        9       31
 4983.000000      909      909        1        0      909        0      696      695      106     1928        0        8       32
 4984.000000      912      912        1        0      912        0      717      714      105     1995        1        8       31
 4985.000000      920      920        1        0      920        0      695      695      102     1970        0       10       30
 4986.000000      900      900        1        0      900        0      686      685      109     1929        0        8       32
 4987.000000      920      920        1        0      920        0      694      693      110     1936        1        9       30
 4988.000000      915      915        1        0      915        0      712      711      102     1950        1        8       31
 4989.000000      909      909        1        0      909        0      698      698      113     1967        0       10       30
 4990.000000      915      915        1        0      915        0      704      702      110     1953        0       10       30
 4991.000000      913      913        1        0      913        0      696      695      110     1945        1        8       31
 4992.000000      901      901        1        0      901        0      710      707      116     1969        0        8       32
 4993.000000      898      898        1        0      898        0      692      691      107     1916        0        8       32
 4994.000000      908      908        1        0      908        0      696      695      119     1950        0        8       32
 4995.000000      911      911        1        0      911        0      687      685      125     1947        0       10       30
 4996.000000      912      912        1        0      912        0      701      699      110     1933        1        9       30
 4997.000000      903      903        1        0      903        0      700      700      104     1977        1        7       32
 4998.000000      899      899        1        0      899        0      690      690      110     1909        0        8       32
 4999.000000      902      902        1        0      902        0      699      697      111     1936        0        8       32
 5000.000000      904      904        1        0      904        0      702      701      110     2008        1        8       31
