#! FIELDS time brine.nice brine.nmax brine.nclus brine.nic brine.nih brine.nmixed brine.chillice brine.chillmax brine.chillinterfacial brine.sixrings brine.nionice brine.nionfront brine.nionliq
 0.000000      934      934        1        0      934        0      754      752      106     2023        0        0        0
 1.000000      934      934        1        0      934        0      746      745      109     2013        0        0        0
 2.000000      945      945        1        0      945        0      747      745      116     2041        0        0        0
 3.000000      943      943        1        0      943        0      753      752       99     2044        0        0        0
 4.000000      935      935        1        0      935        0      740      737       99     2040        0        0        0
 5.000000      936      936        1        0      936        0      734      734      113     2046        0        0        0
 6.000000      926      926        1        0      926        0      738      737      113     2030        0        0        0
 7.000000      926      926        1        0      926        0      733      732      107     2047        0        0        0
 8.000000      931      931        1        0      931        0      734      732      113     2093        0        0        0
 9.000000      912      912        1        0      912        0      742      738       97     2045        0        0        0
 10.000000      921      921        1        0      921        0      727      724      122     2042        0        0        0
 11.000000      907      907        1        0      907        0      741      738      104     2056        0        0        0
 12.000000      914      914        1        0      914        0      729      728      108     2029        0        0        0
 13.000000      916      916        1        0      916        0      730      730      113     2042        0        0        0
 14.000000      905      905        1        0      905        0      741      739      107     2041        0        0        0
 15.000000      920      920        1        0      920        0      740      737       98     2051        0        0        0
 16.000000      918      918        1        0      918        0      721      721      113     2052        0        0        0
 17.000000      925      925        1        0      925        0      738      738      105     2042        0        0        0
 18.000000      911      911        1        0      911        0      720      716      103     2039        0        0        0
 19.000000      908      908        1        0      908        0      723      723      107     2021        0        0        0
 20.000000      922      922        1        0      922        0      716      715      101     1997        0        0        0
 21.000000      905      905        1        0      905        0      718      716      101     2026        0        0        0
 22.000000      934      934        1        0      934        0      714      712      107     2050        0        0        0
 23.000000      917      917        1        0      917        0      714      714      107     2037        0        0        0
 24.000000      918      918        1        0      918        0      716      715      107     2040        0        0        0
 25.000000      906      906        1        0      906        0      712      712      103     2047        0        0        0
 26.000000      919      919        1        0      919        0      720      718      106     2033        0        0        0
 27.000000      910      910        1        0      910        0      713      710      115     2014        0        0        0
 28.000000      911      911        1        0      911        0      719      717      105     2048        0        0        0
 29.000000      902      902        1        0      902        0      710      710      111     2042        0        0        0
 30.000000      897      897        1        0      897        0      722      722      106     2031        0        0        0
 31.000000      899      899        1        0      899        0      731      731      104     2054        0        0        0
 32.000000      906      906        1        0      906        0      716      715      106     2048        0        0        0
 33.000000      900      900        1        0      900        0      705      705      114     2045        0        0        0
 34.000000      883      883        1        0      883        0      713      713      113     2062        0        0        0
 35.000000      883      883        1        0      883        0      708      704      121     2036        0        0        0
 36.000000      881      881        1        0      881        0      723      721      107     2056        0        0        0
 37.000000      896      896        1        0      896        0      717      714      121     2101        0        0        0
 38.000000      895      895        1        0      895        0      731      730      110     2096        0        0        0
 39.000000      889      889        1        0      889        0      723      720      115     2115        0        0        0
 40.000000      918      918        1        0      918        0      713      712      116     2103        0        0        0
 41.000000      890      890        1        0      890        0      725      723      106     2076        0        0        0
 42.000000      893      893        1        0      893        0      736      732      104     2065        0        0        0
 43.000000      890      890        1        0      890        0      727      724      114     2077        0        0        0
 44.000000      917      917        1       14      903        0      725      722      114     2076        0        0        0
 45.000000      908      908        1        0      908        0      728      725      107     2058        0        0        0
 46.000000      912      912        1        0      912        0      715      714      123     2032        0        0        0
 47.000000      911      911        1        0      911        0      716      714      122     2047        0        0        0
 48.000000      887      887        1        0      887        0      732      732      120     2050        0        0        0
 49.000000      890      890        1        0      890        0      730      728      114     2070        0        0        0
 50.000000      889      889        1        0      889        0      719      716      117     2070        0        0        0
 51.000000      925      913        2        0      925        0      720      718      118     2073        0        0        0
 52.000000      890      890        1        0      890        0      721      721      110     2091        0        0        0
 53.000000      887      887        1        0      887        0      716      714      116     2065        0        0        0
 54.000000      896      896        1        0      896        0      725      721      110     2068        0        0        0
 55.000000      891      891        1        0      891        0      710      708      105     2082        0        0        0
 56.000000      898      898        1        0      898        0      720      716      118     2041        0        0        0
 57.000000      898      898        1        0      898        0      718      714      117     2038        0        0        0
 58.000000      902      902        1        0      902        0      717      715      130     2033        0        0        0
 59.000000      905      905        1        0      905        0      710      704      132     2012        0        0        0
 60.000000      902      902        1        0      902        0      703      701      110     2000        0        0        0
 61.000000      910      910        1        0      910        0      713      711      118     2038        0        0        0
 62.000000      909      909        1        0      909        0      704      701      127     2037        0        0        0
 63.000000      904      904        1        0      904        0      699      698      117     2019        0        0        0
 64.000000      894      894        1        0      894        0      698      696      110     2046        0        0        0
 65.000000      911      911        1        0      911        0      703      702      119     2063        0        0        0
 66.000000      906      906        1        0      906        0      724      723      107     2029        0        0        0
 67.000000      913      913        1        0      913        0      701      700      118     2045        0        0        0
 68.000000      930      930        1        0      930        0      723      722      115     2046        0        0        0
 69.000000      899      899        1        0      899        0      714      712      122     2048        0        0        0
 70.000000      899      899        1        0      899        0      714      713      113     2050        0        0        0
 71.000000      899      899        1        0      899        0      708      708      120     2034        0        0        0
 72.000000      906      906        1        0      906        0      716      714      119     2081        0        0        0
 73.000000      902      902        1        0      902        0      713      713      115     2086        0        0        0
 74.000000      904      904        1        0      904        0      708      707      121     2089        0        0        0
 75.000000      913      913        1        0      913        0      703      700      129     2075        0        0        0
 76.000000      923      923        1        0      923        0      720      718      118     2074        0        0        0
 77.000000      920      920        1        0      920        0      726      722      113     2069        0        0        0
 78.000000      956      956        1        0      956        0      726      722      131     2085        0        0        0
 79.000000      924      924        1        0      924        0      708      706      124     2063        0        0        0
 80.000000      899      899        1        0      899        0      720      716      121     2021        0        0        0
 81.000000      896      896        1        0      896        0      719      716      105     2035        0        0        0
 82.000000      919      919        1        0      919        0      726      726      113     2050        0        0        0
 83.000000      906      906        1        0      906        0      709      705      119     2018        0        0        0
 84.000000      910      910        1        0      910        0      702      701      118     2053        0        0        0
 85.000000      906      906        1        0      906        0      714      712      119     2050        0        0        0
 86.000000      919      919        1        0      919        0      731      727      113     2045        0        0        0
 87.000000      934      934        1        0      934        0      720      715      108     2046        0        0        0
 88.000000      910      910        1        0      910        0      723      719      104     1998        0        0        0
 89.000000      911      911        1        0      911        0      731      728      118     2039        0        0        0
 90.000000      906      906        1        0      906        0      728      727      109     2030        0        0        0
 91.000000      910      910        1        0      910        0      714      713      114     2040        0        0        0
 92.000000      908      908        1        0      908        0      720      718      100     2013        0        0        0
 93.000000      895      895        1        0      895        0      698      698      118     2006        0        0        0
 94.000000      900      900        1        0      900        0      708      704      113     2028        0        0        0
 95.000000      895      883        2        0      895        0      712      709      118     2009        0        0        0
 96.000000      887      887        1        0      887        0      713      709      109     2026        0        0        0
 97.000000      901      901        1        0      901        0      704      703      115     1988        0        0        0
 98.000000      901      889        2        0      901        0      714      710      112     2042        0        0        0
 99.000000      906      894        2        0      906        0      712      710      110     2022        0        0        0
 100.000000      876      876        1        0      876        0      719      717      110     2016        0        0        0
 101.000000      898      886        2        0      898        0      708      707      117     2024        0        0        0
 102.000000      889      877        2        0      889        0      708      706      108     2018        0        0        0
 103.000000      880      880        1        0      880        0      699      696      109     2037        0        0        0
 104.000000      877      877        1        0      877        0      693      690      127     1998        0        0        0
 105.000000      912      885        2        0      912        0      698      697      118     1994        0        0        0
 106.000000      891      891        1        0      891        0      708      708      111     2039        0        0        0
 107.000000      896      884        2        0      896        0      716      716      110     2016        0        0        0
 108.000000      902      902        1        0      902        0      711      708      111     2005        0        0        0
 109.000000      920      920        1        0      920        0      696      696      115     2007        0        0        0
 110.000000      902      902        1        0      902        0      700      697      111     2015        0        0        0
 111.000000      923      911        2        0      923        0      700      695      120     2025        0        0        0
 112.000000      912      912        1        0      912        0      690      689      115     2029        0        0        0
 113.000000      904      904        1        0      904        0      704      697      122     2051        0        0        0
 114.000000      901      901        1        0      901        0      705      701      103     2042        0        0        0
 115.000000      897      897        1        0      897        0      696      694      115     1998        0        0        0
 116.000000      921      909        2        0      921        0      703      703      110     2022        0        0        0
 117.000000      915      915        1        0      915        0      701      695      119     2035        0        0        0
 118.000000      934      934        1        0      934        0      714      713      113     2055        0        0        0
 119.000000      927      927        1        0      927        0      710      706      119     1993        0        0        0
 120.000000      939      927        2        0      939        0      706      706      105     2020        0        0        0
 121.000000      930      930        1        0      930        0      694      692      115     2019        0        0        0
 122.000000      919      919        1        0      919        0      692      690      109     2016        0        0        0
 123.000000      939      926        2        0      939        0      699      698      114     2023        0        0        0
 124.000000      925      925        1        0      925        0      698      698      111     2004        0        0        0
 125.000000      922      922        1        0      922        0      697      693      113     2016        0        0        0
 126.000000      896      896        1        0      896        0      696      693      113     1985        0        0        0
 127.000000      920      920        1        0      920        0      682      676      122     2009        0        0        0
 128.000000      919      919        1        0      919        0      697      697      125     2011        0        0        0
 129.000000      944      944        1        0      944        0      696      693      124     1997        0        0        0
 130.000000      915      915        1        0      915        0      676      676      123     2050        0        0        0
 131.000000      909      909        1        0      909        0      694      692      134     2034        0        0        0
 132.000000      926      926        1        0      926        0      680      676      136     2033        0        0        0
 133.000000      911      911        1        0      911        0      688      683      126     2018        0        0        0
 134.000000      910      910        1        0      910        0      683      679      124     2016        0        0        0
 135.000000      893      893        1        0      893        0      710      707      123     2023        0        0        0
 136.000000      911      911        1        0      911        0      688      687      108     2022        0        0        0
 137.000000      896      896        1        0      896        0      696      692      112     2029        0        0        0
 138.000000      915      915        1        0      915        0      696      692      122     2040        0        0        0
 139.000000      904      904        1        0      904        0      691      689      118     2036        0        0        0
 140.000000      904      904        1        0      904        0      683      681      123     2034        0        0        0
 141.000000      900      900        1        0      900        0      705      701      122     2040        0        0        0
 142.000000      901      901        1        0      901        0      717      711      114     1995        0        0        0
 143.000000      915      915        1        0      915        0      701      694      124     2038        0        0        0
 144.000000      914      914        1        0      914        0      692      689      132     2027        0        0        0
 145.000000      913      913        1        0      913        0      718      715      114     2030        0        0        0
 146.000000      907      907        1        0      907        0      699      697      127     2035        0        0        0
 147.000000      957      957        1        0      957        0      714      710      122     2044        0        0        0
 148.000000      939      939        1        0      939        0      722      719      119     2057        0        0        0
 149.000000      936      936        1        0      936        0      700      693      127     2063        0        0        0
 150.000000      927      927        1        0      927        0      710      707      122     2049        0        0        0
 151.000000      928      928        1        0      928        0      724      721      119     2034        0        0        0
 152.000000      943      943        1        0      943        0      699      696      119     2027        0        0        0
 153.000000      904      904        1        0      904        0      704      701      143     2038        0        0        0
 154.000000      907      907        1        0      907        0      717      714      136     2005        0        0        0
 155.000000      910      910        1        0      910        0      714      711      115     2030        0        0        0
 156.000000      939      927        2        0      939        0      715      711      124     2027        0        0        0
 157.000000      937      925        2        0      937        0      696      689      128     1997        0        0        0
 158.000000      927      927        1        0      927        0      696      692      131     2009        0        0        0
 159.000000      933      933        1        0      933        0      712      708      114     2002        0        0        0
 160.000000      917      917        1        0      917        0      698      695      125     2014        0        0        0
 161.000000      937      937        1        0      937        0      732      729      109     2007        0        0        0
 162.000000      929      929        1        0      929        0      725      723      110     2027        0        0        0
 163.000000      929      929        1        0      929        0      716      714      125     2047        0        0        0
 164.000000      935      935        1        0      935        0      717      714      128     2037        0        0        0
 165.000000      932      932        1        0      932        0      718      714      121     2042        0        0        0
 166.000000      973      973        1       15      958        0      728      726      129     2038        0        0        0
 167.000000      955      955        1        0      955        0      726      723      116     2021        0        0        0
 168.000000      980      980        1        0      980        0      714      713      119     2044        0        0        0
 169.000000      954      954        1        0      954        0      725      723      119     2031        0        0        0
 170.000000      976      976        1        0      976        0      714      710      124     2042        0        0        0
 171.000000      977      977        1        0      977        0      730      727      127     2053        0        0        0
 172.000000      932      932        1        0      932        0      710      706      122     2033        0        0        0
 173.000000      980      980        1        0      980        0      729      722      119     2027        0        0        0
 174.000000      989      989        1        0      989        0      734      731      117     2059        0        0        0
 175.000000      995      995        1        0      995        0      723      716      117     2060        0        0        0
 176.000000      995      995        1        0      995        0      734      731      124     2057        0        0        0
 177.000000      987      987        1        0      987        0      730      728      110     2069        0        0        0
 178.000000     1000     1000        1        0     1000        0      733      731      109     2073        0        0        0
 179.000000      977      977        1        0      977        0      741      740      109     2049        0        0        0
 180.000000      976      976        1        0      976        0      736      731      113     2050        0        0        0
 181.000000      983      983        1        0      983        0      755      750      122     2066        0        0        0
 182.000000      998      998        1        0      998        0      746      744      108     2087        0        0        0
 183.000000      999      999        1        0      999        0      728      724      130     2067        0        0        0
 184.000000      978      978        1        0      978        0      757      755      110     2058        0        0        0
 185.000000      995      995        1        0      995        0      752      749      116     2069        0        0        0
 186.000000      974      974        1        0      974        0      743      740      122     2057        0        0        0
 187.000000     1004     1004        1        0     1004        0      755      751      113     2072        0        0        0
 188.000000      975      975        1        0      975        0      749      748      115     2069        0        0        0
 189.000000      965      965        1        0      965        0      734      731      122     2049        0        0        0
 190.000000      995      995        1        0      995        0      749      742      120     2073        0        0        0
 191.000000      977      977        1        0      977        0      733      730      117     2059        0        0        0
 192.000000      958      958        1        0      958        0      736      735      112     2055        0        0        0
 193.000000      948      948        1        0      948        0      744      736      108     2057        0        0        0
 194.000000      995      995        1        0      995        0      739      737      123     2066        0        0        0
 195.000000      979      979        1        0      979        0      737      737      109     2066        0        0        0
 196.000000      994      994        1        0      994        0      743      739      120     2046        0        0        0
 197.000000      951      951        1        0      951        0      744      743      120     2083        0        0        0
 198.000000      939      939        1        0      939        0      747      744      119     2058        0        0        0
 199.000000      983      983        1        0      983        0      749      745      108     2070        0        0        0
 200.000000      951      951        1        0      951        0      732      727      120     2057        0        0        0
 201.000000      955      955        1        0      955        0      736      734      129     2080        0        0        0
 202.000000      960      960        1        0      960        0      748      746      108     2107        0        0        0
 203.000000      954      954        1        0      954        0      751      747      114     2101        0        0        0
 204.000000      939      939        1        0      939        0      741      738      113     2053        0        0        0
 205.000000      948      948        1        0      948        0      746      743      111     2074        0        0        0
 206.000000      954      954        1        0      954        0      762      760      106     2100        0        0        0
 207.000000      960      960        1        0      960        0      753      752      115     2122        0        0        0
 208.000000      966      966        1        0      966        0      755      755      100     2122        0        0        0
 209.000000      964      964        1        0      964        0      753      751      115     2113        0        0        0
 210.000000      952      952        1        0      952        0      760      755      120     2099        0        0        0
 211.000000      959      959        1        0      959        0      731      730      112     2099        0        0        0
 212.000000      968      968        1        0      968        0      756      753      109     2137        0        0        0
 213.000000      979      979        1        0      979        0      753      752      118     2086        0        0        0
 214.000000      984      984        1        0      984        0      764      762      100     2076        0        0        0
 215.000000      977      977        1        0      977        0      765      763      112     2101        0        0        0
 216.000000      962      962        1        0      962        0      739      738      117     2065        0        0        0
 217.000000      960      960        1        0      960        0      762      758      112     2057        0        0        0
 218.000000      964      964        1        0      964        0      746      744      104     2082        0        0        0
 219.000000      971      971        1        0      971        0      761      757      110     2069        0        0        0
 220.000000      984      984        1        0      984        0      753      748      117     2090        0        0        0
 221.000000      953      941        2        0      953        0      755      755      105     2113        0        0        0
 222.000000      953      953        1        0      953        0      745      742      119     2098        0        0        0
 223.000000      956      956        1        0      956        0      731      729      121     2060        0        0        0
 224.000000      945      945        1        0      945        0      752      748      112     2100        0        0        0
 225.000000      947      947        1        0      947        0      761      758      110     2076        0        0        0
 226.000000      984      984        1        0      984        0      764      762      107     2060        0        0        0
 227.000000      963      963        1        0      963        0      763      762      109     2044        0        0        0
 228.000000      972      972        1        0      972        0      747      744      112     2075        0        0        0
 229.000000      961      961        1        0      961        0      746      743      117     2092        0        0        0
 230.000000      958      958        1        0      958        0      755      755      110     2084        0        0        0
 231.000000      961      961        1        0      961        0      736      734      115     2072        0        0        0
 232.000000      975      975        1        0      975        0      756      751      115     2089        0        0        0
 233.000000      962      962        1        0      962        0      760      757      108     2081        0        0        0
 234.000000      989      989        1        0      989        0      759      754      110     2113        0        0        0
 235.000000      963      963        1        0      963        0      762      762      109     2097        0        0        0
 236.000000      969      969        1        0      969        0      748      745      116     2087        0        0        0
 237.000000      955      955        1        0      955        0      734      730      121     2092        0        0        0
 238.000000      954      954        1        0      954        0      732      727      120     2082        0        0        0
 239.000000      955      955        1        0      955        0      739      736      117     2078        0        0        0
 240.000000      967      967        1        0      967        0      746      743      103     2107        0        0        0
 241.000000      960      960        1        0      960        0      741      736      129     2081        0        0        0
 242.000000      964      952        2        0      964        0      732      727      126     2038        0        0        0
 243.000000      942      942        1        0      942        0      742      742      112     2079        0        0        0
 244.000000      954      954        1        0      954        0      748      744      118     2091        0        0        0
 245.000000      960      960        1        0      960        0      739      736      127     2080        0        0        0
 246.000000      965      965        1        0      965        0      757      752      120     2095        0        0        0
 247.000000      945      945        1        0      945        0      751      748      115     2090        0        0        0
 248.000000      946      946        1        0      946        0      743      741      119     2091        0        0        0
 249.000000      951      951        1        0      951        0      739      735      129     2113        0        0        0
 250.000000      954      954        1        0      954        0      740      738      110     2096        0        0        0
 251.000000      953      953        1        0      953        0      730      727      137     2086        0        0        0
 252.000000      964      964        1        0      964        0      738      733      119     2099        0        0        0
 253.000000      968      968        1        0      968        0      755      750      108     2112        0        0        0
 254.000000      949      949        1        0      949        0      739      737      109     2111        0        0        0
 255.000000      967      967        1        0      967        0      764      762      102     2097        0        0        0
 256.000000      978      978        1        0      978        0      741      737      114     2081        0        0        0
 257.000000      955      955        1        0      955        0      743      736      117     2091        0        0        0
 258.000000      928      928        1        0      928        0      741      736      125     2085        0        0        0
 259.000000      931      931        1        0      931        0      738      734      115     2093        0        0        0
 260.000000      935      935        1        0      935        0      747      744      127     2075        0        0        0
 261.000000      929      929        1        0      929        0      739      738      118     2083        0        0        0
 262.000000      954      954        1       15      939        0      733      729      120     2089        0        0        0
 263.000000      954      942        2        0      954        0      738      736      116     2110        0        0        0
 264.000000      993      971        2       15      978        0      746      739      126     2097        0        0        0
 265.000000      980      958        2        0      980        0      744      742      119     2089        0        0        0
 266.000000      949      949        1       14      935        0      746      746      134     2071        0        0        0
 267.000000      949      949        1       15      934        0      748      745      123     2056        0        0        0
 268.000000      951      951        1       15      936        0      740      738      109     2037        0        0        0
 269.000000      935      935        1        0      935        0      734      731      119     2088        0        0        0
 270.000000      937      937        1        0      937        0      742      739      130     2062        0        0        0
 271.000000      942      942        1        0      942        0      753      751      109     2065        0        0        0
 272.000000      950      950        1        0      950        0      734      731      117     2078        0        0        0
 273.000000      944      944        1        0      944        0      756      755      118     2082        0        0        0
 274.000000      935      935        1        0      935        0      746      744      123     2106        0        0        0
 275.000000      935      935        1        0      935        0      753      749      104     2093        0        0        0
 276.000000      936      936        1        0      936        0      741      740      110     2100        0        0        0
 277.000000      941      941        1        0      941        0      753      751      121     2114        0        0        0
 278.000000      931      931        1        0      931        0      748      745      114     2098        0        0        0
 279.000000      935      935        1        0      935        0      754      754      110     2081        0        0        0
 280.000000      932      932        1        0      932        0      765      762      113     2053        0        0        0
 281.000000      929      929        1        0      929        0      757      757      106     2045        0        0        0
 282.000000      965      965        1        0      965        0      754      752      114     2074        0        0        0
 283.000000      931      931        1        0      931        0      741      738      121     2076        0        0        0
 284.000000      968      968        1        0      968        0      735      733      117     2048        0        0        0
 285.000000      939      927        2        0      939        0      743      740      120     2088        0        0        0
 286.000000      930      930        1        0      930        0      739      736      119     2049        0        0        0
 287.000000      947      935        2        0      947        0      750      750      108     2095        0        0        0
 288.000000      940      940        1        0      940        0      752      747      104     2070        0        0        0
 289.000000      940      940        1        0      940        0      744      742      120     2058        0        0        0
 290.000000      932      932        1        0      932        0      752      749      128     2067        0        0        0
 291.000000      932      932        1        0      932        0      744      741      117     2093        0        0        0
 292.000000      943      943        1        0      943        0      739      735      131     2087        0        0        0
 293.000000      938      938        1        0      938        0      749      746      115     2063        0        0        0
 294.000000      931      931        1        0      931        0      736      733      121     2066        0        0        0
 295.000000      926      926        1        0      926        0      722      717      124     2080        0        0        0
 296.000000      922      922        1        0      922        0      744      743      115     2099        0        0        0
 297.000000      923      923        1        0      923        0      751      747      121     2067        0        0        0
 298.000000      923      923        1        0      923        0      728      727      130     2070        0        0        0
 299.000000      937      937        1        0      937        0      736      732      119     2070        0        0        0
 300.000000      924      924        1        0      924        0      742      740      120     2039        0        0        0
 301.000000      921      921        1        0      921        0      744      741      114     2070        0        0        0
 302.000000      920      920        1        0      920        0      742      740      110     2048        0        0        0
 303.000000      921      921        1        0      921        0      745      740      113     2056        0        0        0
 304.000000      924      924        1        0      924        0      746      744      104     2035        0        0        0
 305.000000      922      922        1        0      922        0      741      740      102     2064        0        0        0
 306.000000      924      924        1        0      924        0      744      743      108     2079        0        0        0
 307.000000      923      923        1        0      923        0      727      725      116     2033        0        0        0
 308.000000      928      928        1        0      928        0      733      730      122     2058        0        0        0
 309.000000      931      931        1        0      931        0      741      738      109     2073        0        0        0
 310.000000      928      928        1        0      928        0      752      744      110     2052        0        0        0
 311.000000      945      945        1        0      945        0      732      726      115     2069        0        0        0
 312.000000      933      933        1        0      933        0      752      749      104     2053        0        0        0
 313.000000      921      921        1        0      921        0      752      748      109     2036        0        0        0
 314.000000      952      952        1       11      938        3      750      747      116     2055        0        0        0
 315.000000      924      924        1        0      924        0      738      736      120     2062        0        0        0
 316.000000      940      940        1        0      940        0      742      739      118     2056        0        0        0
 317.000000      915      915        1        0      915        0      737      734      110     2027        0        0        0
 318.000000      922      922        1        0      922        0      733      730      119     2036        0        0        0
 319.000000      935      935        1        0      935        0      745      741      126     2053        0        0        0
 320.000000      937      937        1        0      937        0      743      741      113     2062        0        0        0
 321.000000      939      939        1        0      939        0      752      750      118     2073        0        0        0
 322.000000      935      935        1        0      935        0      751      749      107     2082        0        0        0
 323.000000      938      938        1        0      938        0      749      747      124     2046        0        0        0
 324.000000      946      946        1        0      946        0      749      747      105     2059        0        0        0
 325.000000      928      928        1        0      928        0      740      737      126     2055        0        0        0
 326.000000      945      945        1        0      945        0      726      724      136     2037        0        0        0
 327.000000      947      947        1        0      947        0      749      747      107     2059        0        0        0
 328.000000      955      941        2       14      941        0      734      731      131     2053        0        0        0
 329.000000      941      941        1        0      941        0      746      745      104     2092        0        0        0
 330.000000      954      954        1        0      954        0      743      740      118     2066        0        0        0
 331.000000      944      930        2       14      930        0      756      750      117     2047        0        0        0
 332.000000      940      926        2       14      926        0      752      749      108     2053        0        0        0
 333.000000      935      935        1        0      935        0      750      748      113     2074        0        0        0
 334.000000      940      940        1        0      940        0      751      751      118     2068        0        0        0
 335.000000      957      957        1        0      957        0      769      763      104     2097        0        0        0
 336.000000      950      950        1        0      950        0      756      751      116     2046        0        0        0
 337.000000      948      948        1        0      948        0      743      740      126     2065        0        0        0
 338.000000      932      932        1        0      932        0      747      743      122     2031        0        0        0
 339.000000      941      941        1        0      941        0      756      755      111     2046        0        0        0
 340.000000      949      949        1        0      949        0      735      730      110     2040        0        0        0
 341.000000      943      943        1        0      943        0      745      745      122     2046        0        0        0
 342.000000      939      939        1        0      939        0      735      732      118     2052        0        0        0
 343.000000      941      941        1        0      941        0      759      756      114     2076        0        0        0
 344.000000      954      954        1        0      954        0      754      754      120     2070        0        0        0
 345.000000      944      944        1        0      944        0      747      746      125     2062        0        0        0
 346.000000      952      940        2        0      952        0      750      749      124     2065        0        0        0
 347.000000      957      945        2        0      957        0      760      756      120     2076        0        0        0
 348.000000      953      941        2        0      953        0      746      744      113     2084        0        0        0
 349.000000      971      959        2        0      971        0      768      765      122     2094        0        0        0
 350.000000      971      950        2        9      956        6      747      745      138     2072        0        0        0
 351.000000      972      951        2        9      957        6      765      761      124     2068        0        0        0
 352.000000      960      948        2        0      960        0      760      756      128     2072        0        0        0
 353.000000      943      931        2        0      943        0      757      756      114     2074        0        0        0
 354.000000      955      934        2        9      940        6      759      757      118     2066        0        0        0
 355.000000      962      941        2        9      947        6      747      745      115     2090        0        0        0
 356.000000      950      929        2        9      935        6      743      741      115     2107        0        0        0
 357.000000      971      950        2        9      956        6      751      750      124     2103        0        0        0
 358.000000      991      970        2       27      956        8      753      752      122     2098        0        0        0
 359.000000      963      948        2       15      948        0      749      746      120     2072        0        0        0
 360.000000      960      945        2       15      945        0      741      739      118     2090        0        0        0
 361.000000      956      942        2       14      942        0      749      746      116     2079        0        0        0
 362.000000      953      939        2       14      939        0      765      757      102     2107        0        0        0
 363.000000      982      968        2       28      954        0      746      741      101     2119        0        0        0
 364.000000      975      961        2       28      947        0      736      728      134     2076        0        0        0
 365.000000      964      950        2       36      927        1      748      747      113     2077        0        0        0
 366.000000      971      971        1       29      941        1      744      742      111     2071        0        0        0
 367.000000      948      933        2       15      933        0      742      741      112     2077        0        0        0
 368.000000      967      952        2       29      938        0      749      745      116     2099        0        0        0
 369.000000      953      953        1       25      927        1      728      721      134     2079        0        0        0
 370.000000      944      944        1       22      922        0      736      733      129     2080        0        0        0
 371.000000      947      947        1       22      925        0      745      740      124     2081        0        0        0
 372.000000      947      947        1       18      929        0      734      729      120     2054        0        0        0
 373.000000      934      934        1        0      934        0      731      723      122     2092        0        0        0
 374.000000      944      944        1       26      916        2      733      730      114     2070        0        0        0
 375.000000      952      952        1        0      952        0      747      740      115     2061        0        0        0
 376.000000      942      942        1        0      942        0      742      736      126     2061        0        0        0
 377.000000      965      965        1       15      947        3      744      737      113     2086        0        0        0
 378.000000      955      955        1        0      955        0      751      748      116     2060        0        0        0
 379.000000      955      955        1        0      955        0      734      732      113     2066        0        0        0
 380.000000      949      949        1        0      949        0      737      735      109     2077        0        0        0
 381.000000      947      947        1        0      947        0      735      728      136     2061        0        0        0
 382.000000      940      940        1        0      940        0      734      732      123     2078        0        0        0
 383.000000      960      960        1        0      960        0      739      733      122     2059        0        0        0
 384.000000      949      949        1        0      949        0      750      747      101     2074        0        0        0
 385.000000      946      946        1        0      946        0      742      738      117     2094        0        0        0
 386.000000      953      953        1        0      953        0      736      734      110     2061        0        0        0
 387.000000      938      938        1        0      938        0      726      723      111     2053        0        0        0
 388.000000      945      945        1        0      945        0      733      727      111     2045        0        0        0
 389.000000      941      941        1        0      941        0      738      735      110     2043        0        0        0
 390.000000      938      938        1        0      938        0      757      751      102     2045        0        0        0
 391.000000      937      937        1        0      937        0      743      738      117     2027        0        0        0
 392.000000      926      926        1        0      926        0      754      748      115     2047        0        0        0
 393.000000      957      945        2        0      957        0      742      741      100     2053        0        0        0
 394.000000      972      972        1       20      944        8      743      741      124     2058        0        0        0
 395.000000      950      950        1        6      936        8      744      743      104     2068        0        0        0
 396.000000      945      945        1        6      931        8      729      722      123     2050        0        0        0
 397.000000      940      940        1        0      940        0      736      733      118     2036        0        0        0
 398.000000      939      939        1        0      939        0      741      739      107     2011        0        0        0
 399.000000      957      957        1       14      943        0      743      739      124     2064        0        0        0
 400.000000      938      938        1        0      938        0      742      738      136     2046        0        0        0
 401.000000      933      933        1        0      933        0      733      732      119     2035        0        0        0
 402.000000      942      942        1        0      942        0      742      737      132     2038        0        0        0
 403.000000      940      940        1        0      940        0      740      738      115     2058        0        0        0
 404.000000      950      950        1        6      936        8      737      735      127     2034        0        0        0
 405.000000      956      956        1        6      942        8      751      749      113     2063        0        0        0
 406.000000      948      948        1        6      934        8      743      740      122     2044        0        0        0
 407.000000      968      968        1        0      968        0      746      744      107     2046        0        0        0
 408.000000      944      944        1        0      944        0      744      737      119     2041        0        0        0
 409.000000      952      952        1        6      938        8      724      721      138     2061        0        0        0
 410.000000      956      956        1        6      942        8      739      736      107     2067        0        0        0
 411.000000      946      946        1        0      946        0      747      742      125     2039        0        0        0
 412.000000      955      955        1        6      941        8      754      749      117     2078        0        0        0
 413.000000      970      958        2        6      956        8      755      752      112     2066        0        0        0
 414.000000      975      975        1        0      975        0      747      743      133     2072        0        0        0
 415.000000      968      968        1        6      954        8      737      734      122     2061        0        0        0
 416.000000      964      964        1        6      950        8      748      744      116     2064        0        0        0
 417.000000      961      961        1        0      961        0      732      731      113     2066        0        0        0
 418.000000      969      969        1        6      955        8      757      754      121     2052        0        0        0
 419.000000      956      956        1        0      956        0      728      723      140     2025        0        0        0
 420.000000      949      949        1        0      949        0      729      723      130     2033        0        0        0
 421.000000      958      958        1        0      958        0      745      742      117     2064        0        0        0
 422.000000      945      945        1        0      945        0      745      743      113     2074        0        0        0
 423.000000      958      958        1        0      958        0      746      745      129     2075        0        0        0
 424.000000      954      954        1        0      954        0      746      742      122     2087        0        0        0
 425.000000      967      953        2       27      939        1      743      742      132     2073        0        0        0
 426.000000      943      943        1        0      943        0      752      751      108     2128        0        0        0
 427.000000      942      942        1        0      942        0      748      746      124     2077        0        0        0
 428.000000      945      945        1        0      945        0      749      746      104     2078        0        0        0
 429.000000      954      954        1       13      940        1      736      733      118     2074        0        0        0
 430.000000      947      947        1        0      947        0      741      738      117     2065        0        0        0
 431.000000      952      952        1        0      952        0      753      751      125     2079        0        0        0
 432.000000      952      952        1        0      952        0      766      763      114     2079        0        0        0
 433.000000      945      945        1        0      945        0      760      758      119     2086        0        0        0
 434.000000      942      942        1        0      942        0      756      753      114     2065        0        0        0
 435.000000      950      950        1        0      950        0      763      762      111     2070        0        0        0
 436.000000      948      948        1        0      948        0      744      742      113     2088        0        0        0
 437.000000      960      960        1        0      960        0      767      765      120     2089        0        0        0
 438.000000      982      982        1        0      982        0      773      772      105     2122        0        0        0
 439.000000      969      969        1        0      969        0      772      768      119     2081        0        0        0
 440.000000      973      973        1        0      973        0      757      755      111     2105        0        0        0
 441.000000      957      957        1        0      957        0      773      772      114     2112        0        0        0
 442.000000      957      957        1        0      957        0      764      761      116     2087        0        0        0
 443.000000      973      973        1        0      973        0      780      777      107     2109        0        0        0
 444.000000      978      978        1        0      978        0      781      779      117     2119        0        0        0
 445.000000      964      964        1        0      964        0      775      775      123     2117        0        0        0
 446.000000      985      970        2       15      970        0      772      767      123     2131        0        0        0
 447.000000      962      962        1        0      962        0      778      776      118     2131        0        0        0
 448.000000      981      967        2       14      967        0      782      777      124     2142        0        0        0
 449.000000      982      982        1        0      982        0      778      772      118     2151        0        0        0
 450.000000      972      972        1        0      972        0      786      780      129     2139        0        0        0
 451.000000      957      957        1        0      957        0      783      783      123     2099        0        0        0
 452.000000      974      960        2       14      960        0      788      783      112     2156        0        0        0
 453.000000      981      967        2       14      967        0      756      752      124     2136        0        0        0
 454.000000      976      976        1       18      958        0      782      777      117     2157        0        0        0
 455.000000      975      961        2       14      961        0      788      785      111     2132        0        0        0
 456.000000      981      981        1       18      963        0      777      774      117     2136        0        0        0
 457.000000      978      978        1       18      960        0      762      759      128     2132        0        0        0
 458.000000      982      982        1       18      964        0      777      774      120     2153        0        0        0
 459.000000      960      960        1        0      960        0      793      788      114     2143        0        0        0
 460.000000      960      960        1        0      960        0      777      772      118     2144        0        0        0
 461.000000      987      987        1       19      968        0      770      766      114     2153        0        0        0
 462.000000      966      966        1       14      952        0      766      762      116     2120        0        0        0
 463.000000      972      972        1       14      958        0      778      773      121     2104        0        0        0
 464.000000      954      954        1        0      954        0      779      775      116     2112        0        0        0
 465.000000      985      985        1       14      971        0      780      778      119     2106        0        0        0
 466.000000      965      965        1        0      965        0      774      766      127     2107        0        0        0
 467.000000      962      962        1        0      962        0      780      777      112     2124        0        0        0
 468.000000      971      971        1        0      971        0      771      766      113     2138        0        0        0
 469.000000      980      980        1       14      966        0      778      777      104     2135        0        0        0
 470.000000      971      971        1        0      971        0      767      765      126     2114        0        0        0
 471.000000      975      975        1       14      961        0      771      768      128     2114        0        0        0
 472.000000      979      979        1       14      965        0      787      786      111     2127        0        0        0
 473.000000      962      962        1        0      962        0      766      763      121     2154        0        0        0
 474.000000      982      982        1       14      968        0      778      777      121     2124        0        0        0
 475.000000      964      964        1        0      964        0      771      768      124     2136        0        0        0
 476.000000      984      984        1        0      984        0      777      774      114     2141        0        0        0
 477.000000      960      960        1        0      960        0      773      772      113     2131        0        0        0
 478.000000      959      959        1        0      959        0      789      785      107     2126        0        0        0
 479.000000      952      952        1        0      952        0      780      778      107     2145        0        0        0
 480.000000      953      953        1        0      953        0      776      775      106     2130        0        0        0
 481.000000      954      954        1        0      954        0      777      772      112     2120        0        0        0
 482.000000      971      971        1        0      971        0      770      768      107     2134        0        0        0
 483.000000      967      967        1        0      967        0      771      770      119     2116        0        0        0
 484.000000      947      947        1        0      947        0      763      761      106     2129        0        0        0
 485.000000      959      959        1        0      959        0      766      766      113     2119        0        0        0
 486.000000      953      953        1        0      953        0      776      772      107     2112        0        0        0
 487.000000      959      959        1        0      959        0      759      756      114     2096        0        0        0
 488.000000      981      981        1        0      981        0      751      748      118     2132        0        0        0
 489.000000      968      968        1        0      968        0      770      767      107     2108        0        0        0
 490.000000      959      959        1        0      959        0      770      768      108     2092        0        0        0
 491.000000      969      969        1        0      969        0      750      748      123     2098        0        0        0
 492.000000      969      969        1        0      969        0      763      761      114     2086        0        0        0
 493.000000      968      968        1        0      968        0      764      764      109     2107        0        0        0
 494.000000      956      956        1        0      956        0      779      777      114     2110        0        0        0
 495.000000      954      954        1        0      954        0      777      777      103     2135        0        0        0
 496.000000      959      959        1        0      959        0      775      773      118     2138        0        0        0
 497.000000      967      967        1        0      967        0      785      780      115     2157        0        0        0
 498.000000      967      952        2       15      952        0      768      767      117     2109        0        0        0
 499.000000      970      970        1        0      970        0      768      767      109     2123        0        0        0
 500.000000      950      950        1        0      950        0      779      774      111     2095        0        0        0
 501.000000      965      965        1        0      965        0      785      780      116     2120        0        0        0
 502.000000      957      957        1        0      957        0      782      778      104     2103        0        0        0
 503.000000      964      964        1        0      964        0      765      764      120     2132        0        0        0
 504.000000      967      967        1        0      967        0      765      762      130     2113        0        0        0
 505.000000      964      964        1        0      964        0      783      780      117     2116        0        0        0
 506.000000      974      974        1        0      974        0      800      798      110     2155        0        0        0
 507.000000      979      979        1        0      979        0      775      771      130     2147        0        0        0
 508.000000      977      977        1        0      977        0      791      789      117     2132        0        0        0
 509.000000      982      982        1        0      982        0      808      805      103     2139        0        0        0
 510.000000      985      985        1        0      985        0      795      792      113     2135        0        0        0
 511.000000      989      989        1        0      989        0      794      792      111     2120        0        0        0
 512.000000      981      981        1        0      981        0      776      773      131     2122        0        0        0
 513.000000      981      981        1        0      981        0      784      784      111     2122        0        0        0
 514.000000      977      977        1        0      977        0      773      767      120     2130        0        0        0
 515.000000      993      993        1        0      993        0      778      776      131     2113        0        0        0
 516.000000      999      999        1        0      999        0      785      783      105     2131        0        0        0
 517.000000      983      983        1        0      983        0      803      802      109     2135        0        0        0
 518.000000      973      973        1        0      973        0      788      785      116     2109        0        0        0
 519.000000      985      985        1        0      985        0      798      795      103     2145        0        0        0
 520.000000      986      986        1        0      986        0      783      781      111     2149        0        0        0
 521.000000      998      998        1       14      984        0      801      798      102     2151        0        0        0
 522.000000     1010     1010        1       14      996        0      795      793      109     2133        0        0        0
 523.000000      989      989        1        0      989        0      789      783      112     2158        0        0        0
 524.000000     1005     1005        1       14      991        0      799      799      113     2148        0        0        0
 525.000000      990      990        1        0      990        0      808      808      110     2131        0        0        0
 526.000000      990      990        1        0      990        0      793      790      121     2134        0        0        0
 527.000000      997      997        1        0      997        0      781      778      114     2115        0        0        0
 528.000000      994      994        1        0      994        0      802      800      109     2151        0        0        0
 529.000000      994      994        1        0      994        0      798      798      111     2132        0        0        0
 530.000000      990      990        1        0      990        0      785      785      105     2149        0        0        0
 531.000000      990      990        1        0      990        0      800      799      112     2128        0        0        0
 532.000000      992      992        1        0      992        0      794      793      110     2131        0        0        0
 533.000000      997      997        1        0      997        0      800      800      110     2141        0        0        0
 534.000000     1008     1008        1        0     1008        0      810      809      100     2136        0        0        0
 535.000000      996      996        1        0      996        0      804      803      115     2127        0        0        0
 536.000000      998      998        1        0      998        0      805      802      115     2139        0        0        0
 537.000000     1003     1003        1        0     1003        0      790      789      128     2136        0        0        0
 538.000000     1001     1001        1        0     1001        0      805      804      109     2143        0        0        0
 539.000000     1019     1019        1        0     1019        0      798      792      117     2134        0        0        0
 540.000000     1010     1010        1        0     1010        0      806      800      122     2147        0        0        0
 541.000000     1026     1026        1        0     1026        0      803      802      105     2167        0        0        0
 542.000000     1052     1052        1        0     1052        0      790      785      131     2133        0        0        0
 543.000000     1002     1002        1        0     1002        0      809      808      110     2129        0        0        0
 544.000000     1000     1000        1        0     1000        0      804      802      105     2136        0        0        0
 545.000000      999      999        1        0      999        0      804      803      117     2137        0        0        0
 546.000000     1008     1008        1        0     1008        0      787      786      116     2152        0        0        0
 547.000000      999      999        1        0      999        0      818      818      117     2184        0        0        0
 548.000000     1011     1011        1        0     1011        0      788      787      118     2157        0        0        0
 549.000000     1011     1011        1        0     1011        0      779      778      129     2175        0        0        0
 550.000000     1015     1015        1        0     1015        0      802      801      113     2168        0        0        0
 551.000000      993      993        1        0      993        0      783      783      112     2137        0        0        0
 552.000000     1009     1009        1        0     1009        0      803      801      115     2174        0        0        0
 553.000000     1003     1003        1        0     1003        0      800      794      113     2139        0        0        0
 554.000000      992      992        1        0      992        0      789      788      119     2134        0        0        0
 555.000000     1011      999        2        0     1011        0      804      796      127     2140        0        0        0
 556.000000      999      999        1        0      999        0      807      802      114     2186        0        0        0
 557.000000     1025     1025        1        0     1010       15      805      799      120     2176        0        0        0
 558.000000     1010     1010        1       10      995        5      809      806      118     2164        0        0        0
 559.000000     1003     1003        1        0     1003        0      803      799      126     2178        0        0        0
 560.000000     1016     1001        2       15     1001        0      815      812      122     2180        0        0        0
 561.000000      998      998        1        0      998        0      806      802      111     2162        0        0        0
 562.000000     1000     1000        1        0     1000        0      804      802      129     2166        0        0        0
 563.000000     1006     1006        1        0     1006        0      791      788      142     2175        0        0        0
 564.000000     1001     1001        1        0     1001        0      799      796      122     2178        0        0        0
 565.000000      998      998        1        0      998        0      803      800      112     2148        0        0        0
 566.000000      994      994        1        0      994        0      807      806      119     2138        0        0        0
 567.000000     1039     1039        1        0     1039        0      796      795      112     2129        0        0        0
 568.000000     1017     1017        1       14     1003        0      794      788      132     2110        0        0        0
 569.000000     1005     1005        1       18      987        0      805      801      131     2130        0        0        0
 570.000000     1023     1023        1       14     1009        0      789      784      143     2151        0        0        0
 571.000000     1011     1011        1       14      997        0      806      802      115     2135        0        0        0
 572.000000     1010     1010        1       14      996        0      794      790      122     2143        0        0        0
 573.000000      999      999        1        0      999        0      803      798      124     2171        0        0        0
 574.000000     1008     1008        1       14      994        0      812      808      115     2161        0        0        0
 575.000000     1015     1015        1       19      996        0      816      814      119     2155        0        0        0
 576.000000     1025     1025        1       14     1011        0      815      813      117     2158        0        0        0
 577.000000     1009     1009        1       14      995        0      816      812      108     2169        0        0        0
 578.000000     1007     1007        1       14      993        0      812      809      127     2165        0        0        0
 579.000000     1006     1006        1       14      992        0      805      805      125     2160        0        0        0
 580.000000     1005     1005        1       14      991        0      829      824      116     2152        0        0        0
 581.000000     1012     1012        1        0     1012        0      822      820      119     2181        0        0        0
 582.000000     1020     1020        1       16     1002        2      815      806      126     2147        0        0        0
 583.000000     1010     1010        1       18      992        0      815      811      109     2162        0        0        0
 584.000000     1010     1010        1       18      992        0      805      803      108     2154        0        0        0
 585.000000     1020     1020        1       19     1001        0      810      809      114     2159        0        0        0
 586.000000     1013     1013        1       14      999        0      807      804      105     2173        0        0        0
 587.000000     1024     1024        1       19     1005        0      825      821      114     2174        0        0        0
 588.000000     1042     1042        1       51      991        0      807      803      116     2163        0        0        0
 589.000000     1011     1011        1       20      991        0      802      798      123     2144        0        0        0
 590.000000     1042     1042        1       41     1000        1      811      809      113     2174        0        0        0
 591.000000     1040     1026        2       28     1012        0      808      806      123     2162        0        0        0
 592.000000     1025     1025        1       14     1011        0      811      808      120     2163        0        0        0
 593.000000     1024     1024        1       14     1010        0      808      805      123     2140        0        0        0
 594.000000     1026     1012        2       28      998        0      803      799      127     2150        0        0        0
 595.000000     1028     1028        1       14     1014        0      808      807      128     2187        0        0        0
 596.000000     1021     1021        1       14     1007        0      803      802      128     2162        0        0        0
 597.000000     1041     1041        1       14     1027        0      818      815      120     2180        0        0        0
 598.000000     1028     1028        1       14     1014        0      827      826      101     2161        0        0        0
 599.000000     1014     1014        1       15      999        0      818      817      114     2154        0        0        0
 600.000000     1019     1019        1       14     1005        0      814      811      125     2151        0        0        0
 601.000000     1039     1039        1       14     1025        0      817      816      118     2184        0        0        0
 602.000000     1044     1044        1       18     1026        0      805      800      115     2203        0        0        0
 603.000000     1070     1070        1       31     1038        1      816      812      105     2171        0        0        0
 604.000000     1033     1033        1       13     1019        1      800      799      111     2171        0        0        0
 605.000000     1016     1016        1        0     1016        0      813      812      114     2163        0        0        0
 606.000000     1012     1012        1        0     1012        0      815      815      116     2167        0        0        0
 607.000000     1006     1006        1        0     1006        0      805      804      122     2186        0        0        0
 608.000000     1003     1003        1        0     1003        0      820      814      125     2178        0        0        0
 609.000000     1026     1026        1        0     1026        0      792      790      126     2191        0        0        0
 610.000000     1022     1022        1        0     1022        0      810      808      117     2161        0        0        0
 611.000000     1008     1008        1        0     1008        0      813      809      114     2164        0        0        0
 612.000000     1009     1009        1        0     1009        0      825      823      112     2187        0        0        0
 613.000000     1008     1008        1        0     1008        0      792      788      126     2170        0        0        0
 614.000000     1003     1003        1        0     1003        0      806      806      112     2155        0        0        0
 615.000000     1025     1025        1        0     1025        0      820      818      104     2165        0        0        0
 616.000000     1036     1036        1        0     1036        0      808      804      120     2183        0        0        0
 617.000000     1021     1021        1        0     1021        0      808      805      126     2169        0        0        0
 618.000000     1039     1039        1        0     1039        0      794      793      116     2179        0        0        0
 619.000000     1025     1025        1        0     1025        0      819      815      125     2179        0        0        0
 620.000000     1029     1029        1        0     1029        0      807      807      119     2182        0        0        0
 621.000000     1015     1015        1        0     1015        0      806      803      115     2203        0        0        0
 622.000000     1026     1026        1        0     1026        0      813      810      115     2166        0        0        0
 623.000000     1011     1011        1        0     1011        0      809      808      106     2174        0        0        0
 624.000000      997      997        1        0      997        0      800      797      114     2173        0        0        0
 625.000000      994      994        1        0      994        0      808      806      113     2182        0        0        0
 626.000000      995      995        1        0      995        0      797      793      115     2181        0        0        0
 627.000000     1001     1001        1        0     1001        0      804      801      123     2163        0        0        0
 628.000000      995      995        1        0      995        0      803      800      113     2228        0        0        0
 629.000000     1010     1010        1        0     1010        0      819      817      103     2210        0        0        0
 630.000000     1013     1013        1        0     1013        0      805      804      107     2215        0        0        0
 631.000000      995      995        1        0      995        0      807      804      110     2182        0        0        0
 632.000000     1005     1005        1       10      991        4      801      799      129     2179        0        0        0
 633.000000     1018     1018        1       10     1004        4      819      816      103     2214        0        0        0
 634.000000     1022     1022        1       10     1008        4      812      810      113     2230        0        0        0
 635.000000     1014     1014        1       10     1000        4      801      800      114     2164        0        0        0
 636.000000      995      995        1        0      995        0      798      797      114     2154        0        0        0
 637.000000      999      999        1        0      999        0      798      797      105     2208        0        0        0
 638.000000     1016     1016        1        0     1016        0      816      816      104     2209        0        0        0
 639.000000      995      995        1        0      995        0      828      825      108     2185        0        0        0
 640.000000     1004     1004        1       10      990        4      812      811      117     2192        0        0        0
 641.000000     1006     1006        1       10      992        4      800      800      123     2168        0        0        0
 642.000000     1007     1007        1        0     1007        0      829      829      118     2188        0        0        0
 643.000000     1015     1015        1        0     1015        0      811      808      121     2166        0        0        0
 644.000000     1008     1008        1        0     1008        0      800      796      123     2198        0        0        0
 645.000000     1020     1020        1       10     1006        4      809      806      120     2175        0        0        0
 646.000000      998      998        1        0      998        0      816      815      116     2186        0        0        0
 647.000000     1002     1002        1        0     1002        0      816      813      113     2213        0        0        0
 648.000000     1001     1001        1        0     1001        0      814      813      116     2192        0        0        0
 649.000000     1010     1010        1        0     1010        0      806      805      126     2221        0        0        0
 650.000000     1030     1030        1        0     1030        0      814      812      118     2219        0        0        0
 651.000000     1023     1023        1        0     1023        0      817      813      122     2202        0        0        0
 652.000000     1025     1025        1        0     1025        0      805      803      129     2218        0        0        0
 653.000000     1020     1020        1        0     1020        0      821      818      121     2211        0        0        0
 654.000000     1019     1019        1        0     1019        0      819      818      121     2209        0        0        0
 655.000000     1018     1018        1        0     1018        0      806      803      123     2175        0        0        0
 656.000000     1017     1017        1        0     1017        0      792      788      120     2194        0        0        0
 657.000000     1037     1037        1        0     1037        0      804      803      122     2200        0        0        0
 658.000000     1037     1037        1        0     1037        0      802      798      113     2190        0        0        0
 659.000000     1042     1042        1        0     1042        0      820      819      116     2208        0        0        0
 660.000000     1034     1034        1        0     1034        0      822      822      108     2206        0        0        0
 661.000000     1036     1036        1        0     1036        0      815      812      120     2180        0        0        0
 662.000000     1036     1036        1        0     1036        0      809      808      126     2191        0        0        0
 663.000000     1035     1035        1        0     1035        0      827      826      124     2187        0        0        0
 664.000000     1036     1036        1        0     1036        0      829      826      113     2185        0        0        0
 665.000000     1035     1035        1        0     1035        0      824      822      118     2213        0        0        0
 666.000000     1029     1029        1        0     1029        0      800      800      122     2198        0        0        0
 667.000000     1046     1046        1        0     1046        0      812      809      126     2225        0        0        0
 668.000000     1038     1038        1        0     1038        0      807      804      138     2207        0        0        0
 669.000000     1053     1053        1        0     1053        0      816      814      123     2197        0        0        0
 670.000000     1046     1046        1        0     1046        0      815      811      111     2177        0        0        0
 671.000000     1015     1015        1        0     1015        0      808      803      122     2177        0        0        0
 672.000000     1033     1033        1        0     1033        0      823      822      122     2207        0        0        0
 673.000000     1026     1026        1        0     1026        0      806      802      119     2186        0        0        0
 674.000000     1017     1017        1        0     1017        0      814      811      111     2220        0        0        0
 675.000000     1038     1038        1       14     1024        0      812      807      121     2201        0        0        0
 676.000000     1044     1044        1        6     1030        8      831      826      114     2194        0        0        0
 677.000000     1064     1049        2       15     1049        0      817      816      101     2171        0        0        0
 678.000000     1045     1045        1        0     1045        0      821      816      116     2206        0        0        0
 679.000000     1054     1054        1        0     1054        0      813      810      114     2198        0        0        0
 680.000000     1034     1034        1        0     1034        0      826      821      128     2201        0        0        0
 681.000000     1007     1007        1        0     1007        0      811      811      128     2183        0        0        0
 682.000000     1003     1003        1        0     1003        0      812      810      125     2161        0        0        0
 683.000000     1020     1020        1        0     1020        0      827      822      110     2178        0        0        0
 684.000000     1009     1009        1        0     1009        0      822      819      124     2192        0        0        0
 685.000000     1013     1013        1        0     1013        0      823      821      120     2198        0        0        0
 686.000000     1009     1009        1        0     1009        0      808      806      125     2184        0        0        0
 687.000000     1009     1009        1        0     1009        0      827      822      112     2191        0        0        0
 688.000000     1005     1005        1        0     1005        0      806      805      113     2206        0        0        0
 689.000000     1019     1019        1        0     1019        0      821      820      117     2220        0        0        0
 690.000000     1014     1014        1        0     1014        0      824      820      131     2177        0        0        0
 691.000000     1018     1018        1        0     1018        0      815      813      122     2221        0        0        0
 692.000000     1014     1014        1        0     1014        0      824      821      120     2196        0        0        0
 693.000000     1039     1039        1        0     1039        0      833      832      119     2180        0        0        0
 694.000000     1024     1012        2        0     1024        0      840      837      119     2197        0        0        0
 695.000000     1013     1013        1        0     1013        0      834      833      116     2183        0        0        0
 696.000000     1015     1015        1        0     1015        0      836      835      108     2178        0        0        0
 697.000000     1013     1013        1        0     1013        0      823      823      119     2197        0        0        0
 698.000000     1020     1020        1        0     1020        0      825      824      121     2187        0        0        0
 699.000000     1026     1026        1        0     1026        0      828      828      102     2194        0        0        0
 700.000000     1010     1010        1        0     1010        0      824      821      115     2189        0        0        0
 701.000000     1029     1029        1        0     1029        0      832      831      114     2199        0        0        0
 702.000000     1026     1026        1        0     1026        0      824      822      114     2203        0        0        0
 703.000000     1032     1032        1        0     1032        0      833      832      113     2195        0        0        0
 704.000000     1030     1030        1        0     1030        0      828      828      114     2191        0        0        0
 705.000000     1028     1028        1        0     1028        0      839      837      104     2189        0        0        0
 706.000000     1029     1029        1        0     1029        0      835      834      100     2199        0        0        0
 707.000000     1028     1028        1        0     1028        0      826      826      107     2212        0        0        0
 708.000000     1034     1034        1        0     1034        0      822      819      122     2183        0        0        0
 709.000000     1030     1030        1        0     1030        0      819      813      114     2168        0        0        0
 710.000000     1037     1037        1        0     1037        0      816      813      108     2189        0        0        0
 711.000000     1023     1023        1        0     1023        0      794      790      111     2184        0        0        0
 712.000000     1016     1016        1        0     1016        0      804      804      119     2187        0        0        0
 713.000000     1014     1014        1        0     1014        0      818      816      122     2192        0        0        0
 714.000000     1014     1014        1        0     1014        0      802      802      109     2167        0        0        0
 715.000000     1039     1039        1        0     1039        0      823      821      121     2176        0        0        0
 716.000000     1022     1022        1        0     1022        0      802      800      111     2146        0        0        0
 717.000000     1019     1019        1        0     1019        0      830      828      111     2179        0        0        0
 718.000000     1019     1019        1        0     1019        0      809      809      121     2175        0        0        0
 719.000000     1024     1024        1        0     1024        0      823      822      107     2176        0        0        0
 720.000000     1021     1021        1        0     1021        0      832      829      108     2159        0        0        0
 721.000000     1027     1027        1        0     1027        0      806      805      128     2198        0        0        0
 722.000000     1020     1020        1        0     1020        0      812      809      125     2184        0        0        0
 723.000000     1015     1015        1        0     1015        0      817      813      122     2215        0        0        0
 724.000000     1019     1019        1        0     1019        0      837      835      107     2175        0        0        0
 725.000000     1022     1022        1        0     1022        0      828      825      125     2165        0        0        0
 726.000000     1014     1014        1        0     1014        0      814      813      125     2171        0        0        0
 727.000000     1019     1019        1        0     1019        0      802      800      130     2215        0        0        0
 728.000000     1034     1034        1        0     1034        0      806      805      122     2211        0        0        0
 729.000000     1001     1001        1        0     1001        0      808      806      115     2189        0        0        0
 730.000000     1019     1019        1        0     1019        0      808      808      120     2186        0        0        0
 731.000000     1010     1010        1        0     1010        0      807      806      124     2180        0        0        0
 732.000000     1006     1006        1        0     1006        0      813      811      129     2193        0        0        0
 733.000000     1004     1004        1        0     1004        0      793      790      133     2167        0        0        0
 734.000000     1002     1002        1        0     1002        0      819      816      120     2202        0        0        0
 735.000000     1005     1005        1        0     1005        0      812      810      132     2163        0        0        0
 736.000000     1005     1005        1        0     1005        0      805      805      114     2194        0        0        0
 737.000000     1004     1004        1        0     1004        0      808      806      128     2181        0        0        0
 738.000000     1003     1003        1        0     1003        0      815      812      116     2191        0        0        0
 739.000000     1000     1000        1        0     1000        0      826      824      112     2178        0        0        0
 740.000000      996      996        1        0      996        0      825      822      112     2172        0        0        0
 741.000000     1003     1003        1        0     1003        0      793      793      128     2175        0        0        0
 742.000000     1006     1006        1        0     1006        0      807      805      115     2168        0        0        0
 743.000000      992      992        1        0      992        0      822      820      110     2176        0        0        0
 744.000000     1008     1008        1        0     1008        0      815      815      110     2197        0        0        0
 745.000000     1020     1020        1        0     1020        0      828      825      107     2224        0        0        0
 746.000000     1023     1023        1        0     1023        0      816      814      111     2202        0        0        0
 747.000000     1029     1029        1        0     1029        0      794      793      131     2178        0        0        0
 748.000000     1011     1011        1        0     1011        0      805      805      123     2208        0        0        0
 749.000000     1029     1029        1        0     1029        0      826      824      115     2207        0        0        0
 750.000000     1022     1022        1        0     1022        0      827      827      115     2191        0        0        0
 751.000000     1041     1027        2       14     1027        0      831      826      126     2205        0        0        0
 752.000000     1021     1021        1        0     1021        0      833      829      111     2199        0        0        0
 753.000000     1034     1020        2       14     1020        0      818      817      114     2211        0        0        0
 754.000000     1035     1021        2       14     1021        0      816      814      125     2216        0        0        0
 755.000000     1044     1044        1       14     1030        0      813      809      125     2218        0        0        0
 756.000000     1036     1022        2       14     1022        0      833      831      127     2208        0        0        0
 757.000000     1020     1020        1        0     1020        0      828      826      116     2209        0        0        0
 758.000000     1023     1023        1        0     1023        0      826      821      126     2224        0        0        0
 759.000000     1027     1027        1        0     1027        0      825      824      127     2188        0        0        0
 760.000000     1020     1020        1        0     1020        0      836      834      115     2218        0        0        0
 761.000000     1025     1025        1        0     1025        0      825      822      114     2207        0        0        0
 762.000000     1022     1022        1        0     1022        0      822      820      114     2191        0        0        0
 763.000000     1025     1025        1        0     1025        0      852      851      100     2208        0        0        0
 764.000000     1021     1021        1        0     1021        0      839      836      112     2203        0        0        0
 765.000000     1020     1020        1        0     1020        0      836      834      125     2177        0        0        0
 766.000000     1037     1037        1        0     1037        0      825      824      119     2183        0        0        0
 767.000000     1036     1036        1        0     1036        0      837      834      108     2174        0        0        0
 768.000000     1031     1031        1        0     1031        0      834      833      122     2197        0        0        0
 769.000000     1028     1028        1        0     1028        0      845      844      100     2209        0        0        0
 770.000000     1035     1035        1        0     1035        0      838      835      123     2206        0        0        0
 771.000000     1050     1050        1        0     1050        0      835      831      114     2217        0        0        0
 772.000000     1036     1036        1        0     1036        0      835      833      115     2212        0        0        0
 773.000000     1035     1035        1        0     1035        0      858      858      103     2209        0        0        0
 774.000000     1042     1042        1        0     1042        0      830      825      130     2220        0        0        0
 775.000000     1041     1041        1        0     1041        0      837      834      116     2231        0        0        0
 776.000000     1036     1036        1        0     1036        0      828      824      123     2192        0        0        0
 777.000000     1048     1048        1        0     1048        0      835      831      122     2206        0        0        0
 778.000000     1040     1040        1        0     1040        0      826      823      116     2216        0        0        0
 779.000000     1046     1046        1        0     1046        0      822      820      122     2216        0        0        0
 780.000000     1040     1040        1        0     1040        0      819      815      126     2199        0        0        0
 781.000000     1037     1037        1        0     1037        0      824      821      126     2176        0        0        0
 782.000000     1018     1018        1        0     1018        0      818      816      113     2170        0        0        0
 783.000000     1043     1043        1        0     1043        0      815      814      117     2191        0        0        0
 784.000000     1026     1026        1        0     1026        0      825      824      105     2197        0        0        0
 785.000000     1036     1036        1        0     1036        0      801      800      126     2198        0        0        0
 786.000000     1030     1030        1        0     1030        0      824      822      119     2184        0        0        0
 787.000000     1029     1029        1        0     1029        0      827      826      126     2172        0        0        0
 788.000000     1034     1034        1        0     1034        0      841      840      109     2202        0        0        0
 789.000000     1044     1044        1        0     1044        0      819      818      121     2191        0        0        0
 790.000000     1036     1036        1        0     1036        0      851      849      116     2199        0        0        0
 791.000000     1043     1043        1        0     1043        0      845      845      109     2200        0        0        0
 792.000000     1035     1035        1        0     1035        0      834      833      116     2218        0        0        0
 793.000000     1032     1032        1        0     1032        0      841      840      117     2205        0        0        0
 794.000000     1033     1033        1        0     1033        0      834      832      126     2188        0        0        0
 795.000000     1044     1044        1        0     1044        0      839      839      123     2185        0        0        0
 796.000000     1038     1038        1        0     1038        0      836      834      118     2184        0        0        0
 797.000000     1057     1057        1        0     1057        0      828      828      108     2190        0        0        0
 798.000000     1042     1042        1        0     1042        0      832      829      120     2194        0        0        0
 799.000000     1068     1068        1        0     1068        0      832      827      130     2198        0        0        0
 800.000000     1050     1050        1        0     1050        0      837      837      116     2201        0        0        0
 801.000000     1056     1056        1        0     1056        0      844      843      115     2216        0        0        0
 802.000000     1047     1047        1        0     1047        0      826      822      132     2190        0        0        0
 803.000000     1038     1038        1        0     1038        0      831      831      129     2222        0        0        0
 804.000000     1032     1032        1        0     1032        0      842      840      120     2189        0        0        0
 805.000000     1043     1043        1        0     1043        0      830      826      124     2210        0        0        0
 806.000000     1038     1038        1        0     1038        0      853      848      113     2210        0        0        0
 807.000000     1040     1040        1        0     1040        0      839      836      120     2184        0        0        0
 808.000000     1038     1038        1        0     1038        0      842      840      124     2224        0        0        0
 809.000000     1045     1045        1        0     1045        0      834      834      111     2210        0        0        0
 810.000000     1044     1044        1        0     1044        0      859      855      119     2192        0        0        0
 811.000000     1040     1040        1        0     1040        0      848      844      120     2211        0        0        0
 812.000000     1042     1042        1        0     1042        0      844      842      122     2231        0        0        0
 813.000000     1040     1040        1        0     1040        0      836      834      128     2213        0        0        0
 814.000000     1035     1035        1        0     1035        0      854      853      122     2235        0        0        0
 815.000000     1033     1033        1        0     1033        0      843      840      120     2222        0        0        0
 816.000000     1050     1050        1        0     1050        0      852      851      111     2223        0        0        0
 817.000000     1061     1061        1        0     1061        0      833      831      123     2213        0        0        0
 818.000000     1063     1063        1        0     1063        0      831      830      120     2221        0        0        0
 819.000000     1071     1071        1        0     1071        0      834      833      119     2213        0        0        0
 820.000000     1049     1049        1        0     1049        0      848      846      112     2196        0        0        0
 821.000000     1028     1028        1        0     1028        0      837      836      107     2184        0        0        0
 822.000000     1033     1033        1        0     1033        0      831      831      117     2217        0        0        0
 823.000000     1041     1041        1        0     1041        0      841      839      106     2185        0        0        0
 824.000000     1030     1030        1        0     1030        0      829      826      115     2197        0        0        0
 825.000000     1033     1033        1        0     1033        0      842      837      120     2199        0        0        0
 826.000000     1058     1058        1        0     1058        0      835      834      120     2217        0        0        0
 827.000000     1045     1045        1        0     1045        0      846      842      108     2227        0        0        0
 828.000000     1040     1040        1        0     1040        0      841      841      113     2230        0        0        0
 829.000000     1053     1053        1        0     1053        0      853      849      126     2233        0        0        0
 830.000000     1043     1043        1        0     1043        0      848      843      107     2246        0        0        0
 831.000000     1060     1060        1        0     1060        0      851      850      104     2262        0        0        0
 832.000000     1046     1046        1        0     1046        0      850      847      116     2213        0        0        0
 833.000000     1046     1046        1        0     1046        0      847      845      118     2242        0        0        0
 834.000000     1052     1052        1        0     1052        0      851      848      123     2230        0        0        0
 835.000000     1038     1038        1        0     1038        0      836      836      116     2213        0        0        0
 836.000000     1027     1027        1        0     1027        0      860      859      111     2187        0        0        0
 837.000000     1025     1025        1        0     1025        0      837      835      132     2220        0        0        0
 838.000000     1028     1028        1        0     1028        0      843      843      127     2234        0        0        0
 839.000000     1035     1035        1        0     1035        0      864      862      117     2262        0        0        0
 840.000000     1038     1038        1        0     1038        0      868      866       90     2249        0        0        0
 841.000000     1038     1038        1        0     1038        0      869      868      114     2282        0        0        0
 842.000000     1055     1055        1        0     1055        0      859      857      124     2279        0        0        0
 843.000000     1056     1056        1        0     1056        0      853      852      134     2289        0        0        0
 844.000000     1054     1054        1        0     1054        0      844      843      124     2245        0        0        0
 845.000000     1050     1050        1        0     1050        0      855      854      120     2268        0        0        0
 846.000000     1054     1054        1        0     1054        0      867      864      117     2231        0        0        0
 847.000000     1070     1070        1        0     1070        0      869      869       98     2263        0        0        0
 848.000000     1061     1061        1        0     1061        0      866      862      120     2265        0        0        0
 849.000000     1051     1051        1        0     1051        0      864      861      106     2268        0        0        0
 850.000000     1053     1053        1        0     1053        0      864      859      126     2261        0        0        0
 851.000000     1071     1071        1        0     1071        0      874      871      115     2253        0        0        0
 852.000000     1058     1058        1        0     1058        0      866      864      122     2255        0        0        0
 853.000000     1049     1049        1        0     1049        0      840      840      114     2247        0        0        0
 854.000000     1049     1049        1        0     1049        0      870      868      113     2244        0        0        0
 855.000000     1035     1035        1        0     1035        0      860      860      114     2231        0        0        0
 856.000000     1041     1041        1        0     1041        0      831      825      129     2244        0        0        0
 857.000000     1040     1040        1        0     1040        0      852      850      110     2218        0        0        0
 858.000000     1040     1040        1        0     1040        0      860      860      121     2265        0        0        0
 859.000000     1044     1044        1        0     1044        0      843      841      110     2244        0        0        0
 860.000000     1048     1048        1        0     1048        0      871      868      114     2263        0        0        0
 861.000000     1050     1050        1        0     1050        0      856      856      120     2248        0        0        0
 862.000000     1044     1044        1        0     1044        0      861      859      119     2234        0        0        0
 863.000000     1039     1039        1        0     1039        0      862      862      111     2257        0        0        0
 864.000000     1037     1037        1        0     1037        0      861      859      115     2223        0        0        0
 865.000000     1035     1035        1        0     1035        0      859      858      114     2246        0        0        0
 866.000000     1035     1035        1        0     1035        0      860      858      111     2235        0        0        0
 867.000000     1043     1043        1        0     1043        0      840      839      118     2238        0        0        0
 868.000000     1042     1042        1        0     1042        0      850      848      118     2223        0        0        0
 869.000000     1044     1044        1        0     1044        0      864      863      111     2245        0        0        0
 870.000000     1038     1038        1        0     1038        0      861      856      118     2229        0        0        0
 871.000000     1039     1039        1        0     1039        0      861      860      119     2221        0        0        0
 872.000000     1034     1034        1        0     1034        0      868      863      107     2218        0        0        0
 873.000000     1030     1030        1        0     1030        0      849      849      121     2226        0        0        0
 874.000000     1040     1040        1        0     1040        0      848      848      112     2241        0        0        0
 875.000000     1041     1041        1        0     1041        0      863      861      129     2249        0        0        0
 876.000000     1044     1044        1        0     1044        0      866      865      114     2237        0        0        0
 877.000000     1042     1042        1        0     1042        0      867      865      107     2242        0        0        0
 878.000000     1041     1041        1        0     1041        0      867      867      104     2255        0        0        0
 879.000000     1043     1043        1        0     1043        0      853      852      119     2223        0        0        0
 880.000000     1043     1043        1        0     1043        0      850      847      114     2251        0        0        0
 881.000000     1041     1041        1        0     1041        0      848      845      122     2253        0        0        0
 882.000000     1039     1039        1        0     1039        0      844      841      120     2229        0        0        0
 883.000000     1035     1035        1        0     1035        0      868      866      108     2219        0        0        0
 884.000000     1036     1036        1        0     1036        0      843      839      114     2228        0        0        0
 885.000000     1036     1036        1        0     1036        0      870      865      107     2213        0        0        0
 886.000000     1031     1031        1        0     1031        0      866      863      108     2260        0        0        0
 887.000000     1049     1049        1        0     1049        0      866      863      103     2213        0        0        0
 888.000000     1034     1034        1        0     1034        0      853      853      101     2221        0        0        0
 889.000000     1043     1043        1        0     1043        0      843      842      117     2209        0        0        0
 890.000000     1027     1027        1        0     1027        0      858      857      118     2169        0        0        0
 891.000000     1043     1043        1        0     1043        0      848      848      122     2229        0        0        0
 892.000000     1042     1042        1        0     1042        0      855      852      113     2226        0        0        0
 893.000000     1047     1047        1        0     1047        0      873      871      111     2224        0        0        0
 894.000000     1047     1047        1        0     1047        0      862      860      107     2236        0        0        0
 895.000000     1047     1047        1        0     1047        0      864      862      118     2237        0        0        0
 896.000000     1056     1044        2        0     1056        0      869      867      107     2238        0        0        0
 897.000000     1046     1046        1        0     1046        0      868      868      112     2223        0        0        0
 898.000000     1059     1059        1        0     1059        0      868      865      119     2229        0        0        0
 899.000000     1062     1062        1        0     1062        0      849      844      118     2228        0        0        0
 900.000000     1044     1044        1        0     1044        0      854      853      119     2213        0        0        0
 901.000000     1044     1044        1        0     1044        0      856      854      113     2224        0        0        0
 902.000000     1045     1045        1        0     1045        0      866      865      111     2208        0        0        0
 903.000000     1048     1048        1        0     1048        0      873      871      109     2237        0        0        0
 904.000000     1048     1048        1        0     1048        0      858      858      115     2208        0        0        0
 905.000000     1049     1049        1        0     1049        0      864      862      109     2244        0        0        0
 906.000000     1055     1055        1        0     1055        0      850      848      104     2233        0        0        0
 907.000000     1061     1061        1        0     1061        0      861      861      111     2231        0        0        0
 908.000000     1052     1052        1        0     1052        0      864      863      104     2247        0        0        0
 909.000000     1061     1061        1        0     1061        0      862      858      102     2232        0        0        0
 910.000000     1055     1055        1        0     1055        0      858      856      110     2239        0        0        0
 911.000000     1055     1055        1        0     1055        0      865      861      100     2243        0        0        0
 912.000000     1065     1065        1        0     1065        0      868      867      104     2233        0        0        0
 913.000000     1044     1044        1        0     1044        0      858      857      106     2227        0        0        0
 914.000000     1048     1048        1        0     1048        0      844      843      118     2217        0        0        0
 915.000000     1050     1050        1        0     1050        0      851      850      113     2205        0        0        0
 916.000000     1047     1047        1        0     1047        0      851      847      103     2197        0        0        0
 917.000000     1050     1050        1        0     1050        0      853      851      118     2197        0        0        0
 918.000000     1052     1052        1        0     1052        0      860      857      119     2207        0        0        0
 919.000000     1039     1039        1        0     1039        0      850      848      108     2216        0        0        0
 920.000000     1056     1056        1        0     1056        0      857      852      110     2207        0        0        0
 921.000000     1064     1064        1        0     1064        0      855      849      113     2244        0        0        0
 922.000000     1062     1062        1        0     1062        0      855      852      109     2229        0        0        0
 923.000000     1051     1051        1        0     1051        0      858      856      108     2238        0        0        0
 924.000000     1063     1051        2        0     1063        0      867      866      113     2231        0        0        0
 925.000000     1054     1054        1        0     1054        0      853      850      107     2237        0        0        0
 926.000000     1055     1055        1        0     1055        0      858      856      120     2213        0        0        0
 927.000000     1066     1066        1        0     1066        0      865      862      123     2205        0        0        0
 928.000000     1071     1071        1        0     1071        0      843      842      114     2223        0        0        0
 929.000000     1066     1066        1        0     1066        0      876      872      110     2227        0        0        0
 930.000000     1069     1069        1        0     1069        0      843      840      134     2240        0        0        0
 931.000000     1056     1056        1        0     1056        0      858      858      108     2245        0        0        0
 932.000000     1079     1079        1        0     1079        0      844      840      108     2223        0        0        0
 933.000000     1053     1053        1        0     1053        0      842      841      119     2215        0        0        0
 934.000000     1078     1078        1        0     1078        0      861      858      110     2255        0        0        0
 935.000000     1079     1079        1        0     1079        0      860      859      102     2237        0        0        0
 936.000000     1058     1058        1        0     1058        0      863      860      116     2245        0        0        0
 937.000000     1078     1078        1        0     1078        0      843      841      121     2226        0        0        0
 938.000000     1060     1060        1        0     1060        0      845      844      110     2179        0        0        0
 939.000000     1074     1074        1        0     1074        0      837      835      124     2252        0        0        0
 940.000000     1074     1074        1        0     1074        0      845      840      115     2231        0        0        0
 941.000000     1070     1070        1        0     1070        0      853      850      103     2236        0        0        0
 942.000000     1051     1051        1        0     1051        0      844      844      116     2216        0        0        0
 943.000000     1060     1060        1        0     1060        0      843      841      105     2235        0        0        0
 944.000000     1054     1054        1        0     1054        0      825      825      114     2220        0        0        0
 945.000000     1071     1071        1        0     1071        0      850      850      110     2239        0        0        0
 946.000000     1072     1072        1        0     1072        0      856      855      105     2221        0        0        0
 947.000000     1075     1075        1        0     1075        0      847      844      109     2243        0        0        0
 948.000000     1077     1077        1        0     1077        0      844      843      110     2236        0        0        0
 949.000000     1090     1090        1        0     1090        0      841      841      110     2215        0        0        0
 950.000000     1071     1071        1        0     1071        0      855      855      106     2219        0        0        0
 951.000000     1086     1086        1        0     1086        0      848      847      105     2245        0        0        0
 952.000000     1066     1066        1        0     1066        0      859      855      102     2240        0        0        0
 953.000000     1040     1040        1        0     1040        0      841      840      123     2262        0        0        0
 954.000000     1039     1039        1        0     1039        0      851      849      114     2212        0        0        0
 955.000000     1040     1040        1        0     1040        0      839      838      122     2223        0        0        0
 956.000000     1044     1044        1        0     1044        0      851      850      119     2225        0        0        0
 957.000000     1045     1045        1        0     1045        0      842      839      125     2195        0        0        0
 958.000000     1040     1040        1        0     1040        0      853      850      119     2198        0        0        0
 959.000000     1057     1057        1        0     1057        0      849      848      114     2230        0        0        0
 960.000000     1053     1053        1        0     1053        0      848      844      105     2227        0        0        0
 961.000000     1050     1050        1        0     1050        0      836      834      107     2222        0        0        0
 962.000000     1045     1045        1        0     1045        0      835      831      114     2259        0        0        0
 963.000000     1041     1041        1        0     1041        0      839      837      113     2215        0        0        0
 964.000000     1032     1032        1        0     1032        0      827      824      123     2215        0        0        0
 965.000000     1055     1055        1        0     1055        0      828      827      113     2216        0        0        0
 966.000000     1041     1041        1        0     1041        0      820      814      122     2207        0        0        0
 967.000000     1038     1038        1        0     1038        0      823      821      111     2222        0        0        0
 968.000000     1060     1060        1        0     1060        0      831      831      125     2208        0        0        0
 969.000000     1042     1042        1        0     1042        0      830      827      115     2221        0        0        0
 970.000000     1045     1045        1        0     1045        0      841      836      111     2216        0        0        0
 971.000000     1039     1039        1        0     1039        0      817      815      123     2194        0        0        0
 972.000000     1044     1044        1        0     1044        0      837      833      117     2207        0        0        0
 973.000000     1053     1053        1        0     1053        0      844      843      118     2197        0        0        0
 974.000000     1032     1032        1        0     1032        0      833      829      116     2204        0        0        0
 975.000000     1059     1059        1        0     1059        0      833      832      121     2176        0        0        0
 976.000000     1051     1051        1        0     1051        0      838      836      120     2204        0        0        0
 977.000000     1052     1052        1        0     1052        0      842      837      120     2195        0        0        0
 978.000000     1060     1060        1        0     1060        0      842      839      127     2204        0        0        0
 979.000000     1046     1046        1        0     1046        0      835      832      130     2186        0        0        0
 980.000000     1054     1054        1        0     1054        0      854      852      121     2192        0        0        0
 981.000000     1054     1054        1        0     1054        0      842      835      128     2224        0        0        0
 982.000000     1061     1061        1        0     1061        0      843      843      118     2188        0        0        0
 983.000000     1055     1055        1        0     1055        0      835      831      119     2177        0        0        0
 984.000000     1076     1076        1        0     1076        0      848      845      127     2210        0        0        0
 985.000000     1081     1081        1        0     1081        0      840      839      123     2201        0        0        0
 986.000000     1088     1088        1        0     1088        0      847      847      110     2204        0        0        0
 987.000000     1071     1071        1        0     1071        0      842      838      135     2195        0        0        0
 988.000000     1094     1094        1        0     1094        0      844      842      124     2193        0        0        0
 989.000000     1083     1083        1        0     1083        0      846      846      128     2193        0        0        0
 990.000000     1071     1071        1        0     1071        0      856      856      131     2232        0        0        0
 991.000000     1071     1071        1        0     1071        0      862      860      131     2217        0        0        0
 992.000000     1087     1087        1        0     1087        0      852      851      122     2230        0        0        0
 993.000000     1083     1083        1        0     1083        0      860      859      120     2228        0        0        0
 994.000000     1090     1076        2       14     1076        0      860      859      118     2247        0        0        0
 995.000000     1104     1078        3       14     1090        0      848      845      129     2228        0        0        0
 996.000000     1073     1073        1        0     1073        0      857      856      114     2208        0        0        0
 997.000000     1098     1098        1        0     1098        0      857      855      129     2231        0        0        0
 998.000000     1096     1096        1        0     1096        0      849      848      119     2220        0        0        0
 999.000000     1080     1080        1        0     1080        0      856      851      121     2226        0        0        0
 1000.000000     1071     1071        1        0     1071        0      861      854      120     2241        0        0        0
 1001.000000     1076     1076        1        0     1076        0      843      841      129     2240        0        0        0
 1002.000000     1076     1076        1        0     1076        0      837      834      138     2229        0        0        0
 1003.000000     1075     1075        1        0     1075        0      842      839      122     2214        0        0        0
 1004.000000     1071     1071        1        0     1071        0      861      859      111     2215        0        0        0
 1005.000000     1063     1063        1        0     1063        0      858      856      109     2187        0        0        0
 1006.000000     1090     1090        1        0     1090        0      856      854      119     2206        0        0        0
 1007.000000     1068     1068        1        0     1068        0      865      861      106     2222        0        0        0
 1008.000000     1073     1073        1        0     1073        0      851      847      123     2219        0        0        0
 1009.000000     1076     1076        1        0     1076        0      860      859      128     2232        0        0        0
 1010.000000     1072     1072        1        0     1072        0      857      852      130     2248        0        0        0
 1011.000000     1078     1078        1        0     1078        0      851      849      116     2214        0        0        0
 1012.000000     1075     1075        1        0     1075        0      852      850      118     2225        0        0        0
 1013.000000     1075     1075        1        0     1075        0      854      851      119     2262        0        0        0
 1014.000000     1071     1071        1        0     1071        0      865      862      111     2242        0        0        0
 1015.000000     1077     1077        1        0     1077        0      861      858      108     2274        0        0        0
 1016.000000     1086     1086        1       14     1072        0      866      862      109     2265        0        0        0
 1017.000000     1089     1075        2       14     1075        0      850      846      122     2247        0        0        0
 1018.000000     1075     1075        1        0     1075        0      855      854      111     2247        0        0        0
 1019.000000     1086     1086        1        0     1086        0      860      858      117     2244        0        0        0
 1020.000000     1062     1062        1        0     1062        0      861      861      124     2257        0        0        0
 1021.000000     1083     1083        1        0     1083        0      860      859      105     2241        0        0        0
 1022.000000     1062     1062        1        0     1062        0      867      867      106     2258        0        0        0
 1023.000000     1078     1078        1        0     1078        0      858      856      113     2239        0        0        0
 1024.000000     1079     1079        1        0     1079        0      868      867      107     2262        0        0        0
 1025.000000     1076     1076        1        0     1076        0      869      867      112     2247        0        0        0
 1026.000000     1089     1089        1        0     1089        0      869      869      105     2250        0        0        0
 1027.000000     1058     1058        1        0     1058        0      865      861      116     2216        0        0        0
 1028.000000     1054     1054        1        0     1054        0      853      847      135     2220        0        0        0
 1029.000000     1058     1058        1        0     1058        0      854      852      115     2230        0        0        0
 1030.000000     1062     1062        1        0     1062        0      857      854      135     2250        0        0        0
 1031.000000     1059     1059        1        0     1059        0      848      842      138     2265        0        0        0
 1032.000000     1058     1058        1        0     1058        0      855      853      126     2236        0        0        0
 1033.000000     1064     1064        1        0     1064        0      854      848      131     2237        0        0        0
 1034.000000     1055     1055        1        0     1055        0      854      852      127     2251        0        0        0
 1035.000000     1060     1060        1        0     1060        0      858      854      131     2241        0        0        0
 1036.000000     1050     1050        1        0     1050        0      853      850      127     2241        0        0        0
 1037.000000     1045     1045        1        0     1045        0      850      846      128     2252        0        0        0
 1038.000000     1040     1040        1        0     1040        0      849      842      121     2231        0        0        0
 1039.000000     1039     1039        1        0     1039        0      864      858      129     2207        0        0        0
 1040.000000     1040     1040        1        0     1040        0      864      857      124     2228        0        0        0
 1041.000000     1050     1050        1        0     1050        0      854      848      133     2233        0        0        0
 1042.000000     1044     1044        1        0     1044        0      854      848      133     2247        0        0        0
 1043.000000     1038     1038        1        0     1038        0      846      841      118     2223        0        0        0
 1044.000000     1058     1058        1        0     1058        0      843      842      109     2252        0        0        0
 1045.000000     1051     1051        1        0     1051        0      862      860      113     2242        0        0        0
 1046.000000     1045     1045        1        0     1045        0      866      859      122     2263        0        0        0
 1047.000000     1045     1045        1        0     1045        0      864      859      120     2213        0        0        0
 1048.000000     1041     1041        1        0     1041        0      858      854      126     2245        0        0        0
 1049.000000     1087     1087        1        0     1087        0      856      851      130     2231        0        0        0
 1050.000000     1042     1042        1        0     1042        0      858      853      115     2244        0        0        0
 1051.000000     1042     1042        1        0     1042        0      863      856      126     2236        0        0        0
 1052.000000     1041     1041        1        0     1041        0      863      858      124     2233        0        0        0
 1053.000000     1043     1043        1        0     1043        0      869      864      119     2227        0        0        0
 1054.000000     1074     1074        1        0     1074        0      851      846      133     2250        0        0        0
 1055.000000     1039     1039        1        0     1039        0      852      846      139     2243        0        0        0
 1056.000000     1049     1049        1        0     1049        0      863      860      139     2243        0        0        0
 1057.000000     1071     1071        1        0     1071        0      850      846      134     2240        0        0        0
 1058.000000     1042     1042        1        0     1042        0      857      852      110     2229        0        0        0
 1059.000000     1042     1042        1        0     1042        0      855      851      130     2240        0        0        0
 1060.000000     1041     1041        1        0     1041        0      856      855      115     2241        0        0        0
 1061.000000     1049     1049        1        0     1049        0      870      867      119     2258        0        0        0
 1062.000000     1040     1040        1        0     1040        0      864      860      117     2288        0        0        0
 1063.000000     1056     1056        1        0     1056        0      856      855      112     2281        0        0        0
 1064.000000     1047     1047        1        0     1047        0      846      844      130     2252        0        0        0
 1065.000000     1055     1055        1        0     1055        0      874      872      117     2268        0        0        0
 1066.000000     1045     1045        1        0     1045        0      837      836      127     2260        0        0        0
 1067.000000     1054     1054        1        0     1054        0      859      853      123     2268        0        0        0
 1068.000000     1043     1043        1        0     1043        0      872      869      109     2231        0        0        0
 1069.000000     1041     1041        1        0     1041        0      857      855      118     2260        0        0        0
 1070.000000     1051     1051        1        0     1051        0      873      870      120     2265        0        0        0
 1071.000000     1042     1042        1        0     1042        0      852      849      127     2262        0        0        0
 1072.000000     1044     1044        1        0     1044        0      865      861      113     2250        0        0        0
 1073.000000     1058     1058        1        0     1058        0      851      850      109     2257        0        0        0
 1074.000000     1043     1043        1        0     1043        0      857      854      113     2260        0        0        0
 1075.000000     1040     1040        1        0     1040        0      855      850      129     2268        0        0        0
 1076.000000     1043     1043        1        0     1043        0      846      844      128     2245        0        0        0
 1077.000000     1041     1041        1        0     1041        0      868      867      119     2247        0        0        0
 1078.000000     1045     1045        1        0     1045        0      865      864      119     2256        0        0        0
 1079.000000     1036     1036        1        0     1036        0      850      848      112     2256        0        0        0
 1080.000000     1047     1047        1        0     1047        0      855      854      114     2240        0        0        0
 1081.000000     1059     1059        1        0     1059        0      846      841      136     2277        0        0        0
 1082.000000     1058     1058        1        0     1058        0      855      854      104     2234        0        0        0
 1083.000000     1058     1058        1        0     1058        0      842      835      128     2235        0        0        0
 1084.000000     1078     1078        1        0     1078        0      849      844      118     2259        0        0        0
 1085.000000     1046     1046        1        0     1046        0      867      864      127     2242        0        0        0
 1086.000000     1045     1045        1        0     1045        0      853      848      123     2233        0        0        0
 1087.000000     1045     1045        1        0     1045        0      853      853      118     2229        0        0        0
 1088.000000     1056     1056        1        0     1056        0      859      857      106     2270        0        0        0
 1089.000000     1057     1057        1        0     1057        0      864      862      112     2265        0        0        0
 1090.000000     1060     1060        1        0     1060        0      849      847      116     2248        0        0        0
 1091.000000     1074     1062        2        0     1074        0      862      854      128     2241        0        0        0
 1092.000000     1062     1062        1        0     1062        0      844      842      109     2248        0        0        0
 1093.000000     1059     1059        1        0     1059        0      847      843      123     2220        0        0        0
 1094.000000     1068     1068        1        0     1068        0      851      848      119     2251        0        0        0
 1095.000000     1065     1065        1        0     1065        0      871      870      111     2248        0        0        0
 1096.000000     1064     1064        1        0     1064        0      865      864      110     2243        0        0        0
 1097.000000     1070     1070        1        0     1070        0      855      853      116     2248        0        0        0
 1098.000000     1061     1061        1        0     1061        0      850      846      108     2241        0        0        0
 1099.000000     1052     1052        1        0     1052        0      854      851      114     2230        0        0        0
 1100.000000     1046     1046        1        0     1046        0      853      847      117     2232        0        0        0
 1101.000000     1053     1053        1        0     1053        0      849      847      120     2202        0        0        0
 1102.000000     1058     1058        1        0     1058        0      859      858      105     2216        0        0        0
 1103.000000     1072     1072        1        0     1072        0      854      852      121     2239        0        0        0
 1104.000000     1078     1078        1        0     1078        0      860      856      116     2225        0        0        0
 1105.000000     1073     1073        1        0     1073        0      862      859      115     2220        0        0        0
 1106.000000     1081     1081        1        0     1081        0      855      851      114     2202        0        0        0
 1107.000000     1074     1074        1        0     1074        0      849      848      116     2212        0        0        0
 1108.000000     1070     1070        1        0     1070        0      862      861      103     2211        0        0        0
 1109.000000     1075     1075        1        0     1075        0      874      872      108     2213        0        0        0
 1110.000000     1071     1071        1        0     1071        0      857      857      120     2225        0        0        0
 1111.000000     1074     1074        1        0     1074        0      852      850      117     2208        0        0        0
 1112.000000     1067     1067        1        0     1067        0      861      858      115     2229        0        0        0
 1113.000000     1064     1064        1        0     1064        0      855      852      116     2216        0        0        0
 1114.000000     1081     1081        1        0     1081        0      849      847      124     2227        0        0        0
 1115.000000     1100     1100        1        0     1100        0      851      848      119     2252        0        0        0
 1116.000000     1098     1098        1        0     1098        0      856      855      113     2234        0        0        0
 1117.000000     1086     1086        1        0     1086        0      856      853      119     2239        0        0        0
 1118.000000     1064     1064        1        0     1064        0      866      863      113     2225        0        0        0
 1119.000000     1066     1066        1        0     1066        0      856      853      127     2223        0        0        0
 1120.000000     1051     1051        1        0     1051        0      859      859      112     2246        0        0        0
 1121.000000     1063     1063        1        0     1063        0      861      858      118     2231        0        0        0
 1122.000000     1063     1063        1        0     1063        0      853      850      116     2253        0        0        0
 1123.000000     1064     1064        1        0     1064        0      845      843      125     2260        0        0        0
 1124.000000     1066     1066        1        0     1066        0      838      835      112     2222        0        0        0
 1125.000000     1060     1060        1        0     1060        0      835      835      121     2217        0        0        0
 1126.000000     1062     1062        1        0     1062        0      835      834      127     2262        0        0        0
 1127.000000     1062     1062        1        0     1062        0      845      842      115     2251        0        0        0
 1128.000000     1062     1062        1        0     1062        0      836      834      122     2199        0        0        0
 1129.000000     1062     1062        1        0     1062        0      825      821      122     2210        0        0        0
 1130.000000     1063     1063        1        0     1063        0      827      823      133     2226        0        0        0
 1131.000000     1062     1062        1        0     1062        0      847      846      116     2229        0        0        0
 1132.000000     1059     1059        1        0     1059        0      834      829      124     2208        0        0        0
 1133.000000     1081     1081        1        0     1081        0      834      833      130     2259        0        0        0
 1134.000000     1094     1082        2        0     1094        0      856      855      112     2255        0        0        0
 1135.000000     1067     1067        1        0     1067        0      834      833      119     2249        0        0        0
 1136.000000     1071     1071        1        0     1071        0      852      850      114     2249        0        0        0
 1137.000000     1076     1076        1        0     1076        0      846      845      128     2270        0        0        0
 1138.000000     1081     1081        1        0     1081        0      852      850      122     2270        0        0        0
 1139.000000     1083     1083        1        0     1083        0      839      837      130     2243        0        0        0
 1140.000000     1085     1085        1        0     1085        0      851      848      128     2239        0        0        0
 1141.000000     1088     1088        1        0     1088        0      855      853      114     2265        0        0        0
 1142.000000     1092     1092        1        0     1092        0      842      839      125     2251        0        0        0
 1143.000000     1082     1082        1        0     1082        0      848      847      117     2272        0        0        0
 1144.000000     1093     1093        1        0     1093        0      848      847      121     2234        0        0        0
 1145.000000     1125     1113        2        0     1125        0      864      862      111     2268        0        0        0
 1146.000000     1087     1087        1        0     1087        0      848      848      126     2261        0        0        0
 1147.000000     1086     1086        1        0     1086        0      856      854      129     2244        0        0        0
 1148.000000     1078     1078        1        0     1078        0      846      845      116     2232        0        0        0
 1149.000000     1079     1079        1        0     1079        0      850      849      137     2223        0        0        0
 1150.000000     1092     1092        1        0     1092        0      862      860      127     2244        0        0        0
 1151.000000     1082     1082        1        0     1082        0      861      860      109     2258        0        0        0
 1152.000000     1068     1068        1        0     1068        0      858      858      114     2258        0        0        0
 1153.000000     1061     1061        1        0     1061        0      827      826      136     2221        0        0        0
 1154.000000     1066     1066        1        0     1066        0      847      842      125     2216        0        0        0
 1155.000000     1063     1063        1        0     1063        0      839      838      133     2207        0        0        0
 1156.000000     1073     1073        1        0     1073        0      852      849      120     2225        0        0        0
 1157.000000     1041     1041        1        0     1041        0      853      851      115     2198        0        0        0
 1158.000000     1073     1073        1        0     1073        0      815      809      149     2227        0        0        0
 1159.000000     1062     1062        1        0     1062        0      846      843      118     2229        0        0        0
 1160.000000     1071     1071        1        0     1071        0      856      853      117     2217        0        0        0
 1161.000000     1091     1091        1        0     1091        0      853      851      115     2240        0        0        0
 1162.000000     1083     1083        1        0     1083        0      833      826      124     2237        0        0        0
 1163.000000     1060     1060        1        0     1060        0      847      845      138     2238        0        0        0
 1164.000000     1067     1067        1        0     1067        0      848      845      114     2217        0        0        0
 1165.000000     1068     1068        1        0     1068        0      839      836      122     2244        0        0        0
 1166.000000     1060     1060        1        0     1060        0      874      873      120     2245        0        0        0
 1167.000000     1076     1076        1        0     1076        0      850      849      120     2256        0        0        0
 1168.000000     1050     1050        1        0     1050        0      851      851      128     2221        0        0        0
 1169.000000     1076     1076        1        0     1076        0      862      858      125     2239        0        0        0
 1170.000000     1068     1068        1        0     1068        0      839      835      139     2240        0        0        0
 1171.000000     1064     1064        1        0     1064        0      855      852      122     2221        0        0        0
 1172.000000     1054     1054        1        0     1054        0      858      858      119     2217        0        0        0
 1173.000000     1065     1065        1        0     1065        0      852      851      119     2233        0        0        0
 1174.000000     1053     1053        1        0     1053        0      848      847      130     2235        0        0        0
 1175.000000     1049     1049        1        0     1049        0      821      819      133     2246        0        0        0
 1176.000000     1061     1061        1        0     1061        0      849      847      123     2237        0        0        0
 1177.000000     1084     1084        1        0     1084        0      847      846      119     2246        0        0        0
 1178.000000     1064     1064        1        0     1064        0      866      866      106     2207        0        0        0
 1179.000000     1070     1070        1        0     1070        0      860      859      115     2190        0        0        0
 1180.000000     1063     1063        1        0     1063        0      864      861      117     2206        0        0        0
 1181.000000     1062     1062        1        0     1062        0      861      857      123     2187        0        0        0
 1182.000000     1055     1055        1        0     1055        0      856      855      120     2216        0        0        0
 1183.000000     1055     1055        1        0     1055        0      857      853      129     2204        0        0        0
 1184.000000     1047     1047        1        0     1047        0      851      849      113     2185        0        0        0
 1185.000000     1056     1056        1        0     1056        0      859      857      128     2206        0        0        0
 1186.000000     1047     1047        1        0     1047        0      847      846      130     2238        0        0        0
 1187.000000     1049     1049        1        0     1049        0      855      854      126     2226        0        0        0
 1188.000000     1052     1052        1        0     1052        0      855      854      120     2216        0        0        0
 1189.000000     1054     1054        1        0     1054        0      847      845      114     2227        0        0        0
 1190.000000     1054     1054        1        0     1054        0      843      841      124     2204        0        0        0
 1191.000000     1056     1056        1        0     1056        0      827      827      133     2186        0        0        0
 1192.000000     1057     1057        1        0     1057        0      854      852      109     2204        0        0        0
 1193.000000     1048     1048        1        0     1048        0      850      849      123     2225        0        0        0
 1194.000000     1060     1060        1        0     1060        0      847      846      116     2220        0        0        0
 1195.000000     1056     1056        1        0     1056        0      842      842      128     2232        0        0        0
 1196.000000     1057     1057        1        0     1057        0      849      846      140     2207        0        0        0
 1197.000000     1052     1052        1        0     1052        0      857      854      120     2211        0        0        0
 1198.000000     1063     1063        1        0     1063        0      841      840      122     2205        0        0        0
 1199.000000     1064     1064        1        0     1064        0      838      835      144     2208        0        0        0
 1200.000000     1064     1064        1        0     1064        0      861      856      128     2221        0        0        0
 1201.000000     1064     1064        1        0     1064        0      855      852      129     2218        0        0        0
 1202.000000     1067     1067        1        0     1067        0      860      857      112     2238        0        0        0
 1203.000000     1063     1063        1        0     1063        0      859      854      135     2224        0        0        0
 1204.000000     1069     1069        1        0     1069        0      857      854      131     2238        0        0        0
 1205.000000     1070     1070        1        0     1070        0      854      854      132     2214        0        0        0
 1206.000000     1052     1052        1        0     1052        0      865      862      124     2216        0        0        0
 1207.000000     1048     1048        1        0     1048        0      852      849      124     2218        0        0        0
 1208.000000     1043     1043        1        0     1043        0      854      851      130     2225        0        0        0
 1209.000000     1038     1038        1        0     1038        0      847      841      130     2240        0        0        0
 1210.000000     1042     1042        1        0     1042        0      857      855      131     2233        0        0        0
 1211.000000     1060     1060        1       20     1040        0      855      851      141     2224        0        0        0
 1212.000000     1034     1034        1        0     1034        0      852      850      139     2225        0        0        0
 1213.000000     1051     1051        1        0     1051        0      859      856      127     2238        0        0        0
 1214.000000     1045     1045        1        0     1045        0      848      844      132     2175        0        0        0
 1215.000000     1050     1050        1        0     1050        0      850      847      149     2208        0        0        0
 1216.000000     1068     1068        1        0     1068        0      837      835      130     2215        0        0        0
 1217.000000     1056     1056        1        0     1056        0      840      836      138     2251        0        0        0
 1218.000000     1046     1046        1        0     1046        0      848      846      142     2230        0        0        0
 1219.000000     1047     1047        1        0     1047        0      841      838      141     2222        0        0        0
 1220.000000     1067     1067        1        0     1067        0      839      836      132     2242        0        0        0
 1221.000000     1036     1036        1        0     1036        0      857      854      124     2204        0        0        0
 1222.000000     1040     1040        1        0     1040        0      854      851      124     2240        0        0        0
 1223.000000     1065     1065        1        0     1065        0      844      843      133     2240        0        0        0
 1224.000000     1055     1055        1        0     1055        0      846      843      130     2210        0        0        0
 1225.000000     1041     1041        1        0     1041        0      849      847      129     2234        0        0        0
 1226.000000     1055     1055        1        0     1055        0      857      856      124     2232        0        0        0
 1227.000000     1046     1046        1        0     1046        0      834      833      121     2220        0        0        0
 1228.000000     1039     1039        1        0     1039        0      855      851      123     2229        0        0        0
 1229.000000     1033     1033        1        0     1033        0      857      855      123     2208        0        0        0
 1230.000000     1042     1042        1        0     1042        0      868      867      118     2206        0        0        0
 1231.000000     1042     1042        1        0     1042        0      859      858      120     2223        0        0        0
 1232.000000     1059     1059        1        0     1059        0      860      858      125     2237        0        0        0
 1233.000000     1047     1047        1        0     1047        0      859      853      121     2220        0        0        0
 1234.000000     1052     1052        1        0     1052        0      852      849      110     2218        0        0        0
 1235.000000     1039     1039        1        0     1039        0      864      863      121     2220        0        0        0
 1236.000000     1037     1037        1        0     1037        0      872      869      112     2247        0        0        0
 1237.000000     1059     1059        1        0     1059        0      853      852      114     2243        0        0        0
 1238.000000     1046     1046        1        0     1046        0      856      854      115     2242        0        0        0
 1239.000000     1040     1040        1        0     1040        0      864      860      121     2196        0        0        0
 1240.000000     1046     1046        1        0     1046        0      845      838      141     2207        0        0        0
 1241.000000     1042     1042        1        0     1042        0      859      856      110     2244        0        0        0
 1242.000000     1050     1050        1        0     1050        0      841      841      124     2238        0        0        0
 1243.000000     1040     1040        1        0     1040        0      842      841      132     2241        0        0        0
 1244.000000     1048     1048        1        0     1048        0      851      849      101     2245        0        0        0
 1245.000000     1050     1038        2        0     1050        0      863      858      122     2239        0        0        0
 1246.000000     1048     1036        2        0     1048        0      854      848      119     2236        0        0        0
 1247.000000     1057     1045        2        0     1057        0      858      854      123     2238        0        0        0
 1248.000000     1057     1045        2        0     1057        0      860      859      110     2245        0        0        0
 1249.000000     1064     1052        2        0     1064        0      860      858      123     2222        0        0        0
 1250.000000     1048     1048        1        0     1048        0      851      851      117     2235        0        0        0
 1251.000000     1042     1042        1        0     1042        0      846      845      110     2226        0        0        0
 1252.000000     1043     1043        1        0     1043        0      845      844      117     2225        0        0        0
 1253.000000     1053     1053        1        0     1053        0      854      853      115     2244        0        0        0
 1254.000000     1059     1059        1        0     1059        0      864      861       97     2233        0        0        0
 1255.000000     1059     1059        1        0     1059        0      856      853      115     2209        0        0        0
 1256.000000     1059     1059        1        0     1059        0      847      846      125     2233        0        0        0
 1257.000000     1056     1056        1        0     1056        0      848      844      123     2244        0        0        0
 1258.000000     1056     1056        1        0     1056        0      840      838      138     2229        0        0        0
 1259.000000     1063     1063        1        0     1063        0      846      845      120     2231        0        0        0
 1260.000000     1103     1103        1        0     1103        0      858      855      121     2235        0        0        0
 1261.000000     1065     1065        1        0     1065        0      869      866      115     2233        0        0        0
 1262.000000     1053     1053        1        0     1053        0      850      847      122     2217        0        0        0
 1263.000000     1062     1062        1        0     1062        0      877      876      108     2245        0        0        0
 1264.000000     1069     1069        1        0     1069        0      870      866      121     2218        0        0        0
 1265.000000     1063     1063        1        0     1063        0      868      865      114     2205        0        0        0
 1266.000000     1053     1053        1        0     1053        0      860      858      117     2241        0        0        0
 1267.000000     1082     1082        1        0     1082        0      874      869      112     2237        0        0        0
 1268.000000     1095     1095        1        0     1095        0      871      870      112     2254        0        0        0
 1269.000000     1076     1076        1        0     1076        0      865      864      126     2251        0        0        0
 1270.000000     1069     1069        1        0     1069        0      870      869      109     2238        0        0        0
 1271.000000     1076     1076        1        0     1076        0      867      863      112     2241        0        0        0
 1272.000000     1077     1077        1        0     1077        0      867      865      119     2247        0        0        0
 1273.000000     1106     1106        1        0     1106        0      889      886      124     2255        0        0        0
 1274.000000     1072     1072        1        0     1072        0      874      872      120     2241        0        0        0
 1275.000000     1078     1078        1        0     1078        0      876      875      105     2240        0        0        0
 1276.000000     1084     1084        1        0     1084        0      858      856      133     2238        0        0        0
 1277.000000     1087     1087        1        0     1087        0      868      865      122     2270        0        0        0
 1278.000000     1083     1083        1        0     1083        0      876      872      119     2244        0        0        0
 1279.000000     1085     1085        1        0     1085        0      869      864      121     2270        0        0        0
 1280.000000     1084     1084        1        0     1084        0      891      885      124     2255        0        0        0
 1281.000000     1077     1077        1        0     1077        0      877      875      111     2272        0        0        0
 1282.000000     1066     1066        1        0     1066        0      851      850      117     2269        0        0        0
 1283.000000     1074     1074        1        0     1074        0      863      860      105     2234        0        0        0
 1284.000000     1056     1056        1        0     1056        0      878      874      115     2268        0        0        0
 1285.000000     1065     1065        1        0     1065        0      879      876      121     2243        0        0        0
 1286.000000     1091     1091        1        0     1091        0      886      882      124     2250        0        0        0
 1287.000000     1087     1087        1        0     1087        0      887      885      123     2255        0        0        0
 1288.000000     1076     1076        1        0     1076        0      876      875      113     2265        0        0        0
 1289.000000     1072     1072        1        0     1072        0      877      877      111     2251        0        0        0
 1290.000000     1057     1057        1        0     1057        0      886      884      109     2248        0        0        0
 1291.000000     1105     1105        1        0     1105        0      895      891       95     2247        0        0        0
 1292.000000     1080     1080        1        0     1080        0      869      867      127     2262        0        0        0
 1293.000000     1054     1054        1        0     1054        0      873      871      117     2255        0        0        0
 1294.000000     1078     1078        1        0     1078        0      861      859      132     2270        0        0        0
 1295.000000     1066     1066        1        0     1066        0      891      887      112     2240        0        0        0
 1296.000000     1073     1073        1        0     1073        0      879      876      127     2226        0        0        0
 1297.000000     1101     1101        1        0     1101        0      884      882      121     2243        0        0        0
 1298.000000     1068     1068        1        0     1068        0      887      885      112     2243        0        0        0
 1299.000000     1077     1077        1        0     1077        0      858      854      135     2244        0        0        0
 1300.000000     1075     1075        1        0     1075        0      875      872      122     2255        0        0        0
 1301.000000     1078     1078        1        0     1078        0      883      883      114     2248        0        0        0
 1302.000000     1089     1089        1        0     1089        0      869      866      124     2268        0        0        0
 1303.000000     1086     1086        1        0     1086        0      858      857      118     2230        0        0        0
 1304.000000     1087     1087        1        0     1087        0      891      890       96     2260        0        0        0
 1305.000000     1079     1079        1        0     1079        0      887      886      115     2235        0        0        0
 1306.000000     1095     1095        1        0     1095        0      887      886      113     2237        0        0        0
 1307.000000     1096     1096        1        0     1096        0      887      883      121     2247        0        0        0
 1308.000000     1118     1118        1        0     1118        0      887      884      114     2213        0        0        0
 1309.000000     1117     1117        1        0     1117        0      897      894      116     2267        0        0        0
 1310.000000     1122     1122        1        0     1122        0      896      892      107     2259        0        0        0
 1311.000000     1109     1109        1        0     1109        0      887      885      117     2257        0        0        0
 1312.000000     1096     1096        1        0     1096        0      898      897      114     2268        0        0        0
 1313.000000     1095     1095        1        0     1095        0      871      867      131     2256        0        0        0
 1314.000000     1095     1095        1        0     1095        0      893      891      116     2284        0        0        0
 1315.000000     1099     1099        1        0     1099        0      884      880      118     2273        0        0        0
 1316.000000     1089     1089        1        0     1089        0      878      875      119     2240        0        0        0
 1317.000000     1094     1094        1        0     1094        0      892      889      114     2254        0        0        0
 1318.000000     1089     1089        1        0     1089        0      895      892      117     2257        0        0        0
 1319.000000     1087     1087        1        0     1087        0      894      890      115     2249        0        0        0
 1320.000000     1083     1083        1        0     1083        0      894      889      116     2254        0        0        0
 1321.000000     1092     1092        1        0     1092        0      883      879      119     2249        0        0        0
 1322.000000     1082     1082        1        0     1082        0      888      886      107     2246        0        0        0
 1323.000000     1105     1105        1        0     1105        0      871      871      129     2257        0        0        0
 1324.000000     1094     1094        1        0     1094        0      889      889      109     2233        0        0        0
 1325.000000     1097     1097        1        0     1097        0      900      894      118     2239        0        0        0
 1326.000000     1120     1120        1        0     1120        0      892      888      119     2246        0        0        0
 1327.000000     1099     1099        1        0     1099        0      902      895      110     2247        0        0        0
 1328.000000     1092     1092        1        0     1092        0      899      898      100     2250        0        0        0
 1329.000000     1092     1092        1        0     1092        0      886      884      122     2233        0        0        0
 1330.000000     1110     1110        1        0     1110        0      896      893      118     2257        0        0        0
 1331.000000     1143     1143        1        0     1143        0      890      890      111     2252        0        0        0
 1332.000000     1102     1102        1        0     1102        0      884      884      112     2237        0        0        0
 1333.000000     1096     1096        1        0     1096        0      886      881      113     2235        0        0        0
 1334.000000     1107     1107        1        0     1107        0      875      875      129     2239        0        0        0
 1335.000000     1108     1108        1        0     1108        0      884      882      116     2209        0        0        0
 1336.000000     1106     1106        1        0     1106        0      890      889      121     2259        0        0        0
 1337.000000     1103     1103        1        0     1103        0      904      901      113     2253        0        0        0
 1338.000000     1103     1103        1        0     1103        0      873      868      125     2243        0        0        0
 1339.000000     1110     1110        1        0     1110        0      880      880      103     2237        0        0        0
 1340.000000     1114     1114        1        0     1114        0      877      873      121     2250        0        0        0
 1341.000000     1092     1092        1        0     1092        0      882      877      107     2250        0        0        0
 1342.000000     1105     1105        1        0     1105        0      883      881      107     2253        0        0        0
 1343.000000     1110     1110        1        0     1110        0      882      880      118     2247        0        0        0
 1344.000000     1096     1096        1        0     1096        0      888      881      127     2245        0        0        0
 1345.000000     1098     1098        1        0     1098        0      860      858      124     2262        0        0        0
 1346.000000     1100     1100        1        0     1100        0      875      870      111     2258        0        0        0
 1347.000000     1082     1082        1        0     1082        0      883      878      114     2238        0        0        0
 1348.000000     1090     1090        1        0     1090        0      871      867      124     2246        0        0        0
 1349.000000     1081     1081        1        0     1081        0      875      871      128     2242        0        0        0
 1350.000000     1105     1105        1        0     1105        0      884      879      109     2262        0        0        0
 1351.000000     1102     1102        1        0     1102        0      886      882      124     2267        0        0        0
 1352.000000     1105     1105        1        0     1105        0      895      894      107     2254        0        0        0
 1353.000000     1106     1106        1        0     1106        0      891      891      128     2255        0        0        0
 1354.000000     1111     1111        1        0     1111        0      875      871      132     2235        0        0        0
 1355.000000     1108     1108        1        0     1108        0      889      885      125     2279        0        0        0
 1356.000000     1111     1111        1        0     1111        0      889      888      121     2264        0        0        0
 1357.000000     1099     1099        1        0     1099        0      882      880      118     2261        0        0        0
 1358.000000     1111     1111        1        0     1111        0      869      864      136     2208        0        0        0
 1359.000000     1129     1129        1        0     1129        0      883      881      120     2243        0        0        0
 1360.000000     1113     1113        1        0     1113        0      873      870      125     2257        0        0        0
 1361.000000     1108     1108        1        0     1108        0      877      874      113     2248        0        0        0
 1362.000000     1112     1112        1        0     1112        0      894      892      115     2244        0        0        0
 1363.000000     1113     1113        1        0     1113        0      879      877      120     2245        0        0        0
 1364.000000     1107     1107        1        0     1107        0      880      877      119     2236        0        0        0
 1365.000000     1097     1097        1        0     1097        0      884      881      116     2228        0        0        0
 1366.000000     1097     1097        1        0     1097        0      847      845      120     2239        0        0        0
 1367.000000     1108     1108        1        0     1108        0      873      871      106     2235        0        0        0
 1368.000000     1100     1100        1        0     1100        0      872      869      124     2216        0        0        0
 1369.000000     1110     1110        1        0     1110        0      884      882      108     2227        0        0        0
 1370.000000     1115     1115        1        0     1115        0      872      870      131     2234        0        0        0
 1371.000000     1092     1092        1        0     1092        0      876      874      111     2219        0        0        0
 1372.000000     1098     1098        1        0     1098        0      892      888      120     2241        0        0        0
 1373.000000     1095     1095        1        0     1095        0      874      872      119     2240        0        0        0
 1374.000000     1109     1109        1        0     1109        0      877      876      114     2253        0        0        0
 1375.000000     1097     1097        1        0     1097        0      862      862      141     2267        0        0        0
 1376.000000     1097     1097        1        0     1097        0      888      887      118     2233        0        0        0
 1377.000000     1099     1099        1        0     1099        0      878      874      128     2241        0        0        0
 1378.000000     1088     1088        1        0     1088        0      881      878      107     2271        0        0        0
 1379.000000     1098     1098        1        0     1098        0      885      885      105     2227        0        0        0
 1380.000000     1098     1098        1        0     1098        0      880      879      108     2233        0        0        0
 1381.000000     1093     1093        1        0     1093        0      871      868      113     2255        0        0        0
 1382.000000     1111     1111        1        0     1111        0      879      875      116     2252        0        0        0
 1383.000000     1095     1095        1        0     1095        0      868      867      129     2250        0        0        0
 1384.000000     1113     1113        1        0     1113        0      876      876      111     2265        0        0        0
 1385.000000     1137     1137        1        0     1137        0      873      871      113     2286        0        0        0
 1386.000000     1103     1103        1        0     1103        0      878      875      122     2266        0        0        0
 1387.000000     1096     1096        1        0     1096        0      882      881      114     2267        0        0        0
 1388.000000     1085     1085        1        0     1085        0      883      883      107     2261        0        0        0
 1389.000000     1100     1100        1        0     1100        0      885      882      123     2241        0        0        0
 1390.000000     1099     1099        1        0     1099        0      856      853      119     2269        0        0        0
 1391.000000     1098     1098        1        0     1098        0      873      871      126     2253        0        0        0
 1392.000000     1133     1121        2        0     1133        0      875      869      128     2267        0        0        0
 1393.000000     1128     1128        1        0     1128        0      871      867      130     2287        0        0        0
 1394.000000     1128     1116        2        0     1128        0      883      883      110     2285        0        0        0
 1395.000000     1144     1144        1        0     1144        0      884      880      120     2277        0        0        0
 1396.000000     1144     1144        1        0     1144        0      877      875      127     2282        0        0        0
 1397.000000     1148     1148        1        0     1148        0      891      885      133     2281        0        0        0
 1398.000000     1133     1121        2        0     1133        0      882      877      140     2286        0        0        0
 1399.000000     1133     1133        1        7     1119        7      894      892      118     2294        0        0        0
 1400.000000     1134     1134        1        3     1120       11      887      885      124     2307        0        0        0
 1401.000000     1110     1098        2        0     1110        0      889      884      144     2283        0        0        0
 1402.000000     1126     1114        2        0     1126        0      884      884      134     2301        0        0        0
 1403.000000     1105     1105        1        0     1105        0      886      879      128     2279        0        0        0
 1404.000000     1103     1103        1        0     1103        0      895      894      126     2289        0        0        0
 1405.000000     1123     1123        1        0     1123        0      899      899      127     2274        0        0        0
 1406.000000     1097     1097        1        0     1097        0      884      882      125     2289        0        0        0
 1407.000000     1102     1102        1        0     1102        0      888      884      125     2306        0        0        0
 1408.000000     1114     1114        1        7     1099        8      910      908      133     2332        0        0        0
 1409.000000     1111     1111        1        8     1097        6      900      895      125     2331        0        0        0
 1410.000000     1096     1096        1        0     1096        0      903      899      136     2298        0        0        0
 1411.000000     1102     1102        1       11     1088        3      899      897      122     2319        0        0        0
 1412.000000     1100     1100        1       11     1086        3      880      879      130     2310        0        0        0
 1413.000000     1089     1089        1        0     1089        0      889      886      116     2294        0        0        0
 1414.000000     1096     1096        1        0     1096        0      895      893      134     2311        0        0        0
 1415.000000     1118     1118        1        0     1118        0      884      882      130     2290        0        0        0
 1416.000000     1100     1100        1        0     1100        0      898      894      133     2307        0        0        0
 1417.000000     1111     1111        1        0     1111        0      886      885      132     2294        0        0        0
 1418.000000     1117     1117        1        0     1117        0      905      899      127     2309        0        0        0
 1419.000000     1102     1102        1        0     1102        0      895      892      131     2318        0        0        0
 1420.000000     1102     1102        1        0     1102        0      895      887      130     2337        0        0        0
 1421.000000     1106     1106        1        0     1106        0      910      906      130     2344        0        0        0
 1422.000000     1101     1101        1        0     1101        0      902      902      125     2320        0        0        0
 1423.000000     1140     1140        1        0     1140        0      911      906      128     2322        0        0        0
 1424.000000     1124     1124        1        0     1124        0      886      884      140     2310        0        0        0
 1425.000000     1117     1117        1        0     1117        0      893      892      126     2315        0        0        0
 1426.000000     1106     1106        1        0     1106        0      889      887      132     2307        0        0        0
 1427.000000     1117     1117        1        0     1117        0      902      900      129     2315        0        0        0
 1428.000000     1111     1111        1        0     1111        0      905      902      124     2301        0        0        0
 1429.000000     1115     1115        1        0     1115        0      907      905      134     2294        0        0        0
 1430.000000     1119     1119        1        0     1119        0      888      885      133     2291        0        0        0
 1431.000000     1120     1120        1        0     1120        0      905      904      131     2302        0        0        0
 1432.000000     1120     1120        1        0     1120        0      899      894      130     2316        0        0        0
 1433.000000     1120     1120        1        0     1120        0      896      890      146     2316        0        0        0
 1434.000000     1117     1117        1        0     1117        0      909      908      129     2306        0        0        0
 1435.000000     1116     1116        1        0     1116        0      888      887      139     2316        0        0        0
 1436.000000     1127     1127        1        0     1127        0      894      894      138     2319        0        0        0
 1437.000000     1125     1125        1        0     1125        0      888      886      132     2298        0        0        0
 1438.000000     1117     1117        1        0     1117        0      910      907      125     2304        0        0        0
 1439.000000     1131     1131        1        0     1131        0      906      903      128     2318        0        0        0
 1440.000000     1137     1137        1        0     1137        0      913      913      122     2321        0        0        0
 1441.000000     1133     1133        1        0     1133        0      898      896      124     2318        0        0        0
 1442.000000     1133     1133        1        0     1133        0      893      890      128     2313        0        0        0
 1443.000000     1137     1137        1        0     1137        0      901      900      128     2303        0        0        0
 1444.000000     1135     1135        1        0     1135        0      894      890      124     2314        0        0        0
 1445.000000     1142     1142        1        0     1142        0      909      907      124     2323        0        0        0
 1446.000000     1144     1144        1        0     1144        0      902      902      115     2321        0        0        0
 1447.000000     1145     1145        1        0     1145        0      899      898      123     2326        0        0        0
 1448.000000     1135     1135        1        0     1135        0      918      916      112     2318        0        0        0
 1449.000000     1134     1134        1        0     1134        0      892      890      129     2313        0        0        0
 1450.000000     1147     1147        1        0     1147        0      919      915      122     2329        0        0        0
 1451.000000     1142     1142        1        0     1142        0      912      910      130     2329        0        0        0
 1452.000000     1129     1129        1        0     1129        0      910      906      131     2313        0        0        0
 1453.000000     1158     1158        1        0     1158        0      912      911      121     2334        0        0        0
 1454.000000     1139     1139        1        0     1139        0      900      897      134     2317        0        0        0
 1455.000000     1139     1139        1        0     1139        0      896      892      125     2320        0        0        0
 1456.000000     1113     1113        1        0     1113        0      880      876      136     2280        0        0        0
 1457.000000     1108     1108        1        0     1108        0      887      887      128     2326        0        0        0
 1458.000000     1124     1124        1        0     1124        0      909      907      111     2302        0        0        0
 1459.000000     1099     1099        1        0     1099        0      884      881      126     2310        0        0        0
 1460.000000     1128     1128        1        0     1128        0      894      892      122     2296        0        0        0
 1461.000000     1134     1134        1        0     1134        0      899      897      116     2309        0        0        0
 1462.000000     1134     1134        1        0     1134        0      890      884      119     2327        0        0        0
 1463.000000     1130     1130        1        0     1130        0      894      889      123     2295        0        0        0
 1464.000000     1134     1134        1        0     1134        0      918      915      120     2345        0        0        0
 1465.000000     1120     1120        1        0     1120        0      884      883      127     2316        0        0        0
 1466.000000     1133     1133        1        0     1133        0      906      903      125     2318        0        0        0
 1467.000000     1120     1120        1        0     1120        0      896      894      126     2306        0        0        0
 1468.000000     1130     1130        1        0     1130        0      908      905      128     2316        0        0        0
 1469.000000     1129     1129        1        0     1129        0      908      908      101     2256        0        0        0
 1470.000000     1124     1124        1        0     1124        0      895      892      119     2302        0        0        0
 1471.000000     1144     1144        1        0     1144        0      910      908      118     2313        0        0        0
 1472.000000     1132     1132        1        0     1132        0      893      893      125     2288        0        0        0
 1473.000000     1149     1149        1        0     1149        0      885      882      123     2301        0        0        0
 1474.000000     1107     1107        1        0     1107        0      886      883      125     2268        0        0        0
 1475.000000     1109     1109        1        0     1109        0      882      879      134     2251        0        0        0
 1476.000000     1101     1101        1        0     1101        0      891      889      118     2256        0        0        0
 1477.000000     1113     1113        1        0     1113        0      892      890      122     2292        0        0        0
 1478.000000     1097     1097        1        0     1097        0      878      876      138     2258        0        0        0
 1479.000000     1102     1102        1        0     1102        0      883      878      134     2264        0        0        0
 1480.000000     1109     1109        1        0     1109        0      894      888      140     2255        0        0        0
 1481.000000     1125     1125        1        0     1125        0      904      898      125     2275        0        0        0
 1482.000000     1115     1115        1        0     1115        0      881      876      124     2289        0        0        0
 1483.000000     1123     1123        1        0     1123        0      887      886      118     2269        0        0        0
 1484.000000     1118     1118        1        0     1118        0      882      876      142     2263        0        0        0
 1485.000000     1122     1122        1        0     1122        0      874      873      124     2272        0        0        0
 1486.000000     1136     1136        1        0     1136        0      899      896      125     2306        0        0        0
 1487.000000     1144     1144        1        0     1144        0      915      912      121     2322        0        0        0
 1488.000000     1136     1136        1        0     1136        0      898      897      125     2278        0        0        0
 1489.000000     1149     1149        1        0     1149        0      915      915      116     2297        0        0        0
 1490.000000     1130     1130        1        0     1130        0      899      899      133     2282        0        0        0
 1491.000000     1136     1136        1        0     1136        0      897      895      126     2272        0        0        0
 1492.000000     1135     1135        1        0     1135        0      886      879      134     2275        0        0        0
 1493.000000     1125     1125        1        0     1125        0      901      901      109     2297        0        0        0
 1494.000000     1128     1128        1        0     1128        0      918      915      128     2291        0        0        0
 1495.000000     1128     1128        1        0     1128        0      905      904      112     2311        0        0        0
 1496.000000     1135     1135        1        0     1135        0      921      919      122     2324        0        0        0
 1497.000000     1126     1126        1        0     1126        0      900      898      124     2324        0        0        0
 1498.000000     1124     1124        1        0     1124        0      904      900      110     2299        0        0        0
 1499.000000     1110     1110        1        0     1110        0      910      907      128     2283        0        0        0
 1500.000000     1137     1137        1        0     1137        0      916      915      132     2336        0        0        0
 1501.000000     1137     1137        1        0     1137        0      893      890      137     2305        0        0        0
 1502.000000     1135     1135        1        0     1135        0      924      920      124     2330        0        0        0
 1503.000000     1135     1135        1        0     1135        0      915      914      121     2294        0        0        0
 1504.000000     1145     1145        1        0     1145        0      904      903      118     2303        0        0        0
 1505.000000     1144     1144        1        0     1144        0      908      904      128     2294        0        0        0
 1506.000000     1149     1149        1        0     1149        0      906      901      132     2284        0        0        0
 1507.000000     1141     1141        1        0     1141        0      917      915      117     2325        0        0        0
 1508.000000     1131     1131        1        4     1116       11      904      901      127     2317        0        0        0
 1509.000000     1135     1135        1        0     1135        0      896      895      136     2292        0        0        0
 1510.000000     1133     1133        1        0     1133        0      912      912      114     2321        0        0        0
 1511.000000     1135     1135        1        4     1120       11      898      896      129     2310        0        0        0
 1512.000000     1125     1125        1        0     1125        0      903      900      120     2312        0        0        0
 1513.000000     1129     1129        1        4     1114       11      913      909      114     2300        0        0        0
 1514.000000     1128     1128        1        0     1128        0      903      901      128     2306        0        0        0
 1515.000000     1116     1116        1        0     1116        0      905      905      106     2316        0        0        0
 1516.000000     1123     1123        1        0     1123        0      899      899      124     2325        0        0        0
 1517.000000     1135     1135        1        0     1135        0      904      898      117     2341        0        0        0
 1518.000000     1140     1140        1        0     1140        0      914      913      127     2316        0        0        0
 1519.000000     1122     1122        1        0     1122        0      897      895      112     2308        0        0        0
 1520.000000     1146     1146        1        0     1146        0      896      896      133     2306        0        0        0
 1521.000000     1120     1120        1        0     1120        0      917      915      131     2323        0        0        0
 1522.000000     1117     1117        1        0     1117        0      903      901      118     2294        0        0        0
 1523.000000     1117     1117        1        0     1117        0      918      915      116     2319        0        0        0
 1524.000000     1122     1122        1        0     1122        0      909      907      128     2334        0        0        0
 1525.000000     1159     1159        1        0     1159        0      915      915      119     2322        0        0        0
 1526.000000     1131     1131        1        0     1131        0      890      889      137     2331        0        0        0
 1527.000000     1121     1121        1        0     1121        0      914      914      125     2326        0        0        0
 1528.000000     1154     1154        1        0     1154        0      905      903      124     2316        0        0        0
 1529.000000     1120     1120        1        0     1120        0      915      914      125     2316        0        0        0
 1530.000000     1137     1137        1        0     1137        0      915      911      117     2322        0        0        0
 1531.000000     1149     1149        1       13     1135        1      912      910      107     2312        0        0        0
 1532.000000     1140     1140        1        0     1140        0      922      921      117     2301        0        0        0
 1533.000000     1149     1149        1        0     1149        0      908      907      126     2319        0        0        0
 1534.000000     1143     1143        1        0     1143        0      925      923      110     2315        0        0        0
 1535.000000     1150     1150        1        0     1150        0      932      930      112     2333        0        0        0
 1536.000000     1141     1141        1        0     1141        0      932      930      105     2321        0        0        0
 1537.000000     1146     1146        1        0     1146        0      932      930      103     2313        0        0        0
 1538.000000     1159     1159        1        0     1159        0      932      928      106     2324        0        0        0
 1539.000000     1132     1132        1        0     1132        0      920      920      110     2334        0        0        0
 1540.000000     1131     1131        1        0     1131        0      933      930      109     2325        0        0        0
 1541.000000     1162     1162        1        0     1162        0      919      917      113     2337        0        0        0
 1542.000000     1136     1136        1        0     1136        0      912      907      118     2324        0        0        0
 1543.000000     1139     1139        1        0     1139        0      927      924      106     2344        0        0        0
 1544.000000     1133     1133        1        0     1133        0      922      918      119     2332        0        0        0
 1545.000000     1148     1148        1        0     1148        0      913      912      121     2312        0        0        0
 1546.000000     1134     1134        1        0     1134        0      928      923      119     2333        0        0        0
 1547.000000     1148     1148        1        0     1148        0      918      918      114     2328        0        0        0
 1548.000000     1163     1163        1        0     1163        0      904      899      126     2313        0        0        0
 1549.000000     1151     1151        1        0     1151        0      904      902      118     2314        0        0        0
 1550.000000     1155     1155        1        0     1155        0      918      917      113     2323        0        0        0
 1551.000000     1144     1144        1        0     1144        0      932      929      112     2312        0        0        0
 1552.000000     1151     1151        1        0     1151        0      905      904      116     2305        0        0        0
 1553.000000     1135     1135        1        0     1135        0      912      910      111     2314        0        0        0
 1554.000000     1139     1139        1        0     1139        0      902      901      115     2299        0        0        0
 1555.000000     1140     1140        1        0     1140        0      919      916      110     2342        0        0        0
 1556.000000     1122     1122        1        0     1122        0      895      892      124     2294        0        0        0
 1557.000000     1122     1122        1        0     1122        0      902      900      113     2295        0        0        0
 1558.000000     1110     1110        1        0     1110        0      907      906      108     2267        0        0        0
 1559.000000     1135     1135        1        0     1135        0      912      910      111     2288        0        0        0
 1560.000000     1135     1135        1        0     1135        0      887      884      121     2288        0        0        0
 1561.000000     1121     1121        1        0     1121        0      905      903      104     2285        0        0        0
 1562.000000     1142     1142        1        0     1142        0      916      915      105     2273        0        0        0
 1563.000000     1149     1149        1        0     1149        0      903      903      117     2278        0        0        0
 1564.000000     1123     1123        1        0     1123        0      887      885      123     2269        0        0        0
 1565.000000     1120     1120        1        0     1120        0      916      914      112     2275        0        0        0
 1566.000000     1133     1133        1        0     1133        0      907      905      117     2280        0        0        0
 1567.000000     1117     1117        1        0     1117        0      899      896      127     2293        0        0        0
 1568.000000     1119     1119        1        0     1119        0      904      900      133     2303        0        0        0
 1569.000000     1114     1114        1        0     1114        0      904      901      124     2303        0        0        0
 1570.000000     1123     1123        1        0     1123        0      903      900      126     2300        0        0        0
 1571.000000     1122     1122        1        0     1122        0      897      891      127     2284        0        0        0
 1572.000000     1124     1124        1        0     1124        0      907      906      110     2302        0        0        0
 1573.000000     1146     1146        1        0     1146        0      905      904      122     2317        0        0        0
 1574.000000     1123     1123        1        0     1123        0      911      909      114     2292        0        0        0
 1575.000000     1127     1127        1        0     1127        0      901      900      128     2307        0        0        0
 1576.000000     1139     1139        1        0     1139        0      912      910      113     2313        0        0        0
 1577.000000     1121     1121        1        0     1121        0      916      914      118     2310        0        0        0
 1578.000000     1124     1124        1        0     1124        0      898      895      121     2298        0        0        0
 1579.000000     1118     1118        1        0     1118        0      898      898      122     2296        0        0        0
 1580.000000     1132     1132        1        0     1132        0      889      888      127     2318        0        0        0
 1581.000000     1157     1157        1        0     1157        0      905      902      115     2285        0        0        0
 1582.000000     1121     1121        1        0     1121        0      894      889      120     2302        0        0        0
 1583.000000     1106     1106        1        0     1106        0      907      906      111     2304        0        0        0
 1584.000000     1116     1116        1        0     1116        0      912      909      110     2300        0        0        0
 1585.000000     1118     1118        1        0     1118        0      898      898      114     2307        0        0        0
 1586.000000     1126     1126        1        0     1126        0      905      897      123     2276        0        0        0
 1587.000000     1137     1123        2       14     1123        0      908      903      122     2289        0        0        0
 1588.000000     1117     1117        1        0     1117        0      883      880      135     2298        0        0        0
 1589.000000     1083     1083        1        0     1083        0      899      895      111     2259        0        0        0
 1590.000000     1113     1113        1        0     1113        0      897      893      112     2271        0        0        0
 1591.000000     1120     1120        1        0     1120        0      897      894      114     2274        0        0        0
 1592.000000     1099     1099        1        0     1099        0      908      904      108     2277        0        0        0
 1593.000000     1098     1098        1        0     1098        0      886      884      102     2286        0        0        0
 1594.000000     1100     1100        1        0     1100        0      903      896      110     2300        0        0        0
 1595.000000     1103     1103        1        0     1103        0      882      881      115     2274        0        0        0
 1596.000000     1113     1113        1        0     1113        0      896      893      113     2288        0        0        0
 1597.000000     1105     1105        1        0     1105        0      889      886      116     2272        0        0        0
 1598.000000     1097     1097        1        0     1097        0      888      886      112     2265        0        0        0
 1599.000000     1113     1113        1        0     1113        0      867      865      132     2272        0        0        0
 1600.000000     1097     1097        1        0     1097        0      881      879      120     2236        0        0        0
 1601.000000     1112     1112        1        0     1112        0      883      879      122     2251        0        0        0
 1602.000000     1102     1102        1        0     1102        0      888      885      107     2258        0        0        0
 1603.000000     1102     1102        1        0     1102        0      870      865      129     2251        0        0        0
 1604.000000     1111     1111        1        0     1111        0      874      869      130     2246        0        0        0
 1605.000000     1105     1105        1        0     1105        0      882      881      118     2263        0        0        0
 1606.000000     1104     1104        1        0     1104        0      872      869      122     2260        0        0        0
 1607.000000     1096     1096        1        0     1096        0      886      882      118     2255        0        0        0
 1608.000000     1095     1095        1        0     1095        0      883      878      133     2274        0        0        0
 1609.000000     1104     1104        1        0     1104        0      889      885      118     2268        0        0        0
 1610.000000     1113     1113        1        0     1113        0      909      908      110     2258        0        0        0
 1611.000000     1108     1108        1        0     1108        0      891      889      117     2250        0        0        0
 1612.000000     1121     1121        1        0     1121        0      906      904      116     2245        0        0        0
 1613.000000     1102     1102        1        0     1102        0      891      889      120     2241        0        0        0
 1614.000000     1105     1105        1        0     1105        0      901      896      127     2255        0        0        0
 1615.000000     1106     1106        1        0     1106        0      884      881      124     2271        0        0        0
 1616.000000     1114     1114        1        0     1114        0      896      892      126     2234        0        0        0
 1617.000000     1119     1119        1        0     1119        0      886      884      125     2265        0        0        0
 1618.000000     1113     1113        1        0     1113        0      889      889      121     2278        0        0        0
 1619.000000     1109     1109        1        0     1109        0      895      893      116     2283        0        0        0
 1620.000000     1119     1119        1        0     1119        0      896      895      114     2271        0        0        0
 1621.000000     1111     1111        1        0     1111        0      889      883      114     2242        0        0        0
 1622.000000     1107     1107        1        0     1107        0      857      854      134     2265        0        0        0
 1623.000000     1118     1118        1        0     1118        0      879      875      129     2282        0        0        0
 1624.000000     1104     1104        1        0     1104        0      864      862      130     2273        0        0        0
 1625.000000     1114     1114        1        0     1114        0      902      902      128     2263        0        0        0
 1626.000000     1117     1117        1        0     1117        0      886      882      126     2258        0        0        0
 1627.000000     1118     1118        1       14     1104        0      891      886      128     2280        0        0        0
 1628.000000     1131     1131        1       14     1117        0      892      891      122     2259        0        0        0
 1629.000000     1124     1124        1       14     1110        0      892      887      139     2250        0        0        0
 1630.000000     1138     1138        1       14     1124        0      885      882      126     2251        0        0        0
 1631.000000     1117     1117        1        0     1117        0      882      881      118     2272        0        0        0
 1632.000000     1131     1131        1       14     1117        0      886      884      138     2271        0        0        0
 1633.000000     1119     1119        1       14     1105        0      882      882      116     2263        0        0        0
 1634.000000     1111     1111        1       14     1097        0      877      873      119     2272        0        0        0
 1635.000000     1126     1126        1       14     1112        0      875      873      134     2300        0        0        0
 1636.000000     1109     1109        1        0     1109        0      867      861      139     2271        0        0        0
 1637.000000     1104     1104        1        0     1104        0      879      877      122     2280        0        0        0
 1638.000000     1123     1123        1        0     1123        0      884      884      127     2287        0        0        0
 1639.000000     1138     1138        1        0     1138        0      890      889      118     2285        0        0        0
 1640.000000     1131     1131        1        0     1131        0      876      873      125     2288        0        0        0
 1641.000000     1121     1121        1        0     1121        0      884      881      142     2287        0        0        0
 1642.000000     1120     1120        1        0     1120        0      879      873      127     2301        0        0        0
 1643.000000     1113     1113        1        0     1113        0      890      884      129     2303        0        0        0
 1644.000000     1122     1122        1        0     1122        0      875      875      129     2304        0        0        0
 1645.000000     1110     1110        1        0     1110        0      896      893      123     2288        0        0        0
 1646.000000     1130     1130        1        0     1130        0      880      877      131     2264        0        0        0
 1647.000000     1113     1113        1        0     1113        0      899      897      108     2248        0        0        0
 1648.000000     1125     1125        1        0     1125        0      886      883      126     2282        0        0        0
 1649.000000     1116     1116        1        0     1116        0      884      878      129     2289        0        0        0
 1650.000000     1114     1114        1        0     1114        0      900      899      121     2274        0        0        0
 1651.000000     1119     1119        1        0     1119        0      883      880      114     2291        0        0        0
 1652.000000     1152     1152        1        0     1152        0      882      878      127     2325        0        0        0
 1653.000000     1106     1106        1        0     1106        0      892      889      115     2264        0        0        0
 1654.000000     1115     1115        1        0     1115        0      877      873      123     2282        0        0        0
 1655.000000     1113     1113        1        0     1113        0      866      865      135     2286        0        0        0
 1656.000000     1113     1113        1        0     1113        0      892      891      108     2274        0        0        0
 1657.000000     1114     1114        1        0     1114        0      896      896      130     2261        0        0        0
 1658.000000     1121     1121        1        0     1121        0      888      886      119     2301        0        0        0
 1659.000000     1111     1111        1        0     1111        0      898      894      129     2290        0        0        0
 1660.000000     1113     1113        1        0     1113        0      896      894      128     2291        0        0        0
 1661.000000     1123     1123        1        0     1123        0      871      867      129     2315        0        0        0
 1662.000000     1140     1140        1        0     1140        0      891      888      128     2284        0        0        0
 1663.000000     1101     1101        1        0     1101        0      871      868      119     2251        0        0        0
 1664.000000     1135     1135        1        0     1135        0      872      868      126     2268        0        0        0
 1665.000000     1117     1117        1        0     1117        0      878      875      128     2271        0        0        0
 1666.000000     1090     1090        1        0     1090        0      868      863      123     2247        0        0        0
 1667.000000     1087     1087        1        0     1087        0      860      856      134     2232        0        0        0
 1668.000000     1080     1080        1        0     1080        0      854      851      127     2243        0        0        0
 1669.000000     1079     1079        1        0     1079        0      842      839      118     2261        0        0        0
 1670.000000     1086     1074        2        0     1086        0      851      848      118     2272        0        0        0
 1671.000000     1064     1064        1        0     1064        0      853      852      106     2229        0        0        0
 1672.000000     1063     1063        1        0     1063        0      843      841      106     2224        0        0        0
 1673.000000     1056     1056        1        0     1056        0      858      858      111     2231        0        0        0
 1674.000000     1061     1061        1        0     1061        0      857      855      112     2229        0        0        0
 1675.000000     1048     1048        1        0     1048        0      847      846      127     2253        0        0        0
 1676.000000     1063     1063        1        0     1063        0      847      846      114     2239        0        0        0
 1677.000000     1060     1060        1        0     1060        0      858      856      120     2240        0        0        0
 1678.000000     1075     1075        1        0     1075        0      871      867      124     2255        0        0        0
 1679.000000     1084     1084        1        0     1084        0      858      856      109     2223        0        0        0
 1680.000000     1069     1069        1        0     1069        0      870      868      113     2244        0        0        0
 1681.000000     1088     1088        1        0     1088        0      853      848      125     2257        0        0        0
 1682.000000     1072     1072        1        0     1072        0      883      879      113     2265        0        0        0
 1683.000000     1070     1070        1        0     1070        0      873      869      122     2255        0        0        0
 1684.000000     1072     1072        1        0     1072        0      854      851      138     2238        0        0        0
 1685.000000     1083     1083        1        0     1083        0      859      855      124     2251        0        0        0
 1686.000000     1073     1073        1        0     1073        0      861      860      127     2242        0        0        0
 1687.000000     1084     1084        1        0     1084        0      836      835      135     2248        0        0        0
 1688.000000     1092     1092        1        0     1092        0      868      866      128     2255        0        0        0
 1689.000000     1104     1077        3       14     1090        0      859      857      129     2279        0        0        0
 1690.000000     1095     1082        2        0     1095        0      859      855      112     2279        0        0        0
 1691.000000     1087     1087        1        0     1087        0      867      860      117     2259        0        0        0
 1692.000000     1088     1088        1        0     1088        0      865      861      139     2244        0        0        0
 1693.000000     1081     1081        1        0     1081        0      861      860      108     2258        0        0        0
 1694.000000     1082     1082        1        0     1082        0      878      877      114     2252        0        0        0
 1695.000000     1085     1085        1        0     1085        0      860      857      121     2262        0        0        0
 1696.000000     1090     1090        1        0     1090        0      876      872      129     2267        0        0        0
 1697.000000     1087     1087        1        0     1087        0      855      849      124     2258        0        0        0
 1698.000000     1072     1072        1        0     1072        0      851      851      119     2250        0        0        0
 1699.000000     1091     1091        1        0     1091        0      863      859      122     2252        0        0        0
 1700.000000     1099     1099        1        0     1099        0      862      857      112     2288        0        0        0
 1701.000000     1079     1079        1        0     1079        0      852      852      125     2248        0        0        0
 1702.000000     1081     1081        1        0     1081        0      873      872      116     2262        0        0        0
 1703.000000     1094     1094        1        0     1094        0      881      877      127     2253        0        0        0
 1704.000000     1081     1081        1        0     1081        0      889      886      107     2271        0        0        0
 1705.000000     1101     1101        1        0     1101        0      884      878      126     2270        0        0        0
 1706.000000     1100     1100        1        0     1100        0      868      865      118     2279        0        0        0
 1707.000000     1097     1097        1        0     1097        0      869      861      134     2273        0        0        0
 1708.000000     1086     1086        1        0     1086        0      865      858      125     2299        0        0        0
 1709.000000     1088     1088        1        0     1088        0      858      852      124     2271        0        0        0
 1710.000000     1097     1097        1        0     1097        0      851      847      117     2287        0        0        0
 1711.000000     1095     1095        1        0     1095        0      863      861      107     2282        0        0        0
 1712.000000     1097     1097        1        0     1097        0      874      870      108     2283        0        0        0
 1713.000000     1098     1098        1       10     1084        4      873      869      112     2260        0        0        0
 1714.000000     1090     1090        1        0     1090        0      879      877      124     2268        0        0        0
 1715.000000     1092     1092        1        0     1092        0      859      857      113     2245        0        0        0
 1716.000000     1089     1089        1        0     1089        0      875      869      119     2277        0        0        0
 1717.000000     1102     1102        1        0     1102        0      869      864      138     2268        0        0        0
 1718.000000     1101     1101        1        0     1101        0      869      868      121     2282        0        0        0
 1719.000000     1101     1101        1        0     1101        0      869      865      124     2271        0        0        0
 1720.000000     1095     1095        1        0     1095        0      879      876      117     2280        0        0        0
 1721.000000     1106     1106        1        0     1106        0      882      875      133     2252        0        0        0
 1722.000000     1106     1106        1        0     1106        0      881      874      121     2285        0        0        0
 1723.000000     1094     1094        1        0     1094        0      873      867      120     2260        0        0        0
 1724.000000     1111     1111        1        0     1111        0      887      884      119     2264        0        0        0
 1725.000000     1110     1110        1        0     1110        0      882      880      112     2274        0        0        0
 1726.000000     1103     1103        1        0     1103        0      867      863      139     2267        0        0        0
 1727.000000     1106     1106        1        0     1106        0      879      875      126     2252        0        0        0
 1728.000000     1105     1105        1        0     1105        0      897      894      127     2245        0        0        0
 1729.000000     1115     1115        1        0     1115        0      883      880      111     2252        0        0        0
 1730.000000     1106     1106        1        0     1106        0      869      867      130     2244        0        0        0
 1731.000000     1103     1103        1        0     1103        0      874      871      119     2235        0        0        0
 1732.000000     1104     1104        1        0     1104        0      880      879      120     2262        0        0        0
 1733.000000     1100     1100        1        0     1100        0      873      870      118     2250        0        0        0
 1734.000000     1104     1104        1        0     1104        0      872      869      123     2252        0        0        0
 1735.000000     1104     1104        1        0     1104        0      874      870      113     2273        0        0        0
 1736.000000     1092     1092        1        0     1092        0      900      899      100     2253        0        0        0
 1737.000000     1095     1095        1        0     1095        0      878      877      117     2258        0        0        0
 1738.000000     1114     1114        1        0     1114        0      889      885      109     2244        0        0        0
 1739.000000     1113     1113        1        0     1113        0      886      885      114     2277        0        0        0
 1740.000000     1117     1117        1        0     1117        0      880      878      110     2274        0        0        0
 1741.000000     1112     1112        1        0     1112        0      882      879      119     2286        0        0        0
 1742.000000     1099     1099        1        0     1099        0      886      882      105     2281        0        0        0
 1743.000000     1131     1131        1        0     1131        0      880      875      118     2286        0        0        0
 1744.000000     1117     1117        1        0     1117        0      875      872      123     2287        0        0        0
 1745.000000     1094     1094        1        0     1094        0      893      892      122     2270        0        0        0
 1746.000000     1104     1104        1        0     1104        0      878      875      123     2306        0        0        0
 1747.000000     1106     1106        1        0     1106        0      865      864      112     2300        0        0        0
 1748.000000     1103     1103        1        0     1103        0      886      885      110     2287        0        0        0
 1749.000000     1105     1105        1        0     1105        0      879      875      113     2263        0        0        0
 1750.000000     1094     1094        1        0     1094        0      876      873      124     2262        0        0        0
 1751.000000     1090     1090        1        0     1090        0      897      895      111     2271        0        0        0
 1752.000000     1127     1127        1        0     1127        0      902      898      119     2274        0        0        0
 1753.000000     1106     1106        1        0     1106        0      898      888      126     2267        0        0        0
 1754.000000     1098     1098        1        0     1098        0      873      867      130     2274        0        0        0
 1755.000000     1109     1109        1        0     1109        0      888      885      114     2292        0        0        0
 1756.000000     1124     1124        1        0     1124        0      884      880      112     2280        0        0        0
 1757.000000     1117     1117        1        0     1117        0      884      882      127     2280        0        0        0
 1758.000000     1132     1132        1        0     1132        0      875      871      118     2269        0        0        0
 1759.000000     1118     1118        1        0     1118        0      868      865      130     2267        0        0        0
 1760.000000     1101     1101        1        0     1101        0      889      883      128     2249        0        0        0
 1761.000000     1114     1114        1        0     1114        0      876      870      136     2286        0        0        0
 1762.000000     1089     1089        1        0     1089        0      882      880      132     2268        0        0        0
 1763.000000     1096     1096        1        0     1096        0      885      874      138     2290        0        0        0
 1764.000000     1115     1115        1        0     1115        0      886      883      124     2279        0        0        0
 1765.000000     1122     1122        1        0     1122        0      884      880      118     2279        0        0        0
 1766.000000     1104     1104        1        0     1104        0      881      877      116     2289        0        0        0
 1767.000000     1086     1086        1        0     1086        0      888      884      129     2291        0        0        0
 1768.000000     1081     1081        1        0     1081        0      877      875      136     2289        0        0        0
 1769.000000     1094     1094        1        0     1094        0      888      885      110     2309        0        0        0
 1770.000000     1092     1092        1        0     1092        0      864      855      129     2313        0        0        0
 1771.000000     1089     1089        1        0     1089        0      891      887      128     2317        0        0        0
 1772.000000     1091     1091        1        0     1091        0      880      874      125     2312        0        0        0
 1773.000000     1088     1088        1        0     1088        0      878      872      126     2284        0        0        0
 1774.000000     1078     1078        1        0     1078        0      889      883      128     2294        0        0        0
 1775.000000     1098     1098        1        0     1098        0      893      888      120     2307        0        0        0
 1776.000000     1097     1097        1        0     1097        0      896      893      118     2324        0        0        0
 1777.000000     1096     1096        1        0     1096        0      900      897      118     2340        0        0        0
 1778.000000     1085     1085        1        0     1085        0      899      898      115     2331        0        0        0
 1779.000000     1097     1097        1        0     1097        0      886      886      117     2322        0        0        0
 1780.000000     1093     1093        1        0     1093        0      898      896      125     2329        0        0        0
 1781.000000     1100     1100        1        0     1100        0      891      890      123     2309        0        0        0
 1782.000000     1108     1108        1        0     1108        0      889      884      130     2350        0        0        0
 1783.000000     1105     1105        1        0     1105        0      891      883      119     2314        0        0        0
 1784.000000     1106     1106        1        0     1106        0      887      883      127     2324        0        0        0
 1785.000000     1107     1107        1        0     1107        0      884      881      123     2317        0        0        0
 1786.000000     1103     1103        1        0     1103        0      879      873      123     2327        0        0        0
 1787.000000     1097     1097        1        0     1097        0      891      890      115     2333        0        0        0
 1788.000000     1107     1107        1        0     1107        0      875      873      127     2345        0        0        0
 1789.000000     1088     1088        1        0     1088        0      876      872      131     2310        0        0        0
 1790.000000     1090     1090        1        0     1090        0      888      885      124     2315        0        0        0
 1791.000000     1089     1089        1        0     1089        0      875      873      132     2280        0        0        0
 1792.000000     1106     1106        1        0     1106        0      876      870      129     2298        0        0        0
 1793.000000     1086     1086        1        0     1086        0      881      878      138     2317        0        0        0
 1794.000000     1094     1094        1        0     1094        0      886      882      122     2353        0        0        0
 1795.000000     1114     1114        1        0     1114        0      886      886      111     2327        0        0        0
 1796.000000     1101     1101        1        0     1101        0      902      899      119     2334        0        0        0
 1797.000000     1105     1105        1        0     1105        0      893      885      129     2345        0        0        0
 1798.000000     1098     1098        1        0     1098        0      902      901      104     2323        0        0        0
 1799.000000     1114     1114        1        0     1114        0      895      888      123     2320        0        0        0
 1800.000000     1103     1103        1        0     1103        0      880      876      124     2329        0        0        0
 1801.000000     1115     1115        1        0     1115        0      884      883      127     2308        0        0        0
 1802.000000     1142     1142        1        0     1142        0      897      892      128     2338        0        0        0
 1803.000000     1112     1112        1        0     1112        0      905      902      123     2328        0        0        0
 1804.000000     1098     1098        1        0     1098        0      882      878      122     2298        0        0        0
 1805.000000     1098     1098        1        0     1098        0      885      882      122     2305        0        0        0
 1806.000000     1092     1092        1        0     1092        0      892      889      123     2304        0        0        0
 1807.000000     1100     1100        1        0     1100        0      906      900      108     2298        0        0        0
 1808.000000     1087     1087        1        0     1087        0      888      886      118     2329        0        0        0
 1809.000000     1087     1087        1        0     1087        0      884      883      122     2303        0        0        0
 1810.000000     1092     1092        1        0     1092        0      881      878      126     2307        0        0        0
 1811.000000     1091     1091        1        0     1091        0      897      890      135     2301        0        0        0
 1812.000000     1089     1089        1        0     1089        0      875      872      126     2298        0        0        0
 1813.000000     1081     1081        1        0     1081        0      885      883      115     2322        0        0        0
 1814.000000     1086     1086        1        0     1086        0      886      883      127     2314        0        0        0
 1815.000000     1078     1078        1        0     1078        0      886      883      117     2283        0        0        0
 1816.000000     1086     1086        1        0     1086        0      898      892      124     2282        0        0        0
 1817.000000     1081     1081        1        0     1081        0      886      883      128     2282        0        0        0
 1818.000000     1085     1085        1        0     1085        0      892      890      115     2309        0        0        0
 1819.000000     1084     1084        1        0     1084        0      873      872      110     2291        0        0        0
 1820.000000     1081     1081        1        0     1081        0      876      873      130     2295        0        0        0
 1821.000000     1088     1088        1        0     1088        0      885      883      118     2285        0        0        0
 1822.000000     1080     1080        1        0     1080        0      889      887      109     2310        0        0        0
 1823.000000     1086     1086        1        0     1086        0      890      887      114     2292        0        0        0
 1824.000000     1080     1080        1        0     1080        0      888      887      113     2300        0        0        0
 1825.000000     1085     1085        1        0     1085        0      880      878      127     2293        0        0        0
 1826.000000     1087     1087        1        0     1087        0      879      878      124     2276        0        0        0
 1827.000000     1087     1087        1        0     1087        0      882      881      131     2287        0        0        0
 1828.000000     1104     1104        1        0     1104        0      889      886      119     2292        0        0        0
 1829.000000     1079     1079        1        0     1079        0      885      882      120     2272        0        0        0
 1830.000000     1091     1091        1        0     1091        0      879      878      125     2288        0        0        0
 1831.000000     1106     1106        1        0     1106        0      894      892      117     2287        0        0        0
 1832.000000     1108     1108        1        0     1108        0      884      883      122     2276        0        0        0
 1833.000000     1098     1098        1        0     1098        0      895      891      118     2245        0        0        0
 1834.000000     1094     1094        1        0     1094        0      900      894      124     2275        0        0        0
 1835.000000     1098     1098        1        0     1098        0      876      872      128     2271        0        0        0
 1836.000000     1096     1096        1        0     1096        0      890      888      128     2281        0        0        0
 1837.000000     1090     1090        1        0     1090        0      889      883      128     2267        0        0        0
 1838.000000     1086     1086        1        0     1086        0      893      887      129     2276        0        0        0
 1839.000000     1072     1072        1        0     1072        0      872      869      155     2265        0        0        0
 1840.000000     1071     1071        1        0     1071        0      880      878      130     2269        0        0        0
 1841.000000     1068     1068        1        0     1068        0      876      874      126     2239        0        0        0
 1842.000000     1075     1075        1        0     1075        0      872      868      112     2244        0        0        0
 1843.000000     1080     1080        1        0     1080        0      875      873      119     2262        0        0        0
 1844.000000     1080     1080        1        0     1080        0      879      872      120     2273        0        0        0
 1845.000000     1084     1084        1        0     1084        0      874      871      118     2255        0        0        0
 1846.000000     1095     1095        1        0     1095        0      883      879      124     2266        0        0        0
 1847.000000     1077     1077        1        0     1077        0      888      882      117     2271        0        0        0
 1848.000000     1104     1104        1        0     1104        0      899      894      119     2301        0        0        0
 1849.000000     1109     1109        1        0     1109        0      879      875      120     2304        0        0        0
 1850.000000     1103     1103        1        0     1103        0      864      862      129     2282        0        0        0
 1851.000000     1098     1098        1        0     1098        0      874      868      126     2286        0        0        0
 1852.000000     1101     1101        1        0     1101        0      880      878      115     2287        0        0        0
 1853.000000     1090     1090        1        0     1090        0      891      885      137     2288        0        0        0
 1854.000000     1097     1097        1        0     1097        0      881      875      127     2272        0        0        0
 1855.000000     1107     1107        1        0     1107        0      894      889      117     2296        0        0        0
 1856.000000     1105     1105        1        0     1105        0      863      861      119     2251        0        0        0
 1857.000000     1105     1105        1        0     1105        0      885      882      124     2275        0        0        0
 1858.000000     1101     1101        1        0     1101        0      879      876      116     2265        0        0        0
 1859.000000     1095     1095        1        0     1095        0      870      867      120     2280        0        0        0
 1860.000000     1093     1093        1        0     1093        0      881      879      112     2286        0        0        0
 1861.000000     1102     1102        1        0     1102        0      885      880      115     2259        0        0        0
 1862.000000     1116     1116        1        0     1116        0      884      882      111     2275        0        0        0
 1863.000000     1121     1121        1        0     1121        0      894      893      103     2295        0        0        0
 1864.000000     1112     1112        1        0     1112        0      892      890      115     2273        0        0        0
 1865.000000     1113     1113        1        0     1113        0      870      870      110     2280        0        0        0
 1866.000000     1113     1113        1        0     1113        0      876      874      123     2266        0        0        0
 1867.000000     1108     1108        1        0     1108        0      883      880      116     2277        0        0        0
 1868.000000     1119     1119        1        0     1119        0      884      882      124     2280        0        0        0
 1869.000000     1101     1101        1        0     1101        0      892      891      102     2267        0        0        0
 1870.000000     1100     1100        1        0     1100        0      898      894      103     2255        0        0        0
 1871.000000     1111     1111        1        0     1111        0      888      887      113     2249        0        0        0
 1872.000000     1102     1102        1        0     1102        0      875      872      124     2244        0        0        0
 1873.000000     1112     1100        2        0     1112        0      895      895      106     2238        0        0        0
 1874.000000     1100     1100        1        0     1100        0      888      883      119     2236        0        0        0
 1875.000000     1099     1099        1        0     1099        0      885      883      121     2232        0        0        0
 1876.000000     1095     1095        1        0     1095        0      877      874      120     2246        0        0        0
 1877.000000     1115     1115        1        0     1115        0      882      876      117     2227        0        0        0
 1878.000000     1109     1109        1        0     1109        0      890      885      119     2229        0        0        0
 1879.000000     1112     1112        1        0     1112        0      900      896      119     2237        0        0        0
 1880.000000     1099     1099        1        0     1099        0      874      874      123     2230        0        0        0
 1881.000000     1108     1108        1        0     1108        0      888      884      125     2241        0        0        0
 1882.000000     1103     1103        1        0     1103        0      885      883      114     2250        0        0        0
 1883.000000     1102     1102        1        0     1102        0      892      890      115     2243        0        0        0
 1884.000000     1091     1091        1        0     1091        0      869      863      124     2251        0        0        0
 1885.000000     1107     1107        1        0     1107        0      890      887      108     2249        0        0        0
 1886.000000     1090     1090        1        0     1090        0      883      880      120     2249        0        0        0
 1887.000000     1118     1118        1        0     1118        0      894      893      115     2245        0        0        0
 1888.000000     1103     1103        1        0     1103        0      888      884      112     2222        0        0        0
 1889.000000     1110     1110        1        0     1110        0      887      884      111     2235        0        0        0
 1890.000000     1114     1114        1        0     1114        0      888      884      119     2244        0        0        0
 1891.000000     1116     1116        1        0     1116        0      883      880      119     2257        0        0        0
 1892.000000     1121     1121        1        0     1121        0      888      886      106     2269        0        0        0
 1893.000000     1131     1131        1        0     1131        0      886      884      112     2296        0        0        0
 1894.000000     1131     1131        1        0     1131        0      895      894      122     2310        0        0        0
 1895.000000     1139     1139        1        0     1139        0      886      885      117     2266        0        0        0
 1896.000000     1103     1103        1        0     1103        0      882      880      120     2256        0        0        0
 1897.000000     1101     1101        1        0     1101        0      872      870      119     2258        0        0        0
 1898.000000     1099     1099        1        0     1099        0      891      891      108     2259        0        0        0
 1899.000000     1107     1107        1        0     1107        0      886      881      124     2275        0        0        0
 1900.000000     1100     1100        1        0     1100        0      880      879      119     2275        0        0        0
 1901.000000     1105     1105        1        0     1105        0      881      881      111     2268        0        0        0
 1902.000000     1103     1103        1        0     1103        0      886      884      115     2255        0        0        0
 1903.000000     1105     1105        1        0     1105        0      871      870      125     2275        0        0        0
 1904.000000     1094     1094        1        0     1094        0      872      870      124     2276        0        0        0
 1905.000000     1086     1086        1        0     1086        0      874      871      117     2238        0        0        0
 1906.000000     1087     1087        1        0     1087        0      858      857      120     2275        0        0        0
 1907.000000     1100     1100        1        0     1100        0      871      869      122     2284        0        0        0
 1908.000000     1082     1082        1        0     1082        0      860      858      124     2261        0        0        0
 1909.000000     1086     1086        1        0     1086        0      886      884      119     2280        0        0        0
 1910.000000     1098     1098        1        0     1098        0      862      861      117     2284        0        0        0
 1911.000000     1079     1079        1        0     1079        0      866      862      110     2280        0        0        0
 1912.000000     1100     1100        1        0     1100        0      851      850      137     2283        0        0        0
 1913.000000     1089     1089        1        0     1089        0      862      860      126     2263        0        0        0
 1914.000000     1100     1100        1        0     1100        0      862      860      140     2278        0        0        0
 1915.000000     1089     1089        1        0     1089        0      871      870      117     2295        0        0        0
 1916.000000     1093     1093        1        0     1093        0      872      871      116     2279        0        0        0
 1917.000000     1089     1089        1        0     1089        0      867      867      126     2296        0        0        0
 1918.000000     1093     1093        1        0     1093        0      860      859      122     2279        0        0        0
 1919.000000     1087     1087        1        0     1087        0      864      864      125     2285        0        0        0
 1920.000000     1102     1102        1        0     1102        0      882      881      124     2279        0        0        0
 1921.000000     1084     1084        1        0     1084        0      875      871      122     2275        0        0        0
 1922.000000     1098     1098        1        0     1098        0      871      869      116     2284        0        0        0
 1923.000000     1078     1078        1        0     1078        0      866      862      115     2248        0        0        0
 1924.000000     1100     1100        1        0     1100        0      859      859      117     2257        0        0        0
 1925.000000     1125     1125        1        0     1125        0      862      862      117     2281        0        0        0
 1926.000000     1113     1113        1        0     1113        0      880      877      120     2260        0        0        0
 1927.000000     1095     1095        1        0     1095        0      852      849      117     2251        0        0        0
 1928.000000     1095     1095        1        0     1095        0      853      851      120     2224        0        0        0
 1929.000000     1117     1117        1        0     1117        0      867      866      111     2228        0        0        0
 1930.000000     1099     1099        1        0     1099        0      850      848      132     2235        0        0        0
 1931.000000     1090     1090        1        0     1090        0      864      859      124     2219        0        0        0
 1932.000000     1096     1096        1        0     1096        0      865      863      135     2204        0        0        0
 1933.000000     1092     1092        1        0     1092        0      873      870      130     2229        0        0        0
 1934.000000     1105     1105        1        0     1105        0      870      867      126     2244        0        0        0
 1935.000000     1089     1089        1        0     1089        0      863      862      124     2217        0        0        0
 1936.000000     1115     1115        1        0     1115        0      870      868      116     2246        0        0        0
 1937.000000     1122     1122        1        0     1122        0      867      865      119     2239        0        0        0
 1938.000000     1105     1105        1        0     1105        0      860      859      106     2224        0        0        0
 1939.000000     1108     1108        1        0     1108        0      873      871      117     2245        0        0        0
 1940.000000     1117     1117        1        0     1117        0      867      865      117     2223        0        0        0
 1941.000000     1106     1106        1        0     1106        0      850      848      130     2214        0        0        0
 1942.000000     1101     1101        1        0     1101        0      851      848      123     2220        0        0        0
 1943.000000     1102     1102        1        0     1102        0      858      856      113     2215        0        0        0
 1944.000000     1123     1123        1        0     1123        0      864      864      119     2222        0        0        0
 1945.000000     1111     1111        1        0     1111        0      863      861      124     2231        0        0        0
 1946.000000     1090     1090        1        0     1090        0      862      860      121     2222        0        0        0
 1947.000000     1093     1093        1        0     1093        0      873      870      124     2214        0        0        0
 1948.000000     1089     1089        1        0     1089        0      869      866      116     2241        0        0        0
 1949.000000     1077     1077        1        0     1077        0      869      869      107     2234        0        0        0
 1950.000000     1077     1077        1        0     1077        0      854      851      123     2251        0        0        0
 1951.000000     1101     1101        1        0     1101        0      857      856      116     2266        0        0        0
 1952.000000     1090     1090        1        0     1090        0      860      860      121     2269        0        0        0
 1953.000000     1093     1093        1        0     1093        0      875      875      111     2268        0        0        0
 1954.000000     1091     1091        1        0     1091        0      874      873      111     2267        0        0        0
 1955.000000     1091     1091        1        0     1091        0      873      871      117     2275        0        0        0
 1956.000000     1094     1094        1        0     1094        0      863      861      116     2254        0        0        0
 1957.000000     1101     1101        1        0     1101        0      875      874      107     2261        0        0        0
 1958.000000     1100     1100        1        0     1100        0      867      867      114     2252        0        0        0
 1959.000000     1084     1084        1        0     1084        0      865      863      123     2254        0        0        0
 1960.000000     1102     1088        2        0     1102        0      862      861      115     2279        0        0        0
 1961.000000     1105     1105        1        0     1105        0      871      870      126     2272        0        0        0
 1962.000000     1107     1094        2        0     1107        0      881      878      115     2255        0        0        0
 1963.000000     1095     1095        1        0     1095        0      876      875      113     2275        0        0        0
 1964.000000     1073     1073        1        0     1073        0      870      867      113     2260        0        0        0
 1965.000000     1092     1092        1        0     1092        0      858      858      116     2263        0        0        0
 1966.000000     1092     1092        1        0     1092        0      870      869      122     2266        0        0        0
 1967.000000     1114     1114        1        0     1114        0      879      879      120     2261        0        0        0
 1968.000000     1082     1082        1        0     1082        0      894      891      113     2303        0        0        0
 1969.000000     1089     1089        1        0     1089        0      865      861      122     2280        0        0        0
 1970.000000     1092     1092        1        0     1092        0      893      893      115     2286        0        0        0
 1971.000000     1085     1085        1        0     1085        0      870      869      130     2284        0        0        0
 1972.000000     1108     1108        1        0     1108        0      873      871      118     2281        0        0        0
 1973.000000     1095     1095        1        0     1095        0      873      868      127     2251        0        0        0
 1974.000000     1097     1097        1        0     1097        0      873      868      126     2271        0        0        0
 1975.000000     1092     1092        1        0     1092        0      881      877      126     2246        0        0        0
 1976.000000     1087     1087        1        0     1087        0      884      883      118     2229        0        0        0
 1977.000000     1091     1091        1        0     1091        0      867      865      125     2255        0        0        0
 1978.000000     1097     1085        2        0     1097        0      870      867      110     2236        0        0        0
 1979.000000     1083     1071        2        0     1083        0      874      872      111     2241        0        0        0
 1980.000000     1077     1077        1        0     1077        0      869      868      118     2257        0        0        0
 1981.000000     1099     1086        2        0     1099        0      870      866      125     2264        0        0        0
 1982.000000     1071     1071        1        0     1071        0      860      858      122     2257        0        0        0
 1983.000000     1097     1085        2        0     1097        0      861      859      124     2281        0        0        0
 1984.000000     1110     1097        2        0     1110        0      853      852      118     2276        0        0        0
 1985.000000     1096     1083        2        0     1096        0      873      870      127     2273        0        0        0
 1986.000000     1089     1089        1        0     1089        0      875      873      119     2264        0        0        0
 1987.000000     1081     1081        1        0     1081        0      889      887      115     2272        0        0        0
 1988.000000     1082     1070        2        0     1082        0      876      876      119     2259        0        0        0
 1989.000000     1097     1085        2        0     1097        0      870      867      113     2284        0        0        0
 1990.000000     1096     1083        2        0     1096        0      874      874      113     2257        0        0        0
 1991.000000     1083     1083        1        0     1083        0      880      878      116     2257        0        0        0
 1992.000000     1076     1076        1        0     1076        0      849      846      135     2239        0        0        0
 1993.000000     1085     1085        1        0     1085        0      871      865      124     2235        0        0        0
 1994.000000     1071     1071        1        0     1071        0      874      872      122     2235        0        0        0
 1995.000000     1076     1076        1        0     1076        0      869      865      138     2239        0        0        0
 1996.000000     1082     1082        1        0     1082        0      861      857      133     2255        0        0        0
 1997.000000     1081     1081        1        0     1081        0      869      866      130     2229        0        0        0
 1998.000000     1076     1076        1        0     1076        0      861      857      136     2233        0        0        0
 1999.000000     1085     1085        1        0     1085        0      869      868      135     2255        0        0        0
 2000.000000     1077     1077        1        0     1077        0      871      870      122     2219        0        0        0
 2001.000000     1081     1081        1        0     1081        0      862      859      119     2240        0        0        0
 2002.000000     1088     1088        1        0     1088        0      857      856      130     2234        0        0        0
 2003.000000     1068     1068        1        0     1068        0      874      873      101     2220        0        0        0
 2004.000000     1083     1083        1        0     1083        0      860      859      118     2246        0        0        0
 2005.000000     1095     1095        1        0     1095        0      869      868      128     2243        0        0        0
 2006.000000     1098     1098        1        0     1098        0      859      857      117     2262        0        0        0
 2007.000000     1090     1090        1        0     1090        0      867      862      103     2248        0        0        0
 2008.000000     1078     1078        1        0     1078        0      850      846      123     2222        0        0        0
 2009.000000     1082     1082        1        0     1082        0      869      868      116     2216        0        0        0
 2010.000000     1074     1074        1        0     1074        0      872      871      120     2221        0        0        0
 2011.000000     1086     1086        1        0     1086        0      866      866      132     2237        0        0        0
 2012.000000     1087     1087        1        0     1087        0      875      869      113     2236        0        0        0
 2013.000000     1087     1087        1        0     1087        0      855      854      129     2227        0        0        0
 2014.000000     1086     1086        1        0     1086        0      869      867      118     2235        0        0        0
 2015.000000     1076     1076        1        0     1076        0      864      862      110     2225        0        0        0
 2016.000000     1090     1090        1        0     1090        0      877      874      110     2242        0        0        0
 2017.000000     1084     1084        1        0     1084        0      875      871      131     2253        0        0        0
 2018.000000     1087     1087        1        0     1087        0      875      874      122     2259        0        0        0
 2019.000000     1099     1099        1        0     1099        0      861      860      124     2271        0        0        0
 2020.000000     1090     1090        1        0     1090        0      885      882      118     2231        0        0        0
 2021.000000     1092     1092        1        0     1092        0      865      861      120     2240        0        0        0
 2022.000000     1071     1071        1        0     1071        0      870      870      117     2260        0        0        0
 2023.000000     1080     1080        1        0     1080        0      876      874      123     2245        0        0        0
 2024.000000     1081     1081        1        0     1081        0      872      867      128     2241        0        0        0
 2025.000000     1080     1080        1        0     1080        0      867      867      120     2263        0        0        0
 2026.000000     1078     1078        1        0     1078        0      880      878      118     2239        0        0        0
 2027.000000     1076     1076        1        0     1076        0      871      868      124     2237        0        0        0
 2028.000000     1073     1073        1        0     1073        0      867      861      125     2248        0        0        0
 2029.000000     1081     1081        1        0     1081        0      858      856      122     2219        0        0        0
 2030.000000     1090     1090        1        0     1090        0      875      874      113     2249        0        0        0
 2031.000000     1079     1079        1        0     1079        0      867      866      118     2231        0        0        0
 2032.000000     1091     1091        1        0     1091        0      861      856      121     2222        0        0        0
 2033.000000     1077     1077        1        0     1077        0      863      861      112     2240        0        0        0
 2034.000000     1077     1077        1        0     1077        0      871      866      124     2254        0        0        0
 2035.000000     1084     1084        1        0     1084        0      875      872      116     2246        0        0        0
 2036.000000     1079     1079        1        0     1079        0      854      850      120     2241        0        0        0
 2037.000000     1077     1077        1        0     1077        0      879      876      121     2245        0        0        0
 2038.000000     1081     1081        1        0     1081        0      884      881      111     2249        0        0        0
 2039.000000     1083     1083        1        0     1083        0      864      861      129     2258        0        0        0
 2040.000000     1075     1075        1        0     1075        0      862      857      132     2243        0        0        0
 2041.000000     1083     1083        1        0     1083        0      874      873      127     2236        0        0        0
 2042.000000     1097     1097        1        0     1097        0      885      882      122     2243        0        0        0
 2043.000000     1094     1094        1        0     1094        0      888      887      119     2244        0        0        0
 2044.000000     1086     1086        1        0     1086        0      874      870      130     2259        0        0        0
 2045.000000     1090     1090        1        0     1090        0      878      873      120     2260        0        0        0
 2046.000000     1086     1086        1        0     1086        0      887      884      120     2241        0        0        0
 2047.000000     1085     1085        1        0     1085        0      881      877      118     2247        0        0        0
 2048.000000     1091     1091        1        0     1091        0      884      883      104     2254        0        0        0
 2049.000000     1083     1083        1        0     1083        0      876      868      128     2266        0        0        0
 2050.000000     1088     1088        1        0     1088        0      883      879      116     2255        0        0        0
 2051.000000     1084     1084        1        0     1084        0      880      878      112     2256        0        0        0
 2052.000000     1078     1078        1        0     1078        0      868      866      133     2264        0        0        0
 2053.000000     1070     1070        1        0     1070        0      870      867      112     2269        0        0        0
 2054.000000     1084     1084        1        0     1084        0      868      867      113     2231        0        0        0
 2055.000000     1075     1075        1        0     1075        0      867      865      126     2252        0        0        0
 2056.000000     1073     1073        1        0     1073        0      870      867      117     2243        0        0        0
 2057.000000     1070     1070        1        0     1070        0      859      853      134     2249        0        0        0
 2058.000000     1066     1066        1        0     1066        0      882      879      116     2224        0        0        0
 2059.000000     1087     1087        1        0     1087        0      857      856      116     2270        0        0        0
 2060.000000     1092     1092        1        0     1092        0      877      875      113     2259        0        0        0
 2061.000000     1069     1069        1        0     1069        0      869      866      126     2239        0        0        0
 2062.000000     1064     1064        1        0     1064        0      876      874      119     2248        0        0        0
 2063.000000     1076     1076        1        0     1076        0      865      863      123     2242        0        0        0
 2064.000000     1070     1070        1        0     1070        0      869      868      117     2236        0        0        0
 2065.000000     1084     1084        1        0     1084        0      872      869      122     2259        0        0        0
 2066.000000     1078     1078        1        0     1078        0      870      869       99     2256        0        0        0
 2067.000000     1079     1079        1        0     1079        0      869      868      101     2253        0        0        0
 2068.000000     1082     1082        1        0     1082        0      871      867      119     2238        0        0        0
 2069.000000     1067     1067        1        0     1067        0      863      861      115     2242        0        0        0
 2070.000000     1073     1073        1        0     1073        0      869      866      112     2268        0        0        0
 2071.000000     1077     1077        1        0     1077        0      862      859      129     2234        0        0        0
 2072.000000     1073     1073        1        0     1073        0      878      877      121     2214        0        0        0
 2073.000000     1074     1074        1        0     1074        0      882      879      137     2238        0        0        0
 2074.000000     1073     1073        1        0     1073        0      881      879      118     2241        0        0        0
 2075.000000     1069     1069        1        0     1069        0      860      857      118     2227        0        0        0
 2076.000000     1071     1071        1        0     1071        0      888      886      120     2238        0        0        0
 2077.000000     1074     1074        1        0     1074        0      875      873      118     2212        0        0        0
 2078.000000     1091     1091        1        0     1091        0      883      879      118     2235        0        0        0
 2079.000000     1057     1057        1        0     1057        0      871      867      127     2196        0        0        0
 2080.000000     1075     1075        1        0     1075        0      884      881      121     2221        0        0        0
 2081.000000     1073     1073        1        0     1073        0      885      883      127     2251        0        0        0
 2082.000000     1069     1069        1        0     1069        0      874      872      123     2234        0        0        0
 2083.000000     1069     1069        1        0     1069        0      882      878      123     2241        0        0        0
 2084.000000     1074     1074        1        0     1074        0      868      865      125     2248        0        0        0
 2085.000000     1077     1077        1        0     1077        0      870      866      125     2262        0        0        0
 2086.000000     1071     1071        1        0     1071        0      878      872      130     2218        0        0        0
 2087.000000     1071     1071        1        0     1071        0      870      867      118     2240        0        0        0
 2088.000000     1057     1057        1        0     1057        0      882      877      131     2235        0        0        0
 2089.000000     1064     1064        1        0     1064        0      874      871      126     2245        0        0        0
 2090.000000     1061     1061        1        0     1061        0      874      872      121     2239        0        0        0
 2091.000000     1058     1058        1        0     1058        0      864      862      130     2251        0        0        0
 2092.000000     1081     1081        1        0     1081        0      858      851      128     2268        0        0        0
 2093.000000     1058     1058        1        0     1058        0      878      875      101     2235        0        0        0
 2094.000000     1067     1067        1        0     1067        0      850      846      137     2234        0        0        0
 2095.000000     1064     1064        1        0     1064        0      885      880      117     2268        0        0        0
 2096.000000     1063     1063        1        0     1063        0      890      886      107     2269        0        0        0
 2097.000000     1058     1058        1        0     1058        0      867      862      132     2244        0        0        0
 2098.000000     1064     1064        1        0     1064        0      868      861      127     2250        0        0        0
 2099.000000     1063     1063        1        0     1063        0      858      856      122     2249        0        0        0
 2100.000000     1068     1068        1        0     1068        0      855      853      128     2264        0        0        0
 2101.000000     1063     1063        1        0     1063        0      860      854      128     2259        0        0        0
 2102.000000     1068     1068        1        0     1068        0      863      858      128     2263        0        0        0
 2103.000000     1064     1064        1        0     1064        0      857      852      129     2266        0        0        0
 2104.000000     1067     1067        1        0     1067        0      846      843      142     2256        0        0        0
 2105.000000     1068     1068        1        0     1068        0      857      854      129     2261        0        0        0
 2106.000000     1074     1074        1        0     1074        0      853      848      133     2258        0        0        0
 2107.000000     1067     1067        1        0     1067        0      861      856      132     2274        0        0        0
 2108.000000     1076     1076        1        0     1076        0      867      866      135     2258        0        0        0
 2109.000000     1064     1064        1        0     1064        0      855      852      119     2234        0        0        0
 2110.000000     1069     1069        1        0     1069        0      866      864      125     2261        0        0        0
 2111.000000     1078     1078        1        0     1078        0      871      869      121     2264        0        0        0
 2112.000000     1063     1063        1        0     1063        0      870      868      129     2271        0        0        0
 2113.000000     1078     1078        1        0     1078        0      856      854      133     2256        0        0        0
 2114.000000     1105     1105        1        0     1105        0      892      884      131     2283        0        0        0
 2115.000000     1106     1106        1        0     1106        0      891      889      128     2311        0        0        0
 2116.000000     1083     1083        1        0     1083        0      876      875      134     2279        0        0        0
 2117.000000     1080     1080        1        0     1080        0      872      869      129     2249        0        0        0
 2118.000000     1083     1083        1        0     1083        0      888      886      116     2268        0        0        0
 2119.000000     1085     1085        1        0     1085        0      863      861      121     2243        0        0        0
 2120.000000     1075     1075        1        0     1075        0      889      885      115     2291        0        0        0
 2121.000000     1079     1079        1        0     1079        0      878      874      113     2258        0        0        0
 2122.000000     1082     1082        1        0     1082        0      884      880      117     2270        0        0        0
 2123.000000     1098     1098        1        0     1098        0      875      872      112     2287        0        0        0
 2124.000000     1085     1085        1        0     1085        0      878      876      125     2271        0        0        0
 2125.000000     1081     1081        1        0     1081        0      898      893      105     2277        0        0        0
 2126.000000     1089     1089        1        0     1089        0      878      874      119     2244        0        0        0
 2127.000000     1089     1089        1        0     1089        0      865      863      126     2281        0        0        0
 2128.000000     1091     1091        1        0     1091        0      877      873      128     2294        0        0        0
 2129.000000     1085     1085        1        0     1085        0      880      879      123     2275        0        0        0
 2130.000000     1088     1088        1        0     1088        0      895      892      109     2269        0        0        0
 2131.000000     1087     1087        1        0     1087        0      890      886      128     2296        0        0        0
 2132.000000     1078     1078        1        0     1078        0      876      872      107     2249        0        0        0
 2133.000000     1088     1088        1        0     1088        0      877      876      114     2232        0        0        0
 2134.000000     1091     1091        1        0     1091        0      868      868      128     2241        0        0        0
 2135.000000     1066     1066        1        0     1066        0      862      860      120     2231        0        0        0
 2136.000000     1064     1064        1        0     1064        0      842      840      143     2238        0        0        0
 2137.000000     1080     1080        1        0     1080        0      862      861      116     2246        0        0        0
 2138.000000     1070     1070        1        0     1070        0      873      872      133     2247        0        0        0
 2139.000000     1071     1071        1        0     1071        0      859      858      103     2230        0        0        0
 2140.000000     1069     1069        1        0     1069        0      878      875      111     2251        0        0        0
 2141.000000     1070     1070        1        0     1070        0      865      864      117     2241        0        0        0
 2142.000000     1061     1061        1        0     1061        0      864      862      111     2217        0        0        0
 2143.000000     1069     1069        1        0     1069        0      862      859      125     2252        0        0        0
 2144.000000     1069     1069        1        0     1069        0      868      867      114     2256        0        0        0
 2145.000000     1069     1069        1        0     1069        0      880      878      107     2259        0        0        0
 2146.000000     1068     1068        1        0     1068        0      879      878      102     2273        0        0        0
 2147.000000     1067     1067        1        0     1067        0      865      861      119     2262        0        0        0
 2148.000000     1062     1062        1        0     1062        0      887      886      106     2262        0        0        0
 2149.000000     1064     1064        1        0     1064        0      885      883      108     2283        0        0        0
 2150.000000     1068     1068        1        0     1068        0      866      863      112     2247        0        0        0
 2151.000000     1066     1066        1        0     1066        0      882      881      119     2270        0        0        0
 2152.000000     1075     1075        1        0     1075        0      871      869      106     2265        0        0        0
 2153.000000     1089     1089        1        0     1089        0      867      864      118     2281        0        0        0
 2154.000000     1067     1067        1        0     1067        0      884      877      119     2288        0        0        0
 2155.000000     1068     1068        1        0     1068        0      882      880      127     2264        0        0        0
 2156.000000     1066     1066        1        0     1066        0      883      882      110     2269        0        0        0
 2157.000000     1058     1058        1        0     1058        0      866      864      107     2248        0        0        0
 2158.000000     1058     1058        1        0     1058        0      872      871      111     2264        0        0        0
 2159.000000     1056     1056        1        0     1056        0      878      873      120     2274        0        0        0
 2160.000000     1071     1071        1        0     1071        0      864      863      126     2278        0        0        0
 2161.000000     1068     1068        1        0     1068        0      875      871      120     2275        0        0        0
 2162.000000     1058     1058        1        0     1058        0      873      869      113     2272        0        0        0
 2163.000000     1079     1079        1        0     1079        0      876      875      117     2316        0        0        0
 2164.000000     1067     1067        1        0     1067        0      881      877      113     2273        0        0        0
 2165.000000     1059     1059        1        0     1059        0      875      872      118     2261        0        0        0
 2166.000000     1058     1058        1        0     1058        0      878      877      118     2242        0        0        0
 2167.000000     1065     1065        1        0     1065        0      889      884      109     2265        0        0        0
 2168.000000     1060     1060        1        0     1060        0      883      881      114     2264        0        0        0
 2169.000000     1053     1053        1        0     1053        0      885      883      120     2268        0        0        0
 2170.000000     1063     1063        1        0     1063        0      877      875      112     2270        0        0        0
 2171.000000     1059     1059        1        0     1059        0      853      853      109     2244        0        0        0
 2172.000000     1061     1061        1        0     1061        0      868      867      122     2259        0        0        0
 2173.000000     1060     1060        1        0     1060        0      858      854      129     2227        0        0        0
 2174.000000     1058     1058        1        0     1058        0      857      857      121     2241        0        0        0
 2175.000000     1073     1073        1        0     1073        0      876      876      114     2243        0        0        0
 2176.000000     1065     1065        1        0     1065        0      871      867      109     2222        0        0        0
 2177.000000     1067     1067        1        0     1067        0      868      867      119     2222        0        0        0
 2178.000000     1074     1074        1        0     1074        0      865      864      113     2237        0        0        0
 2179.000000     1059     1059        1        0     1059        0      861      859      118     2205        0        0        0
 2180.000000     1067     1067        1        0     1067        0      852      849      111     2237        0        0        0
 2181.000000     1065     1065        1        0     1065        0      844      842      126     2237        0        0        0
 2182.000000     1052     1052        1        0     1052        0      847      843      108     2252        0        0        0
 2183.000000     1066     1066        1        0     1066        0      863      860      118     2217        0        0        0
 2184.000000     1060     1060        1        0     1060        0      867      863      125     2208        0        0        0
 2185.000000     1051     1051        1        0     1051        0      866      864      109     2205        0        0        0
 2186.000000     1076     1076        1        0     1076        0      847      845      131     2214        0        0        0
 2187.000000     1059     1059        1        0     1059        0      863      861      119     2231        0        0        0
 2188.000000     1075     1075        1        0     1075        0      877      873      122     2246        0        0        0
 2189.000000     1066     1066        1        0     1066        0      864      863      108     2222        0        0        0
 2190.000000     1059     1059        1        0     1059        0      858      855      126     2211        0        0        0
 2191.000000     1072     1072        1        0     1072        0      864      863      120     2241        0        0        0
 2192.000000     1086     1086        1        0     1086        0      876      876      108     2245        0        0        0
 2193.000000     1088     1088        1        0     1088        0      884      883      107     2267        0        0        0
 2194.000000     1075     1075        1        0     1075        0      883      880      114     2260        0        0        0
 2195.000000     1075     1075        1        0     1075        0      878      876      115     2260        0        0        0
 2196.000000     1076     1076        1        0     1076        0      884      884      103     2233        0        0        0
 2197.000000     1081     1081        1        0     1081        0      863      863      123     2243        0        0        0
 2198.000000     1076     1076        1        0     1076        0      876      871      119     2243        0        0        0
 2199.000000     1080     1080        1        0     1080        0      886      881      114     2239        0        0        0
 2200.000000     1087     1087        1        0     1087        0      882      882      101     2242        0        0        0
 2201.000000     1085     1085        1        0     1085        0      882      880      108     2252        0        0        0
 2202.000000     1069     1069        1        0     1069        0      866      864      105     2249        0        0        0
 2203.000000     1112     1100        2        0     1112        0      877      874      113     2260        0        0        0
 2204.000000     1090     1090        1        0     1090        0      875      874      113     2242        0        0        0
 2205.000000     1079     1079        1        0     1079        0      868      865      105     2256        0        0        0
 2206.000000     1081     1081        1        0     1081        0      872      870      111     2258        0        0        0
 2207.000000     1076     1076        1        0     1076        0      866      866      116     2251        0        0        0
 2208.000000     1086     1086        1        0     1086        0      879      875      120     2279        0        0        0
 2209.000000     1088     1076        2        0     1088        0      878      878      103     2267        0        0        0
 2210.000000     1111     1099        2        0     1111        0      865      862      129     2292        0        0        0
 2211.000000     1083     1083        1        0     1083        0      867      864      123     2251        0        0        0
 2212.000000     1081     1081        1        0     1081        0      876      875      120     2268        0        0        0
 2213.000000     1094     1094        1        0     1094        0      863      862      116     2294        0        0        0
 2214.000000     1093     1093        1        0     1093        0      874      873       96     2281        0        0        0
 2215.000000     1081     1081        1        0     1081        0      870      867      115     2264        0        0        0
 2216.000000     1088     1088        1        0     1088        0      868      864      113     2274        0        0        0
 2217.000000     1084     1084        1        0     1084        0      872      871      125     2274        0        0        0
 2218.000000     1075     1075        1        0     1075        0      888      885      109     2274        0        0        0
 2219.000000     1063     1063        1        0     1063        0      866      865      129     2256        0        0        0
 2220.000000     1078     1078        1        0     1078        0      870      869      124     2275        0        0        0
 2221.000000     1077     1077        1        0     1077        0      877      876      114     2261        0        0        0
 2222.000000     1086     1086        1        0     1086        0      884      882      116     2276        0        0        0
 2223.000000     1093     1093        1        0     1093        0      875      872      123     2253        0        0        0
 2224.000000     1113     1113        1       14     1099        0      877      876      124     2266        0        0        0
 2225.000000     1104     1104        1       14     1090        0      871      869      113     2228        0        0        0
 2226.000000     1087     1087        1       14     1073        0      866      858      142     2245        0        0        0
 2227.000000     1094     1094        1        0     1094        0      867      866      104     2257        0        0        0
 2228.000000     1093     1093        1        0     1093        0      876      873      102     2235        0        0        0
 2229.000000     1096     1096        1        0     1096        0      865      863      116     2233        0        0        0
 2230.000000     1112     1112        1        0     1112        0      869      867      130     2254        0        0        0
 2231.000000     1104     1104        1        0     1104        0      863      862      121     2254        0        0        0
 2232.000000     1094     1094        1        0     1094        0      867      864      119     2258        0        0        0
 2233.000000     1120     1120        1        0     1120        0      881      881      111     2280        0        0        0
 2234.000000     1113     1113        1        0     1113        0      872      871      113     2282        0        0        0
 2235.000000     1107     1107        1        0     1107        0      877      877      103     2266        0        0        0
 2236.000000     1099     1099        1        0     1099        0      879      874      105     2265        0        0        0
 2237.000000     1111     1111        1        0     1111        0      860      859      121     2276        0        0        0
 2238.000000     1098     1098        1        0     1098        0      879      875      115     2273        0        0        0
 2239.000000     1112     1112        1        0     1112        0      868      865      115     2268        0        0        0
 2240.000000     1105     1105        1        0     1105        0      854      851      134     2258        0        0        0
 2241.000000     1085     1085        1        0     1085        0      861      857      123     2277        0        0        0
 2242.000000     1108     1108        1       13     1094        1      878      872      125     2288        0        0        0
 2243.000000     1098     1098        1        0     1098        0      878      876      113     2264        0        0        0
 2244.000000     1096     1096        1        0     1096        0      851      848      129     2261        0        0        0
 2245.000000     1098     1098        1        0     1098        0      858      855      122     2311        0        0        0
 2246.000000     1101     1101        1        0     1101        0      875      875      112     2283        0        0        0
 2247.000000     1113     1113        1        0     1113        0      856      852      122     2292        0        0        0
 2248.000000     1114     1114        1        0     1114        0      879      876      102     2282        0        0        0
 2249.000000     1121     1121        1        0     1121        0      867      864      111     2266        0        0        0
 2250.000000     1101     1101        1        0     1101        0      874      870      105     2265        0        0        0
 2251.000000     1119     1119        1        0     1119        0      892      888      110     2285        0        0        0
 2252.000000     1103     1103        1        0     1103        0      873      873      116     2296        0        0        0
 2253.000000     1086     1086        1        0     1086        0      874      874      115     2265        0        0        0
 2254.000000     1114     1102        2        0     1114        0      869      866      121     2286        0        0        0
 2255.000000     1091     1091        1        0     1091        0      863      856      114     2290        0        0        0
 2256.000000     1111     1111        1        0     1111        0      871      867      112     2279        0        0        0
 2257.000000     1100     1100        1        0     1100        0      867      864      111     2293        0        0        0
 2258.000000     1094     1094        1        0     1094        0      872      867      111     2299        0        0        0
 2259.000000     1115     1115        1        0     1115        0      868      864      115     2286        0        0        0
 2260.000000     1132     1132        1        0     1132        0      866      866      111     2277        0        0        0
 2261.000000     1101     1101        1        0     1101        0      868      866      114     2276        0        0        0
 2262.000000     1094     1094        1        0     1094        0      873      871      122     2284        0        0        0
 2263.000000     1116     1116        1        0     1116        0      891      890      112     2306        0        0        0
 2264.000000     1125     1125        1        0     1125        0      867      864      119     2301        0        0        0
 2265.000000     1102     1102        1        0     1102        0      884      881      117     2286        0        0        0
 2266.000000     1101     1101        1        0     1101        0      872      869      108     2264        0        0        0
 2267.000000     1104     1104        1        0     1104        0      857      854      125     2276        0        0        0
 2268.000000     1098     1098        1        0     1098        0      872      869      110     2271        0        0        0
 2269.000000     1099     1099        1        0     1099        0      868      866      101     2300        0        0        0
 2270.000000     1097     1097        1        0     1097        0      876      871       98     2266        0        0        0
 2271.000000     1099     1099        1        0     1099        0      872      870      113     2290        0        0        0
 2272.000000     1100     1100        1        0     1100        0      875      873      110     2262        0        0        0
 2273.000000     1098     1098        1        0     1098        0      860      856      116     2259        0        0        0
 2274.000000     1095     1095        1        0     1095        0      872      869      106     2274        0        0        0
 2275.000000     1101     1101        1        0     1101        0      884      880      110     2274        0        0        0
 2276.000000     1104     1104        1        0     1104        0      881      879      114     2273        0        0        0
 2277.000000     1100     1100        1        0     1100        0      875      873      112     2272        0        0        0
 2278.000000     1103     1103        1        0     1103        0      866      866      119     2278        0        0        0
 2279.000000     1106     1106        1        0     1106        0      856      854      128     2316        0        0        0
 2280.000000     1094     1094        1        0     1094        0      866      863      125     2257        0        0        0
 2281.000000     1093     1093        1        0     1093        0      874      873      113     2253        0        0        0
 2282.000000     1097     1097        1        0     1097        0      864      858      112     2262        0        0        0
 2283.000000     1089     1089        1        0     1089        0      868      866      114     2221        0        0        0
 2284.000000     1098     1098        1        0     1098        0      864      861      123     2271        0        0        0
 2285.000000     1089     1089        1        0     1089        0      879      877      114     2239        0        0        0
 2286.000000     1077     1077        1        0     1077        0      874      874      104     2269        0        0        0
 2287.000000     1094     1094        1        0     1094        0      848      844      131     2269        0        0        0
 2288.000000     1109     1109        1        0     1109        0      887      885      104     2250        0        0        0
 2289.000000     1121     1121        1        0     1121        0      881      878      110     2263        0        0        0
 2290.000000     1093     1093        1        0     1093        0      874      871      114     2257        0        0        0
 2291.000000     1102     1102        1        0     1102        0      882      878      117     2279        0        0        0
 2292.000000     1090     1090        1        0     1090        0      853      853      120     2250        0        0        0
 2293.000000     1097     1097        1        0     1097        0      868      866      115     2260        0        0        0
 2294.000000     1088     1088        1        0     1088        0      865      864      119     2261        0        0        0
 2295.000000     1074     1074        1        0     1074        0      846      840      126     2264        0        0        0
 2296.000000     1088     1088        1        0     1088        0      860      857      111     2268        0        0        0
 2297.000000     1090     1090        1        0     1090        0      863      860      116     2259        0        0        0
 2298.000000     1081     1081        1        0     1081        0      850      847      132     2257        0        0        0
 2299.000000     1082     1082        1        0     1082        0      868      865      112     2277        0        0        0
 2300.000000     1105     1105        1        0     1105        0      888      884      114     2251        0        0        0
 2301.000000     1095     1095        1        0     1095        0      881      878      114     2293        0        0        0
 2302.000000     1103     1103        1        0     1103        0      886      884      114     2294        0        0        0
 2303.000000     1099     1099        1        0     1099        0      869      865      127     2283        0        0        0
 2304.000000     1096     1096        1        0     1096        0      875      873      111     2284        0        0        0
 2305.000000     1121     1121        1        0     1121        0      874      873      120     2304        0        0        0
 2306.000000     1108     1108        1        0     1108        0      877      874      124     2307        0        0        0
 2307.000000     1103     1103        1        0     1103        0      878      872      119     2281        0        0        0
 2308.000000     1101     1101        1        0     1101        0      865      861      112     2287        0        0        0
 2309.000000     1095     1095        1        0     1095        0      875      873      110     2267        0        0        0
 2310.000000     1094     1094        1        0     1094        0      865      861      122     2289        0        0        0
 2311.000000     1086     1086        1        0     1086        0      878      875      132     2257        0        0        0
 2312.000000     1103     1103        1        0     1103        0      860      859      119     2256        0        0        0
 2313.000000     1102     1102        1        0     1102        0      863      863      122     2276        0        0        0
 2314.000000     1128     1128        1        0     1128        0      866      858      134     2294        0        0        0
 2315.000000     1097     1097        1        0     1097        0      854      853      128     2275        0        0        0
 2316.000000     1117     1117        1        0     1117        0      857      853      137     2280        0        0        0
 2317.000000     1089     1089        1        0     1089        0      869      867      127     2280        0        0        0
 2318.000000     1083     1083        1        0     1083        0      859      856      124     2281        0        0        0
 2319.000000     1078     1078        1        0     1078        0      880      878      121     2273        0        0        0
 2320.000000     1098     1098        1        0     1098        0      874      869      124     2295        0        0        0
 2321.000000     1116     1116        1        0     1116        0      848      844      123     2265        0        0        0
 2322.000000     1105     1105        1        0     1105        0      862      857      118     2308        0        0        0
 2323.000000     1118     1118        1        0     1118        0      854      853      118     2291        0        0        0
 2324.000000     1142     1142        1        0     1142        0      869      865      125     2277        0        0        0
 2325.000000     1123     1123        1        0     1123        0      866      864      119     2292        0        0        0
 2326.000000     1118     1118        1        0     1118        0      861      860      129     2258        0        0        0
 2327.000000     1119     1119        1        0     1119        0      869      866      133     2260        0        0        0
 2328.000000     1092     1092        1        0     1092        0      845      842      126     2238        0        0        0
 2329.000000     1103     1103        1        0     1103        0      868      866      110     2267        0        0        0
 2330.000000     1095     1095        1        0     1095        0      888      885      126     2268        0        0        0
 2331.000000     1106     1106        1        0     1106        0      863      859      110     2277        0        0        0
 2332.000000     1085     1085        1        0     1085        0      880      877      117     2268        0        0        0
 2333.000000     1098     1098        1        0     1098        0      863      861      122     2273        0        0        0
 2334.000000     1074     1074        1        0     1074        0      860      858      109     2274        0        0        0
 2335.000000     1094     1094        1        0     1094        0      880      879      121     2280        0        0        0
 2336.000000     1107     1107        1        0     1107        0      858      857      125     2279        0        0        0
 2337.000000     1086     1086        1        0     1086        0      850      847      128     2267        0        0        0
 2338.000000     1091     1091        1        0     1091        0      862      862      119     2267        0        0        0
 2339.000000     1092     1092        1        0     1092        0      869      869      118     2238        0        0        0
 2340.000000     1100     1100        1        0     1100        0      869      869      119     2271        0        0        0
 2341.000000     1120     1120        1        0     1120        0      864      864      126     2272        0        0        0
 2342.000000     1093     1093        1        0     1093        0      866      863      124     2240        0        0        0
 2343.000000     1095     1095        1        0     1095        0      877      877      114     2242        0        0        0
 2344.000000     1100     1100        1        0     1100        0      873      872      121     2272        0        0        0
 2345.000000     1091     1091        1        0     1091        0      873      871      118     2281        0        0        0
 2346.000000     1102     1102        1        0     1102        0      868      868      119     2292        0        0        0
 2347.000000     1091     1091        1        0     1091        0      879      878      109     2280        0        0        0
 2348.000000     1124     1124        1        0     1124        0      883      882      116     2304        0        0        0
 2349.000000     1130     1130        1        0     1130        0      895      893      116     2308        0        0        0
 2350.000000     1108     1108        1        0     1108        0      881      879      125     2301        0        0        0
 2351.000000     1122     1122        1        0     1122        0      872      870      121     2299        0        0        0
 2352.000000     1092     1092        1        0     1092        0      891      886      111     2287        0        0        0
 2353.000000     1085     1085        1        0     1085        0      877      876      107     2302        0        0        0
 2354.000000     1090     1090        1        0     1090        0      885      882      107     2297        0        0        0
 2355.000000     1091     1091        1        0     1091        0      884      883      119     2266        0        0        0
 2356.000000     1079     1079        1        0     1079        0      891      891      112     2290        0        0        0
 2357.000000     1078     1078        1        0     1078        0      871      867      126     2278        0        0        0
 2358.000000     1081     1081        1        0     1081        0      866      861      143     2289        0        0        0
 2359.000000     1114     1114        1       16     1091        7      873      872      127     2307        0        0        0
 2360.000000     1108     1108        1        0     1108        0      869      868      122     2314        0        0        0
 2361.000000     1094     1094        1        0     1094        0      895      894      117     2314        0        0        0
 2362.000000     1094     1094        1        0     1094        0      875      872      127     2304        0        0        0
 2363.000000     1091     1091        1        0     1091        0      890      886      132     2291        0        0        0
 2364.000000     1109     1109        1        0     1109        0      891      890      111     2280        0        0        0
 2365.000000     1097     1097        1        0     1097        0      893      892      119     2319        0        0        0
 2366.000000     1091     1091        1        0     1091        0      881      880      119     2290        0        0        0
 2367.000000     1091     1091        1        0     1091        0      871      869      137     2325        0        0        0
 2368.000000     1092     1092        1        0     1092        0      888      886      118     2348        0        0        0
 2369.000000     1098     1098        1        0     1098        0      872      870      134     2313        0        0        0
 2370.000000     1099     1099        1        0     1099        0      885      885      113     2322        0        0        0
 2371.000000     1091     1091        1        0     1091        0      887      884      116     2308        0        0        0
 2372.000000     1099     1099        1        0     1099        0      895      895      117     2312        0        0        0
 2373.000000     1104     1104        1        0     1104        0      878      876      109     2305        0        0        0
 2374.000000     1092     1092        1        0     1092        0      874      874      117     2319        0        0        0
 2375.000000     1109     1109        1        0     1109        0      874      870      126     2296        0        0        0
 2376.000000     1121     1121        1        0     1121        0      877      874      124     2280        0        0        0
 2377.000000     1128     1128        1        0     1128        0      886      886      122     2289        0        0        0
 2378.000000     1112     1112        1        0     1112        0      885      881      117     2300        0        0        0
 2379.000000     1120     1120        1        0     1120        0      879      873      126     2298        0        0        0
 2380.000000     1126     1126        1        0     1126        0      892      890      108     2307        0        0        0
 2381.000000     1107     1107        1        0     1107        0      891      889      114     2286        0        0        0
 2382.000000     1116     1116        1        0     1116        0      892      888      126     2281        0        0        0
 2383.000000     1136     1136        1        0     1136        0      884      884      133     2294        0        0        0
 2384.000000     1129     1129        1        0     1129        0      905      905      114     2289        0        0        0
 2385.000000     1121     1121        1        0     1121        0      901      899      109     2283        0        0        0
 2386.000000     1122     1122        1        0     1122        0      890      890      120     2267        0        0        0
 2387.000000     1133     1133        1        0     1133        0      888      887      118     2269        0        0        0
 2388.000000     1114     1114        1        0     1114        0      882      881      117     2261        0        0        0
 2389.000000     1118     1118        1        0     1118        0      904      903      123     2281        0        0        0
 2390.000000     1125     1125        1        0     1125        0      903      898      115     2278        0        0        0
 2391.000000     1148     1148        1        0     1148        0      903      901      120     2284        0        0        0
 2392.000000     1122     1122        1        0     1122        0      888      887      120     2283        0        0        0
 2393.000000     1117     1117        1        0     1117        0      893      892      119     2286        0        0        0
 2394.000000     1117     1117        1        0     1117        0      875      874      127     2272        0        0        0
 2395.000000     1110     1110        1        0     1110        0      886      885      125     2291        0        0        0
 2396.000000     1128     1128        1        0     1128        0      895      890      130     2296        0        0        0
 2397.000000     1119     1119        1        0     1119        0      884      882      130     2313        0        0        0
 2398.000000     1125     1125        1        0     1125        0      902      900      113     2299        0        0        0
 2399.000000     1122     1122        1        0     1122        0      898      895      129     2292        0        0        0
 2400.000000     1104     1104        1        0     1104        0      896      891      126     2317        0        0        0
 2401.000000     1117     1117        1        0     1117        0      891      887      127     2305        0        0        0
 2402.000000     1119     1119        1        0     1119        0      890      888      114     2300        0        0        0
 2403.000000     1117     1117        1        0     1117        0      887      885      116     2286        0        0        0
 2404.000000     1116     1116        1        0     1116        0      893      892      113     2299        0        0        0
 2405.000000     1116     1116        1        0     1116        0      888      887      121     2291        0        0        0
 2406.000000     1100     1100        1        0     1100        0      891      890      128     2309        0        0        0
 2407.000000     1103     1103        1        0     1103        0      890      885      135     2314        0        0        0
 2408.000000     1120     1120        1        0     1120        0      897      895      109     2304        0        0        0
 2409.000000     1124     1124        1        0     1124        0      903      902      110     2285        0        0        0
 2410.000000     1124     1124        1        0     1124        0      907      902      129     2315        0        0        0
 2411.000000     1105     1105        1        0     1105        0      899      895      119     2298        0        0        0
 2412.000000     1120     1120        1        0     1120        0      894      891      115     2305        0        0        0
 2413.000000     1123     1123        1        0     1123        0      901      900      126     2311        0        0        0
 2414.000000     1105     1105        1        0     1105        0      894      890      124     2303        0        0        0
 2415.000000     1097     1097        1        0     1097        0      895      894      123     2286        0        0        0
 2416.000000     1103     1103        1        0     1103        0      894      891      131     2305        0        0        0
 2417.000000     1120     1120        1        0     1120        0      881      877      123     2325        0        0        0
 2418.000000     1121     1121        1        0     1121        0      882      880      128     2308        0        0        0
 2419.000000     1107     1107        1        0     1107        0      900      896      113     2301        0        0        0
 2420.000000     1104     1104        1        0     1104        0      898      897      112     2291        0        0        0
 2421.000000     1124     1124        1        0     1124        0      911      907      116     2320        0        0        0
 2422.000000     1128     1128        1        0     1128        0      899      896      123     2310        0        0        0
 2423.000000     1128     1128        1        0     1128        0      898      897      105     2338        0        0        0
 2424.000000     1129     1129        1        0     1129        0      905      902      116     2332        0        0        0
 2425.000000     1132     1132        1        0     1132        0      891      889      118     2311        0        0        0
 2426.000000     1134     1134        1        0     1134        0      884      882      123     2315        0        0        0
 2427.000000     1126     1126        1        0     1126        0      897      894      120     2335        0        0        0
 2428.000000     1127     1127        1        0     1127        0      882      878      128     2321        0        0        0
 2429.000000     1126     1126        1        0     1126        0      900      898      123     2339        0        0        0
 2430.000000     1120     1120        1        0     1120        0      898      895      111     2347        0        0        0
 2431.000000     1115     1115        1        0     1115        0      904      903      115     2366        0        0        0
 2432.000000     1119     1119        1        0     1119        0      898      896      112     2361        0        0        0
 2433.000000     1115     1115        1        0     1115        0      905      901      136     2333        0        0        0
 2434.000000     1113     1113        1        0     1113        0      913      913      114     2348        0        0        0
 2435.000000     1120     1120        1        0     1120        0      899      897      134     2365        0        0        0
 2436.000000     1121     1121        1        0     1121        0      922      921      116     2343        0        0        0
 2437.000000     1126     1126        1        0     1126        0      904      903      126     2351        0        0        0
 2438.000000     1114     1114        1        0     1114        0      894      893      135     2358        0        0        0
 2439.000000     1118     1118        1        0     1118        0      908      905      122     2363        0        0        0
 2440.000000     1114     1114        1        0     1114        0      908      906      119     2372        0        0        0
 2441.000000     1133     1121        2        0     1133        0      921      920      111     2334        0        0        0
 2442.000000     1118     1118        1        0     1118        0      917      915      114     2343        0        0        0
 2443.000000     1117     1117        1        0     1117        0      899      897      124     2322        0        0        0
 2444.000000     1117     1117        1        0     1117        0      905      903      122     2318        0        0        0
 2445.000000     1117     1117        1        0     1117        0      902      902      106     2334        0        0        0
 2446.000000     1113     1113        1        0     1113        0      899      897      107     2321        0        0        0
 2447.000000     1106     1106        1        0     1106        0      898      896      112     2331        0        0        0
 2448.000000     1120     1120        1        0     1120        0      887      884      130     2317        0        0        0
 2449.000000     1118     1118        1        0     1118        0      907      905      104     2351        0        0        0
 2450.000000     1124     1124        1        0     1124        0      902      900      119     2351        0        0        0
 2451.000000     1118     1118        1        0     1118        0      919      915      112     2361        0        0        0
 2452.000000     1118     1118        1        0     1118        0      898      894      119     2348        0        0        0
 2453.000000     1112     1112        1        0     1112        0      910      906      117     2351        0        0        0
 2454.000000     1114     1114        1        0     1114        0      917      914      114     2344        0        0        0
 2455.000000     1117     1117        1        0     1117        0      920      916      108     2351        0        0        0
 2456.000000     1134     1134        1        0     1134        0      911      908      113     2365        0        0        0
 2457.000000     1124     1124        1        0     1124        0      913      910      113     2363        0        0        0
 2458.000000     1131     1131        1        0     1131        0      915      914      123     2387        0        0        0
 2459.000000     1121     1121        1        0     1121        0      896      895      136     2344        0        0        0
 2460.000000     1129     1129        1        0     1129        0      927      921      115     2353        0        0        0
 2461.000000     1119     1119        1        0     1119        0      905      902      125     2363        0        0        0
 2462.000000     1110     1110        1        0     1110        0      910      909      116     2334        0        0        0
 2463.000000     1108     1108        1        0     1108        0      902      897      126     2336        0        0        0
 2464.000000     1125     1125        1        0     1125        0      915      912      118     2357        0        0        0
 2465.000000     1138     1138        1        0     1138        0      911      910      111     2336        0        0        0
 2466.000000     1142     1142        1        0     1142        0      907      903      119     2367        0        0        0
 2467.000000     1137     1137        1        0     1137        0      920      917      121     2341        0        0        0
 2468.000000     1128     1128        1        0     1128        0      906      903      118     2331        0        0        0
 2469.000000     1139     1139        1        0     1139        0      916      914      122     2335        0        0        0
 2470.000000     1143     1143        1        0     1143        0      915      913      121     2335        0        0        0
 2471.000000     1130     1130        1        0     1130        0      904      899      124     2332        0        0        0
 2472.000000     1133     1133        1        0     1133        0      901      899      119     2317        0        0        0
 2473.000000     1127     1127        1        0     1127        0      903      899      121     2333        0        0        0
 2474.000000     1116     1116        1        0     1116        0      914      909      126     2355        0        0        0
 2475.000000     1116     1116        1        0     1116        0      921      919      109     2339        0        0        0
 2476.000000     1125     1125        1        0     1125        0      901      900      124     2316        0        0        0
 2477.000000     1127     1127        1        0     1127        0      910      909      124     2329        0        0        0
 2478.000000     1144     1144        1        0     1144        0      907      906      132     2304        0        0        0
 2479.000000     1120     1120        1        0     1120        0      899      897      125     2312        0        0        0
 2480.000000     1122     1122        1        0     1122        0      916      914      118     2304        0        0        0
 2481.000000     1124     1124        1        0     1124        0      898      897      133     2320        0        0        0
 2482.000000     1139     1139        1        0     1139        0      912      909      108     2326        0        0        0
 2483.000000     1140     1128        2        0     1140        0      910      907      123     2306        0        0        0
 2484.000000     1145     1133        2        0     1145        0      892      892      120     2297        0        0        0
 2485.000000     1139     1127        2        0     1139        0      902      898      120     2304        0        0        0
 2486.000000     1147     1147        1        0     1147        0      919      915      123     2299        0        0        0
 2487.000000     1132     1132        1        0     1132        0      902      897      125     2302        0        0        0
 2488.000000     1133     1133        1        0     1133        0      905      899      122     2297        0        0        0
 2489.000000     1130     1130        1        0     1130        0      914      909      123     2323        0        0        0
 2490.000000     1135     1135        1        0     1135        0      904      898      115     2300        0        0        0
 2491.000000     1132     1132        1        0     1132        0      910      905      127     2321        0        0        0
 2492.000000     1134     1134        1        0     1134        0      898      897      115     2312        0        0        0
 2493.000000     1151     1151        1        0     1151        0      885      882      133     2314        0        0        0
 2494.000000     1140     1140        1        0     1140        0      898      896      122     2312        0        0        0
 2495.000000     1143     1143        1        0     1143        0      905      902      131     2315        0        0        0
 2496.000000     1153     1153        1        0     1153        0      901      900      121     2329        0        0        0
 2497.000000     1146     1146        1        0     1146        0      894      892      124     2300        0        0        0
 2498.000000     1142     1142        1        0     1142        0      897      896      106     2294        0        0        0
 2499.000000     1132     1132        1        0     1132        0      890      889      119     2317        0        0        0
 2500.000000     1190     1190        1        0     1190        0      899      897      129     2349        0        0        0
 2501.000000     1166     1166        1        0     1166        0      901      897      125     2310        0        0        0
 2502.000000     1132     1132        1        0     1132        0      900      895      130     2311        0        0        0
 2503.000000     1158     1158        1        0     1158        0      905      904      128     2328        0        0        0
 2504.000000     1138     1138        1        0     1138        0      897      896      118     2306        0        0        0
 2505.000000     1138     1138        1        0     1138        0      911      908      112     2320        0        0        0
 2506.000000     1149     1149        1        0     1149        0      899      897      119     2293        0        0        0
 2507.000000     1139     1139        1        0     1139        0      899      893      122     2320        0        0        0
 2508.000000     1134     1134        1        0     1134        0      887      882      128     2281        0        0        0
 2509.000000     1151     1151        1        0     1151        0      904      900      129     2291        0        0        0
 2510.000000     1118     1118        1        0     1118        0      896      893      127     2304        0        0        0
 2511.000000     1115     1115        1        0     1115        0      886      881      133     2290        0        0        0
 2512.000000     1131     1131        1        0     1131        0      901      898      136     2315        0        0        0
 2513.000000     1133     1133        1        0     1133        0      906      904      113     2305        0        0        0
 2514.000000     1123     1123        1        0     1123        0      891      888      136     2314        0        0        0
 2515.000000     1120     1120        1        0     1120        0      901      899      129     2312        0        0        0
 2516.000000     1154     1154        1        0     1154        0      909      905      126     2326        0        0        0
 2517.000000     1154     1154        1        0     1154        0      902      898      130     2316        0        0        0
 2518.000000     1134     1134        1        0     1134        0      913      912      125     2319        0        0        0
 2519.000000     1123     1123        1        0     1123        0      902      901      114     2315        0        0        0
 2520.000000     1133     1133        1        0     1133        0      904      899      113     2305        0        0        0
 2521.000000     1135     1135        1        0     1135        0      913      909      122     2312        0        0        0
 2522.000000     1141     1141        1        0     1141        0      912      911      124     2322        0        0        0
 2523.000000     1133     1133        1        0     1133        0      909      907      109     2322        0        0        0
 2524.000000     1145     1145        1        0     1145        0      899      899      123     2324        0        0        0
 2525.000000     1128     1128        1        0     1128        0      901      899      138     2300        0        0        0
 2526.000000     1130     1130        1        0     1130        0      916      914      124     2299        0        0        0
 2527.000000     1128     1128        1        0     1128        0      901      901      127     2302        0        0        0
 2528.000000     1133     1133        1        0     1133        0      914      914      117     2304        0        0        0
 2529.000000     1130     1130        1        0     1130        0      894      893      140     2284        0        0        0
 2530.000000     1124     1124        1        0     1124        0      911      910      123     2306        0        0        0
 2531.000000     1130     1130        1        0     1130        0      886      881      136     2309        0        0        0
 2532.000000     1115     1115        1        0     1115        0      902      900      127     2290        0        0        0
 2533.000000     1119     1119        1        0     1119        0      913      908      127     2292        0        0        0
 2534.000000     1150     1150        1        0     1150        0      919      916      124     2308        0        0        0
 2535.000000     1130     1130        1        0     1130        0      894      891      125     2318        0        0        0
 2536.000000     1120     1120        1        0     1120        0      913      910      124     2305        0        0        0
 2537.000000     1113     1113        1        0     1113        0      917      915      107     2320        0        0        0
 2538.000000     1144     1144        1        0     1144        0      913      912      119     2305        0        0        0
 2539.000000     1126     1126        1        0     1126        0      913      912      119     2312        0        0        0
 2540.000000     1144     1144        1        0     1144        0      911      911      121     2347        0        0        0
 2541.000000     1126     1126        1        0     1126        0      906      903      121     2333        0        0        0
 2542.000000     1143     1143        1        0     1143        0      900      898      126     2312        0        0        0
 2543.000000     1125     1125        1        0     1125        0      904      904      124     2324        0        0        0
 2544.000000     1133     1133        1        0     1133        0      905      903      118     2314        0        0        0
 2545.000000     1126     1126        1        0     1126        0      902      902      129     2317        0        0        0
 2546.000000     1133     1133        1        0     1133        0      923      922      117     2330        0        0        0
 2547.000000     1131     1131        1        0     1131        0      895      893      120     2297        0        0        0
 2548.000000     1136     1136        1        0     1136        0      891      891      122     2315        0        0        0
 2549.000000     1122     1122        1        0     1122        0      910      907      116     2318        0        0        0
 2550.000000     1118     1118        1        0     1118        0      905      903      118     2320        0        0        0
 2551.000000     1107     1107        1        0     1107        0      913      913      109     2316        0        0        0
 2552.000000     1109     1109        1        0     1109        0      894      893      123     2298        0        0        0
 2553.000000     1111     1111        1        0     1111        0      907      905      132     2321        0        0        0
 2554.000000     1120     1120        1        0     1120        0      893      892      116     2303        0        0        0
 2555.000000     1133     1133        1        0     1133        0      905      905      123     2304        0        0        0
 2556.000000     1122     1122        1        0     1122        0      894      893      116     2306        0        0        0
 2557.000000     1133     1133        1        0     1133        0      898      897      124     2310        0        0        0
 2558.000000     1141     1141        1        0     1141        0      894      894      114     2293        0        0        0
 2559.000000     1126     1126        1        0     1126        0      903      902      124     2319        0        0        0
 2560.000000     1129     1117        2        0     1129        0      910      908      126     2316        0        0        0
 2561.000000     1121     1121        1        0     1121        0      905      901      106     2317        0        0        0
 2562.000000     1152     1140        2        0     1152        0      915      911      116     2334        0        0        0
 2563.000000     1152     1152        1        0     1152        0      895      892      124     2322        0        0        0
 2564.000000     1165     1165        1        0     1165        0      901      899      118     2352        0        0        0
 2565.000000     1155     1143        2        0     1155        0      896      895      135     2335        0        0        0
 2566.000000     1150     1138        2        0     1150        0      917      916      117     2323        0        0        0
 2567.000000     1139     1139        1        0     1139        0      905      903      133     2328        0        0        0
 2568.000000     1146     1146        1        0     1146        0      913      910      129     2316        0        0        0
 2569.000000     1137     1137        1        0     1137        0      907      904      119     2334        0        0        0
 2570.000000     1127     1127        1        0     1127        0      905      903      123     2324        0        0        0
 2571.000000     1150     1138        2        0     1150        0      918      917      119     2317        0        0        0
 2572.000000     1150     1138        2        0     1150        0      915      911      120     2339        0        0        0
 2573.000000     1151     1139        2        0     1151        0      895      894      116     2312        0        0        0
 2574.000000     1165     1153        2        0     1165        0      916      913      124     2289        0        0        0
 2575.000000     1154     1142        2        0     1154        0      898      895      125     2289        0        0        0
 2576.000000     1147     1135        2        0     1147        0      915      910      113     2311        0        0        0
 2577.000000     1136     1124        2        0     1136        0      896      891      126     2318        0        0        0
 2578.000000     1135     1135        1        0     1135        0      876      872      134     2283        0        0        0
 2579.000000     1113     1113        1        0     1113        0      894      892      116     2294        0        0        0
 2580.000000     1134     1122        2        0     1134        0      893      887      119     2322        0        0        0
 2581.000000     1150     1150        1        8     1136        6      900      900      116     2307        0        0        0
 2582.000000     1165     1165        1        8     1151        6      911      907      125     2326        0        0        0
 2583.000000     1162     1162        1       14     1148        0      905      905      111     2311        0        0        0
 2584.000000     1145     1145        1       14     1131        0      903      898      135     2331        0        0        0
 2585.000000     1149     1149        1        8     1135        6      901      899      127     2332        0        0        0
 2586.000000     1137     1137        1        0     1137        0      909      908      124     2331        0        0        0
 2587.000000     1146     1146        1        0     1146        0      906      903      123     2318        0        0        0
 2588.000000     1133     1121        2        0     1133        0      894      893      128     2341        0        0        0
 2589.000000     1116     1116        1        0     1116        0      901      900      123     2325        0        0        0
 2590.000000     1139     1139        1        0     1139        0      901      899      128     2295        0        0        0
 2591.000000     1113     1113        1        0     1113        0      906      904      124     2312        0        0        0
 2592.000000     1117     1104        2        0     1117        0      896      894      124     2284        0        0        0
 2593.000000     1146     1146        1        0     1146        0      900      898      119     2306        0        0        0
 2594.000000     1111     1111        1        0     1111        0      892      886      133     2304        0        0        0
 2595.000000     1124     1124        1        0     1124        0      901      899      116     2295        0        0        0
 2596.000000     1118     1118        1        0     1118        0      907      905      119     2307        0        0        0
 2597.000000     1099     1099        1        0     1099        0      896      895      112     2321        0        0        0
 2598.000000     1104     1104        1        0     1104        0      880      876      125     2339        0        0        0
 2599.000000     1120     1120        1        0     1120        0      889      886      125     2323        0        0        0
 2600.000000     1120     1120        1        0     1120        0      898      894      123     2288        0        0        0
 2601.000000     1098     1098        1        0     1098        0      886      883      121     2304        0        0        0
 2602.000000     1113     1113        1        0     1113        0      913      910      114     2293        0        0        0
 2603.000000     1103     1103        1        0     1103        0      896      893      133     2300        0        0        0
 2604.000000     1122     1122        1        0     1122        0      893      892      135     2314        0        0        0
 2605.000000     1115     1115        1        0     1115        0      911      910      123     2321        0        0        0
 2606.000000     1106     1106        1        0     1106        0      899      898      120     2310        0        0        0
 2607.000000     1104     1104        1        0     1104        0      906      905      121     2286        0        0        0
 2608.000000     1103     1103        1        0     1103        0      906      901      128     2281        0        0        0
 2609.000000     1114     1114        1        0     1114        0      904      904      111     2280        0        0        0
 2610.000000     1108     1108        1        0     1108        0      902      902      117     2293        0        0        0
 2611.000000     1090     1090        1        0     1090        0      902      900      110     2303        0        0        0
 2612.000000     1091     1091        1        0     1091        0      895      892      122     2311        0        0        0
 2613.000000     1108     1108        1        0     1108        0      903      903      109     2284        0        0        0
 2614.000000     1108     1108        1        0     1108        0      908      905      118     2314        0        0        0
 2615.000000     1120     1120        1        0     1120        0      891      890      114     2319        0        0        0
 2616.000000     1121     1121        1        0     1121        0      911      909      108     2302        0        0        0
 2617.000000     1097     1097        1        0     1097        0      895      894      111     2294        0        0        0
 2618.000000     1101     1101        1        0     1101        0      868      866      146     2290        0        0        0
 2619.000000     1097     1097        1        0     1097        0      909      907      111     2308        0        0        0
 2620.000000     1097     1097        1        0     1097        0      895      893      116     2273        0        0        0
 2621.000000     1100     1100        1        0     1100        0      890      887      133     2283        0        0        0
 2622.000000     1093     1093        1        0     1093        0      886      883      115     2297        0        0        0
 2623.000000     1085     1085        1        0     1085        0      896      894      111     2296        0        0        0
 2624.000000     1087     1087        1        0     1087        0      884      883      131     2287        0        0        0
 2625.000000     1087     1087        1        0     1087        0      872      869      123     2257        0        0        0
 2626.000000     1089     1089        1        0     1089        0      879      877      125     2233        0        0        0
 2627.000000     1087     1087        1        0     1087        0      884      882      126     2279        0        0        0
 2628.000000     1092     1092        1        0     1092        0      887      882      118     2287        0        0        0
 2629.000000     1078     1078        1        0     1078        0      885      883      122     2284        0        0        0
 2630.000000     1081     1081        1        0     1081        0      864      862      118     2263        0        0        0
 2631.000000     1100     1100        1        0     1100        0      876      873      119     2288        0        0        0
 2632.000000     1092     1092        1        0     1092        0      877      873      136     2264        0        0        0
 2633.000000     1078     1078        1        0     1078        0      873      872      118     2254        0        0        0
 2634.000000     1080     1080        1        0     1080        0      880      876      120     2274        0        0        0
 2635.000000     1080     1080        1        0     1080        0      880      879      128     2262        0        0        0
 2636.000000     1083     1083        1        0     1083        0      870      868      117     2243        0        0        0
 2637.000000     1064     1064        1        0     1064        0      866      862      112     2259        0        0        0
 2638.000000     1062     1062        1        0     1062        0      877      877      111     2264        0        0        0
 2639.000000     1063     1063        1        0     1063        0      879      876      124     2237        0        0        0
 2640.000000     1081     1081        1        0     1081        0      864      864      125     2266        0        0        0
 2641.000000     1091     1091        1        0     1091        0      883      883      110     2271        0        0        0
 2642.000000     1102     1102        1        0     1102        0      877      872      131     2294        0        0        0
 2643.000000     1090     1090        1        0     1090        0      866      864      120     2269        0        0        0
 2644.000000     1087     1087        1        0     1087        0      881      881      113     2290        0        0        0
 2645.000000     1094     1094        1        0     1094        0      879      878      118     2310        0        0        0
 2646.000000     1086     1086        1        0     1086        0      889      889      115     2288        0        0        0
 2647.000000     1104     1104        1        0     1104        0      882      881      111     2283        0        0        0
 2648.000000     1102     1102        1        0     1102        0      879      877      115     2287        0        0        0
 2649.000000     1096     1096        1        0     1096        0      890      889      110     2283        0        0        0
 2650.000000     1099     1099        1        0     1099        0      896      896      111     2295        0        0        0
 2651.000000     1099     1099        1        0     1099        0      896      895      111     2293        0        0        0
 2652.000000     1099     1099        1        0     1099        0      886      884      119     2298        0        0        0
 2653.000000     1087     1087        1        0     1087        0      895      893      120     2311        0        0        0
 2654.000000     1094     1094        1        0     1094        0      895      892      113     2290        0        0        0
 2655.000000     1095     1095        1        0     1095        0      880      879      122     2312        0        0        0
 2656.000000     1097     1097        1        0     1097        0      899      897      121     2297        0        0        0
 2657.000000     1094     1094        1        0     1094        0      868      865      138     2299        0        0        0
 2658.000000     1099     1086        2        0     1099        0      896      896      113     2289        0        0        0
 2659.000000     1100     1100        1        0     1100        0      891      891      102     2284        0        0        0
 2660.000000     1088     1088        1        0     1088        0      897      896      112     2296        0        0        0
 2661.000000     1099     1099        1        0     1099        0      905      904      111     2302        0        0        0
 2662.000000     1101     1101        1        0     1101        0      888      886      117     2286        0        0        0
 2663.000000     1101     1101        1        0     1101        0      906      904      107     2303        0        0        0
 2664.000000     1125     1125        1        0     1125        0      901      900      129     2325        0        0        0
 2665.000000     1090     1090        1        0     1090        0      898      897      123     2295        0        0        0
 2666.000000     1092     1092        1        0     1092        0      891      890      120     2277        0        0        0
 2667.000000     1098     1098        1        0     1098        0      890      890      120     2303        0        0        0
 2668.000000     1126     1126        1        0     1126        0      878      878      127     2295        0        0        0
 2669.000000     1085     1085        1        0     1085        0      888      887      126     2301        0        0        0
 2670.000000     1097     1097        1        0     1097        0      891      889      124     2296        0        0        0
 2671.000000     1089     1089        1        0     1089        0      887      885      110     2274        0        0        0
 2672.000000     1088     1088        1        0     1088        0      883      883      106     2255        0        0        0
 2673.000000     1085     1085        1        0     1085        0      895      895      111     2284        0        0        0
 2674.000000     1091     1091        1        0     1091        0      900      898      114     2265        0        0        0
 2675.000000     1091     1091        1        0     1091        0      892      890      130     2282        0        0        0
 2676.000000     1094     1094        1        0     1094        0      885      881      135     2292        0        0        0
 2677.000000     1082     1082        1        0     1082        0      898      896      116     2281        0        0        0
 2678.000000     1080     1080        1        0     1080        0      892      891      111     2287        0        0        0
 2679.000000     1091     1091        1        0     1091        0      891      887      117     2280        0        0        0
 2680.000000     1079     1079        1        0     1079        0      896      891      122     2291        0        0        0
 2681.000000     1079     1079        1        0     1079        0      889      887      118     2273        0        0        0
 2682.000000     1092     1092        1        0     1092        0      894      894      107     2288        0        0        0
 2683.000000     1078     1078        1        0     1078        0      872      866      127     2297        0        0        0
 2684.000000     1085     1085        1        0     1085        0      886      882      117     2292        0        0        0
 2685.000000     1078     1078        1        0     1078        0      896      895      112     2280        0        0        0
 2686.000000     1084     1084        1        0     1084        0      895      894      111     2300        0        0        0
 2687.000000     1087     1087        1        0     1087        0      902      901      117     2262        0        0        0
 2688.000000     1099     1099        1        0     1099        0      898      893      122     2295        0        0        0
 2689.000000     1093     1093        1        0     1093        0      895      893      128     2301        0        0        0
 2690.000000     1087     1087        1        0     1087        0      914      913      114     2313        0        0        0
 2691.000000     1087     1087        1        0     1087        0      906      902      126     2297        0        0        0
 2692.000000     1087     1087        1        0     1087        0      902      900      115     2306        0        0        0
 2693.000000     1089     1089        1        0     1089        0      910      909      105     2335        0        0        0
 2694.000000     1078     1078        1        0     1078        0      900      900      109     2302        0        0        0
 2695.000000     1116     1116        1        0     1116        0      892      892      119     2320        0        0        0
 2696.000000     1074     1074        1        0     1074        0      905      905       96     2305        0        0        0
 2697.000000     1089     1089        1        0     1089        0      902      901      111     2280        0        0        0
 2698.000000     1095     1095        1        0     1095        0      885      884      121     2276        0        0        0
 2699.000000     1094     1094        1        0     1094        0      901      901      108     2267        0        0        0
 2700.000000     1099     1099        1        0     1099        0      880      878      123     2265        0        0        0
 2701.000000     1119     1119        1        0     1119        0      904      904      109     2280        0        0        0
 2702.000000     1100     1100        1        0     1100        0      881      880      118     2302        0        0        0
 2703.000000     1098     1098        1        0     1098        0      906      906      103     2279        0        0        0
 2704.000000     1101     1101        1        0     1101        0      908      908      106     2302        0        0        0
 2705.000000     1099     1099        1        0     1099        0      892      892      120     2277        0        0        0
 2706.000000     1097     1097        1        0     1097        0      888      885      115     2282        0        0        0
 2707.000000     1099     1099        1        0     1099        0      891      890      104     2281        0        0        0
 2708.000000     1096     1096        1        0     1096        0      883      883      128     2327        0        0        0
 2709.000000     1075     1075        1        0     1075        0      885      883      102     2301        0        0        0
 2710.000000     1058     1058        1        0     1058        0      886      884      109     2274        0        0        0
 2711.000000     1093     1093        1        0     1093        0      878      875      118     2307        0        0        0
 2712.000000     1092     1092        1        0     1092        0      883      883      118     2329        0        0        0
 2713.000000     1112     1112        1        0     1112        0      884      884      114     2319        0        0        0
 2714.000000     1095     1095        1        0     1095        0      873      870      131     2296        0        0        0
 2715.000000     1116     1116        1       15     1101        0      888      884      113     2313        0        0        0
 2716.000000     1104     1104        1        0     1104        0      892      889      115     2327        0        0        0
 2717.000000     1101     1101        1        0     1101        0      898      896      112     2332        0        0        0
 2718.000000     1095     1095        1        0     1095        0      876      872      125     2301        0        0        0
 2719.000000     1091     1091        1        0     1091        0      890      887      113     2304        0        0        0
 2720.000000     1095     1095        1        0     1095        0      892      891      125     2293        0        0        0
 2721.000000     1105     1105        1        0     1105        0      894      894      117     2315        0        0        0
 2722.000000     1120     1120        1        0     1120        0      924      922      103     2301        0        0        0
 2723.000000     1113     1113        1        0     1113        0      897      893      119     2296        0        0        0
 2724.000000     1119     1119        1        0     1119        0      901      899      125     2309        0        0        0
 2725.000000     1100     1100        1        0     1100        0      903      902      106     2309        0        0        0
 2726.000000     1110     1110        1        0     1110        0      895      892      128     2300        0        0        0
 2727.000000     1120     1120        1       14     1106        0      912      910      115     2311        0        0        0
 2728.000000     1137     1137        1       18     1119        0      903      901      119     2331        0        0        0
 2729.000000     1147     1147        1       15     1132        0      906      906      117     2326        0        0        0
 2730.000000     1138     1138        1        0     1138        0      910      909      117     2346        0        0        0
 2731.000000     1122     1122        1        0     1122        0      901      898      126     2326        0        0        0
 2732.000000     1122     1122        1        0     1122        0      887      884      125     2318        0        0        0
 2733.000000     1117     1117        1        0     1117        0      906      901      118     2307        0        0        0
 2734.000000     1123     1123        1        0     1123        0      921      917      112     2336        0        0        0
 2735.000000     1105     1105        1        0     1105        0      912      910      107     2320        0        0        0
 2736.000000     1125     1125        1        0     1125        0      908      908      102     2311        0        0        0
 2737.000000     1127     1127        1        0     1127        0      896      893      117     2319        0        0        0
 2738.000000     1126     1126        1        0     1126        0      900      897      101     2307        0        0        0
 2739.000000     1093     1093        1        0     1093        0      903      901      111     2305        0        0        0
 2740.000000     1106     1106        1        0     1106        0      900      900      121     2324        0        0        0
 2741.000000     1099     1099        1        0     1099        0      898      897      121     2287        0        0        0
 2742.000000     1114     1114        1        0     1114        0      918      917      105     2336        0        0        0
 2743.000000     1113     1113        1        0     1113        0      905      903      118     2297        0        0        0
 2744.000000     1109     1097        2        0     1109        0      897      897      115     2300        0        0        0
 2745.000000     1105     1105        1        0     1105        0      901      900      108     2315        0        0        0
 2746.000000     1114     1114        1        0     1114        0      912      911      110     2321        0        0        0
 2747.000000     1121     1121        1       12     1106        3      903      902      105     2293        0        0        0
 2748.000000     1105     1105        1        0     1105        0      907      905      110     2292        0        0        0
 2749.000000     1099     1099        1        0     1099        0      900      897      106     2289        0        0        0
 2750.000000     1101     1101        1        0     1101        0      899      897      110     2281        0        0        0
 2751.000000     1096     1096        1        0     1096        0      900      898      110     2299        0        0        0
 2752.000000     1090     1090        1        0     1090        0      903      901      109     2283        0        0        0
 2753.000000     1095     1095        1        0     1095        0      904      904      106     2279        0        0        0
 2754.000000     1093     1093        1        0     1093        0      904      901      112     2309        0        0        0
 2755.000000     1097     1097        1        0     1097        0      892      892      107     2301        0        0        0
 2756.000000     1106     1106        1       13     1088        5      891      889      109     2300        0        0        0
 2757.000000     1117     1117        1       10     1103        4      881      880      113     2277        0        0        0
 2758.000000     1092     1092        1        0     1092        0      892      891      106     2253        0        0        0
 2759.000000     1107     1107        1        0     1107        0      892      890      112     2299        0        0        0
 2760.000000     1111     1111        1        0     1111        0      900      897      123     2288        0        0        0
 2761.000000     1095     1095        1        0     1095        0      886      882      125     2290        0        0        0
 2762.000000     1103     1103        1        0     1103        0      888      887      128     2304        0        0        0
 2763.000000     1126     1126        1       15     1108        3      895      893      112     2274        0        0        0
 2764.000000     1088     1088        1        0     1088        0      880      879      108     2251        0        0        0
 2765.000000     1107     1107        1        0     1107        0      905      905       99     2303        0        0        0
 2766.000000     1107     1107        1        0     1107        0      886      883      119     2293        0        0        0
 2767.000000     1120     1120        1        9     1106        5      888      888      115     2310        0        0        0
 2768.000000     1101     1101        1       10     1087        4      875      872      113     2290        0        0        0
 2769.000000     1099     1099        1       10     1085        4      888      886      120     2299        0        0        0
 2770.000000     1118     1118        1       10     1104        4      896      895      105     2267        0        0        0
 2771.000000     1117     1117        1        7     1103        7      891      890      108     2290        0        0        0
 2772.000000     1114     1114        1       10     1100        4      881      878      117     2277        0        0        0
 2773.000000     1161     1161        1       13     1143        5      895      894      106     2315        0        0        0
 2774.000000     1110     1110        1        0     1110        0      888      886      114     2297        0        0        0
 2775.000000     1130     1130        1        0     1130        0      895      895      109     2314        0        0        0
 2776.000000     1122     1122        1        0     1122        0      894      892      112     2295        0        0        0
 2777.000000     1094     1094        1        0     1094        0      886      885      112     2267        0        0        0
 2778.000000     1102     1102        1        0     1102        0      887      886      120     2284        0        0        0
 2779.000000     1123     1123        1        0     1123        0      886      883      129     2306        0        0        0
 2780.000000     1117     1117        1        0     1117        0      900      900      105     2296        0        0        0
 2781.000000     1130     1130        1        0     1130        0      887      883      124     2270        0        0        0
 2782.000000     1109     1109        1        0     1109        0      905      903      114     2320        0        0        0
 2783.000000     1128     1128        1        0     1128        0      892      892      116     2320        0        0        0
 2784.000000     1104     1104        1        0     1104        0      890      889      108     2298        0        0        0
 2785.000000     1140     1140        1        0     1140        0      886      886      122     2281        0        0        0
 2786.000000     1118     1118        1        0     1118        0      900      898      112     2296        0        0        0
 2787.000000     1133     1133        1       11     1118        4      882      882      123     2294        0        0        0
 2788.000000     1134     1134        1        0     1134        0      897      895      130     2315        0        0        0
 2789.000000     1125     1125        1        0     1125        0      890      888      125     2308        0        0        0
 2790.000000     1133     1133        1        0     1133        0      895      892      123     2320        0        0        0
 2791.000000     1140     1140        1       11     1126        3      899      899      125     2320        0        0        0
 2792.000000     1138     1138        1        0     1138        0      900      899      127     2324        0        0        0
 2793.000000     1117     1117        1        0     1117        0      899      898      129     2298        0        0        0
 2794.000000     1139     1139        1       12     1125        2      909      908      106     2328        0        0        0
 2795.000000     1111     1111        1        0     1111        0      902      898      131     2317        0        0        0
 2796.000000     1119     1119        1        0     1119        0      899      897      113     2348        0        0        0
 2797.000000     1118     1118        1        0     1118        0      915      914      109     2356        0        0        0
 2798.000000     1132     1132        1        0     1132        0      893      892      124     2305        0        0        0
 2799.000000     1121     1121        1        0     1121        0      904      901      125     2309        0        0        0
 2800.000000     1116     1116        1        0     1116        0      891      888      106     2301        0        0        0
 2801.000000     1111     1111        1        0     1111        0      892      892       99     2330        0        0        0
 2802.000000     1115     1115        1        0     1115        0      906      902      104     2315        0        0        0
 2803.000000     1115     1115        1        0     1115        0      900      899      112     2259        0        0        0
 2804.000000     1112     1112        1        0     1112        0      910      906      112     2285        0        0        0
 2805.000000     1131     1131        1       10     1116        5      898      896      109     2267        0        0        0
 2806.000000     1124     1124        1        0     1124        0      894      893      120     2296        0        0        0
 2807.000000     1158     1158        1        0     1158        0      905      904      119     2301        0        0        0
 2808.000000     1149     1149        1        0     1149        0      903      900      116     2307        0        0        0
 2809.000000     1138     1138        1        0     1138        0      897      895      109     2289        0        0        0
 2810.000000     1147     1147        1        0     1147        0      901      900      107     2297        0        0        0
 2811.000000     1130     1130        1        0     1130        0      889      886      127     2281        0        0        0
 2812.000000     1130     1130        1        0     1130        0      904      902      114     2284        0        0        0
 2813.000000     1133     1133        1        0     1133        0      901      899      118     2279        0        0        0
 2814.000000     1146     1146        1        0     1146        0      914      910       99     2311        0        0        0
 2815.000000     1138     1138        1        0     1138        0      913      910      107     2293        0        0        0
 2816.000000     1147     1147        1        0     1147        0      892      889      126     2311        0        0        0
 2817.000000     1121     1121        1        0     1121        0      889      887      123     2296        0        0        0
 2818.000000     1110     1110        1        0     1110        0      899      899      110     2305        0        0        0
 2819.000000     1116     1116        1        0     1116        0      908      906      109     2276        0        0        0
 2820.000000     1106     1106        1        0     1106        0      906      900      111     2292        0        0        0
 2821.000000     1125     1125        1        0     1125        0      885      883      114     2284        0        0        0
 2822.000000     1129     1129        1        0     1129        0      889      886      109     2295        0        0        0
 2823.000000     1135     1135        1        0     1135        0      895      893      112     2298        0        0        0
 2824.000000     1143     1143        1        0     1143        0      911      908      103     2294        0        0        0
 2825.000000     1123     1123        1        0     1123        0      913      910      109     2271        0        0        0
 2826.000000     1126     1126        1        0     1126        0      904      904      110     2263        0        0        0
 2827.000000     1138     1138        1        0     1138        0      906      904      117     2305        0        0        0
 2828.000000     1132     1132        1        0     1132        0      906      904      100     2292        0        0        0
 2829.000000     1138     1138        1        0     1138        0      889      888      126     2293        0        0        0
 2830.000000     1114     1114        1        0     1114        0      898      896      120     2300        0        0        0
 2831.000000     1151     1151        1        0     1151        0      895      893      114     2315        0        0        0
 2832.000000     1123     1123        1        0     1123        0      894      893      120     2333        0        0        0
 2833.000000     1105     1105        1        0     1105        0      901      896      118     2311        0        0        0
 2834.000000     1107     1107        1        0     1107        0      905      900      113     2301        0        0        0
 2835.000000     1109     1109        1        0     1109        0      887      884      120     2294        0        0        0
 2836.000000     1098     1098        1        0     1098        0      910      908      116     2284        0        0        0
 2837.000000     1115     1115        1        0     1115        0      895      891      110     2278        0        0        0
 2838.000000     1107     1107        1        0     1107        0      900      899      107     2302        0        0        0
 2839.000000     1104     1104        1        0     1104        0      903      898      123     2291        0        0        0
 2840.000000     1156     1156        1        0     1156        0      888      884      129     2304        0        0        0
 2841.000000     1143     1143        1        0     1143        0      883      882      117     2303        0        0        0
 2842.000000     1121     1121        1        0     1121        0      903      898      111     2293        0        0        0
 2843.000000     1132     1132        1        0     1132        0      890      886      121     2292        0        0        0
 2844.000000     1133     1133        1        0     1133        0      868      863      150     2320        0        0        0
 2845.000000     1126     1126        1        0     1126        0      898      894      129     2324        0        0        0
 2846.000000     1139     1139        1        0     1139        0      904      902      110     2336        0        0        0
 2847.000000     1148     1148        1        0     1148        0      896      892      132     2318        0        0        0
 2848.000000     1133     1133        1        0     1133        0      902      900      116     2328        0        0        0
 2849.000000     1134     1134        1        0     1134        0      891      887      122     2297        0        0        0
 2850.000000     1138     1138        1       15     1123        0      884      881      118     2283        0        0        0
 2851.000000     1112     1112        1        0     1112        0      902      899      112     2301        0        0        0
 2852.000000     1127     1127        1       15     1112        0      898      896      113     2299        0        0        0
 2853.000000     1141     1141        1        0     1141        0      898      895      115     2300        0        0        0
 2854.000000     1124     1124        1        0     1124        0      897      895      117     2290        0        0        0
 2855.000000     1125     1125        1        0     1125        0      884      881      121     2321        0        0        0
 2856.000000     1129     1129        1        0     1129        0      896      894      122     2309        0        0        0
 2857.000000     1140     1140        1        0     1140        0      894      891      117     2293        0        0        0
 2858.000000     1140     1140        1        0     1140        0      899      896      108     2286        0        0        0
 2859.000000     1118     1118        1        0     1118        0      900      898      100     2291        0        0        0
 2860.000000     1147     1147        1        0     1147        0      906      900      118     2311        0        0        0
 2861.000000     1125     1125        1        0     1125        0      891      888      129     2294        0        0        0
 2862.000000     1131     1131        1        0     1131        0      897      896      108     2321        0        0        0
 2863.000000     1137     1137        1        0     1137        0      907      902      122     2331        0        0        0
 2864.000000     1129     1129        1        0     1129        0      904      897      128     2334        0        0        0
 2865.000000     1144     1144        1        0     1144        0      901      898      123     2322        0        0        0
 2866.000000     1118     1118        1        0     1118        0      902      896      122     2302        0        0        0
 2867.000000     1112     1112        1        0     1112        0      901      896      117     2285        0        0        0
 2868.000000     1142     1142        1        0     1142        0      906      903      126     2288        0        0        0
 2869.000000     1125     1125        1        0     1125        0      884      880      123     2302        0        0        0
 2870.000000     1131     1131        1        0     1131        0      899      896      121     2287        0        0        0
 2871.000000     1107     1107        1        0     1107        0      885      882      124     2291        0        0        0
 2872.000000     1106     1106        1        0     1106        0      899      892      123     2293        0        0        0
 2873.000000     1121     1121        1        0     1121        0      885      884      116     2271        0        0        0
 2874.000000     1104     1104        1        0     1104        0      908      907      113     2281        0        0        0
 2875.000000     1143     1143        1        0     1143        0      900      898      120     2297        0        0        0
 2876.000000     1107     1107        1        0     1107        0      905      900      114     2295        0        0        0
 2877.000000     1101     1101        1        0     1101        0      904      902      123     2279        0        0        0
 2878.000000     1111     1111        1        0     1111        0      910      908      108     2300        0        0        0
 2879.000000     1122     1122        1        0     1122        0      905      903      130     2309        0        0        0
 2880.000000     1107     1107        1        0     1107        0      894      892      130     2286        0        0        0
 2881.000000     1131     1131        1        0     1131        0      893      887      117     2312        0        0        0
 2882.000000     1135     1135        1        0     1135        0      903      901      120     2309        0        0        0
 2883.000000     1134     1134        1        0     1134        0      915      912      120     2281        0        0        0
 2884.000000     1127     1127        1        0     1127        0      894      891      130     2272        0        0        0
 2885.000000     1131     1131        1        0     1131        0      904      901      117     2283        0        0        0
 2886.000000     1135     1135        1        0     1135        0      894      890      112     2273        0        0        0
 2887.000000     1116     1116        1        0     1116        0      887      885      126     2279        0        0        0
 2888.000000     1124     1124        1        0     1124        0      887      884      135     2251        0        0        0
 2889.000000     1122     1122        1        0     1122        0      899      898      126     2254        0        0        0
 2890.000000     1113     1113        1        0     1113        0      888      887      130     2289        0        0        0
 2891.000000     1123     1123        1        0     1123        0      901      901      133     2307        0        0        0
 2892.000000     1135     1135        1        0     1135        0      897      892      131     2304        0        0        0
 2893.000000     1151     1151        1        0     1151        0      898      896      130     2300        0        0        0
 2894.000000     1116     1116        1        0     1116        0      905      901      121     2303        0        0        0
 2895.000000     1116     1116        1        0     1116        0      911      904      128     2281        0        0        0
 2896.000000     1124     1124        1        0     1124        0      896      893      124     2286        0        0        0
 2897.000000     1123     1123        1        0     1123        0      901      900      134     2278        0        0        0
 2898.000000     1122     1122        1        0     1122        0      893      890      127     2322        0        0        0
 2899.000000     1140     1140        1        0     1140        0      914      911      115     2291        0        0        0
 2900.000000     1132     1132        1        0     1132        0      896      895      110     2291        0        0        0
 2901.000000     1120     1120        1        0     1120        0      898      897      134     2282        0        0        0
 2902.000000     1156     1156        1        0     1156        0      904      898      128     2304        0        0        0
 2903.000000     1156     1156        1        0     1156        0      899      896      113     2286        0        0        0
 2904.000000     1148     1148        1        0     1148        0      900      897      120     2282        0        0        0
 2905.000000     1126     1126        1        0     1126        0      910      907      114     2288        0        0        0
 2906.000000     1132     1132        1        0     1132        0      915      911      107     2275        0        0        0
 2907.000000     1134     1134        1        0     1134        0      909      907      120     2265        0        0        0
 2908.000000     1133     1133        1        0     1133        0      910      908      112     2305        0        0        0
 2909.000000     1125     1125        1        0     1125        0      907      904      129     2304        0        0        0
 2910.000000     1126     1126        1        0     1126        0      898      896      131     2304        0        0        0
 2911.000000     1159     1159        1        0     1159        0      908      906      127     2289        0        0        0
 2912.000000     1137     1137        1        0     1137        0      908      907      116     2306        0        0        0
 2913.000000     1137     1137        1        0     1137        0      902      902      132     2266        0        0        0
 2914.000000     1126     1126        1        0     1126        0      909      909      115     2300        0        0        0
 2915.000000     1140     1140        1        0     1140        0      895      894      109     2288        0        0        0
 2916.000000     1137     1137        1        0     1137        0      918      918      109     2303        0        0        0
 2917.000000     1132     1132        1        0     1132        0      893      888      123     2291        0        0        0
 2918.000000     1124     1124        1        0     1124        0      902      901      115     2329        0        0        0
 2919.000000     1131     1131        1        0     1131        0      899      898      113     2287        0        0        0
 2920.000000     1131     1131        1        0     1131        0      894      893      121     2290        0        0        0
 2921.000000     1124     1124        1        0     1124        0      906      905      119     2275        0        0        0
 2922.000000     1131     1131        1        0     1131        0      895      893      117     2296        0        0        0
 2923.000000     1131     1131        1        0     1131        0      915      914      118     2298        0        0        0
 2924.000000     1125     1125        1        0     1125        0      915      914      113     2323        0        0        0
 2925.000000     1130     1130        1        0     1130        0      911      907      110     2325        0        0        0
 2926.000000     1122     1122        1        0     1122        0      926      926      117     2285        0        0        0
 2927.000000     1136     1136        1        0     1136        0      927      927      107     2297        0        0        0
 2928.000000     1134     1134        1        0     1134        0      915      912      102     2305        0        0        0
 2929.000000     1145     1145        1        0     1145        0      911      909      119     2313        0        0        0
 2930.000000     1143     1143        1        0     1143        0      912      911      121     2308        0        0        0
 2931.000000     1136     1136        1        0     1136        0      906      904      117     2278        0        0        0
 2932.000000     1140     1140        1        0     1140        0      911      910      113     2319        0        0        0
 2933.000000     1137     1137        1        0     1137        0      924      922      110     2308        0        0        0
 2934.000000     1137     1137        1        0     1137        0      927      923      101     2281        0        0        0
 2935.000000     1136     1136        1        0     1136        0      916      915      112     2281        0        0        0
 2936.000000     1147     1147        1        0     1147        0      925      919      116     2294        0        0        0
 2937.000000     1151     1151        1        0     1151        0      918      915      111     2293        0        0        0
 2938.000000     1139     1139        1        0     1139        0      919      918      118     2301        0        0        0
 2939.000000     1136     1136        1        0     1136        0      908      905      127     2285        0        0        0
 2940.000000     1138     1138        1        0     1138        0      907      906      120     2258        0        0        0
 2941.000000     1149     1149        1        0     1149        0      923      923      114     2274        0        0        0
 2942.000000     1169     1169        1        0     1169        0      916      914      116     2300        0        0        0
 2943.000000     1161     1161        1        0     1161        0      921      920      113     2298        0        0        0
 2944.000000     1157     1157        1        0     1157        0      904      901      125     2295        0        0        0
 2945.000000     1159     1159        1        0     1159        0      902      902      120     2317        0        0        0
 2946.000000     1156     1156        1        0     1156        0      907      904      130     2300        0        0        0
 2947.000000     1162     1162        1        0     1162        0      926      924      112     2311        0        0        0
 2948.000000     1177     1177        1        0     1177        0      915      915      124     2299        0        0        0
 2949.000000     1179     1179        1        0     1179        0      913      911      121     2323        0        0        0
 2950.000000     1177     1177        1        0     1177        0      922      918      110     2321        0        0        0
 2951.000000     1154     1154        1        0     1154        0      911      911      115     2306        0        0        0
 2952.000000     1139     1139        1        0     1139        0      936      933      105     2294        0        0        0
 2953.000000     1129     1129        1        0     1129        0      927      926      107     2298        0        0        0
 2954.000000     1145     1145        1        0     1145        0      918      918      117     2298        0        0        0
 2955.000000     1139     1139        1        0     1139        0      924      922      121     2305        0        0        0
 2956.000000     1138     1138        1        0     1138        0      918      917      118     2295        0        0        0
 2957.000000     1133     1133        1        0     1133        0      929      928      119     2257        0        0        0
 2958.000000     1136     1136        1        0     1136        0      945      941      122     2316        0        0        0
 2959.000000     1143     1143        1        0     1143        0      928      923      116     2308        0        0        0
 2960.000000     1143     1143        1        0     1143        0      943      940      112     2315        0        0        0
 2961.000000     1149     1149        1        0     1149        0      932      930      122     2317        0        0        0
 2962.000000     1151     1151        1        0     1151        0      908      905      105     2288        0        0        0
 2963.000000     1145     1145        1        0     1145        0      918      914      123     2298        0        0        0
 2964.000000     1143     1143        1        0     1143        0      924      921      124     2319        0        0        0
 2965.000000     1138     1138        1        0     1138        0      925      921      114     2326        0        0        0
 2966.000000     1140     1140        1        0     1140        0      921      916      116     2308        0        0        0
 2967.000000     1156     1156        1       14     1142        0      930      929      103     2304        0        0        0
 2968.000000     1164     1164        1       14     1150        0      920      920      112     2325        0        0        0
 2969.000000     1141     1141        1        0     1141        0      928      924      127     2313        0        0        0
 2970.000000     1137     1137        1        0     1137        0      938      936      112     2325        0        0        0
 2971.000000     1136     1136        1        0     1136        0      935      931      119     2312        0        0        0
 2972.000000     1144     1144        1        0     1144        0      924      918      137     2333        0        0        0
 2973.000000     1135     1135        1        0     1135        0      940      934      117     2312        0        0        0
 2974.000000     1157     1157        1        0     1157        0      930      928      119     2324        0        0        0
 2975.000000     1155     1155        1        0     1155        0      931      926      115     2319        0        0        0
 2976.000000     1169     1169        1        0     1169        0      920      914      118     2346        0        0        0
 2977.000000     1162     1162        1        0     1162        0      943      941       99     2317        0        0        0
 2978.000000     1161     1161        1        0     1161        0      925      924      113     2336        0        0        0
 2979.000000     1164     1164        1        0     1164        0      932      931      116     2345        0        0        0
 2980.000000     1159     1159        1        0     1159        0      931      930      119     2350        0        0        0
 2981.000000     1174     1174        1        0     1174        0      929      929      120     2348        0        0        0
 2982.000000     1141     1141        1        0     1141        0      920      920      133     2336        0        0        0
 2983.000000     1171     1171        1        0     1171        0      931      929      106     2368        0        0        0
 2984.000000     1170     1170        1        0     1170        0      919      918      109     2345        0        0        0
 2985.000000     1173     1173        1       11     1159        3      929      926      135     2324        0        0        0
 2986.000000     1135     1135        1        0     1135        0      924      920      127     2332        0        0        0
 2987.000000     1146     1146        1        0     1146        0      934      932      112     2325        0        0        0
 2988.000000     1128     1128        1        0     1128        0      934      932      113     2322        0        0        0
 2989.000000     1128     1128        1        0     1128        0      935      933      108     2315        0        0        0
 2990.000000     1134     1134        1        0     1134        0      933      932      117     2323        0        0        0
 2991.000000     1152     1152        1        0     1152        0      939      938      114     2357        0        0        0
 2992.000000     1130     1130        1        0     1130        0      938      936      123     2347        0        0        0
 2993.000000     1147     1147        1        0     1147        0      940      936      110     2363        0        0        0
 2994.000000     1137     1137        1        0     1137        0      916      913      136     2365        0        0        0
 2995.000000     1155     1155        1        0     1155        0      936      933      129     2344        0        0        0
 2996.000000     1148     1148        1        0     1148        0      924      920      119     2371        0        0        0
 2997.000000     1148     1148        1        0     1148        0      928      926      128     2350        0        0        0
 2998.000000     1170     1170        1        0     1170        0      942      935      142     2367        0        0        0
 2999.000000     1163     1163        1        0     1163        0      946      945      123     2385        0        0        0
 3000.000000     1179     1179        1        0     1179        0      939      936      124     2373        0        0        0
 3001.000000     1152     1152        1        0     1152        0      946      943      125     2381        0        0        0
 3002.000000     1165     1165        1        0     1165        0      932      929      107     2353        0        0        0
 3003.000000     1175     1175        1        0     1175        0      944      944      116     2369        0        0        0
 3004.000000     1165     1165        1        0     1165        0      938      934      114     2360        0        0        0
 3005.000000     1156     1156        1        0     1156        0      938      936      125     2354        0        0        0
 3006.000000     1152     1152        1        0     1152        0      920      918      141     2352        0        0        0
 3007.000000     1159     1159        1        0     1159        0      939      938      122     2351        0        0        0
 3008.000000     1168     1168        1        0     1168        0      936      933      118     2350        0        0        0
 3009.000000     1154     1154        1        0     1154        0      932      929      133     2400        0        0        0
 3010.000000     1150     1150        1        0     1150        0      923      918      136     2358        0        0        0
 3011.000000     1146     1146        1        0     1146        0      950      947      108     2357        0        0        0
 3012.000000     1147     1147        1        0     1147        0      952      947      112     2348        0        0        0
 3013.000000     1135     1135        1        0     1135        0      941      937      120     2373        0        0        0
 3014.000000     1140     1140        1        0     1140        0      942      936      125     2370        0        0        0
 3015.000000     1142     1142        1        0     1142        0      927      925      120     2386        0        0        0
 3016.000000     1138     1138        1        0     1138        0      942      936      118     2366        0        0        0
 3017.000000     1146     1146        1        0     1146        0      944      939      116     2389        0        0        0
 3018.000000     1147     1147        1        0     1147        0      953      949      129     2339        0        0        0
 3019.000000     1156     1156        1        0     1156        0      950      949      122     2370        0        0        0
 3020.000000     1158     1158        1        0     1158        0      950      949      113     2368        0        0        0
 3021.000000     1148     1148        1        0     1148        0      933      931      135     2371        0        0        0
 3022.000000     1142     1142        1        0     1142        0      940      936      117     2357        0        0        0
 3023.000000     1136     1136        1        0     1136        0      940      936      118     2350        0        0        0
 3024.000000     1138     1138        1        0     1138        0      945      941      119     2329        0        0        0
 3025.000000     1160     1160        1        0     1160        0      938      935      124     2339        0        0        0
 3026.000000     1154     1154        1        0     1154        0      922      918      118     2348        0        0        0
 3027.000000     1145     1132        2        0     1145        0      923      923      118     2353        0        0        0
 3028.000000     1151     1139        2        0     1151        0      931      929      115     2356        0        0        0
 3029.000000     1179     1167        2       19     1160        0      930      924      124     2379        0        0        0
 3030.000000     1155     1155        1        0     1155        0      927      925      120     2356        0        0        0
 3031.000000     1150     1150        1        0     1150        0      941      940      115     2342        0        0        0
 3032.000000     1149     1149        1        0     1149        0      936      935      118     2343        0        0        0
 3033.000000     1142     1142        1        0     1142        0      938      936      106     2346        0        0        0
 3034.000000     1149     1149        1        0     1149        0      930      929      118     2353        0        0        0
 3035.000000     1143     1143        1        0     1143        0      949      949      106     2356        0        0        0
 3036.000000     1152     1152        1        0     1152        0      942      939      119     2375        0        0        0
 3037.000000     1153     1153        1        0     1153        0      952      949      107     2354        0        0        0
 3038.000000     1155     1155        1        0     1155        0      958      957      103     2355        0        0        0
 3039.000000     1174     1174        1        0     1174        0      923      919      125     2341        0        0        0
 3040.000000     1148     1148        1        0     1148        0      945      942      122     2354        0        0        0
 3041.000000     1173     1173        1        0     1173        0      948      948      104     2371        0        0        0
 3042.000000     1159     1159        1        0     1159        0      945      945      119     2353        0        0        0
 3043.000000     1152     1152        1        0     1152        0      946      944      111     2328        0        0        0
 3044.000000     1165     1165        1        0     1165        0      936      932      110     2343        0        0        0
 3045.000000     1158     1158        1        0     1158        0      937      937      118     2353        0        0        0
 3046.000000     1167     1167        1        0     1167        0      923      921      124     2342        0        0        0
 3047.000000     1186     1186        1        0     1186        0      918      915      125     2334        0        0        0
 3048.000000     1168     1168        1        0     1168        0      929      926      121     2338        0        0        0
 3049.000000     1166     1166        1        0     1166        0      941      940      109     2350        0        0        0
 3050.000000     1172     1172        1        0     1172        0      943      942      107     2357        0        0        0
 3051.000000     1167     1167        1        0     1167        0      945      945      112     2368        0        0        0
 3052.000000     1159     1159        1        0     1159        0      940      939      120     2404        0        0        0
 3053.000000     1171     1171        1        0     1171        0      949      947      112     2386        0        0        0
 3054.000000     1179     1179        1        0     1179        0      930      927      109     2379        0        0        0
 3055.000000     1182     1182        1        0     1182        0      942      940      122     2386        0        0        0
 3056.000000     1178     1178        1        0     1178        0      951      950      116     2374        0        0        0
 3057.000000     1170     1170        1        0     1170        0      956      954      105     2348        0        0        0
 3058.000000     1192     1192        1       16     1176        0      925      925      115     2376        0        0        0
 3059.000000     1161     1161        1        0     1161        0      935      934      128     2358        0        0        0
 3060.000000     1190     1190        1        0     1190        0      939      938      113     2354        0        0        0
 3061.000000     1173     1173        1        0     1173        0      944      944      111     2368        0        0        0
 3062.000000     1181     1181        1        0     1181        0      938      935      106     2378        0        0        0
 3063.000000     1179     1179        1        0     1179        0      932      927      125     2345        0        0        0
 3064.000000     1221     1221        1        0     1221        0      935      934      113     2390        0        0        0
 3065.000000     1218     1218        1        0     1218        0      939      936      123     2380        0        0        0
 3066.000000     1212     1212        1        0     1212        0      934      932      124     2382        0        0        0
 3067.000000     1203     1203        1        0     1203        0      945      943      123     2372        0        0        0
 3068.000000     1192     1192        1        0     1192        0      952      950      116     2348        0        0        0
 3069.000000     1196     1196        1        0     1196        0      935      934      129     2369        0        0        0
 3070.000000     1214     1214        1        0     1214        0      948      944      121     2379        0        0        0
 3071.000000     1202     1202        1        0     1202        0      939      937      123     2381        0        0        0
 3072.000000     1198     1198        1        0     1198        0      945      941      128     2348        0        0        0
 3073.000000     1215     1215        1        0     1215        0      943      942      128     2364        0        0        0
 3074.000000     1186     1186        1        0     1186        0      938      936      128     2358        0        0        0
 3075.000000     1192     1192        1        0     1192        0      949      947      126     2363        0        0        0
 3076.000000     1184     1184        1        0     1184        0      943      939      116     2363        0        0        0
 3077.000000     1185     1185        1        0     1185        0      932      929      130     2349        0        0        0
 3078.000000     1183     1183        1        0     1183        0      919      918      129     2373        0        0        0
 3079.000000     1192     1192        1        0     1192        0      931      927      114     2365        0        0        0
 3080.000000     1185     1185        1        0     1185        0      946      944      117     2365        0        0        0
 3081.000000     1168     1168        1        0     1168        0      940      938      131     2370        0        0        0
 3082.000000     1160     1160        1        0     1160        0      931      929      117     2353        0        0        0
 3083.000000     1161     1161        1        0     1161        0      929      929      119     2367        0        0        0
 3084.000000     1177     1177        1        0     1177        0      943      942      121     2360        0        0        0
 3085.000000     1165     1165        1        0     1165        0      926      923      127     2393        0        0        0
 3086.000000     1154     1154        1        0     1154        0      930      925      128     2376        0        0        0
 3087.000000     1163     1163        1        0     1163        0      928      927      126     2369        0        0        0
 3088.000000     1163     1163        1        0     1163        0      939      939      116     2337        0        0        0
 3089.000000     1164     1164        1        0     1164        0      953      952      110     2348        0        0        0
 3090.000000     1160     1160        1        0     1160        0      932      932      116     2346        0        0        0
 3091.000000     1149     1149        1        0     1149        0      916      915      132     2334        0        0        0
 3092.000000     1177     1177        1        0     1177        0      937      936      121     2365        0        0        0
 3093.000000     1169     1169        1        0     1169        0      929      928      134     2361        0        0        0
 3094.000000     1160     1160        1        0     1160        0      941      939      116     2321        0        0        0
 3095.000000     1164     1164        1        0     1164        0      914      909      142     2351        0        0        0
 3096.000000     1169     1169        1        0     1169        0      924      924      128     2329        0        0        0
 3097.000000     1188     1188        1        0     1188        0      935      933      127     2348        0        0        0
 3098.000000     1174     1174        1        0     1174        0      940      939      126     2342        0        0        0
 3099.000000     1185     1185        1        0     1185        0      939      934      126     2360        0        0        0
 3100.000000     1186     1186        1        0     1186        0      955      952      128     2384        0        0        0
 3101.000000     1184     1184        1        0     1184        0      949      946      111     2349        0        0        0
 3102.000000     1179     1179        1        0     1179        0      927      925      127     2359        0        0        0
 3103.000000     1174     1174        1        0     1174        0      934      932      122     2360        0        0        0
 3104.000000     1186     1186        1        0     1186        0      940      939      110     2373        0        0        0
 3105.000000     1156     1156        1        0     1156        0      925      923      113     2343        0        0        0
 3106.000000     1182     1182        1        0     1182        0      942      940      118     2332        0        0        0
 3107.000000     1180     1180        1        0     1180        0      922      916      122     2330        0        0        0
 3108.000000     1222     1222        1        0     1222        0      942      940      126     2343        0        0        0
 3109.000000     1180     1180        1        0     1180        0      950      948      125     2350        0        0        0
 3110.000000     1178     1178        1        0     1178        0      926      922      123     2316        0        0        0
 3111.000000     1172     1172        1        0     1172        0      936      935      122     2328        0        0        0
 3112.000000     1172     1172        1        0     1172        0      920      919      123     2346        0        0        0
 3113.000000     1158     1158        1        0     1158        0      945      943      105     2346        0        0        0
 3114.000000     1169     1169        1        0     1169        0      937      934      113     2373        0        0        0
 3115.000000     1148     1148        1        0     1148        0      948      947      112     2333        0        0        0
 3116.000000     1141     1141        1        0     1141        0      945      940      121     2350        0        0        0
 3117.000000     1170     1170        1        0     1170        0      938      933      126     2368        0        0        0
 3118.000000     1156     1156        1        0     1156        0      945      939      144     2351        0        0        0
 3119.000000     1199     1199        1        0     1199        0      936      934      122     2376        0        0        0
 3120.000000     1151     1151        1        0     1151        0      936      935      132     2366        0        0        0
 3121.000000     1160     1160        1        0     1160        0      942      941      102     2335        0        0        0
 3122.000000     1172     1172        1        0     1172        0      939      938      113     2376        0        0        0
 3123.000000     1175     1175        1        0     1175        0      946      945      113     2395        0        0        0
 3124.000000     1157     1157        1        0     1157        0      950      946      113     2386        0        0        0
 3125.000000     1165     1165        1        0     1165        0      940      936      127     2346        0        0        0
 3126.000000     1164     1164        1        0     1164        0      949      947      125     2357        0        0        0
 3127.000000     1165     1165        1        0     1165        0      948      946      123     2371        0        0        0
 3128.000000     1164     1164        1        0     1164        0      939      936      119     2343        0        0        0
 3129.000000     1173     1173        1        0     1173        0      950      948      116     2363        0        0        0
 3130.000000     1151     1151        1        0     1151        0      952      948      107     2340        0        0        0
 3131.000000     1150     1150        1        0     1150        0      930      927      122     2352        0        0        0
 3132.000000     1151     1151        1        0     1151        0      941      939      120     2344        0        0        0
 3133.000000     1152     1152        1        0     1152        0      962      960      120     2385        0        0        0
 3134.000000     1156     1156        1        0     1156        0      953      952      122     2378        0        0        0
 3135.000000     1161     1161        1        0     1161        0      947      945      129     2362        0        0        0
 3136.000000     1168     1168        1        0     1168        0      946      945      116     2353        0        0        0
 3137.000000     1156     1156        1        0     1156        0      950      948      119     2358        0        0        0
 3138.000000     1160     1160        1        0     1160        0      935      931      120     2383        0        0        0
 3139.000000     1169     1169        1        0     1169        0      932      926      134     2368        0        0        0
 3140.000000     1158     1158        1        0     1158        0      950      946      116     2355        0        0        0
 3141.000000     1165     1165        1        0     1165        0      953      949      105     2338        0        0        0
 3142.000000     1176     1176        1        0     1176        0      957      955      122     2338        0        0        0
 3143.000000     1148     1148        1        0     1148        0      939      938      131     2343        0        0        0
 3144.000000     1161     1147        2       14     1147        0      950      947      114     2313        0        0        0
 3145.000000     1172     1158        2       14     1158        0      961      956      105     2323        0        0        0
 3146.000000     1165     1151        2       14     1151        0      956      951      123     2325        0        0        0
 3147.000000     1179     1179        1        0     1179        0      957      951      116     2347        0        0        0
 3148.000000     1213     1199        2       14     1199        0      951      947      119     2373        0        0        0
 3149.000000     1173     1173        1        0     1173        0      968      964      115     2378        0        0        0
 3150.000000     1169     1169        1        0     1169        0      972      970      113     2364        0        0        0
 3151.000000     1164     1164        1        0     1164        0      945      941      125     2366        0        0        0
 3152.000000     1178     1178        1        0     1178        0      969      966      119     2366        0        0        0
 3153.000000     1160     1160        1        0     1160        0      964      963      109     2383        0        0        0
 3154.000000     1182     1182        1        0     1182        0      956      953      115     2345        0        0        0
 3155.000000     1163     1163        1        0     1163        0      948      944      122     2370        0        0        0
 3156.000000     1159     1159        1        0     1159        0      932      923      119     2339        0        0        0
 3157.000000     1156     1156        1        0     1156        0      942      936      130     2340        0        0        0
 3158.000000     1183     1183        1        0     1183        0      932      926      128     2342        0        0        0
 3159.000000     1156     1156        1        0     1156        0      943      937      118     2341        0        0        0
 3160.000000     1164     1164        1        0     1164        0      951      948      124     2330        0        0        0
 3161.000000     1175     1175        1        0     1175        0      959      955      125     2356        0        0        0
 3162.000000     1159     1159        1        0     1159        0      955      953      124     2336        0        0        0
 3163.000000     1171     1171        1       14     1157        0      932      928      133     2348        0        0        0
 3164.000000     1165     1165        1        0     1165        0      951      948      120     2348        0        0        0
 3165.000000     1162     1162        1       14     1148        0      940      940      123     2345        0        0        0
 3166.000000     1162     1162        1       14     1148        0      959      954      116     2347        0        0        0
 3167.000000     1160     1160        1       14     1146        0      942      940      125     2331        0        0        0
 3168.000000     1163     1163        1       14     1149        0      956      951      118     2344        0        0        0
 3169.000000     1159     1159        1       14     1145        0      954      949      114     2325        0        0        0
 3170.000000     1162     1162        1       14     1148        0      953      950      124     2342        0        0        0
 3171.000000     1156     1156        1       14     1142        0      944      940      118     2347        0        0        0
 3172.000000     1145     1145        1        0     1145        0      931      929      140     2342        0        0        0
 3173.000000     1170     1170        1       14     1156        0      945      939      127     2367        0        0        0
 3174.000000     1153     1153        1       14     1139        0      934      932      132     2343        0        0        0
 3175.000000     1170     1170        1       14     1156        0      942      938      122     2357        0        0        0
 3176.000000     1165     1165        1       14     1151        0      958      953      125     2329        0        0        0
 3177.000000     1166     1166        1       14     1152        0      947      942      118     2345        0        0        0
 3178.000000     1158     1158        1       14     1144        0      940      936      124     2345        0        0        0
 3179.000000     1166     1166        1       14     1152        0      939      937      121     2338        0        0        0
 3180.000000     1166     1166        1       14     1152        0      945      943      115     2341        0        0        0
 3181.000000     1167     1167        1       15     1152        0      936      933      143     2352        0        0        0
 3182.000000     1165     1165        1       14     1151        0      939      937      119     2332        0        0        0
 3183.000000     1183     1183        1       14     1169        0      940      939      126     2333        0        0        0
 3184.000000     1163     1163        1        0     1163        0      946      943      123     2345        0        0        0
 3185.000000     1149     1149        1        0     1149        0      947      943      115     2329        0        0        0
 3186.000000     1156     1156        1        0     1156        0      947      946      123     2340        0        0        0
 3187.000000     1169     1169        1        0     1169        0      956      953      126     2339        0        0        0
 3188.000000     1165     1165        1        0     1165        0      951      946      128     2376        0        0        0
 3189.000000     1161     1161        1        0     1161        0      934      930      135     2338        0        0        0
 3190.000000     1159     1159        1        0     1159        0      943      939      128     2341        0        0        0
 3191.000000     1151     1151        1        0     1151        0      953      951      116     2334        0        0        0
 3192.000000     1160     1160        1        0     1160        0      944      943      110     2354        0        0        0
 3193.000000     1169     1169        1        0     1169        0      945      943      121     2329        0        0        0
 3194.000000     1168     1168        1        0     1168        0      931      928      120     2322        0        0        0
 3195.000000     1158     1158        1        0     1158        0      940      938      122     2317        0        0        0
 3196.000000     1161     1161        1        0     1161        0      948      944      117     2348        0        0        0
 3197.000000     1160     1160        1        0     1160        0      947      946      117     2333        0        0        0
 3198.000000     1161     1161        1        0     1161        0      957      957      113     2331        0        0        0
 3199.000000     1156     1156        1        0     1156        0      958      957      121     2325        0        0        0
 3200.000000     1163     1163        1        0     1163        0      947      945      119     2344        0        0        0
 3201.000000     1159     1159        1        0     1159        0      948      946      124     2340        0        0        0
 3202.000000     1162     1162        1        0     1162        0      951      944      126     2352        0        0        0
 3203.000000     1161     1161        1        0     1161        0      952      951      124     2321        0        0        0
 3204.000000     1164     1164        1        0     1164        0      961      954      125     2340        0        0        0
 3205.000000     1168     1168        1        0     1168        0      951      949      130     2350        0        0        0
 3206.000000     1176     1176        1        0     1176        0      946      943      111     2378        0        0        0
 3207.000000     1171     1171        1        0     1171        0      951      947      128     2358        0        0        0
 3208.000000     1162     1162        1        0     1162        0      953      950      126     2361        0        0        0
 3209.000000     1187     1187        1       14     1173        0      954      947      136     2338        0        0        0
 3210.000000     1162     1162        1        0     1162        0      946      945      124     2349        0        0        0
 3211.000000     1153     1153        1        0     1153        0      942      938      125     2361        0        0        0
 3212.000000     1152     1152        1        0     1152        0      950      946      126     2356        0        0        0
 3213.000000     1158     1158        1        0     1158        0      949      942      116     2339        0        0        0
 3214.000000     1154     1154        1        0     1154        0      946      942      118     2331        0        0        0
 3215.000000     1163     1163        1        0     1163        0      947      945      105     2338        0        0        0
 3216.000000     1176     1176        1        0     1176        0      938      932      123     2346        0        0        0
 3217.000000     1183     1183        1        0     1183        0      942      940      121     2337        0        0        0
 3218.000000     1182     1182        1        0     1182        0      952      950      103     2348        0        0        0
 3219.000000     1171     1171        1        0     1171        0      919      913      141     2331        0        0        0
 3220.000000     1163     1163        1        0     1163        0      937      935      126     2324        0        0        0
 3221.000000     1171     1171        1        0     1171        0      951      949      118     2331        0        0        0
 3222.000000     1181     1181        1        0     1181        0      949      943      111     2311        0        0        0
 3223.000000     1162     1162        1        0     1162        0      945      942      125     2315        0        0        0
 3224.000000     1176     1176        1        0     1176        0      952      946      122     2338        0        0        0
 3225.000000     1170     1170        1        0     1170        0      947      945      118     2340        0        0        0
 3226.000000     1152     1152        1        0     1152        0      941      940      120     2363        0        0        0
 3227.000000     1150     1150        1        0     1150        0      949      944      118     2339        0        0        0
 3228.000000     1161     1161        1        0     1161        0      959      955      125     2349        0        0        0
 3229.000000     1163     1163        1        0     1163        0      948      943      126     2378        0        0        0
 3230.000000     1173     1173        1        0     1173        0      954      950      129     2386        0        0        0
 3231.000000     1166     1166        1        0     1166        0      947      945      123     2377        0        0        0
 3232.000000     1177     1177        1        0     1177        0      954      952      129     2371        0        0        0
 3233.000000     1189     1189        1        0     1189        0      940      938      122     2356        0        0        0
 3234.000000     1171     1171        1        0     1171        0      945      940      119     2362        0        0        0
 3235.000000     1165     1165        1        0     1165        0      945      944      124     2382        0        0        0
 3236.000000     1186     1186        1        0     1186        0      940      939      121     2398        0        0        0
 3237.000000     1200     1200        1        0     1200        0      938      937      122     2400        0        0        0
 3238.000000     1189     1189        1        0     1189        0      956      953      116     2415        0        0        0
 3239.000000     1168     1168        1        0     1168        0      947      945      123     2394        0        0        0
 3240.000000     1172     1172        1        0     1172        0      954      953      118     2413        0        0        0
 3241.000000     1158     1158        1        0     1158        0      943      940      122     2389        0        0        0
 3242.000000     1187     1187        1        0     1187        0      928      926      125     2400        0        0        0
 3243.000000     1167     1167        1        0     1167        0      948      944      121     2411        0        0        0
 3244.000000     1181     1181        1        0     1181        0      940      936      123     2375        0        0        0
 3245.000000     1173     1173        1        0     1173        0      950      942      121     2386        0        0        0
 3246.000000     1169     1169        1        0     1169        0      946      940      129     2404        0        0        0
 3247.000000     1170     1170        1        0     1170        0      946      944      127     2394        0        0        0
 3248.000000     1177     1177        1        0     1177        0      956      952      128     2391        0        0        0
 3249.000000     1172     1172        1        0     1172        0      960      955      123     2401        0        0        0
 3250.000000     1171     1171        1        0     1171        0      973      969      130     2379        0        0        0
 3251.000000     1170     1170        1        0     1170        0      952      951      116     2372        0        0        0
 3252.000000     1178     1178        1        0     1178        0      959      958      117     2386        0        0        0
 3253.000000     1179     1179        1        0     1179        0      949      946      123     2403        0        0        0
 3254.000000     1167     1167        1        0     1167        0      950      944      135     2394        0        0        0
 3255.000000     1188     1188        1        0     1188        0      949      946      133     2392        0        0        0
 3256.000000     1190     1190        1        0     1190        0      965      960      127     2410        0        0        0
 3257.000000     1173     1173        1        0     1173        0      948      943      123     2378        0        0        0
 3258.000000     1165     1165        1        0     1165        0      963      962      110     2397        0        0        0
 3259.000000     1161     1161        1        0     1161        0      954      949      126     2388        0        0        0
 3260.000000     1165     1165        1        0     1165        0      964      963      116     2379        0        0        0
 3261.000000     1166     1166        1        0     1166        0      978      975      108     2386        0        0        0
 3262.000000     1168     1168        1        0     1168        0      957      954      124     2392        0        0        0
 3263.000000     1168     1168        1        0     1168        0      954      952      115     2371        0        0        0
 3264.000000     1183     1183        1        0     1183        0      972      970      117     2396        0        0        0
 3265.000000     1186     1186        1        0     1186        0      963      962      125     2380        0        0        0
 3266.000000     1176     1176        1        0     1176        0      961      960      118     2399        0        0        0
 3267.000000     1183     1183        1        0     1183        0      940      939      124     2385        0        0        0
 3268.000000     1164     1164        1        0     1164        0      944      942      129     2367        0        0        0
 3269.000000     1165     1165        1        0     1165        0      955      954      112     2374        0        0        0
 3270.000000     1184     1184        1        0     1184        0      962      961      120     2389        0        0        0
 3271.000000     1159     1159        1        0     1159        0      947      944      121     2390        0        0        0
 3272.000000     1176     1176        1        0     1176        0      949      949      120     2408        0        0        0
 3273.000000     1160     1160        1        0     1160        0      954      949      125     2393        0        0        0
 3274.000000     1161     1161        1        0     1161        0      970      970      104     2377        0        0        0
 3275.000000     1156     1156        1        0     1156        0      955      952      116     2408        0        0        0
 3276.000000     1157     1157        1        0     1157        0      979      977      113     2391        0        0        0
 3277.000000     1161     1161        1        0     1161        0      961      956      131     2408        0        0        0
 3278.000000     1164     1164        1        0     1164        0      965      961      115     2399        0        0        0
 3279.000000     1166     1166        1        0     1166        0      968      964      134     2400        0        0        0
 3280.000000     1161     1161        1        0     1161        0      960      955      128     2424        0        0        0
 3281.000000     1159     1159        1        0     1159        0      945      942      126     2397        0        0        0
 3282.000000     1164     1164        1        0     1164        0      962      959      131     2388        0        0        0
 3283.000000     1160     1160        1        0     1160        0      959      957      120     2403        0        0        0
 3284.000000     1167     1167        1        0     1167        0      968      965      119     2385        0        0        0
 3285.000000     1162     1162        1        0     1162        0      947      941      127     2425        0        0        0
 3286.000000     1164     1164        1        0     1164        0      942      939      134     2409        0        0        0
 3287.000000     1170     1170        1        0     1170        0      950      947      134     2409        0        0        0
 3288.000000     1176     1176        1        0     1176        0      947      942      127     2390        0        0        0
 3289.000000     1164     1164        1        0     1164        0      969      968      116     2384        0        0        0
 3290.000000     1161     1161        1        0     1161        0      965      965      118     2399        0        0        0
 3291.000000     1173     1173        1        0     1173        0      973      969      120     2380        0        0        0
 3292.000000     1169     1169        1        0     1169        0      968      964      109     2375        0        0        0
 3293.000000     1174     1174        1        0     1174        0      955      948      125     2403        0        0        0
 3294.000000     1163     1163        1        0     1163        0      971      968      120     2392        0        0        0
 3295.000000     1162     1162        1        0     1162        0      965      963      121     2401        0        0        0
 3296.000000     1182     1182        1        0     1182        0      973      969      115     2395        0        0        0
 3297.000000     1177     1177        1        0     1177        0      974      973      117     2403        0        0        0
 3298.000000     1187     1187        1        0     1187        0      967      966      115     2378        0        0        0
 3299.000000     1173     1173        1        0     1173        0      967      965      112     2363        0        0        0
 3300.000000     1177     1177        1        0     1177        0      972      965      119     2379        0        0        0
 3301.000000     1171     1171        1        0     1171        0      982      974      110     2380        0        0        0
 3302.000000     1185     1185        1        0     1185        0      974      972      121     2374        0        0        0
 3303.000000     1184     1184        1        0     1184        0      955      949      119     2352        0        0        0
 3304.000000     1171     1171        1        0     1171        0      974      974      109     2373        0        0        0
 3305.000000     1181     1181        1        0     1181        0      961      957      112     2390        0        0        0
 3306.000000     1163     1163        1        0     1163        0      960      959      111     2354        0        0        0
 3307.000000     1167     1167        1        0     1167        0      958      954      109     2379        0        0        0
 3308.000000     1168     1168        1        0     1168        0      958      956      117     2372        0        0        0
 3309.000000     1162     1162        1        0     1162        0      954      950      123     2352        0        0        0
 3310.000000     1165     1165        1        0     1165        0      951      947      116     2374        0        0        0
 3311.000000     1168     1168        1        0     1168        0      948      945      121     2375        0        0        0
 3312.000000     1167     1167        1        0     1167        0      957      954      123     2371        0        0        0
 3313.000000     1167     1167        1        0     1167        0      972      969      113     2386        0        0        0
 3314.000000     1173     1173        1        0     1173        0      957      956      116     2393        0        0        0
 3315.000000     1193     1193        1        0     1193        0      959      959      120     2404        0        0        0
 3316.000000     1182     1182        1        0     1182        0      947      946      118     2397        0        0        0
 3317.000000     1181     1181        1        0     1181        0      981      978      124     2402        0        0        0
 3318.000000     1182     1182        1        0     1182        0      966      964      128     2393        0        0        0
 3319.000000     1187     1187        1        0     1187        0      989      984      119     2387        0        0        0
 3320.000000     1192     1192        1        0     1192        0      964      961      123     2388        0        0        0
 3321.000000     1192     1192        1        0     1192        0      970      970      120     2387        0        0        0
 3322.000000     1174     1174        1        0     1174        0      965      958      123     2398        0        0        0
 3323.000000     1177     1177        1        0     1177        0      976      974      122     2390        0        0        0
 3324.000000     1181     1181        1        0     1181        0      965      961      119     2405        0        0        0
 3325.000000     1180     1180        1        0     1180        0      980      980      114     2387        0        0        0
 3326.000000     1193     1193        1        0     1193        0      962      961      117     2398        0        0        0
 3327.000000     1182     1182        1        0     1182        0      972      969      126     2401        0        0        0
 3328.000000     1184     1184        1        0     1184        0      981      979       98     2397        0        0        0
 3329.000000     1197     1197        1        0     1197        0      966      962      123     2401        0        0        0
 3330.000000     1184     1184        1        0     1184        0      985      984       96     2385        0        0        0
 3331.000000     1183     1183        1        0     1183        0      971      965      109     2368        0        0        0
 3332.000000     1196     1196        1        0     1196        0      970      967      112     2401        0        0        0
 3333.000000     1185     1185        1        0     1185        0      973      973      119     2403        0        0        0
 3334.000000     1183     1183        1        0     1183        0      976      975      113     2400        0        0        0
 3335.000000     1180     1180        1        0     1180        0      977      974      123     2390        0        0        0
 3336.000000     1182     1182        1        0     1182        0      966      962      125     2364        0        0        0
 3337.000000     1186     1186        1        0     1186        0      963      962      114     2366        0        0        0
 3338.000000     1180     1180        1        0     1180        0      960      959      110     2393        0        0        0
 3339.000000     1179     1179        1        0     1179        0      977      977      104     2406        0        0        0
 3340.000000     1173     1173        1        0     1173        0      962      959      122     2426        0        0        0
 3341.000000     1186     1186        1        0     1186        0      980      977      112     2397        0        0        0
 3342.000000     1181     1181        1        0     1181        0      947      942      134     2395        0        0        0
 3343.000000     1178     1178        1        0     1178        0      971      970      111     2399        0        0        0
 3344.000000     1180     1180        1        0     1180        0      974      971      112     2407        0        0        0
 3345.000000     1189     1189        1        0     1189        0      980      977      109     2407        0        0        0
 3346.000000     1203     1203        1        0     1203        0      981      977      119     2393        0        0        0
 3347.000000     1190     1190        1        0     1190        0      975      974      120     2395        0        0        0
 3348.000000     1185     1185        1        0     1185        0      958      956      129     2403        0        0        0
 3349.000000     1185     1185        1        0     1185        0      971      966      121     2401        0        0        0
 3350.000000     1186     1186        1        0     1186        0      980      978      102     2393        0        0        0
 3351.000000     1202     1202        1        0     1202        0      966      963      123     2389        0        0        0
 3352.000000     1194     1194        1        0     1194        0      953      951      122     2401        0        0        0
 3353.000000     1188     1188        1        0     1188        0      977      976      126     2391        0        0        0
 3354.000000     1194     1194        1        0     1194        0      967      964      125     2411        0        0        0
 3355.000000     1199     1199        1        0     1199        0      976      971      114     2380        0        0        0
 3356.000000     1181     1181        1        0     1181        0      978      975      107     2386        0        0        0
 3357.000000     1184     1184        1        0     1184        0      985      982      115     2365        0        0        0
 3358.000000     1198     1198        1        0     1198        0      975      970      118     2420        0        0        0
 3359.000000     1214     1214        1        0     1214        0      975      972      109     2394        0        0        0
 3360.000000     1201     1201        1        0     1201        0      970      966      113     2399        0        0        0
 3361.000000     1203     1203        1        0     1203        0      978      973      120     2378        0        0        0
 3362.000000     1213     1213        1        0     1213        0      969      968      127     2406        0        0        0
 3363.000000     1220     1220        1        0     1220        0      982      980      120     2407        0        0        0
 3364.000000     1201     1201        1        0     1201        0      983      981      107     2395        0        0        0
 3365.000000     1193     1193        1        0     1193        0      979      978      114     2409        0        0        0
 3366.000000     1199     1199        1        0     1199        0      975      973      116     2429        0        0        0
 3367.000000     1192     1192        1        0     1192        0      960      958      118     2386        0        0        0
 3368.000000     1196     1196        1        0     1196        0      956      955      115     2385        0        0        0
 3369.000000     1187     1187        1        0     1187        0      964      964      111     2404        0        0        0
 3370.000000     1197     1197        1        0     1197        0      960      957      122     2388        0        0        0
 3371.000000     1170     1170        1        0     1170        0      945      943      135     2383        0        0        0
 3372.000000     1184     1184        1        0     1184        0      941      937      120     2390        0        0        0
 3373.000000     1191     1191        1        0     1191        0      954      949      121     2366        0        0        0
 3374.000000     1188     1188        1        0     1188        0      958      955      112     2398        0        0        0
 3375.000000     1179     1179        1        0     1179        0      960      958      115     2368        0        0        0
 3376.000000     1178     1178        1        0     1178        0      939      937      128     2365        0        0        0
 3377.000000     1170     1170        1        0     1170        0      969      966      112     2385        0        0        0
 3378.000000     1168     1168        1        0     1168        0      942      940      125     2394        0        0        0
 3379.000000     1168     1168        1        0     1168        0      956      953      123     2376        0        0        0
 3380.000000     1178     1178        1       14     1164        0      948      946      118     2382        0        0        0
 3381.000000     1165     1165        1        0     1165        0      959      954      116     2372        0        0        0
 3382.000000     1161     1161        1        0     1161        0      953      950      122     2392        0        0        0
 3383.000000     1182     1182        1        0     1182        0      948      945      126     2383        0        0        0
 3384.000000     1196     1196        1        0     1196        0      962      961      108     2402        0        0        0
 3385.000000     1180     1180        1        0     1180        0      959      957      117     2379        0        0        0
 3386.000000     1179     1179        1        0     1179        0      947      946      119     2374        0        0        0
 3387.000000     1166     1166        1        0     1166        0      934      929      122     2368        0        0        0
 3388.000000     1174     1174        1       17     1155        2      952      951      116     2368        0        0        0
 3389.000000     1151     1151        1       18     1133        0      935      934      123     2382        0        0        0
 3390.000000     1148     1148        1       18     1130        0      940      939      125     2368        0        0        0
 3391.000000     1160     1160        1       18     1142        0      958      956      122     2375        0        0        0
 3392.000000     1160     1160        1       18     1142        0      961      955      121     2380        0        0        0
 3393.000000     1164     1164        1       18     1146        0      953      947      125     2372        0        0        0
 3394.000000     1172     1172        1       18     1154        0      961      958      117     2403        0        0        0
 3395.000000     1183     1183        1       18     1165        0      960      957      124     2402        0        0        0
 3396.000000     1177     1177        1       18     1159        0      963      962      131     2405        0        0        0
 3397.000000     1170     1170        1       18     1152        0      971      970      119     2414        0        0        0
 3398.000000     1167     1167        1       18     1149        0      960      958      131     2388        0        0        0
 3399.000000     1151     1151        1        0     1151        0      965      959      113     2373        0        0        0
 3400.000000     1157     1157        1        0     1157        0      969      962      124     2381        0        0        0
 3401.000000     1179     1179        1       14     1165        0      979      973      125     2375        0        0        0
 3402.000000     1180     1180        1       15     1165        0      972      965      119     2397        0        0        0
 3403.000000     1160     1160        1       13     1145        2      961      958      121     2389        0        0        0
 3404.000000     1188     1188        1       14     1174        0      957      949      119     2387        0        0        0
 3405.000000     1167     1167        1       14     1153        0      953      950      128     2395        0        0        0
 3406.000000     1160     1160        1       14     1146        0      962      954      127     2384        0        0        0
 3407.000000     1165     1165        1       14     1151        0      962      956      121     2399        0        0        0
 3408.000000     1150     1150        1       14     1136        0      958      956      134     2390        0        0        0
 3409.000000     1187     1187        1       14     1173        0      967      964      126     2391        0        0        0
 3410.000000     1177     1177        1       14     1163        0      951      948      107     2372        0        0        0
 3411.000000     1172     1172        1       14     1158        0      955      952      136     2402        0        0        0
 3412.000000     1152     1152        1        0     1152        0      949      947      133     2421        0        0        0
 3413.000000     1164     1164        1        0     1164        0      964      957      129     2400        0        0        0
 3414.000000     1205     1205        1       14     1191        0      961      953      150     2413        0        0        0
 3415.000000     1193     1193        1       14     1179        0      962      956      126     2381        0        0        0
 3416.000000     1204     1204        1       14     1190        0      961      958      131     2395        0        0        0
 3417.000000     1211     1211        1       14     1197        0      944      943      152     2401        0        0        0
 3418.000000     1197     1197        1       14     1183        0      954      952      134     2351        0        0        0
 3419.000000     1207     1207        1       14     1193        0      953      949      143     2377        0        0        0
 3420.000000     1174     1174        1        0     1174        0      953      952      116     2384        0        0        0
 3421.000000     1211     1211        1       14     1197        0      968      964      139     2395        0        0        0
 3422.000000     1192     1192        1       15     1177        0      954      951      147     2395        0        0        0
 3423.000000     1179     1179        1       14     1165        0      956      952      131     2381        0        0        0
 3424.000000     1182     1182        1       14     1168        0      956      953      140     2372        0        0        0
 3425.000000     1210     1210        1       11     1196        3      969      961      134     2376        0        0        0
 3426.000000     1205     1205        1       14     1191        0      956      952      133     2380        0        0        0
 3427.000000     1202     1202        1       14     1188        0      956      952      125     2392        0        0        0
 3428.000000     1186     1186        1       14     1172        0      946      940      137     2401        0        0        0
 3429.000000     1195     1195        1       14     1181        0      962      959      113     2389        0        0        0
 3430.000000     1184     1184        1       14     1170        0      961      961      120     2392        0        0        0
 3431.000000     1180     1180        1       14     1166        0      973      970      122     2385        0        0        0
 3432.000000     1192     1192        1       14     1178        0      987      982      117     2404        0        0        0
 3433.000000     1171     1171        1        0     1171        0      961      960      121     2394        0        0        0
 3434.000000     1198     1198        1       14     1184        0      973      971      135     2427        0        0        0
 3435.000000     1179     1179        1        0     1179        0      961      958      143     2406        0        0        0
 3436.000000     1172     1172        1        0     1172        0      963      962      135     2408        0        0        0
 3437.000000     1187     1187        1        0     1187        0      959      952      137     2407        0        0        0
 3438.000000     1172     1172        1        0     1172        0      963      961      132     2394        0        0        0
 3439.000000     1175     1175        1        0     1175        0      966      962      137     2418        0        0        0
 3440.000000     1184     1184        1        0     1184        0      975      970      109     2400        0        0        0
 3441.000000     1173     1173        1        0     1173        0      948      946      127     2394        0        0        0
 3442.000000     1183     1183        1        0     1183        0      979      973      119     2396        0        0        0
 3443.000000     1200     1200        1        0     1200        0      973      969      113     2409        0        0        0
 3444.000000     1195     1195        1        0     1195        0      980      979      120     2418        0        0        0
 3445.000000     1183     1183        1        0     1183        0      974      973      135     2404        0        0        0
 3446.000000     1201     1201        1        0     1201        0      967      962      107     2415        0        0        0
 3447.000000     1202     1202        1        0     1202        0      965      959      139     2400        0        0        0
 3448.000000     1188     1188        1        0     1188        0      972      971      117     2395        0        0        0
 3449.000000     1192     1192        1        0     1192        0      967      966      124     2376        0        0        0
 3450.000000     1183     1183        1        0     1183        0      986      984      113     2380        0        0        0
 3451.000000     1188     1188        1        0     1188        0      981      980      109     2355        0        0        0
 3452.000000     1174     1174        1        0     1174        0      949      945      132     2359        0        0        0
 3453.000000     1183     1183        1        0     1183        0      966      964      131     2376        0        0        0
 3454.000000     1177     1177        1        0     1177        0      966      965      127     2361        0        0        0
 3455.000000     1186     1186        1        0     1186        0      959      956      122     2365        0        0        0
 3456.000000     1194     1194        1        0     1194        0      972      971      106     2391        0        0        0
 3457.000000     1201     1201        1        0     1201        0      952      949      137     2377        0        0        0
 3458.000000     1209     1209        1        0     1209        0      962      961      128     2378        0        0        0
 3459.000000     1201     1201        1        0     1201        0      957      952      130     2400        0        0        0
 3460.000000     1180     1180        1        0     1180        0      942      937      129     2335        0        0        0
 3461.000000     1201     1201        1        0     1201        0      950      947      135     2380        0        0        0
 3462.000000     1188     1188        1        0     1188        0      964      964      124     2370        0        0        0
 3463.000000     1200     1200        1        0     1200        0      955      953      122     2376        0        0        0
 3464.000000     1176     1176        1        0     1176        0      956      955      116     2367        0        0        0
 3465.000000     1191     1191        1        0     1191        0      963      963      116     2381        0        0        0
 3466.000000     1180     1180        1        0     1180        0      947      943      123     2409        0        0        0
 3467.000000     1187     1187        1        0     1187        0      948      947      131     2391        0        0        0
 3468.000000     1197     1197        1        0     1197        0      964      961      128     2382        0        0        0
 3469.000000     1195     1195        1        0     1195        0      981      979      119     2389        0        0        0
 3470.000000     1190     1190        1        0     1190        0      972      971      123     2360        0        0        0
 3471.000000     1201     1201        1        0     1201        0      965      965      118     2371        0        0        0
 3472.000000     1191     1191        1        0     1191        0      969      967      113     2390        0        0        0
 3473.000000     1187     1187        1        0     1187        0      957      955      119     2380        0        0        0
 3474.000000     1193     1193        1        0     1193        0      971      970      119     2391        0        0        0
 3475.000000     1173     1173        1        0     1173        0      952      951      133     2384        0        0        0
 3476.000000     1173     1173        1        0     1173        0      963      961      120     2387        0        0        0
 3477.000000     1189     1189        1        0     1189        0      967      965      117     2377        0        0        0
 3478.000000     1180     1180        1        0     1180        0      948      941      145     2381        0        0        0
 3479.000000     1191     1191        1        0     1191        0      955      952      112     2395        0        0        0
 3480.000000     1195     1195        1        0     1195        0      975      971      124     2429        0        0        0
 3481.000000     1171     1171        1        0     1171        0      960      960      127     2415        0        0        0
 3482.000000     1192     1192        1        0     1192        0      973      970      123     2401        0        0        0
 3483.000000     1188     1188        1        0     1188        0      960      952      135     2407        0        0        0
 3484.000000     1181     1181        1        0     1181        0      977      975      115     2407        0        0        0
 3485.000000     1177     1177        1        0     1177        0      970      969       97     2401        0        0        0
 3486.000000     1191     1191        1        0     1191        0      969      966      128     2415        0        0        0
 3487.000000     1180     1180        1        0     1180        0      976      974      135     2407        0        0        0
 3488.000000     1191     1191        1        0     1191        0      970      969      134     2412        0        0        0
 3489.000000     1189     1189        1        0     1189        0      969      967      123     2401        0        0        0
 3490.000000     1190     1190        1        0     1190        0      970      969      127     2406        0        0        0
 3491.000000     1190     1190        1        0     1190        0      968      966      129     2401        0        0        0
 3492.000000     1178     1178        1        0     1178        0      976      975      131     2390        0        0        0
 3493.000000     1179     1179        1        0     1179        0      974      972      122     2397        0        0        0
 3494.000000     1169     1169        1        0     1169        0      984      983      115     2383        0        0        0
 3495.000000     1182     1182        1        0     1182        0      980      975      114     2400        0        0        0
 3496.000000     1170     1170        1        0     1170        0      971      962      126     2366        0        0        0
 3497.000000     1168     1168        1        0     1168        0      969      966      136     2396        0        0        0
 3498.000000     1165     1165        1        0     1165        0      987      985      121     2399        0        0        0
 3499.000000     1165     1165        1        0     1165        0      967      960      127     2374        0        0        0
 3500.000000     1178     1178        1        0     1178        0      968      963      126     2406        0        0        0
 3501.000000     1179     1179        1        0     1179        0      968      965      132     2391        0        0        0
 3502.000000     1185     1185        1        0     1185        0      965      964      140     2412        0        0        0
 3503.000000     1177     1177        1        0     1177        0      974      971      122     2374        0        0        0
 3504.000000     1175     1175        1        0     1175        0      975      970      132     2389        0        0        0
 3505.000000     1171     1171        1        0     1171        0      962      959      125     2396        0        0        0
 3506.000000     1177     1177        1        0     1177        0      989      988      115     2393        0        0        0
 3507.000000     1177     1177        1        0     1177        0      981      980      129     2420        0        0        0
 3508.000000     1172     1172        1        0     1172        0      972      968      128     2384        0        0        0
 3509.000000     1174     1174        1        0     1174        0      954      948      134     2394        0        0        0
 3510.000000     1189     1189        1        0     1189        0      966      961      128     2416        0        0        0
 3511.000000     1175     1175        1        0     1175        0      978      974      126     2402        0        0        0
 3512.000000     1196     1196        1        0     1196        0      959      956      132     2406        0        0        0
 3513.000000     1181     1181        1        0     1181        0      980      975      140     2408        0        0        0
 3514.000000     1169     1169        1        0     1169        0      960      959      121     2400        0        0        0
 3515.000000     1168     1168        1        0     1168        0      970      966      123     2395        0        0        0
 3516.000000     1166     1166        1        0     1166        0      948      947      132     2389        0        0        0
 3517.000000     1175     1175        1        0     1175        0      962      959      119     2401        0        0        0
 3518.000000     1168     1168        1        0     1168        0      979      972      125     2428        0        0        0
 3519.000000     1168     1168        1        0     1168        0      956      951      125     2396        0        0        0
 3520.000000     1170     1170        1        0     1170        0      950      945      133     2399        0        0        0
 3521.000000     1159     1159        1        0     1159        0      961      957      115     2415        0        0        0
 3522.000000     1187     1187        1       14     1173        0      966      964      125     2401        0        0        0
 3523.000000     1177     1177        1        0     1177        0      964      961      129     2415        0        0        0
 3524.000000     1186     1186        1        0     1186        0      960      956      125     2404        0        0        0
 3525.000000     1178     1178        1        0     1178        0      946      943      146     2392        0        0        0
 3526.000000     1170     1170        1        0     1170        0      955      949      131     2386        0        0        0
 3527.000000     1174     1174        1        0     1174        0      977      973      126     2400        0        0        0
 3528.000000     1178     1178        1        0     1178        0      949      946      148     2410        0        0        0
 3529.000000     1176     1176        1        0     1176        0      957      950      133     2387        0        0        0
 3530.000000     1169     1169        1        0     1169        0      974      970      129     2381        0        0        0
 3531.000000     1192     1192        1        0     1192        0      970      968      122     2377        0        0        0
 3532.000000     1189     1189        1        0     1189        0      964      959      135     2390        0        0        0
 3533.000000     1193     1193        1        0     1193        0      949      947      132     2379        0        0        0
 3534.000000     1190     1190        1        0     1190        0      952      949      132     2376        0        0        0
 3535.000000     1200     1200        1        0     1200        0      960      955      138     2407        0        0        0
 3536.000000     1196     1196        1        0     1196        0      956      952      123     2419        0        0        0
 3537.000000     1195     1195        1        0     1195        0      954      951      120     2386        0        0        0
 3538.000000     1192     1192        1        0     1192        0      959      956      130     2378        0        0        0
 3539.000000     1196     1196        1        0     1196        0      951      947      129     2421        0        0        0
 3540.000000     1181     1181        1        0     1181        0      961      958      132     2403        0        0        0
 3541.000000     1193     1193        1        0     1193        0      950      949      145     2414        0        0        0
 3542.000000     1194     1194        1        0     1194        0      963      961      128     2371        0        0        0
 3543.000000     1199     1199        1        0     1199        0      966      962      125     2395        0        0        0
 3544.000000     1203     1203        1        0     1203        0      976      974      124     2409        0        0        0
 3545.000000     1210     1210        1        0     1210        0      983      982      124     2427        0        0        0
 3546.000000     1202     1202        1        0     1202        0      970      968      138     2421        0        0        0
 3547.000000     1206     1206        1        0     1206        0      979      978      139     2441        0        0        0
 3548.000000     1203     1203        1        0     1203        0      980      979      120     2415        0        0        0
 3549.000000     1200     1200        1        0     1200        0      974      973      122     2396        0        0        0
 3550.000000     1190     1190        1        0     1190        0      971      969      124     2426        0        0        0
 3551.000000     1201     1201        1        0     1201        0      972      968      124     2403        0        0        0
 3552.000000     1198     1198        1        0     1198        0      963      959      144     2403        0        0        0
 3553.000000     1205     1205        1        0     1205        0      968      963      133     2389        0        0        0
 3554.000000     1180     1180        1        0     1180        0      961      960      115     2398        0        0        0
 3555.000000     1200     1200        1        0     1200        0      966      963      122     2398        0        0        0
 3556.000000     1200     1200        1        0     1200        0      951      950      134     2415        0        0        0
 3557.000000     1176     1176        1        0     1176        0      966      966      120     2395        0        0        0
 3558.000000     1176     1176        1        0     1176        0      956      955      141     2407        0        0        0
 3559.000000     1197     1197        1        0     1197        0      959      958      122     2420        0        0        0
 3560.000000     1179     1179        1        0     1179        0      951      948      144     2415        0        0        0
 3561.000000     1203     1203        1        0     1203        0      973      970      133     2408        0        0        0
 3562.000000     1203     1203        1        0     1203        0      958      958      147     2381        0        0        0
 3563.000000     1196     1196        1        0     1196        0      966      963      132     2396        0        0        0
 3564.000000     1209     1209        1        0     1209        0      968      963      139     2411        0        0        0
 3565.000000     1204     1204        1        0     1204        0      955      954      133     2419        0        0        0
 3566.000000     1205     1205        1        0     1205        0      978      978      121     2426        0        0        0
 3567.000000     1209     1209        1        0     1209        0      987      986      144     2409        0        0        0
 3568.000000     1207     1207        1        0     1207        0      975      971      133     2410        0        0        0
 3569.000000     1209     1209        1        0     1209        0      979      973      118     2395        0        0        0
 3570.000000     1220     1220        1        0     1220        0      990      985      142     2414        0        0        0
 3571.000000     1229     1229        1        0     1229        0      984      984      120     2426        0        0        0
 3572.000000     1241     1241        1        0     1241        0      982      978      128     2435        0        0        0
 3573.000000     1234     1234        1        0     1234        0      980      979      133     2427        0        0        0
 3574.000000     1224     1224        1        0     1224        0      964      960      144     2439        0        0        0
 3575.000000     1215     1215        1        0     1215        0      953      949      144     2438        0        0        0
 3576.000000     1210     1210        1        3     1195       12      977      974      144     2437        0        0        0
 3577.000000     1215     1215        1        3     1200       12      973      973      131     2421        0        0        0
 3578.000000     1229     1229        1       14     1206        9      985      983      132     2426        0        0        0
 3579.000000     1238     1238        1        9     1224        5      979      976      131     2426        0        0        0
 3580.000000     1228     1228        1        0     1228        0      967      966      132     2421        0        0        0
 3581.000000     1221     1221        1        0     1221        0      963      956      140     2410        0        0        0
 3582.000000     1214     1214        1        0     1214        0      970      967      130     2420        0        0        0
 3583.000000     1221     1221        1        0     1221        0      977      969      126     2403        0        0        0
 3584.000000     1200     1200        1        0     1200        0      961      957      139     2399        0        0        0
 3585.000000     1191     1191        1        0     1191        0      972      968      135     2402        0        0        0
 3586.000000     1215     1215        1        0     1215        0      978      976      135     2432        0        0        0
 3587.000000     1209     1209        1        0     1209        0      963      961      137     2391        0        0        0
 3588.000000     1215     1215        1       10     1201        4      968      967      140     2403        0        0        0
 3589.000000     1192     1192        1        0     1192        0      974      971      125     2395        0        0        0
 3590.000000     1209     1209        1       14     1195        0      955      954      137     2399        0        0        0
 3591.000000     1207     1207        1        0     1207        0      969      967      138     2383        0        0        0
 3592.000000     1210     1210        1        0     1210        0      955      954      141     2405        0        0        0
 3593.000000     1193     1193        1        0     1193        0      955      955      130     2379        0        0        0
 3594.000000     1195     1195        1        0     1195        0      976      972      126     2393        0        0        0
 3595.000000     1219     1219        1        0     1219        0      969      964      131     2379        0        0        0
 3596.000000     1194     1194        1        0     1194        0      980      974      135     2385        0        0        0
 3597.000000     1211     1211        1        0     1211        0      961      959      133     2380        0        0        0
 3598.000000     1225     1225        1        0     1225        0      974      970      126     2388        0        0        0
 3599.000000     1203     1203        1        0     1203        0      958      957      145     2381        0        0        0
 3600.000000     1209     1209        1        0     1209        0      972      969      130     2400        0        0        0
 3601.000000     1211     1211        1        0     1211        0      972      971      129     2411        0        0        0
 3602.000000     1204     1204        1        0     1204        0      975      970      118     2414        0        0        0
 3603.000000     1214     1214        1        0     1214        0      980      978      125     2422        0        0        0
 3604.000000     1223     1223        1        9     1209        5      979      974      132     2406        0        0        0
 3605.000000     1214     1214        1        0     1214        0      981      978      129     2422        0        0        0
 3606.000000     1228     1228        1        0     1228        0      976      971      127     2427        0        0        0
 3607.000000     1211     1211        1        0     1211        0      990      986      128     2417        0        0        0
 3608.000000     1221     1221        1        0     1221        0      982      981      112     2404        0        0        0
 3609.000000     1219     1219        1        0     1219        0      986      981      123     2410        0        0        0
 3610.000000     1231     1231        1        5     1217        9      973      969      142     2438        0        0        0
 3611.000000     1249     1249        1        9     1235        5      978      976      139     2424        0        0        0
 3612.000000     1238     1238        1        8     1224        6     1001     1000      123     2425        0        0        0
 3613.000000     1258     1258        1        9     1244        5      986      979      136     2440        0        0        0
 3614.000000     1235     1235        1        8     1221        6      988      985      133     2440        0        0        0
 3615.000000     1242     1242        1        7     1228        7      987      984      126     2441        0        0        0
 3616.000000     1234     1234        1        7     1220        7      981      978      127     2425        0        0        0
 3617.000000     1241     1241        1        4     1227       10     1000      999      111     2411        0        0        0
 3618.000000     1258     1258        1        4     1244       10      992      990      112     2459        0        0        0
 3619.000000     1241     1241        1        4     1227       10      987      985      114     2427        0        0        0
 3620.000000     1249     1249        1        7     1235        7      986      986      120     2439        0        0        0
 3621.000000     1243     1243        1        7     1229        7      975      972      131     2435        0        0        0
 3622.000000     1254     1254        1        0     1240       14      990      987      124     2428        0        0        0
 3623.000000     1225     1225        1        0     1225        0      980      979      126     2414        0        0        0
 3624.000000     1235     1235        1        7     1221        7      971      967      149     2430        0        0        0
 3625.000000     1236     1236        1        7     1222        7      974      972      139     2413        0        0        0
 3626.000000     1247     1247        1        7     1233        7      987      984      118     2423        0        0        0
 3627.000000     1229     1229        1        0     1229        0      983      979      131     2441        0        0        0
 3628.000000     1242     1242        1        0     1242        0      991      989      133     2426        0        0        0
 3629.000000     1231     1231        1        7     1217        7      987      984      128     2429        0        0        0
 3630.000000     1243     1243        1        7     1229        7      988      984      128     2441        0        0        0
 3631.000000     1245     1245        1        4     1231       10      992      988      120     2432        0        0        0
 3632.000000     1228     1228        1        9     1214        5      982      980      132     2441        0        0        0
 3633.000000     1233     1233        1        0     1233        0      953      950      130     2433        0        0        0
 3634.000000     1239     1239        1        0     1239        0      986      983      128     2418        0        0        0
 3635.000000     1225     1225        1        0     1225        0      994      991      135     2454        0        0        0
 3636.000000     1239     1239        1        0     1239        0      985      983      125     2433        0        0        0
 3637.000000     1230     1230        1        0     1230        0      983      979      135     2436        0        0        0
 3638.000000     1233     1233        1        0     1233        0      977      974      130     2448        0        0        0
 3639.000000     1245     1245        1        0     1245        0      981      975      137     2466        0        0        0
 3640.000000     1247     1247        1        0     1247        0     1002      998      112     2442        0        0        0
 3641.000000     1252     1252        1        0     1252        0      992      989      132     2462        0        0        0
 3642.000000     1248     1248        1       11     1234        3      980      978      145     2452        0        0        0
 3643.000000     1256     1256        1       11     1242        3      986      982      128     2453        0        0        0
 3644.000000     1243     1243        1        0     1243        0      993      987      126     2475        0        0        0
 3645.000000     1239     1239        1        0     1239        0      966      964      138     2462        0        0        0
 3646.000000     1240     1240        1        0     1240        0      984      982      135     2427        0        0        0
 3647.000000     1239     1239        1        0     1239        0      986      986      135     2438        0        0        0
 3648.000000     1221     1221        1        0     1221        0      988      984      127     2451        0        0        0
 3649.000000     1218     1218        1        0     1218        0      991      987      126     2431        0        0        0
 3650.000000     1246     1246        1        0     1246        0      985      979      136     2453        0        0        0
 3651.000000     1228     1228        1        0     1228        0      996      992      136     2458        0        0        0
 3652.000000     1220     1220        1        0     1220        0      978      973      137     2436        0        0        0
 3653.000000     1208     1208        1        0     1208        0      993      990      126     2441        0        0        0
 3654.000000     1224     1224        1        0     1224        0     1003     1001      121     2453        0        0        0
 3655.000000     1219     1219        1        0     1219        0      995      991      121     2449        0        0        0
 3656.000000     1225     1225        1        0     1225        0      993      984      128     2462        0        0        0
 3657.000000     1227     1227        1        0     1227        0      991      984      139     2446        0        0        0
 3658.000000     1211     1211        1        0     1211        0      988      985      137     2426        0        0        0
 3659.000000     1211     1211        1        0     1211        0      995      992      125     2457        0        0        0
 3660.000000     1211     1211        1        0     1211        0      994      986      137     2439        0        0        0
 3661.000000     1213     1213        1        0     1213        0      999      995      126     2463        0        0        0
 3662.000000     1213     1213        1        0     1213        0      993      988      138     2474        0        0        0
 3663.000000     1221     1221        1        0     1221        0      998      995      137     2471        0        0        0
 3664.000000     1217     1217        1        0     1217        0      995      991      128     2448        0        0        0
 3665.000000     1221     1221        1        0     1221        0      992      989      114     2438        0        0        0
 3666.000000     1214     1214        1        0     1214        0      984      982      128     2440        0        0        0
 3667.000000     1209     1209        1        0     1209        0      994      989      139     2455        0        0        0
 3668.000000     1215     1215        1        0     1215        0      993      989      119     2471        0        0        0
 3669.000000     1225     1225        1        0     1225        0      987      982      134     2470        0        0        0
 3670.000000     1238     1238        1        0     1238        0      992      988      124     2446        0        0        0
 3671.000000     1244     1244        1        0     1244        0     1002      996      143     2466        0        0        0
 3672.000000     1213     1213        1        0     1213        0     1011     1010      126     2452        0        0        0
 3673.000000     1209     1209        1        0     1209        0     1000      997      135     2448        0        0        0
 3674.000000     1222     1222        1        0     1222        0     1006     1002      125     2458        0        0        0
 3675.000000     1216     1216        1        0     1216        0      973      972      130     2443        0        0        0
 3676.000000     1227     1227        1        0     1227        0     1011     1008      126     2458        0        0        0
 3677.000000     1216     1216        1        0     1216        0     1005      999      141     2460        0        0        0
 3678.000000     1222     1222        1        0     1222        0     1005     1003      133     2446        0        0        0
 3679.000000     1217     1217        1        0     1217        0     1004     1002      125     2454        0        0        0
 3680.000000     1221     1221        1        0     1221        0     1000      997      122     2456        0        0        0
 3681.000000     1214     1214        1        0     1214        0      988      983      126     2456        0        0        0
 3682.000000     1204     1204        1        0     1204        0      994      991      119     2436        0        0        0
 3683.000000     1210     1210        1        0     1210        0      980      977      139     2446        0        0        0
 3684.000000     1229     1229        1        0     1229        0      993      989      138     2466        0        0        0
 3685.000000     1236     1236        1        0     1236        0     1001      998      120     2454        0        0        0
 3686.000000     1230     1230        1        0     1230        0      982      976      129     2467        0        0        0
 3687.000000     1224     1224        1        0     1224        0      987      984      117     2466        0        0        0
 3688.000000     1230     1230        1        0     1230        0     1004     1000      118     2453        0        0        0
 3689.000000     1223     1223        1        0     1223        0      998      994      132     2456        0        0        0
 3690.000000     1236     1236        1        0     1236        0     1000      994      127     2456        0        0        0
 3691.000000     1251     1251        1        0     1251        0     1004     1003      137     2483        0        0        0
 3692.000000     1234     1234        1        0     1234        0      996      994      125     2455        0        0        0
 3693.000000     1250     1250        1        0     1250        0     1000      998      127     2475        0        0        0
 3694.000000     1247     1247        1        0     1247        0     1002      997      138     2444        0        0        0
 3695.000000     1244     1244        1        0     1244        0     1021     1019      123     2463        0        0        0
 3696.000000     1239     1239        1        0     1239        0      989      988      111     2459        0        0        0
 3697.000000     1248     1248        1        0     1248        0     1003     1001      133     2439        0        0        0
 3698.000000     1261     1261        1        0     1261        0     1018     1015      131     2477        0        0        0
 3699.000000     1249     1249        1        0     1249        0      999      997      139     2475        0        0        0
 3700.000000     1266     1266        1        0     1266        0     1012     1012      124     2486        0        0        0
 3701.000000     1246     1246        1        0     1246        0     1004     1001      120     2463        0        0        0
 3702.000000     1250     1250        1        0     1250        0      986      983      139     2458        0        0        0
 3703.000000     1256     1256        1        0     1256        0      992      988      123     2441        0        0        0
 3704.000000     1259     1259        1        0     1259        0     1003     1002      130     2453        0        0        0
 3705.000000     1256     1256        1        0     1256        0     1007     1004      128     2460        0        0        0
 3706.000000     1246     1246        1        0     1246        0      998      996      130     2448        0        0        0
 3707.000000     1260     1260        1        0     1260        0     1007     1005      115     2461        0        0        0
 3708.000000     1224     1224        1        0     1224        0      991      984      132     2461        0        0        0
 3709.000000     1237     1237        1        0     1237        0      992      988      123     2466        0        0        0
 3710.000000     1235     1235        1        0     1235        0      997      994      131     2464        0        0        0
 3711.000000     1255     1255        1        0     1255        0     1003      998      124     2472        0        0        0
 3712.000000     1229     1229        1        0     1229        0     1003     1001      123     2439        0        0        0
 3713.000000     1226     1226        1        0     1226        0     1003     1000      124     2450        0        0        0
 3714.000000     1230     1230        1        0     1230        0      993      988      124     2445        0        0        0
 3715.000000     1226     1226        1        0     1226        0     1003     1001      114     2442        0        0        0
 3716.000000     1225     1225        1        0     1225        0      996      992      122     2430        0        0        0
 3717.000000     1219     1219        1        0     1219        0      991      989      121     2424        0        0        0
 3718.000000     1231     1231        1        0     1231        0     1008     1003      123     2447        0        0        0
 3719.000000     1234     1234        1        0     1234        0     1000      996      127     2449        0        0        0
 3720.000000     1231     1231        1        0     1231        0      989      985      121     2465        0        0        0
 3721.000000     1220     1220        1        0     1220        0     1000      999      118     2438        0        0        0
 3722.000000     1228     1228        1        0     1228        0     1006     1005      131     2457        0        0        0
 3723.000000     1215     1215        1        0     1215        0      997      995      115     2421        0        0        0
 3724.000000     1225     1225        1        0     1225        0      983      982      129     2434        0        0        0
 3725.000000     1245     1245        1        0     1245        0      993      989      123     2439        0        0        0
 3726.000000     1224     1224        1        0     1224        0      981      978      130     2436        0        0        0
 3727.000000     1229     1229        1        0     1229        0      995      994      134     2425        0        0        0
 3728.000000     1231     1231        1        0     1231        0     1004     1001      120     2442        0        0        0
 3729.000000     1225     1225        1        0     1225        0      979      977      123     2403        0        0        0
 3730.000000     1203     1203        1        0     1203        0      997      992      118     2417        0        0        0
 3731.000000     1216     1216        1        0     1216        0      979      979      141     2389        0        0        0
 3732.000000     1226     1226        1        0     1226        0     1000      999      125     2420        0        0        0
 3733.000000     1205     1205        1        0     1205        0      971      970      123     2401        0        0        0
 3734.000000     1186     1186        1        0     1186        0      973      971      108     2406        0        0        0
 3735.000000     1196     1196        1        0     1196        0      985      983      127     2418        0        0        0
 3736.000000     1198     1198        1        0     1198        0      976      975      130     2421        0        0        0
 3737.000000     1195     1195        1        0     1195        0      984      978      130     2406        0        0        0
 3738.000000     1193     1193        1        0     1193        0      984      980      120     2392        0        0        0
 3739.000000     1200     1200        1        0     1200        0      983      981      129     2402        0        0        0
 3740.000000     1190     1190        1        0     1190        0      974      970      132     2395        0        0        0
 3741.000000     1206     1206        1        0     1206        0      983      983      136     2390        0        0        0
 3742.000000     1221     1221        1        0     1221        0      992      988      119     2418        0        0        0
 3743.000000     1218     1218        1        0     1218        0      985      985      124     2417        0        0        0
 3744.000000     1231     1231        1        0     1231        0      986      982      116     2450        0        0        0
 3745.000000     1215     1215        1        0     1215        0      994      994      113     2407        0        0        0
 3746.000000     1214     1214        1        0     1214        0      987      983      131     2402        0        0        0
 3747.000000     1211     1211        1        0     1211        0      994      991      114     2419        0        0        0
 3748.000000     1199     1199        1        0     1199        0      978      975      127     2393        0        0        0
 3749.000000     1217     1217        1        0     1217        0      977      974      120     2418        0        0        0
 3750.000000     1206     1206        1        0     1206        0      983      981      129     2391        0        0        0
 3751.000000     1217     1217        1        0     1217        0      965      961      127     2406        0        0        0
 3752.000000     1221     1221        1        0     1221        0      974      973      123     2387        0        0        0
 3753.000000     1213     1213        1        0     1213        0      966      964      131     2396        0        0        0
 3754.000000     1223     1223        1        0     1223        0      986      984      111     2411        0        0        0
 3755.000000     1222     1222        1        0     1222        0      961      959      138     2407        0        0        0
 3756.000000     1210     1210        1        0     1210        0      981      976      112     2402        0        0        0
 3757.000000     1214     1214        1        0     1214        0      975      971      130     2415        0        0        0
 3758.000000     1211     1211        1        0     1211        0      977      976      121     2396        0        0        0
 3759.000000     1199     1199        1        0     1199        0      985      983      124     2409        0        0        0
 3760.000000     1202     1202        1        0     1202        0      988      984      132     2395        0        0        0
 3761.000000     1204     1204        1        0     1204        0      997      992      126     2385        0        0        0
 3762.000000     1212     1212        1        0     1212        0      990      989      118     2405        0        0        0
 3763.000000     1206     1206        1        0     1206        0      997      995      120     2411        0        0        0
 3764.000000     1211     1211        1        0     1196       15      983      981      128     2411        0        0        0
 3765.000000     1190     1190        1        0     1190        0      976      973      125     2406        0        0        0
 3766.000000     1215     1215        1        0     1215        0      987      984      134     2416        0        0        0
 3767.000000     1211     1211        1        0     1211        0      998      997      122     2410        0        0        0
 3768.000000     1215     1215        1        0     1215        0      988      987      111     2426        0        0        0
 3769.000000     1208     1208        1        0     1208        0     1006     1002      119     2402        0        0        0
 3770.000000     1229     1229        1        0     1229        0     1002      998      123     2458        0        0        0
 3771.000000     1232     1232        1        0     1232        0      968      965      135     2416        0        0        0
 3772.000000     1236     1236        1       13     1221        2      986      986      121     2436        0        0        0
 3773.000000     1226     1226        1        0     1226        0      988      986      131     2421        0        0        0
 3774.000000     1207     1207        1        0     1207        0      987      986      124     2424        0        0        0
 3775.000000     1232     1232        1        0     1232        0     1009     1003      135     2422        0        0        0
 3776.000000     1240     1240        1        0     1240        0      993      990      139     2412        0        0        0
 3777.000000     1237     1237        1        0     1237        0      999      992      134     2441        0        0        0
 3778.000000     1226     1226        1        0     1226        0      994      992      122     2421        0        0        0
 3779.000000     1237     1237        1        0     1237        0      998      995      120     2419        0        0        0
 3780.000000     1243     1243        1        0     1243        0      998      997      125     2423        0        0        0
 3781.000000     1212     1212        1        0     1212        0      979      973      135     2420        0        0        0
 3782.000000     1220     1220        1        0     1220        0      979      978      125     2409        0        0        0
 3783.000000     1203     1203        1        0     1203        0      998      996      129     2412        0        0        0
 3784.000000     1213     1213        1        0     1213        0      999      997      119     2420        0        0        0
 3785.000000     1212     1212        1        0     1212        0      999      996      119     2409        0        0        0
 3786.000000     1208     1208        1        0     1208        0      994      989      131     2427        0        0        0
 3787.000000     1223     1223        1        3     1209       11     1000      999      116     2426        0        0        0
 3788.000000     1231     1231        1        3     1217       11     1002     1001      111     2410        0        0        0
 3789.000000     1204     1204        1        0     1204        0      995      993      134     2429        0        0        0
 3790.000000     1214     1214        1        3     1200       11      984      981      120     2429        0        0        0
 3791.000000     1202     1202        1        0     1202        0      988      985      123     2411        0        0        0
 3792.000000     1203     1203        1        0     1203        0      998      997      106     2433        0        0        0
 3793.000000     1205     1205        1        0     1205        0      997      997      124     2414        0        0        0
 3794.000000     1211     1211        1        3     1197       11      999      998      116     2430        0        0        0
 3795.000000     1205     1205        1        0     1205        0     1001      997      118     2416        0        0        0
 3796.000000     1215     1215        1        3     1201       11     1000      999      119     2429        0        0        0
 3797.000000     1219     1219        1       16     1194        9      990      988      115     2438        0        0        0
 3798.000000     1210     1210        1        3     1196       11     1000      997      124     2422        0        0        0
 3799.000000     1228     1228        1       13     1203       12     1001     1000      124     2427        0        0        0
 3800.000000     1215     1215        1       13     1190       12      992      987      129     2414        0        0        0
 3801.000000     1214     1214        1       17     1188        9      993      988      132     2441        0        0        0
 3802.000000     1201     1201        1        6     1187        8      996      992      126     2415        0        0        0
 3803.000000     1207     1207        1        7     1193        7      992      988      135     2414        0        0        0
 3804.000000     1196     1196        1        6     1182        8      986      984      131     2408        0        0        0
 3805.000000     1208     1208        1        3     1194       11      980      976      129     2406        0        0        0
 3806.000000     1229     1229        1        4     1214       11      978      974      135     2438        0        0        0
 3807.000000     1204     1204        1       14     1190        0      975      973      126     2411        0        0        0
 3808.000000     1218     1218        1       14     1204        0      971      970      131     2406        0        0        0
 3809.000000     1180     1180        1        0     1180        0      995      993      119     2396        0        0        0
 3810.000000     1190     1190        1        0     1190        0      984      984      115     2406        0        0        0
 3811.000000     1202     1202        1        5     1187       10      984      981      135     2421        0        0        0
 3812.000000     1199     1199        1        8     1184        7      997      992      119     2415        0        0        0
 3813.000000     1195     1195        1        0     1195        0      975      971      117     2420        0        0        0
 3814.000000     1196     1196        1        0     1196        0      979      976      133     2404        0        0        0
 3815.000000     1197     1197        1        0     1197        0      985      981      125     2410        0        0        0
 3816.000000     1198     1198        1        0     1198        0      970      965      142     2407        0        0        0
 3817.000000     1191     1191        1        0     1191        0      981      981      124     2391        0        0        0
 3818.000000     1191     1191        1        0     1191        0      981      978      126     2399        0        0        0
 3819.000000     1216     1216        1        5     1201       10      991      989      123     2410        0        0        0
 3820.000000     1202     1202        1        5     1187       10      984      981      115     2410        0        0        0
 3821.000000     1192     1192        1        7     1177        8      984      981      133     2401        0        0        0
 3822.000000     1193     1193        1        8     1178        7      989      987      123     2415        0        0        0
 3823.000000     1187     1187        1        5     1172       10      974      970      124     2393        0        0        0
 3824.000000     1189     1189        1        7     1175        7      972      968      124     2394        0        0        0
 3825.000000     1201     1201        1        7     1187        7      979      975      126     2397        0        0        0
 3826.000000     1201     1201        1        7     1187        7      985      980      118     2412        0        0        0
 3827.000000     1203     1203        1        4     1189       10      979      977      121     2390        0        0        0
 3828.000000     1196     1196        1        7     1182        7      978      974      135     2414        0        0        0
 3829.000000     1202     1202        1        4     1188       10      978      975      127     2397        0        0        0
 3830.000000     1182     1182        1        7     1168        7      983      980      130     2411        0        0        0
 3831.000000     1175     1175        1        4     1161       10      985      984      120     2415        0        0        0
 3832.000000     1202     1202        1        4     1188       10      986      984      113     2414        0        0        0
 3833.000000     1200     1200        1        7     1186        7      993      988      132     2424        0        0        0
 3834.000000     1197     1197        1        4     1183       10      995      992      109     2405        0        0        0
 3835.000000     1186     1186        1        0     1186        0      984      981      132     2420        0        0        0
 3836.000000     1206     1206        1        7     1192        7      984      983      124     2421        0        0        0
 3837.000000     1190     1190        1        7     1176        7      988      988      122     2410        0        0        0
 3838.000000     1201     1201        1        4     1187       10      978      974      135     2413        0        0        0
 3839.000000     1191     1191        1        8     1176        7      982      976      123     2404        0        0        0
 3840.000000     1210     1210        1        4     1196       10      974      970      134     2407        0        0        0
 3841.000000     1176     1176        1        0     1176        0      979      977      124     2393        0        0        0
 3842.000000     1203     1203        1        0     1203        0      988      983      139     2439        0        0        0
 3843.000000     1242     1242        1       20     1209       13     1000      994      130     2438        0        0        0
 3844.000000     1220     1220        1       15     1202        3      983      978      133     2413        0        0        0
 3845.000000     1214     1214        1       17     1196        1      986      983      129     2443        0        0        0
 3846.000000     1229     1229        1       29     1197        3      984      978      135     2434        0        0        0
 3847.000000     1223     1223        1       14     1209        0      993      989      123     2422        0        0        0
 3848.000000     1205     1205        1        9     1191        5      997      993      123     2424        0        0        0
 3849.000000     1218     1218        1        4     1203       11      987      983      134     2448        0        0        0
 3850.000000     1227     1227        1       25     1194        8      998      995      130     2424        0        0        0
 3851.000000     1225     1225        1        0     1225        0      984      976      136     2442        0        0        0
 3852.000000     1214     1214        1        6     1200        8      987      980      128     2455        0        0        0
 3853.000000     1207     1207        1        6     1193        8      986      976      135     2432        0        0        0
 3854.000000     1209     1209        1       14     1195        0      994      988      125     2420        0        0        0
 3855.000000     1222     1222        1        3     1208       11      988      981      127     2440        0        0        0
 3856.000000     1206     1206        1        6     1192        8     1002      998      127     2428        0        0        0
 3857.000000     1213     1213        1        0     1213        0      990      984      124     2422        0        0        0
 3858.000000     1206     1206        1        7     1192        7      992      990      119     2425        0        0        0
 3859.000000     1212     1212        1        6     1198        8      993      989      136     2421        0        0        0
 3860.000000     1213     1213        1        3     1199       11     1006     1004      107     2417        0        0        0
 3861.000000     1232     1232        1       21     1200       11      991      986      130     2423        0        0        0
 3862.000000     1233     1233        1       22     1200       11      986      983      121     2414        0        0        0
 3863.000000     1207     1207        1        3     1193       11      996      994      128     2412        0        0        0
 3864.000000     1182     1182        1        0     1182        0      991      988      116     2415        0        0        0
 3865.000000     1190     1190        1        0     1190        0      988      984      123     2432        0        0        0
 3866.000000     1182     1182        1        0     1182        0      994      991      120     2428        0        0        0
 3867.000000     1192     1192        1        0     1192        0      991      986      127     2412        0        0        0
 3868.000000     1191     1191        1        0     1191        0      985      983      129     2402        0        0        0
 3869.000000     1179     1179        1        0     1179        0     1000      997      129     2412        0        0        0
 3870.000000     1191     1191        1        0     1191        0      988      987      122     2393        0        0        0
 3871.000000     1178     1178        1        0     1178        0      990      985      136     2411        0        0        0
 3872.000000     1205     1205        1        0     1205        0     1000      995      125     2398        0        0        0
 3873.000000     1194     1194        1        0     1194        0      986      984      118     2416        0        0        0
 3874.000000     1204     1204        1        0     1204        0      989      989      121     2403        0        0        0
 3875.000000     1196     1196        1        0     1196        0      971      967      128     2407        0        0        0
 3876.000000     1195     1195        1        0     1195        0      985      983      119     2405        0        0        0
 3877.000000     1197     1197        1        0     1197        0     1007     1005      101     2409        0        0        0
 3878.000000     1204     1204        1        0     1204        0      991      989      123     2432        0        0        0
 3879.000000     1208     1208        1        0     1208        0     1003      999      125     2424        0        0        0
 3880.000000     1203     1203        1        0     1203        0     1008     1005      118     2425        0        0        0
 3881.000000     1202     1202        1        0     1202        0     1008     1006      121     2419        0        0        0
 3882.000000     1208     1208        1        0     1208        0     1003     1003      111     2423        0        0        0
 3883.000000     1199     1199        1        0     1199        0     1005     1003      119     2404        0        0        0
 3884.000000     1205     1205        1        0     1205        0     1005     1001      128     2416        0        0        0
 3885.000000     1203     1203        1        0     1203        0      992      988      121     2420        0        0        0
 3886.000000     1193     1193        1        0     1193        0      989      986      123     2399        0        0        0
 3887.000000     1226     1226        1        0     1226        0     1003     1000      121     2442        0        0        0
 3888.000000     1212     1212        1        0     1212        0      988      986      123     2423        0        0        0
 3889.000000     1213     1213        1        0     1213        0      993      992      133     2441        0        0        0
 3890.000000     1204     1204        1        0     1204        0      992      990      125     2437        0        0        0
 3891.000000     1206     1206        1        0     1206        0     1001     1001      123     2421        0        0        0
 3892.000000     1208     1208        1        0     1208        0     1012     1011      123     2433        0        0        0
 3893.000000     1224     1224        1        0     1224        0     1002      998      128     2443        0        0        0
 3894.000000     1205     1205        1        0     1205        0     1009     1009      114     2428        0        0        0
 3895.000000     1200     1200        1        0     1200        0     1001     1000      123     2408        0        0        0
 3896.000000     1221     1221        1        0     1221        0     1017     1016      102     2458        0        0        0
 3897.000000     1199     1199        1        0     1199        0      980      979      134     2426        0        0        0
 3898.000000     1209     1209        1        0     1209        0     1007     1006      116     2420        0        0        0
 3899.000000     1201     1201        1        0     1201        0      995      993      128     2435        0        0        0
 3900.000000     1218     1206        2        0     1218        0     1013     1010      121     2436        0        0        0
 3901.000000     1188     1188        1        0     1188        0     1002     1000      119     2410        0        0        0
 3902.000000     1190     1190        1        0     1190        0      998      994      131     2433        0        0        0
 3903.000000     1197     1197        1        0     1197        0     1001      999      121     2437        0        0        0
 3904.000000     1198     1198        1        0     1198        0     1000      999      113     2446        0        0        0
 3905.000000     1209     1209        1        0     1209        0      998      998      116     2463        0        0        0
 3906.000000     1218     1218        1        0     1218        0     1001     1001      107     2434        0        0        0
 3907.000000     1203     1203        1        0     1203        0     1000      999      118     2413        0        0        0
 3908.000000     1198     1198        1        0     1198        0     1002     1000      116     2407        0        0        0
 3909.000000     1205     1205        1        0     1205        0      989      988      124     2439        0        0        0
 3910.000000     1212     1212        1        0     1212        0     1005     1004      109     2441        0        0        0
 3911.000000     1217     1217        1        0     1217        0      989      989      121     2425        0        0        0
 3912.000000     1205     1205        1        0     1205        0     1005     1003      112     2418        0        0        0
 3913.000000     1208     1208        1        0     1208        0      994      993      126     2414        0        0        0
 3914.000000     1202     1202        1        0     1202        0     1002     1001      109     2409        0        0        0
 3915.000000     1206     1206        1        0     1206        0     1007     1004      128     2408        0        0        0
 3916.000000     1214     1214        1        0     1214        0      997      994      134     2430        0        0        0
 3917.000000     1204     1204        1        0     1204        0      994      990      138     2411        0        0        0
 3918.000000     1199     1199        1        0     1199        0     1000     1000      121     2427        0        0        0
 3919.000000     1207     1207        1        0     1207        0     1013     1012      116     2448        0        0        0
 3920.000000     1211     1211        1        0     1211        0     1011     1010      118     2443        0        0        0
 3921.000000     1210     1210        1        0     1210        0     1011     1008      110     2434        0        0        0
 3922.000000     1208     1208        1        0     1208        0     1008     1007      103     2433        0        0        0
 3923.000000     1200     1200        1        0     1200        0     1004     1002      112     2427        0        0        0
 3924.000000     1200     1200        1        0     1200        0     1007     1007      126     2441        0        0        0
 3925.000000     1214     1214        1        0     1214        0     1017     1016      105     2439        0        0        0
 3926.000000     1209     1209        1        0     1209        0     1014     1012      109     2437        0        0        0
 3927.000000     1219     1219        1        0     1219        0      994      993      117     2431        0        0        0
 3928.000000     1237     1237        1        0     1237        0     1012     1009      116     2436        0        0        0
 3929.000000     1225     1225        1        0     1225        0     1019     1016      118     2433        0        0        0
 3930.000000     1210     1210        1        0     1210        0      995      993      125     2412        0        0        0
 3931.000000     1212     1212        1        0     1212        0      998      998      117     2415        0        0        0
 3932.000000     1229     1229        1        0     1229        0      998      998      115     2437        0        0        0
 3933.000000     1240     1240        1        0     1240        0     1007     1006      117     2453        0        0        0
 3934.000000     1229     1229        1        0     1229        0      998      996      128     2436        0        0        0
 3935.000000     1226     1226        1        0     1226        0     1026     1026      105     2422        0        0        0
 3936.000000     1228     1228        1        0     1228        0      999      998      130     2435        0        0        0
 3937.000000     1233     1233        1        0     1233        0     1014     1013      120     2450        0        0        0
 3938.000000     1236     1236        1        0     1236        0     1013     1011      115     2456        0        0        0
 3939.000000     1233     1233        1        0     1233        0     1020     1019      115     2439        0        0        0
 3940.000000     1228     1228        1        0     1228        0     1018     1017      115     2444        0        0        0
 3941.000000     1222     1222        1        0     1222        0     1022     1020      113     2453        0        0        0
 3942.000000     1239     1239        1        0     1239        0     1008     1006      120     2437        0        0        0
 3943.000000     1244     1244        1        0     1244        0     1017     1016      119     2466        0        0        0
 3944.000000     1222     1222        1        0     1222        0     1006     1004       93     2402        0        0        0
 3945.000000     1226     1226        1        0     1226        0     1024     1022      111     2424        0        0        0
 3946.000000     1230     1230        1        0     1230        0      994      990      122     2416        0        0        0
 3947.000000     1225     1225        1        0     1225        0     1016     1012      119     2438        0        0        0
 3948.000000     1234     1234        1        0     1234        0     1014     1012      108     2436        0        0        0
 3949.000000     1232     1232        1        0     1232        0     1009     1008      116     2425        0        0        0
 3950.000000     1226     1226        1        0     1226        0     1003     1003      121     2435        0        0        0
 3951.000000     1223     1223        1        0     1223        0     1007     1006      125     2421        0        0        0
 3952.000000     1225     1225        1        0     1225        0     1020     1020      115     2414        0        0        0
 3953.000000     1224     1224        1        0     1224        0     1015     1012      121     2408        0        0        0
 3954.000000     1226     1226        1        0     1226        0     1020     1018      118     2441        0        0        0
 3955.000000     1243     1243        1        0     1243        0     1023     1022      123     2445        0        0        0
 3956.000000     1230     1230        1        0     1230        0     1023     1022      114     2435        0        0        0
 3957.000000     1236     1236        1        0     1236        0     1025     1021      117     2456        0        0        0
 3958.000000     1224     1224        1        0     1224        0     1009     1004      126     2442        0        0        0
 3959.000000     1241     1241        1        0     1241        0     1003     1003      126     2463        0        0        0
 3960.000000     1231     1231        1        0     1231        0     1018     1018      115     2462        0        0        0
 3961.000000     1223     1223        1        0     1223        0     1017     1017      120     2464        0        0        0
 3962.000000     1225     1225        1        0     1225        0     1015     1014      108     2445        0        0        0
 3963.000000     1223     1223        1        0     1223        0     1031     1029      109     2462        0        0        0
 3964.000000     1223     1223        1        0     1223        0     1013     1013      113     2461        0        0        0
 3965.000000     1222     1222        1        0     1222        0     1038     1037      114     2452        0        0        0
 3966.000000     1229     1229        1        0     1229        0     1028     1027      106     2450        0        0        0
 3967.000000     1236     1236        1        0     1236        0     1027     1025      116     2468        0        0        0
 3968.000000     1233     1233        1        0     1233        0     1023     1021      115     2459        0        0        0
 3969.000000     1237     1237        1        0     1237        0     1009     1008      124     2453        0        0        0
 3970.000000     1235     1235        1        0     1235        0     1022     1019      116     2462        0        0        0
 3971.000000     1239     1239        1        0     1239        0     1023     1023      108     2461        0        0        0
 3972.000000     1227     1227        1        0     1227        0     1024     1022      120     2462        0        0        0
 3973.000000     1238     1238        1        0     1238        0     1030     1029      115     2479        0        0        0
 3974.000000     1228     1228        1        0     1228        0     1018     1016      107     2458        0        0        0
 3975.000000     1230     1230        1        0     1230        0     1030     1028      113     2464        0        0        0
 3976.000000     1234     1234        1        0     1234        0     1026     1023      109     2473        0        0        0
 3977.000000     1227     1227        1        0     1227        0     1026     1023      122     2462        0        0        0
 3978.000000     1237     1237        1        0     1237        0     1026     1023      119     2461        0        0        0
 3979.000000     1252     1252        1        0     1252        0     1047     1045      104     2465        0        0        0
 3980.000000     1242     1242        1        0     1242        0     1041     1040      114     2479        0        0        0
 3981.000000     1243     1243        1        0     1243        0     1047     1045      107     2500        0        0        0
 3982.000000     1235     1235        1        0     1235        0     1022     1021      116     2456        0        0        0
 3983.000000     1226     1226        1        0     1226        0     1004     1001      133     2448        0        0        0
 3984.000000     1232     1232        1        0     1232        0     1014     1009      126     2464        0        0        0
 3985.000000     1240     1240        1        0     1240        0     1025     1022      113     2477        0        0        0
 3986.000000     1229     1229        1        0     1229        0     1018     1017      116     2494        0        0        0
 3987.000000     1238     1238        1        0     1238        0     1017     1016      113     2437        0        0        0
 3988.000000     1233     1233        1        0     1233        0     1031     1029      111     2452        0        0        0
 3989.000000     1232     1232        1        0     1232        0     1027     1023      112     2476        0        0        0
 3990.000000     1235     1235        1        0     1235        0     1022     1021      116     2466        0        0        0
 3991.000000     1234     1234        1        0     1234        0     1023     1020      113     2453        0        0        0
 3992.000000     1227     1227        1        0     1227        0     1017     1016      126     2464        0        0        0
 3993.000000     1226     1226        1        0     1226        0     1020     1020      114     2472        0        0        0
 3994.000000     1237     1237        1        0     1237        0     1032     1030      124     2468        0        0        0
 3995.000000     1237     1237        1        0     1237        0     1010     1009      119     2461        0        0        0
 3996.000000     1242     1242        1        0     1242        0     1004     1001      128     2455        0        0        0
 3997.000000     1235     1235        1        0     1235        0     1031     1028      119     2468        0        0        0
 3998.000000     1227     1227        1        0     1227        0     1018     1016      125     2457        0        0        0
 3999.000000     1227     1227        1        0     1227        0     1015     1012      124     2472        0        0        0
 4000.000000     1237     1237        1        0     1237        0     1029     1029      116     2468        0        0        0
 4001.000000     1241     1241        1        0     1241        0     1022     1021      129     2476        0        0        0
 4002.000000     1233     1233        1        0     1233        0     1025     1023      123     2477        0        0        0
 4003.000000     1228     1228        1        0     1228        0     1025     1022       99     2486        0        0        0
 4004.000000     1230     1230        1        0     1230        0     1024     1021      116     2473        0        0        0
 4005.000000     1224     1224        1        0     1224        0     1029     1028      114     2469        0        0        0
 4006.000000     1218     1218        1        0     1218        0     1029     1026      116     2470        0        0        0
 4007.000000     1221     1221        1        0     1221        0     1024     1022      125     2464        0        0        0
 4008.000000     1212     1212        1        0     1212        0     1026     1024      125     2472        0        0        0
 4009.000000     1231     1231        1        0     1231        0     1039     1036      119     2455        0        0        0
 4010.000000     1235     1235        1        0     1235        0     1038     1037      110     2462        0        0        0
 4011.000000     1235     1235        1        0     1235        0     1007     1004      118     2462        0        0        0
 4012.000000     1238     1238        1        0     1238        0     1022     1021      126     2448        0        0        0
 4013.000000     1234     1234        1        0     1234        0     1019     1018      119     2473        0        0        0
 4014.000000     1234     1234        1        0     1234        0     1027     1020      118     2452        0        0        0
 4015.000000     1226     1226        1        0     1226        0     1021     1021      101     2449        0        0        0
 4016.000000     1245     1245        1        0     1245        0     1023     1021      112     2455        0        0        0
 4017.000000     1222     1222        1        0     1222        0     1029     1028      113     2477        0        0        0
 4018.000000     1232     1232        1        0     1232        0     1023     1021      131     2424        0        0        0
 4019.000000     1244     1244        1        0     1244        0     1018     1015      129     2454        0        0        0
 4020.000000     1235     1235        1        0     1235        0     1033     1029      134     2462        0        0        0
 4021.000000     1237     1237        1        0     1237        0     1043     1040      122     2481        0        0        0
 4022.000000     1240     1240        1        0     1240        0     1035     1032      124     2460        0        0        0
 4023.000000     1229     1229        1        0     1229        0     1034     1033      124     2460        0        0        0
 4024.000000     1230     1230        1        0     1230        0     1000      994      136     2463        0        0        0
 4025.000000     1230     1230        1        0     1230        0     1013     1009      133     2450        0        0        0
 4026.000000     1232     1232        1        0     1232        0     1031     1027      114     2479        0        0        0
 4027.000000     1225     1225        1        0     1225        0     1032     1029      120     2503        0        0        0
 4028.000000     1236     1236        1        0     1236        0     1019     1016      125     2457        0        0        0
 4029.000000     1225     1225        1        0     1225        0     1032     1031      116     2454        0        0        0
 4030.000000     1235     1235        1        0     1235        0     1041     1041      115     2474        0        0        0
 4031.000000     1230     1230        1        0     1230        0     1033     1032      102     2472        0        0        0
 4032.000000     1237     1237        1        0     1237        0     1040     1038      115     2456        0        0        0
 4033.000000     1225     1225        1        0     1225        0     1030     1026      127     2474        0        0        0
 4034.000000     1225     1225        1        0     1225        0     1014     1013      133     2457        0        0        0
 4035.000000     1225     1225        1        0     1225        0     1028     1026      114     2455        0        0        0
 4036.000000     1226     1226        1        0     1226        0     1030     1029      105     2464        0        0        0
 4037.000000     1236     1236        1        0     1236        0     1028     1027      114     2456        0        0        0
 4038.000000     1229     1229        1        0     1229        0     1036     1035      123     2412        0        0        0
 4039.000000     1247     1247        1        0     1247        0     1026     1026      115     2473        0        0        0
 4040.000000     1221     1221        1        0     1221        0     1019     1019      116     2450        0        0        0
 4041.000000     1232     1232        1        0     1232        0     1029     1028      113     2476        0        0        0
 4042.000000     1241     1241        1        0     1241        0     1019     1017      128     2480        0        0        0
 4043.000000     1235     1235        1        0     1235        0     1023     1022      117     2474        0        0        0
 4044.000000     1225     1225        1        0     1225        0     1021     1019      126     2461        0        0        0
 4045.000000     1224     1224        1        0     1224        0     1039     1035      119     2462        0        0        0
 4046.000000     1228     1228        1        0     1228        0     1024     1024      108     2465        0        0        0
 4047.000000     1242     1242        1        0     1242        0     1053     1050      115     2482        0        0        0
 4048.000000     1248     1248        1        0     1248        0     1036     1035      126     2509        0        0        0
 4049.000000     1252     1252        1        0     1252        0     1027     1027      116     2474        0        0        0
 4050.000000     1243     1243        1        0     1243        0     1020     1017      131     2454        0        0        0
 4051.000000     1240     1240        1        0     1240        0     1023     1022      111     2474        0        0        0
 4052.000000     1246     1246        1        0     1246        0     1015     1013      135     2500        0        0        0
 4053.000000     1233     1233        1        0     1233        0     1033     1032      120     2479        0        0        0
 4054.000000     1232     1232        1        0     1232        0     1022     1021      119     2472        0        0        0
 4055.000000     1222     1222        1        0     1222        0     1031     1028      128     2452        0        0        0
 4056.000000     1234     1234        1        0     1234        0     1030     1029      126     2501        0        0        0
 4057.000000     1240     1240        1        0     1240        0     1016     1014      136     2469        0        0        0
 4058.000000     1228     1228        1        0     1228        0     1036     1032      129     2504        0        0        0
 4059.000000     1227     1227        1        0     1227        0     1022     1021      117     2500        0        0        0
 4060.000000     1237     1237        1        0     1237        0     1032     1032      130     2494        0        0        0
 4061.000000     1231     1231        1        0     1231        0     1035     1034      134     2476        0        0        0
 4062.000000     1237     1237        1        0     1237        0     1041     1041      122     2496        0        0        0
 4063.000000     1243     1243        1        0     1243        0     1020     1020      142     2498        0        0        0
 4064.000000     1238     1238        1        0     1238        0     1033     1029      125     2470        0        0        0
 4065.000000     1236     1236        1        0     1236        0     1035     1032      130     2462        0        0        0
 4066.000000     1241     1241        1        0     1241        0     1029     1025      121     2479        0        0        0
 4067.000000     1235     1235        1        0     1235        0     1032     1031      111     2466        0        0        0
 4068.000000     1234     1234        1        0     1234        0     1031     1029      114     2471        0        0        0
 4069.000000     1234     1234        1        0     1234        0     1017     1014      120     2459        0        0        0
 4070.000000     1231     1231        1        0     1231        0     1037     1037      119     2449        0        0        0
 4071.000000     1232     1232        1        0     1232        0     1020     1018      115     2462        0        0        0
 4072.000000     1235     1235        1        0     1235        0     1029     1029      125     2460        0        0        0
 4073.000000     1229     1229        1        0     1229        0     1033     1029      120     2465        0        0        0
 4074.000000     1220     1220        1        0     1220        0     1016     1014      125     2470        0        0        0
 4075.000000     1233     1233        1        0     1233        0     1028     1028      123     2474        0        0        0
 4076.000000     1241     1241        1        0     1241        0     1039     1037      120     2484        0        0        0
 4077.000000     1235     1235        1        0     1235        0     1012     1011      124     2494        0        0        0
 4078.000000     1227     1227        1        0     1227        0     1025     1024      121     2471        0        0        0
 4079.000000     1231     1231        1        0     1231        0     1010     1008      128     2484        0        0        0
 4080.000000     1240     1240        1       13     1225        2     1007     1004      137     2465        0        0        0
 4081.000000     1244     1244        1        0     1244        0     1019     1016      131     2473        0        0        0
 4082.000000     1234     1234        1        0     1234        0     1010     1010      135     2486        0        0        0
 4083.000000     1232     1232        1        0     1232        0     1016     1015      128     2474        0        0        0
 4084.000000     1221     1221        1        0     1221        0     1012     1010      131     2451        0        0        0
 4085.000000     1220     1220        1        0     1220        0     1017     1017      119     2446        0        0        0
 4086.000000     1219     1219        1        0     1219        0     1038     1036      126     2467        0        0        0
 4087.000000     1235     1235        1        0     1235        0     1019     1017      110     2458        0        0        0
 4088.000000     1231     1231        1        0     1231        0     1024     1022      118     2468        0        0        0
 4089.000000     1219     1219        1        0     1219        0     1017     1014      114     2464        0        0        0
 4090.000000     1220     1220        1        0     1220        0     1032     1030      122     2464        0        0        0
 4091.000000     1233     1233        1        0     1233        0     1029     1029      119     2471        0        0        0
 4092.000000     1242     1242        1        0     1242        0     1041     1039      118     2479        0        0        0
 4093.000000     1240     1240        1        0     1240        0     1021     1015      132     2460        0        0        0
 4094.000000     1230     1230        1        0     1230        0     1030     1028      117     2467        0        0        0
 4095.000000     1244     1244        1        0     1244        0     1041     1040      123     2487        0        0        0
 4096.000000     1254     1254        1        0     1254        0     1025     1024      115     2496        0        0        0
 4097.000000     1251     1251        1        0     1251        0     1033     1029      121     2507        0        0        0
 4098.000000     1241     1241        1        0     1241        0     1039     1036      118     2495        0        0        0
 4099.000000     1237     1237        1        0     1237        0     1036     1034      123     2476        0        0        0
 4100.000000     1241     1241        1        0     1241        0     1033     1030      121     2488        0        0        0
 4101.000000     1240     1240        1        0     1240        0     1046     1045      116     2491        0        0        0
 4102.000000     1243     1243        1        0     1243        0     1022     1018      117     2477        0        0        0
 4103.000000     1243     1243        1        0     1243        0     1051     1050      108     2472        0        0        0
 4104.000000     1232     1232        1        0     1232        0     1037     1033      118     2472        0        0        0
 4105.000000     1244     1244        1        0     1244        0     1039     1036      119     2502        0        0        0
 4106.000000     1249     1249        1        0     1249        0     1043     1038      110     2492        0        0        0
 4107.000000     1260     1260        1        0     1260        0     1031     1024      131     2514        0        0        0
 4108.000000     1254     1254        1        0     1254        0     1052     1050      109     2503        0        0        0
 4109.000000     1247     1247        1        0     1247        0     1032     1030      120     2496        0        0        0
 4110.000000     1246     1246        1        0     1246        0     1027     1023      132     2482        0        0        0
 4111.000000     1255     1255        1        0     1255        0     1043     1042      122     2482        0        0        0
 4112.000000     1253     1253        1        0     1253        0     1026     1025      119     2475        0        0        0
 4113.000000     1239     1239        1        0     1239        0     1023     1023      126     2472        0        0        0
 4114.000000     1248     1248        1        0     1248        0     1035     1035      124     2498        0        0        0
 4115.000000     1254     1254        1        0     1254        0     1036     1031      120     2482        0        0        0
 4116.000000     1258     1258        1        0     1258        0     1050     1047      113     2476        0        0        0
 4117.000000     1246     1246        1        0     1246        0     1053     1050      104     2495        0        0        0
 4118.000000     1251     1251        1        0     1251        0     1051     1051      117     2500        0        0        0
 4119.000000     1243     1243        1        0     1243        0     1046     1046      122     2478        0        0        0
 4120.000000     1245     1245        1        0     1245        0     1035     1034      120     2478        0        0        0
 4121.000000     1246     1246        1        0     1246        0     1037     1033      126     2483        0        0        0
 4122.000000     1237     1237        1        0     1237        0     1038     1035      115     2486        0        0        0
 4123.000000     1236     1236        1        0     1236        0     1050     1048      115     2473        0        0        0
 4124.000000     1240     1240        1        0     1240        0     1033     1031      130     2486        0        0        0
 4125.000000     1237     1237        1        0     1237        0     1038     1037      115     2483        0        0        0
 4126.000000     1248     1248        1        0     1248        0     1043     1041      125     2489        0        0        0
 4127.000000     1249     1249        1        0     1249        0     1037     1033      119     2463        0        0        0
 4128.000000     1241     1241        1        0     1241        0     1035     1031      112     2470        0        0        0
 4129.000000     1246     1246        1        0     1246        0     1042     1041      107     2468        0        0        0
 4130.000000     1241     1241        1        0     1241        0     1038     1036      120     2474        0        0        0
 4131.000000     1238     1238        1        0     1238        0     1034     1033      109     2466        0        0        0
 4132.000000     1237     1237        1        0     1237        0     1041     1040      116     2463        0        0        0
 4133.000000     1239     1239        1        0     1239        0     1026     1024      126     2449        0        0        0
 4134.000000     1260     1260        1        0     1260        0     1040     1035      120     2483        0        0        0
 4135.000000     1252     1252        1        0     1252        0     1034     1033      114     2463        0        0        0
 4136.000000     1249     1249        1        0     1249        0     1041     1041      117     2486        0        0        0
 4137.000000     1253     1253        1        0     1253        0     1036     1034      112     2476        0        0        0
 4138.000000     1245     1245        1        0     1245        0     1053     1050      107     2508        0        0        0
 4139.000000     1262     1262        1        0     1262        0     1040     1039      115     2498        0        0        0
 4140.000000     1251     1251        1        0     1251        0     1039     1037      120     2499        0        0        0
 4141.000000     1259     1259        1        0     1259        0     1036     1033      123     2488        0        0        0
 4142.000000     1248     1248        1        0     1248        0     1050     1047      125     2506        0        0        0
 4143.000000     1256     1256        1        0     1256        0     1028     1024      125     2505        0        0        0
 4144.000000     1260     1260        1        0     1260        0     1053     1053      111     2506        0        0        0
 4145.000000     1257     1257        1        0     1257        0     1038     1035      111     2510        0        0        0
 4146.000000     1244     1244        1        0     1244        0     1046     1043      114     2526        0        0        0
 4147.000000     1244     1244        1        0     1244        0     1041     1039      110     2498        0        0        0
 4148.000000     1249     1249        1        0     1249        0     1043     1042      118     2492        0        0        0
 4149.000000     1248     1248        1        0     1248        0     1033     1030      110     2486        0        0        0
 4150.000000     1241     1241        1        0     1241        0     1035     1034      120     2509        0        0        0
 4151.000000     1231     1231        1        0     1231        0     1046     1044      118     2508        0        0        0
 4152.000000     1240     1240        1        0     1240        0     1058     1056      120     2498        0        0        0
 4153.000000     1244     1244        1        0     1244        0     1042     1041      119     2485        0        0        0
 4154.000000     1239     1239        1        0     1239        0     1043     1043      123     2511        0        0        0
 4155.000000     1239     1239        1        0     1239        0     1046     1044      115     2488        0        0        0
 4156.000000     1240     1240        1        0     1240        0     1048     1047      125     2494        0        0        0
 4157.000000     1243     1243        1        0     1243        0     1042     1039      118     2498        0        0        0
 4158.000000     1238     1238        1        0     1238        0     1044     1043      122     2500        0        0        0
 4159.000000     1231     1231        1        0     1231        0     1041     1040      117     2509        0        0        0
 4160.000000     1243     1243        1        0     1243        0     1038     1038      125     2529        0        0        0
 4161.000000     1228     1228        1        0     1228        0     1032     1032      118     2501        0        0        0
 4162.000000     1234     1234        1        0     1234        0     1038     1036      124     2498        0        0        0
 4163.000000     1239     1239        1        0     1239        0     1053     1052      115     2499        0        0        0
 4164.000000     1264     1264        1       15     1249        0     1048     1047      111     2516        0        0        0
 4165.000000     1239     1239        1        0     1239        0     1048     1047      121     2516        0        0        0
 4166.000000     1272     1272        1        0     1272        0     1054     1051      114     2503        0        0        0
 4167.000000     1257     1257        1        0     1257        0     1035     1033      120     2509        0        0        0
 4168.000000     1250     1250        1        0     1250        0     1029     1028      124     2487        0        0        0
 4169.000000     1257     1257        1        0     1257        0     1054     1054      110     2520        0        0        0
 4170.000000     1254     1254        1        0     1254        0     1051     1048      110     2513        0        0        0
 4171.000000     1256     1256        1        0     1256        0     1051     1048      118     2518        0        0        0
 4172.000000     1255     1255        1        0     1255        0     1034     1031      135     2520        0        0        0
 4173.000000     1255     1255        1        0     1255        0     1042     1041      114     2508        0        0        0
 4174.000000     1244     1244        1        0     1244        0     1042     1038      132     2490        0        0        0
 4175.000000     1253     1253        1        0     1253        0     1061     1060      113     2525        0        0        0
 4176.000000     1252     1252        1        0     1252        0     1053     1048      113     2514        0        0        0
 4177.000000     1250     1250        1        0     1250        0     1042     1040      115     2493        0        0        0
 4178.000000     1256     1256        1        0     1256        0     1036     1035      110     2481        0        0        0
 4179.000000     1239     1239        1        0     1239        0     1034     1034      120     2506        0        0        0
 4180.000000     1258     1258        1        0     1258        0     1037     1037      110     2501        0        0        0
 4181.000000     1257     1257        1        0     1257        0     1037     1034      126     2523        0        0        0
 4182.000000     1255     1255        1        0     1255        0     1026     1025      111     2500        0        0        0
 4183.000000     1247     1247        1        0     1247        0     1032     1031      116     2497        0        0        0
 4184.000000     1258     1258        1        0     1258        0     1035     1034      116     2521        0        0        0
 4185.000000     1246     1246        1        0     1246        0     1020     1016      134     2509        0        0        0
 4186.000000     1255     1255        1        0     1255        0     1058     1057      105     2496        0        0        0
 4187.000000     1253     1253        1        0     1253        0     1044     1044      106     2508        0        0        0
 4188.000000     1249     1249        1        0     1249        0     1041     1037      116     2488        0        0        0
 4189.000000     1260     1260        1        0     1260        0     1050     1048      118     2507        0        0        0
 4190.000000     1272     1272        1        0     1272        0     1049     1045      111     2494        0        0        0
 4191.000000     1262     1262        1        0     1262        0     1049     1048      116     2489        0        0        0
 4192.000000     1261     1261        1        0     1261        0     1048     1046      111     2493        0        0        0
 4193.000000     1255     1255        1        0     1255        0     1047     1044      121     2486        0        0        0
 4194.000000     1262     1262        1        0     1262        0     1026     1024      138     2491        0        0        0
 4195.000000     1276     1276        1        0     1276        0     1036     1031      131     2494        0        0        0
 4196.000000     1275     1275        1        0     1275        0     1035     1032      131     2503        0        0        0
 4197.000000     1269     1269        1        0     1269        0     1052     1050      109     2494        0        0        0
 4198.000000     1265     1265        1        0     1265        0     1034     1032      117     2496        0        0        0
 4199.000000     1254     1254        1        0     1254        0     1027     1025      118     2492        0        0        0
 4200.000000     1270     1270        1        0     1270        0     1020     1015      133     2486        0        0        0
 4201.000000     1266     1266        1        0     1266        0     1038     1035      105     2505        0        0        0
 4202.000000     1267     1267        1        0     1267        0     1032     1029      124     2507        0        0        0
 4203.000000     1264     1264        1        0     1264        0     1025     1025      106     2510        0        0        0
 4204.000000     1256     1256        1        0     1256        0     1043     1038      111     2511        0        0        0
 4205.000000     1270     1270        1        0     1270        0     1041     1040      109     2490        0        0        0
 4206.000000     1279     1279        1        0     1279        0     1026     1024      119     2503        0        0        0
 4207.000000     1258     1258        1        0     1258        0     1050     1050      101     2526        0        0        0
 4208.000000     1257     1257        1        0     1257        0     1040     1039      113     2516        0        0        0
 4209.000000     1252     1252        1        0     1252        0     1042     1041      121     2500        0        0        0
 4210.000000     1260     1260        1        8     1246        6     1051     1049      117     2508        0        0        0
 4211.000000     1255     1255        1        0     1255        0     1040     1036      117     2529        0        0        0
 4212.000000     1269     1269        1        0     1269        0     1049     1048      113     2530        0        0        0
 4213.000000     1258     1258        1        0     1258        0     1046     1044      119     2526        0        0        0
 4214.000000     1263     1263        1        6     1249        8     1046     1044      117     2508        0        0        0
 4215.000000     1263     1263        1        0     1263        0     1042     1040      118     2520        0        0        0
 4216.000000     1274     1274        1        6     1260        8     1054     1050      115     2504        0        0        0
 4217.000000     1291     1291        1        0     1291        0     1047     1046      123     2503        0        0        0
 4218.000000     1261     1261        1        0     1261        0     1041     1038      108     2482        0        0        0
 4219.000000     1251     1251        1        0     1251        0     1032     1030      117     2484        0        0        0
 4220.000000     1259     1259        1        6     1245        8     1029     1027      116     2478        0        0        0
 4221.000000     1262     1262        1        0     1262        0     1048     1044      117     2495        0        0        0
 4222.000000     1276     1276        1        6     1262        8     1044     1042      119     2483        0        0        0
 4223.000000     1281     1281        1        7     1263       11     1024     1022      131     2483        0        0        0
 4224.000000     1268     1268        1        0     1268        0     1032     1030      112     2480        0        0        0
 4225.000000     1269     1269        1        6     1255        8     1034     1030      131     2485        0        0        0
 4226.000000     1264     1264        1        7     1250        7     1044     1039      108     2495        0        0        0
 4227.000000     1266     1266        1        6     1252        8     1043     1039      112     2482        0        0        0
 4228.000000     1289     1289        1        6     1275        8     1044     1038      121     2510        0        0        0
 4229.000000     1278     1278        1        6     1264        8     1049     1043      135     2485        0        0        0
 4230.000000     1284     1284        1        6     1270        8     1037     1035      110     2482        0        0        0
 4231.000000     1307     1307        1        6     1293        8     1042     1039      131     2504        0        0        0
 4232.000000     1264     1264        1        6     1250        8     1031     1026      115     2492        0        0        0
 4233.000000     1259     1259        1        6     1245        8     1038     1034      115     2491        0        0        0
 4234.000000     1273     1273        1        6     1259        8     1038     1033      118     2516        0        0        0
 4235.000000     1256     1256        1        0     1256        0     1030     1026      119     2511        0        0        0
 4236.000000     1262     1262        1        6     1248        8     1027     1027      127     2501        0        0        0
 4237.000000     1268     1268        1        6     1254        8     1051     1046      111     2519        0        0        0
 4238.000000     1277     1277        1        6     1263        8     1038     1036      115     2506        0        0        0
 4239.000000     1281     1281        1        6     1267        8     1034     1029      117     2501        0        0        0
 4240.000000     1261     1261        1        6     1247        8     1041     1040      107     2504        0        0        0
 4241.000000     1268     1268        1        6     1254        8     1038     1036      115     2512        0        0        0
 4242.000000     1244     1244        1        6     1230        8     1039     1039      112     2519        0        0        0
 4243.000000     1267     1267        1        6     1253        8     1029     1026      108     2533        0        0        0
 4244.000000     1263     1263        1        6     1249        8     1045     1043      110     2529        0        0        0
 4245.000000     1269     1269        1        6     1255        8     1046     1044      111     2510        0        0        0
 4246.000000     1268     1268        1        6     1254        8     1029     1026      131     2500        0        0        0
 4247.000000     1264     1264        1        6     1250        8     1032     1027      126     2488        0        0        0
 4248.000000     1267     1267        1        6     1253        8     1030     1027      112     2506        0        0        0
 4249.000000     1252     1252        1        6     1238        8     1037     1033      123     2510        0        0        0
 4250.000000     1250     1250        1        6     1236        8     1030     1028      115     2526        0        0        0
 4251.000000     1248     1248        1        0     1248        0     1035     1034      121     2524        0        0        0
 4252.000000     1253     1253        1        6     1239        8     1024     1021      123     2511        0        0        0
 4253.000000     1264     1264        1        6     1250        8     1040     1038      102     2493        0        0        0
 4254.000000     1263     1263        1        6     1249        8     1036     1032      109     2522        0        0        0
 4255.000000     1250     1250        1        6     1236        8     1022     1020      117     2499        0        0        0
 4256.000000     1266     1266        1        6     1252        8     1034     1032      112     2501        0        0        0
 4257.000000     1261     1261        1        6     1247        8     1048     1045      119     2511        0        0        0
 4258.000000     1263     1263        1        6     1249        8     1036     1029      123     2505        0        0        0
 4259.000000     1263     1263        1        6     1249        8     1027     1025      124     2501        0        0        0
 4260.000000     1270     1270        1        6     1256        8     1049     1046      125     2499        0        0        0
 4261.000000     1244     1244        1        0     1244        0     1013     1012      126     2493        0        0        0
 4262.000000     1275     1275        1        6     1261        8     1045     1045      116     2510        0        0        0
 4263.000000     1282     1282        1        6     1268        8     1064     1061      107     2530        0        0        0
 4264.000000     1270     1270        1        6     1256        8     1047     1044      117     2532        0        0        0
 4265.000000     1270     1270        1        0     1270        0     1042     1039      126     2528        0        0        0
 4266.000000     1276     1276        1        3     1262       11     1049     1047      125     2529        0        0        0
 4267.000000     1264     1264        1        6     1250        8     1039     1036      121     2534        0        0        0
 4268.000000     1268     1268        1        6     1254        8     1044     1040      121     2527        0        0        0
 4269.000000     1273     1273        1        6     1259        8     1058     1054      115     2538        0        0        0
 4270.000000     1270     1270        1        6     1256        8     1048     1045      114     2528        0        0        0
 4271.000000     1271     1271        1        0     1271        0     1054     1048      114     2547        0        0        0
 4272.000000     1260     1260        1        0     1260        0     1063     1059      110     2541        0        0        0
 4273.000000     1269     1269        1        6     1255        8     1048     1046      129     2537        0        0        0
 4274.000000     1260     1260        1        6     1246        8     1040     1036      127     2525        0        0        0
 4275.000000     1250     1250        1        0     1250        0     1040     1036      123     2522        0        0        0
 4276.000000     1259     1259        1        6     1245        8     1046     1045      103     2525        0        0        0
 4277.000000     1266     1266        1        6     1252        8     1035     1033      111     2541        0        0        0
 4278.000000     1257     1257        1        6     1243        8     1050     1046      128     2509        0        0        0
 4279.000000     1257     1257        1        0     1257        0     1041     1038      117     2517        0        0        0
 4280.000000     1257     1257        1        6     1243        8     1037     1035      136     2515        0        0        0
 4281.000000     1260     1260        1        6     1246        8     1046     1042      136     2517        0        0        0
 4282.000000     1241     1241        1        0     1241        0     1041     1037      117     2507        0        0        0
 4283.000000     1256     1256        1        6     1242        8     1063     1063      103     2516        0        0        0
 4284.000000     1260     1260        1        6     1246        8     1036     1033      135     2538        0        0        0
 4285.000000     1256     1256        1        6     1242        8     1054     1052      114     2529        0        0        0
 4286.000000     1266     1266        1        6     1252        8     1049     1044      114     2542        0        0        0
 4287.000000     1261     1261        1        7     1247        7     1059     1055      113     2540        0        0        0
 4288.000000     1261     1261        1        6     1247        8     1039     1036      119     2522        0        0        0
 4289.000000     1258     1258        1        6     1244        8     1058     1053      122     2511        0        0        0
 4290.000000     1261     1261        1        6     1247        8     1049     1042      122     2511        0        0        0
 4291.000000     1261     1261        1        0     1261        0     1072     1069      115     2510        0        0        0
 4292.000000     1269     1269        1        6     1255        8     1060     1057      119     2538        0        0        0
 4293.000000     1271     1271        1        6     1257        8     1055     1054      117     2524        0        0        0
 4294.000000     1275     1275        1        6     1261        8     1048     1046      112     2531        0        0        0
 4295.000000     1270     1270        1        6     1256        8     1037     1036      117     2525        0        0        0
 4296.000000     1269     1269        1        0     1269        0     1047     1041      121     2540        0        0        0
 4297.000000     1263     1263        1        6     1249        8     1053     1052      106     2523        0        0        0
 4298.000000     1275     1275        1        6     1261        8     1054     1052      122     2546        0        0        0
 4299.000000     1274     1274        1        0     1274        0     1031     1030      133     2512        0        0        0
 4300.000000     1283     1283        1        0     1283        0     1044     1041      121     2514        0        0        0
 4301.000000     1273     1273        1        6     1259        8     1034     1028      134     2504        0        0        0
 4302.000000     1261     1261        1        0     1261        0     1046     1041      127     2509        0        0        0
 4303.000000     1290     1290        1        0     1290        0     1021     1012      123     2521        0        0        0
 4304.000000     1274     1274        1        0     1274        0     1048     1044      126     2515        0        0        0
 4305.000000     1280     1280        1        0     1280        0     1059     1055      105     2510        0        0        0
 4306.000000     1266     1266        1        0     1266        0     1032     1030      130     2501        0        0        0
 4307.000000     1286     1286        1        6     1272        8     1053     1049      125     2530        0        0        0
 4308.000000     1281     1281        1        6     1267        8     1045     1036      124     2503        0        0        0
 4309.000000     1276     1276        1        0     1276        0     1045     1038      119     2509        0        0        0
 4310.000000     1270     1270        1        0     1270        0     1043     1037      125     2526        0        0        0
 4311.000000     1264     1264        1        0     1264        0     1049     1047      115     2519        0        0        0
 4312.000000     1275     1275        1        0     1275        0     1060     1057      104     2521        0        0        0
 4313.000000     1283     1283        1        0     1283        0     1054     1053      119     2526        0        0        0
 4314.000000     1291     1291        1        0     1291        0     1054     1051      120     2536        0        0        0
 4315.000000     1285     1285        1        0     1285        0     1042     1040      112     2523        0        0        0
 4316.000000     1284     1284        1        0     1284        0     1046     1044      124     2537        0        0        0
 4317.000000     1295     1295        1        6     1281        8     1044     1043      121     2534        0        0        0
 4318.000000     1299     1299        1        6     1285        8     1036     1036      123     2518        0        0        0
 4319.000000     1305     1305        1        0     1305        0     1054     1052      114     2511        0        0        0
 4320.000000     1297     1297        1        0     1297        0     1044     1038      127     2499        0        0        0
 4321.000000     1292     1292        1        0     1292        0     1033     1030      127     2521        0        0        0
 4322.000000     1300     1300        1        0     1300        0     1044     1039      112     2491        0        0        0
 4323.000000     1281     1281        1        0     1281        0     1047     1042      116     2523        0        0        0
 4324.000000     1283     1283        1        0     1283        0     1038     1029      127     2531        0        0        0
 4325.000000     1283     1283        1        0     1283        0     1043     1039      128     2537        0        0        0
 4326.000000     1270     1270        1        6     1256        8     1043     1034      118     2513        0        0        0
 4327.000000     1302     1302        1        6     1288        8     1043     1038      131     2532        0        0        0
 4328.000000     1266     1266        1        0     1266        0     1048     1039      132     2524        0        0        0
 4329.000000     1276     1276        1        0     1276        0     1050     1045      127     2519        0        0        0
 4330.000000     1292     1292        1        6     1278        8     1062     1052      120     2536        0        0        0
 4331.000000     1279     1279        1        0     1279        0     1051     1046      118     2526        0        0        0
 4332.000000     1298     1298        1       14     1284        0     1062     1059      114     2536        0        0        0
 4333.000000     1304     1304        1        0     1304        0     1042     1037      127     2538        0        0        0
 4334.000000     1287     1287        1        7     1269       11     1045     1039      137     2533        0        0        0
 4335.000000     1291     1291        1        7     1273       11     1054     1050      139     2541        0        0        0
 4336.000000     1281     1281        1        0     1281        0     1055     1049      129     2510        0        0        0
 4337.000000     1280     1280        1        7     1262       11     1056     1051      128     2531        0        0        0
 4338.000000     1273     1273        1        7     1255       11     1051     1046      119     2525        0        0        0
 4339.000000     1278     1278        1        7     1260       11     1054     1052      126     2518        0        0        0
 4340.000000     1283     1283        1        7     1265       11     1049     1047      128     2530        0        0        0
 4341.000000     1288     1288        1        7     1270       11     1068     1061      119     2523        0        0        0
 4342.000000     1280     1280        1        0     1280        0     1062     1057      110     2532        0        0        0
 4343.000000     1267     1267        1        7     1249       11     1042     1038      128     2506        0        0        0
 4344.000000     1276     1276        1        7     1258       11     1068     1063      116     2515        0        0        0
 4345.000000     1276     1276        1        0     1276        0     1075     1071      115     2528        0        0        0
 4346.000000     1281     1281        1        7     1263       11     1063     1059      132     2517        0        0        0
 4347.000000     1279     1279        1        7     1261       11     1064     1060      113     2529        0        0        0
 4348.000000     1301     1301        1        0     1283       18     1057     1056      119     2530        0        0        0
 4349.000000     1294     1294        1        6     1276       12     1056     1052      120     2515        0        0        0
 4350.000000     1294     1294        1        7     1276       11     1067     1064      123     2518        0        0        0
 4351.000000     1286     1286        1        7     1268       11     1073     1068      124     2524        0        0        0
 4352.000000     1296     1296        1        7     1278       11     1074     1071      113     2514        0        0        0
 4353.000000     1292     1292        1        7     1274       11     1056     1051      121     2520        0        0        0
 4354.000000     1280     1280        1        7     1262       11     1052     1048      125     2513        0        0        0
 4355.000000     1294     1294        1        7     1276       11     1062     1058      131     2538        0        0        0
 4356.000000     1291     1291        1        7     1273       11     1062     1062      125     2524        0        0        0
 4357.000000     1294     1294        1        7     1276       11     1072     1069      121     2534        0        0        0
 4358.000000     1271     1271        1        7     1253       11     1072     1068      119     2547        0        0        0
 4359.000000     1266     1266        1        0     1266        0     1060     1059      102     2516        0        0        0
 4360.000000     1271     1271        1        0     1271        0     1068     1063      122     2518        0        0        0
 4361.000000     1282     1282        1        7     1264       11     1077     1071      128     2536        0        0        0
 4362.000000     1273     1273        1        0     1273        0     1065     1063      122     2518        0        0        0
 4363.000000     1272     1272        1        0     1272        0     1065     1063      127     2525        0        0        0
 4364.000000     1276     1276        1        0     1276        0     1060     1059      110     2510        0        0        0
 4365.000000     1283     1283        1        0     1283        0     1066     1064      120     2529        0        0        0
 4366.000000     1291     1291        1        7     1273       11     1071     1065      132     2539        0        0        0
 4367.000000     1290     1290        1        7     1272       11     1069     1061      122     2544        0        0        0
 4368.000000     1289     1289        1        7     1271       11     1075     1073      113     2534        0        0        0
 4369.000000     1303     1303        1        7     1285       11     1074     1071      118     2526        0        0        0
 4370.000000     1293     1293        1        7     1275       11     1060     1058      121     2546        0        0        0
 4371.000000     1297     1297        1        7     1279       11     1071     1066      136     2537        0        0        0
 4372.000000     1296     1296        1        7     1278       11     1081     1078      115     2535        0        0        0
 4373.000000     1303     1303        1        7     1285       11     1071     1068      129     2527        0        0        0
 4374.000000     1294     1294        1        7     1276       11     1082     1078      109     2536        0        0        0
 4375.000000     1290     1290        1        7     1272       11     1074     1071      110     2537        0        0        0
 4376.000000     1286     1286        1        7     1268       11     1072     1070      115     2517        0        0        0
 4377.000000     1282     1282        1        7     1264       11     1061     1058      123     2511        0        0        0
 4378.000000     1287     1287        1        8     1269       10     1069     1067      114     2529        0        0        0
 4379.000000     1294     1294        1        7     1276       11     1062     1060      120     2543        0        0        0
 4380.000000     1293     1293        1        7     1275       11     1080     1078      124     2539        0        0        0
 4381.000000     1295     1295        1        7     1277       11     1075     1073      113     2556        0        0        0
 4382.000000     1290     1290        1        7     1272       11     1081     1077      105     2544        0        0        0
 4383.000000     1291     1291        1        7     1273       11     1077     1074      115     2538        0        0        0
 4384.000000     1278     1278        1        0     1278        0     1076     1075      105     2535        0        0        0
 4385.000000     1289     1289        1        7     1271       11     1063     1060      127     2523        0        0        0
 4386.000000     1287     1287        1        7     1269       11     1070     1067      117     2535        0        0        0
 4387.000000     1288     1288        1        7     1270       11     1070     1067      120     2538        0        0        0
 4388.000000     1301     1301        1       16     1272       13     1073     1070      113     2541        0        0        0
 4389.000000     1291     1291        1        7     1273       11     1069     1067      120     2547        0        0        0
 4390.000000     1287     1287        1        7     1269       11     1069     1067      118     2536        0        0        0
 4391.000000     1282     1282        1        7     1264       11     1073     1069      120     2517        0        0        0
 4392.000000     1285     1285        1        7     1267       11     1067     1062      115     2519        0        0        0
 4393.000000     1286     1286        1        7     1268       11     1066     1061      113     2536        0        0        0
 4394.000000     1284     1284        1        7     1266       11     1067     1067      124     2524        0        0        0
 4395.000000     1293     1293        1        7     1275       11     1073     1072      117     2560        0        0        0
 4396.000000     1280     1280        1        7     1262       11     1057     1054      133     2547        0        0        0
 4397.000000     1279     1279        1        7     1261       11     1062     1060      112     2548        0        0        0
 4398.000000     1284     1284        1        7     1266       11     1068     1063      121     2539        0        0        0
 4399.000000     1288     1288        1        7     1270       11     1066     1061      116     2546        0        0        0
 4400.000000     1278     1278        1        7     1260       11     1058     1054      124     2532        0        0        0
 4401.000000     1285     1285        1        7     1267       11     1054     1051      121     2540        0        0        0
 4402.000000     1287     1287        1        7     1269       11     1054     1050      127     2531        0        0        0
 4403.000000     1277     1277        1        7     1259       11     1066     1061      131     2538        0        0        0
 4404.000000     1276     1276        1        7     1258       11     1052     1047      134     2527        0        0        0
 4405.000000     1290     1290        1        7     1272       11     1061     1058      124     2511        0        0        0
 4406.000000     1273     1273        1        7     1255       11     1059     1055      125     2524        0        0        0
 4407.000000     1279     1279        1        6     1265        8     1063     1062      128     2525        0        0        0
 4408.000000     1282     1282        1        7     1264       11     1074     1072      119     2516        0        0        0
 4409.000000     1270     1270        1        7     1252       11     1082     1078      119     2530        0        0        0
 4410.000000     1275     1275        1        7     1257       11     1061     1057      123     2535        0        0        0
 4411.000000     1277     1277        1        7     1259       11     1057     1055      119     2536        0        0        0
 4412.000000     1279     1279        1       13     1255       11     1055     1052      127     2537        0        0        0
 4413.000000     1286     1286        1        7     1268       11     1061     1057      133     2537        0        0        0
 4414.000000     1303     1303        1        7     1285       11     1060     1055      129     2546        0        0        0
 4415.000000     1274     1274        1        7     1256       11     1068     1064      115     2534        0        0        0
 4416.000000     1279     1279        1        6     1265        8     1068     1064      120     2516        0        0        0
 4417.000000     1272     1272        1        0     1272        0     1055     1053      124     2520        0        0        0
 4418.000000     1277     1277        1        6     1263        8     1064     1061      131     2540        0        0        0
 4419.000000     1277     1277        1        7     1259       11     1083     1080      120     2530        0        0        0
 4420.000000     1285     1285        1        6     1271        8     1048     1045      141     2534        0        0        0
 4421.000000     1286     1286        1        6     1272        8     1080     1077      117     2521        0        0        0
 4422.000000     1292     1292        1        6     1278        8     1069     1065      122     2533        0        0        0
 4423.000000     1298     1298        1        6     1284        8     1071     1067      122     2527        0        0        0
 4424.000000     1284     1284        1        6     1270        8     1067     1062      125     2511        0        0        0
 4425.000000     1280     1280        1        6     1266        8     1075     1074      115     2524        0        0        0
 4426.000000     1282     1282        1        6     1268        8     1069     1067      113     2518        0        0        0
 4427.000000     1287     1287        1        7     1269       11     1068     1065      117     2532        0        0        0
 4428.000000     1287     1287        1        6     1273        8     1067     1066      123     2523        0        0        0
 4429.000000     1286     1286        1        6     1272        8     1077     1071      111     2530        0        0        0
 4430.000000     1286     1286        1        6     1272        8     1065     1053      121     2525        0        0        0
 4431.000000     1279     1279        1        6     1265        8     1075     1072      102     2523        0        0        0
 4432.000000     1287     1287        1        6     1273        8     1067     1063      121     2523        0        0        0
 4433.000000     1279     1279        1        6     1265        8     1050     1044      134     2514        0        0        0
 4434.000000     1273     1273        1        7     1255       11     1065     1059      108     2531        0        0        0
 4435.000000     1276     1276        1        0     1276        0     1065     1059      130     2527        0        0        0
 4436.000000     1280     1280        1        7     1262       11     1062     1056      109     2526        0        0        0
 4437.000000     1286     1286        1        6     1272        8     1057     1055      107     2518        0        0        0
 4438.000000     1300     1300        1        6     1286        8     1057     1053      127     2520        0        0        0
 4439.000000     1285     1285        1        6     1271        8     1051     1048      134     2532        0        0        0
 4440.000000     1275     1275        1        0     1275        0     1058     1055      122     2514        0        0        0
 4441.000000     1285     1285        1        6     1271        8     1052     1049      131     2507        0        0        0
 4442.000000     1268     1268        1        0     1268        0     1062     1062      117     2527        0        0        0
 4443.000000     1283     1283        1        6     1269        8     1056     1054      128     2510        0        0        0
 4444.000000     1281     1281        1        6     1267        8     1047     1045      133     2533        0        0        0
 4445.000000     1280     1280        1        7     1266        7     1059     1058      138     2539        0        0        0
 4446.000000     1282     1282        1        6     1268        8     1057     1057      128     2539        0        0        0
 4447.000000     1275     1275        1        6     1261        8     1052     1051      133     2550        0        0        0
 4448.000000     1277     1277        1        7     1263        7     1066     1065      118     2524        0        0        0
 4449.000000     1276     1276        1        6     1262        8     1061     1058      131     2525        0        0        0
 4450.000000     1281     1281        1        6     1267        8     1052     1049      138     2518        0        0        0
 4451.000000     1285     1285        1        0     1285        0     1059     1058      128     2537        0        0        0
 4452.000000     1303     1303        1        6     1289        8     1066     1061      128     2527        0        0        0
 4453.000000     1281     1281        1        6     1267        8     1053     1052      132     2509        0        0        0
 4454.000000     1279     1279        1       14     1264        1     1068     1067      119     2535        0        0        0
 4455.000000     1286     1286        1        0     1286        0     1050     1047      125     2535        0        0        0
 4456.000000     1281     1281        1        0     1281        0     1049     1047      133     2531        0        0        0
 4457.000000     1284     1284        1        0     1284        0     1035     1033      145     2528        0        0        0
 4458.000000     1254     1254        1        0     1254        0     1053     1049      125     2532        0        0        0
 4459.000000     1263     1263        1        0     1263        0     1059     1058      114     2530        0        0        0
 4460.000000     1259     1259        1        0     1259        0     1062     1059      112     2520        0        0        0
 4461.000000     1253     1253        1        0     1253        0     1049     1048      134     2535        0        0        0
 4462.000000     1249     1249        1        0     1249        0     1050     1049      131     2501        0        0        0
 4463.000000     1253     1253        1        0     1253        0     1045     1043      140     2519        0        0        0
 4464.000000     1259     1259        1        0     1259        0     1038     1036      139     2516        0        0        0
 4465.000000     1271     1271        1        9     1257        5     1033     1032      136     2504        0        0        0
 4466.000000     1271     1271        1        9     1257        5     1047     1043      125     2505        0        0        0
 4467.000000     1255     1255        1        0     1255        0     1061     1059      125     2504        0        0        0
 4468.000000     1264     1264        1        0     1264        0     1054     1054      122     2520        0        0        0
 4469.000000     1260     1260        1        0     1260        0     1063     1062      125     2524        0        0        0
 4470.000000     1265     1265        1        0     1265        0     1037     1035      137     2517        0        0        0
 4471.000000     1285     1285        1       11     1271        3     1042     1038      125     2506        0        0        0
 4472.000000     1280     1280        1        0     1280        0     1033     1029      141     2544        0        0        0
 4473.000000     1275     1275        1       11     1261        3     1059     1057      124     2524        0        0        0
 4474.000000     1261     1261        1        0     1261        0     1062     1062      115     2519        0        0        0
 4475.000000     1273     1273        1       11     1259        3     1052     1049      118     2524        0        0        0
 4476.000000     1282     1282        1       23     1256        3     1064     1063      129     2537        0        0        0
 4477.000000     1283     1283        1       23     1257        3     1037     1031      129     2514        0        0        0
 4478.000000     1280     1280        1       15     1262        3     1046     1041      120     2534        0        0        0
 4479.000000     1285     1285        1       23     1259        3     1042     1039      127     2533        0        0        0
 4480.000000     1275     1275        1        0     1275        0     1046     1042      130     2506        0        0        0
 4481.000000     1265     1265        1        0     1265        0     1054     1049      129     2529        0        0        0
 4482.000000     1279     1279        1        0     1279        0     1040     1034      122     2497        0        0        0
 4483.000000     1278     1278        1        0     1278        0     1043     1041      130     2500        0        0        0
 4484.000000     1276     1276        1        0     1276        0     1056     1054      127     2516        0        0        0
 4485.000000     1272     1272        1        0     1272        0     1049     1045      132     2505        0        0        0
 4486.000000     1272     1272        1        0     1272        0     1054     1050      129     2513        0        0        0
 4487.000000     1275     1275        1        0     1275        0     1061     1059      124     2521        0        0        0
 4488.000000     1282     1282        1        0     1282        0     1059     1056      130     2504        0        0        0
 4489.000000     1263     1263        1        0     1263        0     1056     1054      126     2518        0        0        0
 4490.000000     1269     1269        1        0     1269        0     1042     1041      135     2496        0        0        0
 4491.000000     1272     1272        1        0     1272        0     1058     1055      122     2515        0        0        0
 4492.000000     1272     1272        1        0     1272        0     1059     1057      132     2472        0        0        0
 4493.000000     1270     1270        1        0     1270        0     1051     1050      125     2509        0        0        0
 4494.000000     1263     1263        1        0     1263        0     1053     1051      131     2494        0        0        0
 4495.000000     1280     1280        1        0     1280        0     1049     1047      109     2514        0        0        0
 4496.000000     1291     1291        1        0     1291        0     1057     1055      129     2498        0        0        0
 4497.000000     1274     1274        1        0     1274        0     1045     1042      117     2501        0        0        0
 4498.000000     1273     1273        1        0     1273        0     1054     1052      125     2498        0        0        0
 4499.000000     1272     1272        1        0     1272        0     1059     1056      126     2484        0        0        0
 4500.000000     1278     1278        1        0     1278        0     1044     1038      125     2489        0        0        0
 4501.000000     1271     1271        1        0     1271        0     1056     1055      127     2510        0        0        0
 4502.000000     1287     1287        1        0     1287        0     1056     1055      133     2507        0        0        0
 4503.000000     1287     1287        1        0     1287        0     1054     1047      124     2500        0        0        0
 4504.000000     1282     1282        1        0     1282        0     1052     1050      133     2509        0        0        0
 4505.000000     1278     1278        1        0     1278        0     1063     1058      128     2504        0        0        0
 4506.000000     1288     1288        1        0     1288        0     1066     1066      115     2526        0        0        0
 4507.000000     1267     1267        1        0     1267        0     1062     1062      116     2512        0        0        0
 4508.000000     1275     1275        1        0     1275        0     1051     1049      140     2507        0        0        0
 4509.000000     1266     1266        1        0     1266        0     1052     1048      131     2519        0        0        0
 4510.000000     1308     1308        1        0     1308        0     1062     1062      125     2511        0        0        0
 4511.000000     1306     1306        1        0     1306        0     1062     1062      122     2530        0        0        0
 4512.000000     1288     1288        1        0     1288        0     1062     1059      126     2530        0        0        0
 4513.000000     1289     1289        1        0     1289        0     1073     1072      110     2527        0        0        0
 4514.000000     1274     1274        1        0     1274        0     1063     1060      124     2514        0        0        0
 4515.000000     1276     1276        1        0     1276        0     1059     1056      117     2531        0        0        0
 4516.000000     1280     1280        1        0     1280        0     1055     1054      123     2509        0        0        0
 4517.000000     1286     1286        1        0     1286        0     1059     1058      111     2518        0        0        0
 4518.000000     1264     1264        1        0     1264        0     1055     1052      122     2504        0        0        0
 4519.000000     1264     1264        1        0     1264        0     1066     1064      120     2521        0        0        0
 4520.000000     1272     1272        1        0     1272        0     1062     1058      124     2523        0        0        0
 4521.000000     1274     1274        1        0     1274        0     1066     1063      112     2510        0        0        0
 4522.000000     1296     1296        1        0     1296        0     1064     1063      125     2516        0        0        0
 4523.000000     1289     1289        1        0     1289        0     1074     1069      131     2535        0        0        0
 4524.000000     1275     1275        1        0     1275        0     1065     1064      119     2522        0        0        0
 4525.000000     1288     1288        1        0     1288        0     1058     1053      129     2534        0        0        0
 4526.000000     1285     1285        1        0     1285        0     1060     1055      123     2509        0        0        0
 4527.000000     1275     1275        1        0     1275        0     1059     1055      123     2534        0        0        0
 4528.000000     1278     1278        1        0     1278        0     1068     1066      127     2529        0        0        0
 4529.000000     1266     1266        1        0     1266        0     1047     1044      124     2531        0        0        0
 4530.000000     1294     1294        1        0     1294        0     1070     1069      119     2535        0        0        0
 4531.000000     1272     1272        1        0     1272        0     1073     1071      121     2520        0        0        0
 4532.000000     1279     1279        1        0     1279        0     1057     1055      125     2522        0        0        0
 4533.000000     1269     1269        1        0     1269        0     1048     1045      106     2500        0        0        0
 4534.000000     1285     1285        1        0     1285        0     1051     1050      126     2496        0        0        0
 4535.000000     1297     1297        1        0     1297        0     1071     1070      113     2506        0        0        0
 4536.000000     1290     1290        1        0     1290        0     1081     1080      115     2509        0        0        0
 4537.000000     1298     1298        1        0     1298        0     1078     1078      116     2522        0        0        0
 4538.000000     1292     1292        1        0     1292        0     1069     1065      118     2512        0        0        0
 4539.000000     1290     1290        1        0     1290        0     1079     1079      112     2503        0        0        0
 4540.000000     1293     1293        1        0     1293        0     1077     1076      124     2506        0        0        0
 4541.000000     1291     1291        1        0     1291        0     1082     1080      114     2519        0        0        0
 4542.000000     1285     1285        1        0     1285        0     1072     1072      123     2518        0        0        0
 4543.000000     1294     1294        1        0     1294        0     1078     1077      119     2514        0        0        0
 4544.000000     1300     1300        1        0     1300        0     1078     1078      117     2533        0        0        0
 4545.000000     1287     1287        1        0     1287        0     1071     1069      118     2509        0        0        0
 4546.000000     1288     1288        1        0     1288        0     1078     1078      123     2508        0        0        0
 4547.000000     1304     1304        1        0     1304        0     1059     1058      125     2507        0        0        0
 4548.000000     1319     1319        1        0     1319        0     1076     1075      120     2516        0        0        0
 4549.000000     1298     1298        1        0     1298        0     1076     1073      113     2534        0        0        0
 4550.000000     1303     1303        1        0     1303        0     1070     1066      130     2524        0        0        0
 4551.000000     1299     1299        1        0     1299        0     1076     1075      112     2529        0        0        0
 4552.000000     1297     1297        1        0     1297        0     1069     1067      117     2522        0        0        0
 4553.000000     1301     1301        1        0     1301        0     1071     1070      128     2546        0        0        0
 4554.000000     1292     1292        1        0     1292        0     1081     1078      111     2525        0        0        0
 4555.000000     1307     1307        1        0     1307        0     1080     1078      117     2532        0        0        0
 4556.000000     1303     1303        1        0     1303        0     1075     1074      125     2536        0        0        0
 4557.000000     1306     1306        1        0     1306        0     1070     1069      123     2547        0        0        0
 4558.000000     1311     1311        1        0     1311        0     1080     1078      131     2577        0        0        0
 4559.000000     1328     1328        1        0     1328        0     1078     1076      115     2565        0        0        0
 4560.000000     1303     1303        1        0     1303        0     1071     1069      117     2552        0        0        0
 4561.000000     1302     1302        1        0     1302        0     1058     1056      119     2540        0        0        0
 4562.000000     1319     1319        1        0     1319        0     1070     1065      120     2544        0        0        0
 4563.000000     1301     1301        1        0     1301        0     1066     1064      114     2521        0        0        0
 4564.000000     1311     1311        1        0     1311        0     1066     1063      125     2541        0        0        0
 4565.000000     1314     1314        1        0     1314        0     1060     1056      129     2542        0        0        0
 4566.000000     1304     1304        1        0     1304        0     1080     1078      114     2524        0        0        0
 4567.000000     1302     1302        1        0     1302        0     1070     1068      120     2538        0        0        0
 4568.000000     1314     1314        1        0     1314        0     1061     1059      136     2530        0        0        0
 4569.000000     1310     1310        1        0     1310        0     1078     1075      124     2548        0        0        0
 4570.000000     1310     1310        1        0     1310        0     1078     1078      110     2547        0        0        0
 4571.000000     1326     1326        1        0     1326        0     1079     1076      120     2539        0        0        0
 4572.000000     1313     1313        1        0     1313        0     1077     1072      139     2542        0        0        0
 4573.000000     1325     1325        1        0     1325        0     1087     1083      119     2563        0        0        0
 4574.000000     1319     1319        1        0     1319        0     1085     1078      134     2550        0        0        0
 4575.000000     1324     1324        1        0     1324        0     1068     1066      112     2545        0        0        0
 4576.000000     1321     1321        1        0     1321        0     1078     1077      119     2521        0        0        0
 4577.000000     1307     1307        1        0     1307        0     1059     1057      120     2530        0        0        0
 4578.000000     1307     1307        1        0     1307        0     1087     1081      130     2527        0        0        0
 4579.000000     1305     1305        1        0     1305        0     1079     1077      129     2536        0        0        0
 4580.000000     1313     1313        1        0     1313        0     1063     1061      137     2546        0        0        0
 4581.000000     1309     1309        1        0     1309        0     1084     1077      119     2551        0        0        0
 4582.000000     1318     1318        1        0     1318        0     1071     1068      124     2549        0        0        0
 4583.000000     1341     1341        1        0     1341        0     1081     1077      126     2551        0        0        0
 4584.000000     1323     1323        1        0     1323        0     1078     1076      127     2552        0        0        0
 4585.000000     1323     1323        1        0     1323        0     1078     1072      125     2545        0        0        0
 4586.000000     1322     1322        1        0     1322        0     1092     1088      120     2540        0        0        0
 4587.000000     1304     1304        1        0     1304        0     1078     1075      129     2552        0        0        0
 4588.000000     1333     1333        1        0     1333        0     1087     1081      129     2565        0        0        0
 4589.000000     1315     1315        1        0     1315        0     1091     1085      122     2555        0        0        0
 4590.000000     1355     1355        1        0     1355        0     1097     1091      122     2571        0        0        0
 4591.000000     1360     1360        1        0     1360        0     1083     1083      126     2543        0        0        0
 4592.000000     1326     1326        1        0     1326        0     1088     1085      113     2541        0        0        0
 4593.000000     1327     1327        1        0     1327        0     1086     1084      114     2543        0        0        0
 4594.000000     1369     1369        1        0     1369        0     1090     1082      126     2555        0        0        0
 4595.000000     1343     1343        1        0     1343        0     1088     1085      123     2544        0        0        0
 4596.000000     1331     1331        1        0     1331        0     1068     1064      135     2567        0        0        0
 4597.000000     1319     1319        1        0     1319        0     1089     1087      125     2563        0        0        0
 4598.000000     1357     1357        1        0     1357        0     1095     1088      132     2599        0        0        0
 4599.000000     1341     1341        1        0     1341        0     1082     1075      123     2577        0        0        0
 4600.000000     1330     1330        1        0     1330        0     1091     1085      123     2564        0        0        0
 4601.000000     1347     1347        1        0     1347        0     1115     1110      122     2591        0        0        0
 4602.000000     1331     1331        1        0     1331        0     1094     1090      127     2577        0        0        0
 4603.000000     1335     1335        1        0     1335        0     1088     1086      134     2572        0        0        0
 4604.000000     1331     1331        1        0     1331        0     1096     1093      121     2581        0        0        0
 4605.000000     1356     1356        1        0     1356        0     1118     1114      121     2591        0        0        0
 4606.000000     1334     1334        1        0     1334        0     1099     1098      122     2563        0        0        0
 4607.000000     1327     1327        1        0     1327        0     1102     1100      125     2570        0        0        0
 4608.000000     1328     1328        1        0     1328        0     1091     1090      119     2568        0        0        0
 4609.000000     1337     1337        1        0     1337        0     1088     1085      133     2560        0        0        0
 4610.000000     1355     1355        1        0     1355        0     1101     1099      125     2573        0        0        0
 4611.000000     1347     1347        1        0     1347        0     1096     1095      128     2561        0        0        0
 4612.000000     1360     1360        1        0     1360        0     1092     1090      123     2563        0        0        0
 4613.000000     1348     1348        1        0     1348        0     1112     1111      119     2575        0        0        0
 4614.000000     1360     1360        1        0     1360        0     1094     1091      150     2590        0        0        0
 4615.000000     1341     1341        1        0     1341        0     1085     1084      124     2574        0        0        0
 4616.000000     1356     1356        1        0     1356        0     1102     1099      128     2581        0        0        0
 4617.000000     1358     1358        1        0     1358        0     1085     1084      132     2566        0        0        0
 4618.000000     1340     1340        1        0     1340        0     1097     1094      127     2571        0        0        0
 4619.000000     1356     1356        1        0     1356        0     1094     1093      111     2554        0        0        0
 4620.000000     1350     1350        1        0     1350        0     1086     1086      124     2575        0        0        0
 4621.000000     1343     1343        1        0     1343        0     1108     1108      125     2599        0        0        0
 4622.000000     1357     1357        1        0     1357        0     1087     1085      135     2592        0        0        0
 4623.000000     1352     1352        1        0     1352        0     1094     1093      124     2584        0        0        0
 4624.000000     1363     1363        1        0     1363        0     1096     1094      125     2584        0        0        0
 4625.000000     1350     1350        1        0     1350        0     1082     1079      142     2581        0        0        0
 4626.000000     1374     1374        1        0     1374        0     1093     1092      121     2589        0        0        0
 4627.000000     1348     1348        1        0     1348        0     1087     1085      113     2584        0        0        0
 4628.000000     1362     1362        1        0     1362        0     1106     1101      125     2588        0        0        0
 4629.000000     1349     1349        1        0     1349        0     1106     1101      122     2558        0        0        0
 4630.000000     1347     1347        1        0     1347        0     1090     1089      120     2576        0        0        0
 4631.000000     1326     1326        1        0     1326        0     1075     1072      132     2533        0        0        0
 4632.000000     1343     1343        1        0     1343        0     1082     1076      132     2569        0        0        0
 4633.000000     1333     1333        1        0     1333        0     1076     1074      131     2564        0        0        0
 4634.000000     1361     1361        1        0     1361        0     1061     1059      145     2582        0        0        0
 4635.000000     1315     1315        1        0     1315        0     1091     1091      125     2552        0        0        0
 4636.000000     1318     1318        1        0     1318        0     1088     1087      133     2567        0        0        0
 4637.000000     1346     1346        1        0     1346        0     1089     1087      128     2580        0        0        0
 4638.000000     1340     1340        1        0     1340        0     1096     1094      124     2586        0        0        0
 4639.000000     1335     1335        1        0     1335        0     1097     1093      126     2574        0        0        0
 4640.000000     1331     1331        1        0     1331        0     1097     1095      122     2577        0        0        0
 4641.000000     1317     1317        1        0     1317        0     1079     1074      136     2565        0        0        0
 4642.000000     1323     1323        1        0     1323        0     1093     1090      133     2568        0        0        0
 4643.000000     1317     1317        1        0     1317        0     1070     1068      129     2577        0        0        0
 4644.000000     1328     1328        1        0     1328        0     1077     1076      142     2584        0        0        0
 4645.000000     1358     1358        1        0     1358        0     1072     1072      133     2569        0        0        0
 4646.000000     1302     1302        1        0     1302        0     1091     1089      128     2565        0        0        0
 4647.000000     1306     1306        1        0     1306        0     1090     1087      133     2581        0        0        0
 4648.000000     1299     1299        1        0     1299        0     1092     1092      120     2563        0        0        0
 4649.000000     1306     1306        1        0     1306        0     1097     1096      119     2584        0        0        0
 4650.000000     1324     1324        1        0     1324        0     1081     1079      127     2573        0        0        0
 4651.000000     1318     1318        1        0     1318        0     1095     1093      115     2576        0        0        0
 4652.000000     1329     1329        1        0     1329        0     1101     1097      124     2579        0        0        0
 4653.000000     1340     1340        1        0     1340        0     1106     1104      120     2577        0        0        0
 4654.000000     1302     1302        1        0     1302        0     1084     1081      132     2565        0        0        0
 4655.000000     1297     1297        1        0     1297        0     1080     1079      130     2575        0        0        0
 4656.000000     1296     1296        1        0     1296        0     1103     1102      126     2566        0        0        0
 4657.000000     1296     1296        1        0     1296        0     1097     1095      122     2554        0        0        0
 4658.000000     1286     1286        1        0     1286        0     1091     1089      115     2555        0        0        0
 4659.000000     1338     1338        1        0     1338        0     1095     1092      118     2563        0        0        0
 4660.000000     1305     1305        1        0     1305        0     1079     1076      133     2566        0        0        0
 4661.000000     1311     1311        1        0     1311        0     1091     1086      126     2570        0        0        0
 4662.000000     1307     1307        1        0     1307        0     1112     1108      130     2562        0        0        0
 4663.000000     1308     1308        1        0     1308        0     1079     1074      139     2559        0        0        0
 4664.000000     1319     1319        1        0     1319        0     1092     1091      126     2574        0        0        0
 4665.000000     1320     1320        1        0     1320        0     1086     1079      128     2582        0        0        0
 4666.000000     1317     1317        1        0     1317        0     1094     1093      125     2563        0        0        0
 4667.000000     1327     1327        1        0     1327        0     1099     1098      127     2569        0        0        0
 4668.000000     1335     1335        1        0     1335        0     1108     1105      120     2578        0        0        0
 4669.000000     1331     1331        1        0     1331        0     1088     1083      147     2555        0        0        0
 4670.000000     1317     1317        1        0     1317        0     1091     1089      129     2579        0        0        0
 4671.000000     1335     1335        1        0     1335        0     1097     1096      121     2573        0        0        0
 4672.000000     1333     1333        1        0     1333        0     1083     1082      139     2572        0        0        0
 4673.000000     1327     1327        1        0     1327        0     1098     1098      119     2567        0        0        0
 4674.000000     1324     1324        1        0     1324        0     1098     1093      134     2579        0        0        0
 4675.000000     1328     1328        1        0     1328        0     1083     1080      123     2575        0        0        0
 4676.000000     1334     1334        1        0     1334        0     1094     1088      137     2560        0        0        0
 4677.000000     1325     1325        1        0     1325        0     1093     1091      132     2579        0        0        0
 4678.000000     1335     1335        1        0     1335        0     1090     1086      136     2591        0        0        0
 4679.000000     1335     1335        1        0     1335        0     1074     1069      145     2562        0        0        0
 4680.000000     1340     1340        1        0     1340        0     1088     1086      132     2567        0        0        0
 4681.000000     1333     1333        1        0     1333        0     1107     1104      116     2572        0        0        0
 4682.000000     1334     1334        1        0     1334        0     1091     1089      123     2545        0        0        0
 4683.000000     1366     1366        1        0     1366        0     1090     1086      127     2561        0        0        0
 4684.000000     1334     1334        1        0     1334        0     1092     1091      133     2564        0        0        0
 4685.000000     1333     1333        1        0     1333        0     1095     1090      140     2575        0        0        0
 4686.000000     1333     1333        1        0     1333        0     1091     1087      135     2577        0        0        0
 4687.000000     1332     1332        1        0     1332        0     1090     1088      127     2558        0        0        0
 4688.000000     1327     1327        1        0     1327        0     1087     1078      139     2574        0        0        0
 4689.000000     1332     1332        1        0     1332        0     1098     1097      129     2563        0        0        0
 4690.000000     1337     1337        1        0     1337        0     1077     1076      128     2569        0        0        0
 4691.000000     1321     1321        1        0     1321        0     1098     1096      130     2555        0        0        0
 4692.000000     1330     1330        1        0     1330        0     1106     1103      112     2557        0        0        0
 4693.000000     1318     1318        1        0     1318        0     1100     1097      119     2552        0        0        0
 4694.000000     1347     1347        1        0     1347        0     1103     1098      122     2554        0        0        0
 4695.000000     1359     1359        1        0     1359        0     1089     1086      127     2548        0        0        0
 4696.000000     1336     1336        1        0     1336        0     1103     1100      128     2566        0        0        0
 4697.000000     1336     1336        1        0     1336        0     1090     1086      127     2570        0        0        0
 4698.000000     1323     1323        1        0     1323        0     1081     1077      129     2549        0        0        0
 4699.000000     1353     1353        1        0     1353        0     1085     1082      128     2568        0        0        0
 4700.000000     1341     1341        1        0     1341        0     1068     1066      137     2571        0        0        0
 4701.000000     1335     1335        1        0     1335        0     1065     1063      128     2571        0        0        0
 4702.000000     1340     1340        1        0     1340        0     1071     1064      130     2578        0        0        0
 4703.000000     1336     1336        1        0     1336        0     1086     1084      121     2563        0        0        0
 4704.000000     1362     1362        1        0     1362        0     1102     1098      124     2572        0        0        0
 4705.000000     1356     1356        1        0     1356        0     1078     1075      132     2590        0        0        0
 4706.000000     1349     1349        1        0     1349        0     1090     1087      129     2583        0        0        0
 4707.000000     1348     1348        1        0     1348        0     1073     1068      134     2590        0        0        0
 4708.000000     1353     1353        1        0     1353        0     1090     1089      125     2609        0        0        0
 4709.000000     1347     1347        1        0     1347        0     1070     1068      130     2595        0        0        0
 4710.000000     1347     1347        1        0     1347        0     1093     1090      115     2589        0        0        0
 4711.000000     1336     1336        1        0     1336        0     1090     1087      130     2586        0        0        0
 4712.000000     1335     1335        1        0     1335        0     1087     1086      119     2592        0        0        0
 4713.000000     1341     1341        1        0     1341        0     1090     1087      123     2580        0        0        0
 4714.000000     1342     1342        1        0     1342        0     1092     1090      127     2594        0        0        0
 4715.000000     1338     1338        1        0     1338        0     1073     1068      138     2586        0        0        0
 4716.000000     1340     1340        1        0     1340        0     1101     1100      129     2587        0        0        0
 4717.000000     1343     1343        1        0     1343        0     1081     1081      135     2577        0        0        0
 4718.000000     1329     1329        1        0     1329        0     1079     1077      131     2582        0        0        0
 4719.000000     1341     1341        1        0     1341        0     1067     1064      150     2581        0        0        0
 4720.000000     1353     1353        1        0     1353        0     1094     1092      114     2590        0        0        0
 4721.000000     1353     1353        1        0     1353        0     1105     1104      120     2590        0        0        0
 4722.000000     1350     1350        1        0     1350        0     1110     1109      132     2583        0        0        0
 4723.000000     1345     1345        1        0     1345        0     1104     1103      130     2568        0        0        0
 4724.000000     1345     1345        1        0     1345        0     1082     1082      120     2577        0        0        0
 4725.000000     1342     1342        1        0     1342        0     1069     1068      132     2563        0        0        0
 4726.000000     1341     1341        1        0     1341        0     1081     1078      139     2569        0        0        0
 4727.000000     1353     1353        1        0     1353        0     1078     1074      134     2565        0        0        0
 4728.000000     1344     1344        1        0     1344        0     1090     1087      123     2571        0        0        0
 4729.000000     1345     1345        1        0     1345        0     1095     1094      130     2579        0        0        0
 4730.000000     1340     1340        1        0     1340        0     1101     1099      131     2570        0        0        0
 4731.000000     1334     1334        1        0     1334        0     1094     1092      123     2560        0        0        0
 4732.000000     1333     1333        1        0     1333        0     1089     1087      132     2553        0        0        0
 4733.000000     1337     1337        1        0     1337        0     1087     1086      123     2559        0        0        0
 4734.000000     1338     1338        1        0     1338        0     1094     1093      118     2553        0        0        0
 4735.000000     1333     1333        1        0     1333        0     1088     1085      140     2558        0        0        0
 4736.000000     1312     1312        1        0     1312        0     1082     1081      130     2534        0        0        0
 4737.000000     1321     1321        1        0     1321        0     1084     1081      127     2558        0        0        0
 4738.000000     1316     1316        1        0     1316        0     1095     1094      132     2557        0        0        0
 4739.000000     1306     1306        1        0     1306        0     1091     1090      133     2560        0        0        0
 4740.000000     1323     1323        1        0     1323        0     1086     1083      129     2545        0        0        0
 4741.000000     1304     1304        1        0     1304        0     1093     1093      119     2548        0        0        0
 4742.000000     1315     1315        1        0     1315        0     1086     1082      110     2547        0        0        0
 4743.000000     1324     1324        1        0     1324        0     1081     1079      130     2540        0        0        0
 4744.000000     1336     1336        1        0     1336        0     1089     1086      126     2548        0        0        0
 4745.000000     1335     1335        1        0     1335        0     1074     1072      133     2547        0        0        0
 4746.000000     1339     1339        1        0     1339        0     1081     1079      126     2560        0        0        0
 4747.000000     1333     1333        1        0     1333        0     1077     1074      123     2548        0        0        0
 4748.000000     1338     1338        1        0     1338        0     1081     1080      118     2554        0        0        0
 4749.000000     1338     1338        1        0     1338        0     1081     1078      133     2557        0        0        0
 4750.000000     1333     1333        1        0     1333        0     1090     1087      116     2553        0        0        0
 4751.000000     1328     1328        1        0     1328        0     1074     1073      130     2548        0        0        0
 4752.000000     1329     1329        1        0     1329        0     1076     1073      134     2526        0        0        0
 4753.000000     1328     1328        1        0     1328        0     1064     1062      138     2554        0        0        0
 4754.000000     1331     1331        1        0     1331        0     1082     1082      122     2546        0        0        0
 4755.000000     1331     1331        1        0     1331        0     1083     1083      138     2550        0        0        0
 4756.000000     1335     1335        1        0     1335        0     1091     1088      119     2552        0        0        0
 4757.000000     1356     1356        1        0     1356        0     1081     1079      136     2549        0        0        0
 4758.000000     1351     1351        1        0     1351        0     1092     1091      116     2540        0        0        0
 4759.000000     1342     1342        1        0     1342        0     1090     1089      132     2557        0        0        0
 4760.000000     1350     1350        1        0     1350        0     1106     1102      113     2537        0        0        0
 4761.000000     1353     1353        1        0     1353        0     1107     1106      111     2568        0        0        0
 4762.000000     1341     1341        1        0     1341        0     1071     1068      139     2536        0        0        0
 4763.000000     1325     1325        1        0     1325        0     1098     1097      115     2544        0        0        0
 4764.000000     1325     1325        1        0     1325        0     1075     1074      127     2563        0        0        0
 4765.000000     1323     1323        1        0     1323        0     1096     1094      116     2554        0        0        0
 4766.000000     1319     1319        1        0     1319        0     1096     1094      122     2572        0        0        0
 4767.000000     1316     1316        1        0     1316        0     1096     1094      122     2553        0        0        0
 4768.000000     1322     1322        1        0     1322        0     1089     1086      122     2574        0        0        0
 4769.000000     1327     1327        1        0     1327        0     1089     1086      119     2581        0        0        0
 4770.000000     1318     1318        1        0     1318        0     1088     1087      129     2581        0        0        0
 4771.000000     1323     1323        1        0     1323        0     1095     1093      120     2576        0        0        0
 4772.000000     1334     1334        1        0     1334        0     1094     1092      126     2568        0        0        0
 4773.000000     1319     1319        1        0     1319        0     1099     1097      129     2546        0        0        0
 4774.000000     1316     1316        1        0     1316        0     1098     1094      122     2566        0        0        0
 4775.000000     1315     1315        1        0     1315        0     1079     1078      125     2550        0        0        0
 4776.000000     1318     1318        1        0     1318        0     1107     1105      119     2561        0        0        0
 4777.000000     1318     1318        1        0     1318        0     1096     1094      130     2565        0        0        0
 4778.000000     1336     1336        1        0     1336        0     1088     1087      132     2564        0        0        0
 4779.000000     1331     1331        1        0     1331        0     1091     1090      130     2558        0        0        0
 4780.000000     1333     1333        1        0     1333        0     1074     1074      127     2569        0        0        0
 4781.000000     1329     1329        1        0     1329        0     1087     1084      138     2561        0        0        0
 4782.000000     1303     1303        1        0     1303        0     1099     1099      126     2566        0        0        0
 4783.000000     1336     1336        1        0     1336        0     1083     1076      140     2556        0        0        0
 4784.000000     1334     1334        1        0     1334        0     1089     1085      139     2590        0        0        0
 4785.000000     1336     1336        1        0     1336        0     1095     1095      130     2587        0        0        0
 4786.000000     1325     1325        1        0     1325        0     1107     1105      124     2587        0        0        0
 4787.000000     1346     1346        1        0     1346        0     1105     1102      131     2605        0        0        0
 4788.000000     1327     1327        1        0     1327        0     1085     1084      147     2576        0        0        0
 4789.000000     1327     1327        1        0     1327        0     1081     1078      131     2593        0        0        0
 4790.000000     1319     1319        1        0     1319        0     1080     1078      131     2585        0        0        0
 4791.000000     1347     1347        1        0     1347        0     1098     1093      131     2596        0        0        0
 4792.000000     1317     1317        1        0     1317        0     1109     1108      126     2589        0        0        0
 4793.000000     1314     1314        1        0     1314        0     1096     1093      141     2580        0        0        0
 4794.000000     1333     1333        1        0     1333        0     1091     1088      128     2590        0        0        0
 4795.000000     1315     1315        1        0     1315        0     1089     1088      126     2593        0        0        0
 4796.000000     1331     1331        1        0     1331        0     1102     1100      132     2596        0        0        0
 4797.000000     1365     1365        1        0     1365        0     1085     1082      135     2579        0        0        0
 4798.000000     1334     1334        1        0     1334        0     1100     1099      130     2584        0        0        0
 4799.000000     1338     1338        1        0     1338        0     1092     1090      126     2598        0        0        0
 4800.000000     1341     1341        1        0     1341        0     1091     1085      129     2578        0        0        0
 4801.000000     1339     1339        1        0     1339        0     1080     1078      137     2588        0        0        0
 4802.000000     1344     1344        1        0     1344        0     1092     1090      129     2580        0        0        0
 4803.000000     1333     1333        1        0     1333        0     1095     1094      126     2578        0        0        0
 4804.000000     1342     1342        1        0     1342        0     1090     1087      122     2571        0        0        0
 4805.000000     1352     1352        1        0     1352        0     1072     1070      154     2571        0        0        0
 4806.000000     1352     1352        1        0     1352        0     1102     1097      132     2588        0        0        0
 4807.000000     1308     1308        1        0     1308        0     1090     1086      133     2590        0        0        0
 4808.000000     1324     1324        1        0     1324        0     1089     1087      135     2603        0        0        0
 4809.000000     1313     1313        1        0     1313        0     1084     1082      126     2603        0        0        0
 4810.000000     1323     1323        1        0     1323        0     1118     1116      123     2597        0        0        0
 4811.000000     1312     1312        1        0     1312        0     1089     1087      143     2600        0        0        0
 4812.000000     1330     1330        1        0     1330        0     1101     1093      140     2615        0        0        0
 4813.000000     1339     1339        1        0     1339        0     1112     1109      125     2604        0        0        0
 4814.000000     1307     1307        1        0     1307        0     1107     1104      129     2595        0        0        0
 4815.000000     1334     1334        1        0     1334        0     1097     1095      139     2615        0        0        0
 4816.000000     1328     1328        1        0     1328        0     1093     1091      136     2611        0        0        0
 4817.000000     1350     1350        1        0     1350        0     1113     1109      136     2622        0        0        0
 4818.000000     1331     1331        1        0     1331        0     1110     1106      130     2616        0        0        0
 4819.000000     1313     1313        1        0     1313        0     1113     1112      128     2618        0        0        0
 4820.000000     1333     1333        1        0     1333        0     1115     1110      126     2619        0        0        0
 4821.000000     1326     1326        1        9     1312        5     1095     1093      136     2624        0        0        0
 4822.000000     1312     1312        1        0     1312        0     1101     1098      140     2603        0        0        0
 4823.000000     1349     1349        1        0     1349        0     1120     1118      129     2617        0        0        0
 4824.000000     1361     1361        1        0     1361        0     1117     1113      123     2641        0        0        0
 4825.000000     1365     1365        1        3     1351       11     1116     1115      130     2628        0        0        0
 4826.000000     1348     1348        1        0     1348        0     1120     1113      131     2629        0        0        0
 4827.000000     1341     1341        1        9     1327        5     1115     1112      137     2607        0        0        0
 4828.000000     1345     1345        1        6     1331        8     1112     1108      138     2613        0        0        0
 4829.000000     1332     1332        1        0     1332        0     1114     1111      138     2631        0        0        0
 4830.000000     1336     1336        1        0     1336        0     1116     1111      142     2627        0        0        0
 4831.000000     1347     1347        1        0     1347        0     1120     1115      134     2648        0        0        0
 4832.000000     1336     1336        1        0     1336        0     1140     1138      125     2636        0        0        0
 4833.000000     1335     1335        1        0     1335        0     1097     1095      152     2634        0        0        0
 4834.000000     1330     1330        1        0     1330        0     1118     1114      136     2635        0        0        0
 4835.000000     1330     1330        1        0     1330        0     1098     1094      140     2599        0        0        0
 4836.000000     1335     1335        1        0     1335        0     1122     1119      124     2611        0        0        0
 4837.000000     1335     1335        1        0     1335        0     1109     1103      137     2600        0        0        0
 4838.000000     1341     1341        1        0     1341        0     1114     1109      148     2609        0        0        0
 4839.000000     1341     1341        1        0     1341        0     1102     1095      145     2608        0        0        0
 4840.000000     1345     1345        1        0     1345        0     1114     1107      140     2612        0        0        0
 4841.000000     1353     1353        1        0     1353        0     1118     1116      136     2626        0        0        0
 4842.000000     1349     1349        1        0     1349        0     1107     1106      142     2614        0        0        0
 4843.000000     1351     1351        1        0     1351        0     1124     1120      134     2616        0        0        0
 4844.000000     1350     1350        1        0     1350        0     1124     1119      142     2613        0        0        0
 4845.000000     1347     1347        1        0     1347        0     1136     1135      121     2611        0        0        0
 4846.000000     1333     1333        1        0     1333        0     1129     1122      124     2597        0        0        0
 4847.000000     1345     1345        1        0     1345        0     1125     1122      141     2614        0        0        0
 4848.000000     1346     1346        1        0     1346        0     1129     1123      140     2616        0        0        0
 4849.000000     1348     1348        1        0     1348        0     1127     1125      124     2608        0        0        0
 4850.000000     1352     1352        1        0     1352        0     1113     1108      149     2611        0        0        0
 4851.000000     1355     1355        1        0     1355        0     1134     1129      135     2617        0        0        0
 4852.000000     1352     1352        1        0     1352        0     1101     1096      135     2593        0        0        0
 4853.000000     1350     1350        1        0     1350        0     1127     1118      147     2623        0        0        0
 4854.000000     1370     1370        1        0     1370        0     1114     1108      144     2616        0        0        0
 4855.000000     1360     1360        1        0     1360        0     1115     1113      131     2592        0        0        0
 4856.000000     1358     1358        1        0     1358        0     1110     1108      134     2598        0        0        0
 4857.000000     1354     1354        1        0     1354        0     1115     1108      134     2598        0        0        0
 4858.000000     1353     1353        1        0     1353        0     1114     1109      142     2606        0        0        0
 4859.000000     1361     1361        1        0     1361        0     1116     1114      126     2596        0        0        0
 4860.000000     1361     1361        1        0     1361        0     1110     1107      133     2591        0        0        0
 4861.000000     1351     1351        1        0     1351        0     1099     1097      127     2585        0        0        0
 4862.000000     1361     1361        1        0     1361        0     1113     1107      128     2596        0        0        0
 4863.000000     1367     1367        1        0     1367        0     1107     1103      130     2608        0        0        0
 4864.000000     1363     1363        1        0     1363        0     1112     1106      139     2596        0        0        0
 4865.000000     1371     1371        1        0     1371        0     1112     1108      137     2616        0        0        0
 4866.000000     1363     1363        1        0     1363        0     1102     1100      146     2608        0        0        0
 4867.000000     1371     1371        1        0     1371        0     1104     1099      144     2606        0        0        0
 4868.000000     1370     1370        1        0     1370        0     1108     1105      139     2604        0        0        0
 4869.000000     1340     1340        1        0     1340        0     1102     1100      147     2612        0        0        0
 4870.000000     1364     1364        1        0     1364        0     1118     1115      124     2594        0        0        0
 4871.000000     1365     1365        1        0     1365        0     1114     1110      136     2597        0        0        0
 4872.000000     1381     1381        1        0     1381        0     1117     1107      139     2600        0        0        0
 4873.000000     1381     1381        1        0     1381        0     1119     1114      138     2612        0        0        0
 4874.000000     1362     1362        1        0     1362        0     1115     1111      138     2593        0        0        0
 4875.000000     1374     1374        1        0     1374        0     1107     1103      138     2613        0        0        0
 4876.000000     1380     1380        1        0     1380        0     1099     1097      129     2601        0        0        0
 4877.000000     1392     1392        1        0     1392        0     1112     1110      134     2637        0        0        0
 4878.000000     1429     1429        1        0     1429        0     1096     1092      159     2617        0        0        0
 4879.000000     1375     1375        1        0     1375        0     1112     1107      139     2608        0        0        0
 4880.000000     1384     1384        1        0     1384        0     1105     1101      142     2601        0        0        0
 4881.000000     1378     1378        1        0     1378        0     1096     1095      150     2619        0        0        0
 4882.000000     1389     1389        1        0     1389        0     1111     1103      148     2608        0        0        0
 4883.000000     1387     1387        1        0     1387        0     1097     1093      142     2606        0        0        0
 4884.000000     1378     1378        1        0     1378        0     1103     1101      141     2612        0        0        0
 4885.000000     1374     1374        1        0     1374        0     1117     1113      131     2600        0        0        0
 4886.000000     1375     1375        1        0     1375        0     1089     1088      149     2595        0        0        0
 4887.000000     1379     1379        1        0     1379        0     1132     1130      133     2591        0        0        0
 4888.000000     1373     1373        1        0     1373        0     1122     1119      128     2590        0        0        0
 4889.000000     1394     1394        1        0     1394        0     1117     1115      131     2592        0        0        0
 4890.000000     1363     1363        1        0     1363        0     1111     1110      141     2587        0        0        0
 4891.000000     1351     1351        1        0     1351        0     1122     1118      138     2604        0        0        0
 4892.000000     1369     1369        1        0     1369        0     1104     1101      144     2592        0        0        0
 4893.000000     1361     1361        1        0     1361        0     1118     1115      127     2590        0        0        0
 4894.000000     1388     1388        1        0     1388        0     1121     1118      127     2598        0        0        0
 4895.000000     1374     1374        1        0     1374        0     1128     1127      116     2596        0        0        0
 4896.000000     1387     1387        1        0     1387        0     1127     1124      137     2598        0        0        0
 4897.000000     1348     1348        1        0     1348        0     1110     1104      140     2585        0        0        0
 4898.000000     1347     1347        1        0     1347        0     1114     1111      128     2585        0        0        0
 4899.000000     1351     1351        1        0     1351        0     1117     1115      145     2601        0        0        0
 4900.000000     1349     1349        1        0     1349        0     1109     1108      132     2598        0        0        0
 4901.000000     1365     1365        1        0     1365        0     1104     1103      137     2596        0        0        0
 4902.000000     1364     1364        1        0     1364        0     1115     1114      139     2603        0        0        0
 4903.000000     1391     1391        1        0     1391        0     1125     1124      122     2606        0        0        0
 4904.000000     1369     1369        1        0     1369        0     1121     1117      126     2603        0        0        0
 4905.000000     1365     1365        1        0     1365        0     1112     1109      147     2608        0        0        0
 4906.000000     1362     1362        1        0     1362        0     1124     1121      140     2602        0        0        0
 4907.000000     1366     1366        1        0     1366        0     1136     1134      141     2594        0        0        0
 4908.000000     1377     1377        1        0     1377        0     1134     1128      140     2601        0        0        0
 4909.000000     1367     1367        1        0     1367        0     1116     1114      122     2616        0        0        0
 4910.000000     1384     1384        1        0     1384        0     1103     1101      142     2604        0        0        0
 4911.000000     1381     1381        1        0     1381        0     1114     1113      138     2589        0        0        0
 4912.000000     1368     1368        1        0     1368        0     1118     1114      143     2602        0        0        0
 4913.000000     1382     1382        1        0     1382        0     1128     1125      135     2600        0        0        0
 4914.000000     1367     1367        1        0     1367        0     1110     1102      149     2600        0        0        0
 4915.000000     1390     1390        1        0     1390        0     1116     1114      133     2627        0        0        0
 4916.000000     1405     1405        1        0     1405        0     1124     1118      138     2625        0        0        0
 4917.000000     1399     1399        1        0     1399        0     1124     1121      141     2629        0        0        0
 4918.000000     1402     1402        1        0     1402        0     1133     1124      141     2619        0        0        0
 4919.000000     1396     1396        1        0     1396        0     1128     1123      142     2622        0        0        0
 4920.000000     1402     1402        1        0     1402        0     1132     1130      135     2641        0        0        0
 4921.000000     1390     1390        1        0     1390        0     1129     1124      140     2618        0        0        0
 4922.000000     1387     1387        1        0     1387        0     1115     1113      145     2612        0        0        0
 4923.000000     1384     1384        1        0     1384        0     1134     1132      135     2611        0        0        0
 4924.000000     1402     1402        1        0     1402        0     1137     1132      140     2612        0        0        0
 4925.000000     1386     1386        1        0     1386        0     1121     1118      130     2612        0        0        0
 4926.000000     1378     1378        1        0     1378        0     1114     1113      147     2608        0        0        0
 4927.000000     1362     1362        1        0     1362        0     1130     1125      127     2611        0        0        0
 4928.000000     1367     1367        1        0     1367        0     1111     1108      137     2618        0        0        0
 4929.000000     1367     1367        1        0     1367        0     1118     1112      136     2607        0        0        0
 4930.000000     1380     1380        1        0     1380        0     1127     1124      130     2614        0        0        0
 4931.000000     1380     1380        1        0     1380        0     1117     1114      140     2629        0        0        0
 4932.000000     1385     1385        1        0     1385        0     1123     1120      138     2628        0        0        0
 4933.000000     1368     1368        1        0     1368        0     1108     1106      134     2598        0        0        0
 4934.000000     1383     1383        1        0     1383        0     1148     1142      125     2619        0        0        0
 4935.000000     1388     1388        1        0     1388        0     1118     1112      135     2626        0        0        0
 4936.000000     1381     1381        1        0     1381        0     1125     1124      130     2619        0        0        0
 4937.000000     1382     1382        1        0     1382        0     1121     1118      137     2633        0        0        0
 4938.000000     1374     1374        1        0     1374        0     1129     1124      135     2613        0        0        0
 4939.000000     1377     1377        1        0     1377        0     1132     1128      127     2619        0        0        0
 4940.000000     1379     1379        1        0     1379        0     1114     1114      129     2626        0        0        0
 4941.000000     1379     1379        1        0     1379        0     1113     1111      127     2601        0        0        0
 4942.000000     1383     1383        1        0     1383        0     1129     1122      135     2615        0        0        0
 4943.000000     1378     1378        1        0     1378        0     1113     1110      133     2605        0        0        0
 4944.000000     1373     1373        1        0     1373        0     1097     1094      142     2599        0        0        0
 4945.000000     1374     1374        1        0     1374        0     1125     1122      128     2612        0        0        0
 4946.000000     1377     1377        1        0     1377        0     1136     1133      124     2622        0        0        0
 4947.000000     1393     1393        1        0     1393        0     1143     1138      132     2627        0        0        0
 4948.000000     1393     1393        1        0     1393        0     1144     1137      128     2620        0        0        0
 4949.000000     1389     1389        1        0     1389        0     1136     1135      131     2646        0        0        0
 4950.000000     1400     1400        1        0     1400        0     1141     1137      122     2618        0        0        0
 4951.000000     1407     1407        1        0     1407        0     1125     1124      136     2624        0        0        0
 4952.000000     1387     1387        1        0     1387        0     1122     1118      126     2625        0        0        0
 4953.000000     1433     1433        1        0     1433        0     1128     1125      126     2617        0        0        0
 4954.000000     1405     1405        1        0     1405        0     1138     1136      126     2613        0        0        0
 4955.000000     1385     1385        1        0     1385        0     1135     1132      143     2604        0        0        0
 4956.000000     1383     1383        1        0     1383        0     1116     1113      139     2610        0        0        0
 4957.000000     1379     1379        1        0     1379        0     1125     1123      138     2618        0        0        0
 4958.000000     1386     1386        1        0     1386        0     1136     1134      136     2639        0        0        0
 4959.000000     1385     1385        1        0     1385        0     1122     1118      133     2622        0        0        0
 4960.000000     1400     1400        1        0     1400        0     1124     1121      141     2634        0        0        0
 4961.000000     1386     1386        1        0     1386        0     1124     1120      139     2619        0        0        0
 4962.000000     1382     1382        1        0     1382        0     1121     1119      135     2603        0        0        0
 4963.000000     1381     1381        1        0     1381        0     1129     1127      129     2616        0        0        0
 4964.000000     1377     1377        1        0     1377        0     1129     1125      129     2627        0        0        0
 4965.000000     1380     1380        1        0     1380        0     1134     1127      134     2613        0        0        0
 4966.000000     1386     1386        1        0     1386        0     1116     1115      129     2616        0        0        0
 4967.000000     1407     1407        1        0     1407        0     1115     1111      142     2623        0        0        0
 4968.000000     1398     1398        1        0     1398        0     1119     1116      140     2614        0        0        0
 4969.000000     1389     1389        1        0     1389        0     1120     1119      131     2616        0        0        0
 4970.000000     1401     1401        1        0     1401        0     1109     1105      142     2626        0        0        0
 4971.000000     1388     1388        1        0     1388        0     1120     1115      149     2610        0        0        0
 4972.000000     1394     1394        1        0     1394        0     1124     1119      144     2621        0        0        0
 4973.000000     1400     1400        1        0     1400        0     1112     1108      124     2611        0        0        0
 4974.000000     1419     1419        1        0     1419        0     1117     1115      136     2625        0        0        0
 4975.000000     1406     1406        1        0     1406        0     1109     1109      142     2615        0        0        0
 4976.000000     1392     1392        1        0     1392        0     1119     1116      141     2626        0        0        0
 4977.000000     1411     1411        1        0     1411        0     1113     1109      143     2627        0        0        0
 4978.000000     1404     1404        1        0     1404        0     1107     1103      149     2624        0        0        0
 4979.000000     1394     1394        1        0     1394        0     1124     1121      137     2622        0        0        0
 4980.000000     1384     1384        1        0     1384        0     1113     1109      138     2621        0        0        0
 4981.000000     1406     1406        1        0     1406        0     1118     1116      142     2620        0        0        0
 4982.000000     1388     1388        1        0     1388        0     1137     1129      137     2621        0        0        0
 4983.000000     1392     1392        1        0     1392        0     1121     1120      135     2617        0        0        0
 4984.000000     1397     1397        1        0     1397        0     1125     1114      145     2630        0        0        0
 4985.000000     1413     1413        1        0     1413        0     1131     1131      143     2624        0        0        0
 4986.000000     1399     1399        1        0     1399        0     1128     1124      138     2613        0        0        0
 4987.000000     1411     1411        1        0     1411        0     1125     1123      141     2633        0        0        0
 4988.000000     1404     1404        1        0     1404        0     1123     1118      141     2626        0        0        0
 4989.000000     1419     1419        1        0     1419        0     1115     1113      144     2642        0        0        0
 4990.000000     1409     1409        1        0     1409        0     1135     1132      139     2621        0        0        0
 4991.000000     1453     1453        1        0     1453        0     1137     1131      113     2621        0        0        0
 4992.000000     1412     1412        1        0     1412        0     1131     1127      144     2617        0        0        0
 4993.000000     1387     1387        1        0     1387        0     1120     1118      127     2611        0        0        0
 4994.000000     1396     1396        1        0     1396        0     1128     1127      133     2613        0        0        0
 4995.000000     1398     1398        1        0     1398        0     1129     1125      140     2621        0        0        0
 4996.000000     1384     1384        1        0     1384        0     1136     1134      129     2606        0        0        0
 4997.000000     1402     1402        1        0     1402        0     1151     1149      134     2645        0        0        0
 4998.000000     1420     1420        1        0     1420        0     1127     1125      136     2635        0        0        0
 4999.000000     1419     1419        1        0     1419        0     1119     1116      142     2624        0        0        0
 5000.000000     1406     1406        1        0     1406        0     1134     1130      123     2629        0        0        0
