temperature,seed_size,polymorph,replica,time,nice,nmax,nclus,nic,nih,nmixed,chillice,chillmax,chillinterfacial,sixrings
205,100,ic,0,0.0,245.0,89.0,9.0,100.0,142.0,3.0,100.0,36.0,253.0,3358.0
205,100,ic,0,5.0,104.0,18.0,8.0,32.0,72.0,0.0,56.0,3.0,218.0,3339.0
205,100,ic,1,0.0,245.0,89.0,9.0,100.0,142.0,3.0,100.0,36.0,253.0,3358.0
205,100,ic,1,5.0,195.0,39.0,12.0,87.0,102.0,6.0,45.0,2.0,247.0,3233.0
205,100,ic,1,10.0,117.0,47.0,6.0,49.0,65.0,3.0,41.0,2.0,209.0,3168.0
205,100,ic,1,15.0,155.0,39.0,8.0,54.0,95.0,6.0,64.0,3.0,255.0,3278.0
205,100,ic,1,20.0,189.0,49.0,8.0,34.0,143.0,12.0,64.0,2.0,230.0,3295.0
205,100,ic,1,25.0,125.0,24.0,9.0,29.0,96.0,0.0,50.0,2.0,205.0,3218.0
205,100,ic,1,30.0,180.0,58.0,9.0,33.0,129.0,18.0,42.0,4.0,208.0,3324.0
205,100,ic,1,35.0,36.0,12.0,3.0,0.0,36.0,0.0,46.0,3.0,194.0,3355.0
205,100,ic,10,0.0,245.0,89.0,9.0,100.0,142.0,3.0,100.0,36.0,253.0,3358.0
205,100,ic,10,5.0,204.0,32.0,12.0,76.0,122.0,6.0,53.0,4.0,229.0,3300.0
205,100,ic,10,10.0,218.0,35.0,11.0,86.0,126.0,6.0,54.0,5.0,224.0,3272.0
205,100,ic,10,15.0,209.0,50.0,9.0,56.0,150.0,3.0,45.0,3.0,194.0,3274.0
205,100,ic,10,20.0,127.0,48.0,6.0,36.0,85.0,6.0,59.0,3.0,199.0,3215.0
205,100,ic,10,25.0,237.0,48.0,10.0,91.0,131.0,15.0,52.0,2.0,224.0,3246.0
205,100,ic,10,30.0,125.0,38.0,6.0,55.0,65.0,5.0,41.0,5.0,161.0,3334.0
205,100,ic,10,35.0,141.0,34.0,8.0,14.0,127.0,0.0,49.0,3.0,190.0,3254.0
205,100,ic,10,40.0,119.0,36.0,7.0,14.0,105.0,0.0,48.0,3.0,181.0,3204.0
205,100,ic,10,45.0,94.0,18.0,7.0,28.0,66.0,0.0,43.0,3.0,166.0,3255.0
205,100,ic,11,0.0,245.0,89.0,9.0,100.0,142.0,3.0,100.0,36.0,253.0,3358.0
205,100,ic,11,5.0,86.0,38.0,3.0,50.0,36.0,0.0,48.0,2.0,205.0,3370.0
205,100,ic,11,10.0,231.0,102.0,7.0,83.0,148.0,0.0,53.0,4.0,249.0,3371.0
205,100,ic,11,15.0,181.0,51.0,8.0,46.0,135.0,0.0,53.0,2.0,221.0,3319.0
205,100,ic,11,20.0,56.0,18.0,4.0,32.0,24.0,0.0,37.0,3.0,183.0,3283.0
205,100,ic,2,0.0,245.0,89.0,9.0,100.0,142.0,3.0,100.0,36.0,253.0,3358.0
205,100,ic,2,5.0,129.0,59.0,5.0,49.0,80.0,0.0,63.0,5.0,225.0,3268.0
205,100,ic,2,10.0,144.0,77.0,4.0,43.0,101.0,0.0,36.0,2.0,173.0,3275.0
205,100,ic,2,15.0,141.0,57.0,7.0,14.0,127.0,0.0,55.0,2.0,179.0,3245.0
205,100,ic,2,20.0,147.0,33.0,7.0,29.0,118.0,0.0,49.0,3.0,178.0,3199.0
205,100,ic,2,25.0,217.0,39.0,12.0,108.0,107.0,2.0,41.0,2.0,222.0,3178.0
205,100,ic,2,30.0,132.0,60.0,5.0,41.0,88.0,3.0,36.0,2.0,181.0,3145.0
205,100,ic,2,35.0,146.0,33.0,8.0,29.0,114.0,3.0,54.0,3.0,200.0,3254.0
205,100,ic,2,40.0,135.0,49.0,6.0,63.0,72.0,0.0,35.0,2.0,164.0,3266.0
205,100,ic,2,45.0,116.0,32.0,7.0,28.0,88.0,0.0,49.0,3.0,196.0,3205.0
205,100,ic,2,50.0,132.0,24.0,8.0,28.0,104.0,0.0,51.0,4.0,199.0,3263.0
205,100,ic,2,55.0,105.0,52.0,4.0,14.0,91.0,0.0,42.0,3.0,166.0,3251.0
205,100,ic,2,60.0,184.0,74.0,7.0,14.0,170.0,0.0,50.0,4.0,176.0,3270.0
205,100,ic,2,65.0,224.0,92.0,6.0,37.0,181.0,6.0,42.0,4.0,230.0,3262.0
205,100,ic,2,70.0,156.0,30.0,10.0,18.0,138.0,0.0,63.0,6.0,195.0,3281.0
205,100,ic,2,75.0,150.0,68.0,5.0,53.0,90.0,7.0,53.0,5.0,191.0,3222.0
205,100,ic,2,80.0,135.0,39.0,7.0,60.0,75.0,0.0,71.0,7.0,224.0,3273.0
205,100,ic,2,85.0,172.0,49.0,6.0,41.0,126.0,5.0,76.0,5.0,222.0,3315.0
205,100,ic,2,90.0,223.0,65.0,9.0,60.0,163.0,0.0,64.0,11.0,214.0,3233.0
205,100,ic,2,95.0,209.0,68.0,8.0,80.0,127.0,2.0,62.0,10.0,207.0,3248.0
205,100,ic,2,100.0,167.0,54.0,8.0,45.0,122.0,0.0,49.0,5.0,190.0,3392.0
205,100,ic,2,105.0,176.0,43.0,7.0,70.0,106.0,0.0,61.0,5.0,217.0,3205.0
205,100,ic,2,110.0,280.0,68.0,9.0,89.0,185.0,6.0,71.0,9.0,240.0,3305.0
205,100,ic,2,115.0,267.0,154.0,7.0,37.0,224.0,6.0,65.0,7.0,211.0,3318.0
205,100,ic,2,120.0,169.0,45.0,8.0,48.0,121.0,0.0,77.0,11.0,209.0,3276.0
205,100,ic,2,125.0,279.0,51.0,14.0,64.0,215.0,0.0,51.0,8.0,218.0,3228.0
205,100,ic,2,130.0,240.0,43.0,10.0,97.0,124.0,19.0,48.0,6.0,189.0,3223.0
205,100,ic,2,135.0,234.0,51.0,9.0,88.0,140.0,6.0,44.0,4.0,189.0,3312.0
205,100,ic,2,140.0,145.0,33.0,8.0,36.0,109.0,0.0,40.0,3.0,166.0,3203.0
205,100,ic,2,145.0,244.0,111.0,6.0,44.0,193.0,7.0,65.0,8.0,246.0,3247.0
205,100,ic,2,150.0,214.0,83.0,5.0,29.0,185.0,0.0,75.0,6.0,193.0,3274.0
205,100,ic,2,155.0,174.0,68.0,6.0,38.0,116.0,20.0,56.0,3.0,183.0,3219.0
205,100,ic,2,160.0,85.0,20.0,6.0,28.0,57.0,0.0,35.0,3.0,175.0,3207.0
205,100,ic,2,165.0,78.0,40.0,2.0,0.0,78.0,0.0,32.0,9.0,138.0,3167.0
205,100,ic,2,170.0,142.0,44.0,7.0,46.0,96.0,0.0,48.0,5.0,159.0,3112.0
205,100,ic,2,175.0,95.0,32.0,5.0,47.0,48.0,0.0,33.0,2.0,141.0,3146.0
205,100,ic,2,180.0,94.0,38.0,4.0,55.0,33.0,6.0,38.0,2.0,133.0,3069.0
205,100,ic,2,185.0,141.0,75.0,6.0,18.0,123.0,0.0,40.0,4.0,164.0,3212.0
205,100,ic,2,190.0,48.0,12.0,4.0,0.0,48.0,0.0,46.0,4.0,139.0,3168.0
205,100,ic,3,0.0,245.0,89.0,9.0,100.0,142.0,3.0,100.0,36.0,253.0,3358.0
205,100,ic,3,5.0,184.0,48.0,9.0,51.0,127.0,6.0,62.0,3.0,266.0,3393.0
205,100,ic,3,10.0,201.0,39.0,11.0,78.0,123.0,0.0,57.0,4.0,237.0,3373.0
205,100,ic,3,15.0,202.0,39.0,9.0,48.0,140.0,14.0,55.0,3.0,189.0,3311.0
205,100,ic,3,20.0,171.0,45.0,7.0,94.0,62.0,15.0,60.0,7.0,251.0,3198.0
205,100,ic,3,25.0,223.0,94.0,7.0,83.0,122.0,18.0,53.0,4.0,199.0,3280.0
205,100,ic,3,30.0,121.0,32.0,5.0,42.0,63.0,16.0,58.0,7.0,180.0,3255.0
205,100,ic,3,35.0,180.0,43.0,7.0,64.0,95.0,21.0,49.0,4.0,184.0,3210.0
205,100,ic,3,40.0,115.0,36.0,6.0,48.0,57.0,10.0,53.0,10.0,184.0,3208.0
205,100,ic,3,45.0,89.0,33.0,4.0,21.0,52.0,16.0,46.0,7.0,202.0,3278.0
205,100,ic,3,50.0,116.0,29.0,6.0,52.0,64.0,0.0,49.0,4.0,215.0,3164.0
205,100,ic,3,55.0,125.0,26.0,8.0,45.0,80.0,0.0,58.0,7.0,214.0,3364.0
205,100,ic,3,60.0,167.0,28.0,10.0,79.0,82.0,6.0,72.0,2.0,249.0,3210.0
205,100,ic,3,65.0,212.0,50.0,11.0,77.0,123.0,12.0,49.0,2.0,205.0,3190.0
205,100,ic,3,70.0,174.0,32.0,10.0,68.0,96.0,10.0,37.0,3.0,188.0,3176.0
205,100,ic,3,75.0,144.0,30.0,8.0,72.0,72.0,0.0,59.0,4.0,218.0,3316.0
205,100,ic,3,80.0,172.0,76.0,8.0,75.0,78.0,19.0,53.0,3.0,188.0,3321.0
205,100,ic,3,85.0,204.0,26.0,13.0,72.0,132.0,0.0,45.0,3.0,175.0,3252.0
205,100,ic,3,90.0,198.0,77.0,8.0,84.0,89.0,25.0,47.0,4.0,209.0,3252.0
205,100,ic,3,95.0,183.0,32.0,10.0,105.0,78.0,0.0,57.0,5.0,210.0,3271.0
205,100,ic,3,100.0,64.0,14.0,5.0,28.0,36.0,0.0,50.0,3.0,217.0,3260.0
205,100,ic,4,0.0,245.0,89.0,9.0,100.0,142.0,3.0,100.0,36.0,253.0,3358.0
205,100,ic,4,5.0,128.0,38.0,6.0,68.0,54.0,6.0,57.0,5.0,207.0,3279.0
205,100,ic,4,10.0,117.0,37.0,7.0,44.0,67.0,6.0,60.0,5.0,218.0,3335.0
205,100,ic,4,15.0,118.0,24.0,8.0,34.0,72.0,12.0,60.0,3.0,216.0,3262.0
205,100,ic,4,20.0,156.0,69.0,7.0,41.0,109.0,6.0,72.0,6.0,218.0,3211.0
205,100,ic,4,25.0,137.0,54.0,5.0,73.0,55.0,9.0,47.0,5.0,219.0,3263.0
205,100,ic,4,30.0,146.0,75.0,5.0,79.0,61.0,6.0,62.0,5.0,252.0,3253.0
205,100,ic,4,35.0,261.0,108.0,9.0,106.0,139.0,16.0,51.0,3.0,247.0,3286.0
205,100,ic,4,40.0,177.0,55.0,7.0,66.0,101.0,10.0,65.0,3.0,210.0,3156.0
205,100,ic,4,45.0,237.0,95.0,7.0,69.0,153.0,15.0,55.0,9.0,185.0,3175.0
205,100,ic,4,50.0,204.0,69.0,7.0,81.0,102.0,21.0,68.0,5.0,239.0,3247.0
205,100,ic,4,55.0,278.0,85.0,10.0,119.0,138.0,21.0,65.0,7.0,257.0,3303.0
205,100,ic,4,60.0,175.0,56.0,6.0,72.0,94.0,9.0,57.0,11.0,266.0,3273.0
205,100,ic,4,65.0,156.0,59.0,5.0,48.0,98.0,10.0,41.0,3.0,216.0,3293.0
205,100,ic,4,70.0,231.0,137.0,6.0,56.0,159.0,16.0,65.0,5.0,240.0,3313.0
205,100,ic,4,75.0,239.0,67.0,8.0,75.0,143.0,21.0,68.0,4.0,261.0,3255.0
205,100,ic,4,80.0,220.0,72.0,9.0,73.0,119.0,28.0,74.0,5.0,245.0,3329.0
205,100,ic,4,85.0,183.0,95.0,5.0,48.0,113.0,22.0,66.0,8.0,240.0,3290.0
205,100,ic,4,90.0,180.0,56.0,7.0,61.0,95.0,24.0,50.0,9.0,226.0,3270.0
205,100,ic,4,95.0,183.0,87.0,5.0,43.0,117.0,23.0,63.0,8.0,196.0,3260.0
205,100,ic,4,100.0,110.0,62.0,5.0,14.0,81.0,15.0,53.0,3.0,210.0,3232.0
205,100,ic,4,105.0,156.0,62.0,6.0,22.0,128.0,6.0,45.0,3.0,218.0,3313.0
205,100,ic,4,110.0,165.0,54.0,6.0,56.0,75.0,34.0,54.0,7.0,184.0,3313.0
205,100,ic,4,115.0,204.0,57.0,10.0,57.0,133.0,14.0,58.0,4.0,221.0,3277.0
205,100,ic,4,120.0,148.0,34.0,7.0,60.0,72.0,16.0,57.0,4.0,219.0,3255.0
205,100,ic,4,125.0,174.0,39.0,9.0,58.0,110.0,6.0,58.0,6.0,236.0,3225.0
205,100,ic,4,130.0,205.0,34.0,10.0,38.0,151.0,16.0,58.0,7.0,223.0,3244.0
205,100,ic,4,135.0,227.0,59.0,10.0,62.0,149.0,16.0,77.0,7.0,235.0,3210.0
205,100,ic,4,140.0,243.0,47.0,11.0,118.0,119.0,6.0,55.0,7.0,239.0,3308.0
205,100,ic,4,145.0,201.0,135.0,5.0,49.0,146.0,6.0,57.0,5.0,234.0,3344.0
205,100,ic,4,150.0,249.0,155.0,7.0,80.0,163.0,6.0,66.0,5.0,223.0,3263.0
205,100,ic,4,155.0,156.0,70.0,7.0,36.0,114.0,6.0,68.0,8.0,209.0,3283.0
205,100,ic,4,160.0,215.0,70.0,9.0,85.0,127.0,3.0,59.0,11.0,251.0,3399.0
205,100,ic,4,165.0,124.0,26.0,8.0,28.0,96.0,0.0,47.0,3.0,227.0,3259.0
205,100,ic,4,170.0,183.0,67.0,6.0,30.0,137.0,16.0,53.0,8.0,188.0,3254.0
205,100,ic,4,175.0,121.0,55.0,5.0,15.0,106.0,0.0,36.0,8.0,155.0,3140.0
205,100,ic,4,180.0,204.0,65.0,10.0,42.0,162.0,0.0,53.0,5.0,227.0,3249.0
205,100,ic,4,185.0,92.0,33.0,5.0,23.0,69.0,0.0,53.0,4.0,210.0,3195.0
205,100,ic,4,190.0,147.0,48.0,7.0,43.0,104.0,0.0,57.0,9.0,217.0,3235.0
205,100,ic,4,195.0,111.0,57.0,5.0,0.0,111.0,0.0,49.0,2.0,220.0,3354.0
205,100,ic,4,200.0,97.0,47.0,5.0,14.0,83.0,0.0,58.0,7.0,194.0,3213.0
205,100,ic,4,205.0,94.0,18.0,7.0,46.0,48.0,0.0,50.0,3.0,190.0,3204.0
205,100,ic,5,0.0,245.0,89.0,9.0,100.0,142.0,3.0,100.0,36.0,253.0,3358.0
205,100,ic,5,5.0,219.0,58.0,10.0,108.0,111.0,0.0,58.0,3.0,253.0,3273.0
205,100,ic,5,10.0,148.0,35.0,8.0,68.0,68.0,12.0,52.0,4.0,194.0,3198.0
205,100,ic,5,15.0,203.0,48.0,8.0,63.0,134.0,6.0,52.0,5.0,235.0,3206.0
205,100,ic,5,20.0,195.0,28.0,11.0,46.0,149.0,0.0,42.0,3.0,191.0,3204.0
205,100,ic,5,25.0,137.0,25.0,9.0,32.0,105.0,0.0,54.0,6.0,225.0,3265.0
205,100,ic,5,30.0,121.0,24.0,8.0,0.0,121.0,0.0,61.0,4.0,201.0,3189.0
205,100,ic,5,35.0,187.0,46.0,8.0,28.0,153.0,6.0,40.0,2.0,191.0,3141.0
205,100,ic,5,40.0,46.0,21.0,3.0,0.0,46.0,0.0,46.0,2.0,190.0,3101.0
205,100,ic,5,45.0,97.0,32.0,6.0,28.0,69.0,0.0,45.0,6.0,173.0,3158.0
205,100,ic,5,50.0,160.0,54.0,8.0,32.0,128.0,0.0,41.0,6.0,170.0,3181.0
205,100,ic,5,55.0,103.0,47.0,5.0,32.0,71.0,0.0,36.0,2.0,150.0,3159.0
205,100,ic,5,60.0,178.0,37.0,10.0,30.0,146.0,2.0,44.0,2.0,187.0,3221.0
205,100,ic,5,65.0,138.0,38.0,8.0,28.0,110.0,0.0,49.0,6.0,202.0,3188.0
205,100,ic,5,70.0,86.0,14.0,7.0,14.0,72.0,0.0,46.0,2.0,172.0,3135.0
205,100,ic,6,0.0,245.0,89.0,9.0,100.0,142.0,3.0,100.0,36.0,253.0,3358.0
205,100,ic,6,5.0,189.0,33.0,10.0,67.0,110.0,12.0,51.0,4.0,220.0,3275.0
205,100,ic,6,10.0,166.0,33.0,11.0,68.0,91.0,7.0,61.0,3.0,214.0,3220.0
205,100,ic,6,15.0,90.0,30.0,5.0,18.0,72.0,0.0,49.0,3.0,187.0,3200.0
205,100,ic,6,20.0,132.0,28.0,8.0,50.0,76.0,6.0,45.0,2.0,195.0,3154.0
205,100,ic,6,25.0,129.0,63.0,6.0,69.0,54.0,6.0,67.0,2.0,221.0,3289.0
205,100,ic,6,30.0,194.0,55.0,7.0,102.0,90.0,2.0,52.0,2.0,270.0,3239.0
205,100,ic,6,35.0,187.0,61.0,9.0,82.0,99.0,6.0,58.0,6.0,205.0,3259.0
205,100,ic,6,40.0,143.0,54.0,8.0,83.0,60.0,0.0,46.0,2.0,200.0,3130.0
205,100,ic,6,45.0,167.0,54.0,8.0,109.0,58.0,0.0,62.0,3.0,254.0,3113.0
205,100,ic,6,50.0,101.0,32.0,6.0,32.0,69.0,0.0,32.0,2.0,160.0,3220.0
205,100,ic,6,55.0,76.0,32.0,3.0,32.0,44.0,0.0,31.0,2.0,144.0,3252.0
205,100,ic,6,60.0,137.0,46.0,7.0,64.0,65.0,8.0,44.0,2.0,192.0,3295.0
205,100,ic,6,65.0,74.0,24.0,4.0,26.0,42.0,6.0,40.0,5.0,184.0,3234.0
205,100,ic,6,70.0,130.0,49.0,5.0,43.0,80.0,7.0,41.0,4.0,180.0,3308.0
205,100,ic,6,75.0,139.0,44.0,6.0,34.0,99.0,6.0,59.0,6.0,220.0,3297.0
205,100,ic,6,80.0,183.0,76.0,5.0,45.0,130.0,8.0,46.0,5.0,173.0,3295.0
205,100,ic,6,85.0,178.0,71.0,7.0,47.0,127.0,4.0,55.0,10.0,181.0,3282.0
205,100,ic,6,90.0,180.0,25.0,12.0,43.0,137.0,0.0,41.0,2.0,202.0,3190.0
205,100,ic,6,95.0,174.0,49.0,10.0,14.0,160.0,0.0,38.0,2.0,229.0,3245.0
205,100,ic,6,100.0,161.0,32.0,9.0,14.0,147.0,0.0,55.0,2.0,207.0,3359.0
205,100,ic,6,105.0,161.0,40.0,8.0,28.0,133.0,0.0,45.0,3.0,205.0,3185.0
205,100,ic,6,110.0,194.0,40.0,9.0,0.0,194.0,0.0,54.0,5.0,247.0,3263.0
205,100,ic,6,115.0,172.0,32.0,10.0,14.0,158.0,0.0,51.0,5.0,190.0,3342.0
205,100,ic,6,120.0,190.0,39.0,10.0,18.0,172.0,0.0,57.0,7.0,197.0,3352.0
205,100,ic,6,125.0,142.0,26.0,8.0,69.0,73.0,0.0,53.0,8.0,200.0,3343.0
205,100,ic,6,130.0,107.0,23.0,7.0,14.0,93.0,0.0,62.0,6.0,204.0,3189.0
205,100,ic,6,135.0,135.0,23.0,9.0,43.0,92.0,0.0,36.0,2.0,171.0,3246.0
205,100,ic,6,140.0,96.0,26.0,6.0,46.0,50.0,0.0,60.0,4.0,218.0,3353.0
205,100,ic,6,145.0,114.0,25.0,7.0,26.0,82.0,6.0,60.0,3.0,215.0,3251.0
205,100,ic,6,150.0,34.0,22.0,2.0,0.0,34.0,0.0,44.0,3.0,181.0,3244.0
205,100,ic,6,155.0,112.0,35.0,6.0,14.0,98.0,0.0,34.0,2.0,144.0,3207.0
205,100,ic,6,160.0,60.0,22.0,4.0,14.0,46.0,0.0,46.0,3.0,190.0,3171.0
205,100,ic,6,165.0,74.0,20.0,5.0,18.0,56.0,0.0,40.0,2.0,185.0,3124.0
205,100,ic,6,170.0,26.0,14.0,2.0,14.0,12.0,0.0,26.0,1.0,135.0,3097.0
205,100,ic,7,0.0,245.0,89.0,9.0,100.0,142.0,3.0,100.0,36.0,253.0,3358.0
205,100,ic,7,5.0,164.0,40.0,8.0,80.0,78.0,6.0,56.0,5.0,193.0,3279.0
205,100,ic,7,10.0,166.0,36.0,8.0,61.0,105.0,0.0,38.0,3.0,128.0,3167.0
205,100,ic,7,15.0,176.0,56.0,9.0,52.0,122.0,2.0,38.0,2.0,193.0,3194.0
205,100,ic,7,20.0,181.0,57.0,6.0,31.0,141.0,9.0,59.0,3.0,176.0,3153.0
205,100,ic,7,25.0,163.0,60.0,8.0,20.0,141.0,2.0,40.0,3.0,173.0,3171.0
205,100,ic,7,30.0,160.0,91.0,4.0,59.0,77.0,24.0,45.0,7.0,186.0,3246.0
205,100,ic,7,35.0,277.0,93.0,7.0,75.0,179.0,23.0,61.0,3.0,253.0,3247.0
205,100,ic,7,40.0,348.0,91.0,11.0,71.0,254.0,23.0,50.0,4.0,211.0,3212.0
205,100,ic,7,45.0,259.0,62.0,9.0,103.0,132.0,24.0,66.0,7.0,180.0,3320.0
205,100,ic,7,50.0,204.0,139.0,5.0,102.0,81.0,21.0,64.0,5.0,223.0,3231.0
205,100,ic,7,55.0,219.0,65.0,7.0,94.0,106.0,19.0,50.0,5.0,233.0,3168.0
205,100,ic,7,60.0,131.0,66.0,4.0,83.0,30.0,18.0,52.0,2.0,246.0,3182.0
205,100,ic,7,65.0,204.0,135.0,6.0,78.0,101.0,25.0,56.0,5.0,190.0,3233.0
205,100,ic,7,70.0,143.0,65.0,5.0,83.0,48.0,12.0,52.0,3.0,192.0,3416.0
205,100,ic,7,75.0,103.0,41.0,5.0,55.0,42.0,6.0,49.0,3.0,200.0,3267.0
205,100,ic,7,80.0,156.0,70.0,7.0,52.0,92.0,12.0,54.0,6.0,196.0,3320.0
205,100,ic,7,85.0,204.0,56.0,9.0,120.0,66.0,18.0,39.0,4.0,186.0,3270.0
205,100,ic,7,90.0,99.0,50.0,4.0,26.0,55.0,18.0,48.0,4.0,189.0,3200.0
205,100,ic,7,95.0,122.0,50.0,5.0,74.0,42.0,6.0,55.0,8.0,204.0,3273.0
205,100,ic,7,100.0,161.0,50.0,8.0,52.0,97.0,12.0,53.0,8.0,192.0,3353.0
205,100,ic,7,105.0,136.0,44.0,5.0,88.0,42.0,6.0,37.0,3.0,154.0,3236.0
205,100,ic,7,110.0,100.0,28.0,5.0,56.0,38.0,6.0,26.0,4.0,126.0,3197.0
205,100,ic,7,115.0,56.0,26.0,3.0,44.0,12.0,0.0,38.0,3.0,155.0,3274.0
205,100,ic,7,120.0,181.0,55.0,8.0,69.0,109.0,3.0,48.0,3.0,160.0,3177.0
205,100,ic,7,125.0,131.0,53.0,6.0,69.0,54.0,8.0,44.0,5.0,135.0,3186.0
205,100,ic,7,130.0,115.0,40.0,4.0,77.0,38.0,0.0,33.0,3.0,161.0,3186.0
205,100,ic,7,135.0,81.0,50.0,3.0,31.0,43.0,7.0,41.0,5.0,162.0,3191.0
205,100,ic,7,140.0,131.0,22.0,8.0,65.0,66.0,0.0,35.0,2.0,161.0,3180.0
205,100,ic,7,145.0,131.0,41.0,6.0,49.0,61.0,21.0,35.0,2.0,153.0,3160.0
205,100,ic,7,150.0,158.0,33.0,8.0,33.0,118.0,7.0,32.0,2.0,169.0,3200.0
205,100,ic,7,155.0,97.0,30.0,6.0,19.0,78.0,0.0,35.0,3.0,124.0,3115.0
205,100,ic,7,160.0,108.0,21.0,6.0,45.0,57.0,6.0,35.0,2.0,182.0,3177.0
205,100,ic,7,165.0,171.0,58.0,7.0,48.0,123.0,0.0,42.0,5.0,159.0,3210.0
205,100,ic,7,170.0,127.0,37.0,7.0,37.0,90.0,0.0,44.0,3.0,176.0,3142.0
205,100,ic,7,175.0,90.0,18.0,6.0,18.0,72.0,0.0,39.0,3.0,173.0,3187.0
205,100,ic,8,0.0,245.0,89.0,9.0,100.0,142.0,3.0,100.0,36.0,253.0,3358.0
205,100,ic,8,5.0,241.0,56.0,9.0,109.0,126.0,6.0,65.0,3.0,257.0,3381.0
205,100,ic,8,10.0,218.0,69.0,9.0,92.0,122.0,4.0,81.0,4.0,278.0,3360.0
205,100,ic,8,15.0,245.0,42.0,12.0,119.0,120.0,6.0,52.0,2.0,275.0,3369.0
205,100,ic,8,20.0,259.0,33.0,14.0,77.0,182.0,0.0,62.0,3.0,261.0,3349.0
205,100,ic,8,25.0,198.0,53.0,7.0,81.0,107.0,10.0,59.0,3.0,244.0,3188.0
205,100,ic,8,30.0,152.0,35.0,7.0,68.0,81.0,3.0,65.0,3.0,228.0,3283.0
205,100,ic,8,35.0,266.0,43.0,10.0,135.0,116.0,15.0,61.0,3.0,253.0,3309.0
205,100,ic,8,40.0,214.0,35.0,11.0,65.0,136.0,13.0,58.0,4.0,280.0,3407.0
205,100,ic,8,45.0,153.0,42.0,7.0,51.0,93.0,9.0,52.0,6.0,254.0,3397.0
205,100,ic,8,50.0,183.0,24.0,12.0,39.0,141.0,3.0,67.0,3.0,264.0,3403.0
205,100,ic,8,55.0,201.0,25.0,13.0,74.0,121.0,6.0,61.0,3.0,258.0,3383.0
205,100,ic,8,60.0,184.0,35.0,10.0,66.0,112.0,6.0,60.0,4.0,282.0,3412.0
205,100,ic,8,65.0,159.0,33.0,8.0,58.0,95.0,6.0,47.0,3.0,216.0,3263.0
205,100,ic,8,70.0,203.0,31.0,10.0,77.0,126.0,0.0,61.0,2.0,218.0,3349.0
205,100,ic,8,75.0,214.0,89.0,8.0,54.0,154.0,6.0,50.0,2.0,229.0,3346.0
205,100,ic,8,80.0,135.0,40.0,8.0,68.0,67.0,0.0,49.0,2.0,223.0,3268.0
205,100,ic,8,85.0,109.0,25.0,7.0,36.0,67.0,6.0,43.0,2.0,172.0,3225.0
205,100,ic,8,90.0,156.0,33.0,9.0,47.0,109.0,0.0,44.0,3.0,217.0,3254.0
205,100,ic,8,95.0,178.0,43.0,8.0,34.0,144.0,0.0,58.0,4.0,207.0,3228.0
205,100,ic,8,100.0,178.0,41.0,10.0,70.0,108.0,0.0,47.0,2.0,196.0,3197.0
205,100,ic,8,105.0,152.0,53.0,7.0,57.0,95.0,0.0,43.0,4.0,185.0,3279.0
205,100,ic,8,110.0,124.0,38.0,5.0,30.0,94.0,0.0,32.0,3.0,171.0,3221.0
205,100,ic,8,115.0,104.0,35.0,6.0,11.0,86.0,7.0,32.0,2.0,138.0,3248.0
205,100,ic,8,120.0,120.0,38.0,5.0,14.0,106.0,0.0,32.0,2.0,153.0,3183.0
205,100,ic,8,125.0,74.0,24.0,5.0,14.0,60.0,0.0,23.0,1.0,127.0,3275.0
205,100,ic,8,130.0,55.0,31.0,3.0,8.0,37.0,10.0,32.0,2.0,141.0,3159.0
205,100,ic,8,135.0,81.0,24.0,5.0,33.0,48.0,0.0,27.0,2.0,151.0,3256.0
205,100,ic,8,140.0,82.0,24.0,5.0,34.0,48.0,0.0,42.0,5.0,139.0,3205.0
205,100,ic,8,145.0,75.0,15.0,6.0,15.0,60.0,0.0,36.0,2.0,162.0,3244.0
205,100,ic,9,0.0,245.0,89.0,9.0,100.0,142.0,3.0,100.0,36.0,253.0,3358.0
205,100,ic,9,5.0,171.0,58.0,8.0,64.0,104.0,3.0,51.0,3.0,214.0,3266.0
205,100,ic,9,10.0,149.0,63.0,8.0,41.0,107.0,1.0,49.0,2.0,175.0,3244.0
205,100,ic,9,15.0,71.0,20.0,5.0,14.0,57.0,0.0,51.0,3.0,219.0,3256.0
205,100,ic,9,20.0,147.0,28.0,7.0,64.0,73.0,10.0,42.0,4.0,200.0,3217.0
205,100,ic,9,25.0,134.0,36.0,7.0,69.0,53.0,12.0,45.0,4.0,233.0,3184.0
205,100,ic,9,30.0,70.0,18.0,5.0,28.0,42.0,0.0,34.0,3.0,208.0,3218.0
205,200,ic,0,0.0,356.0,212.0,8.0,211.0,142.0,3.0,145.0,88.0,272.0,3345.0
205,200,ic,0,5.0,211.0,157.0,5.0,163.0,42.0,6.0,101.0,49.0,244.0,3340.0
205,200,ic,0,10.0,234.0,158.0,7.0,166.0,58.0,10.0,94.0,50.0,229.0,3334.0
205,200,ic,0,15.0,250.0,135.0,9.0,138.0,102.0,10.0,78.0,36.0,210.0,3337.0
205,200,ic,0,20.0,255.0,160.0,7.0,131.0,107.0,17.0,100.0,57.0,211.0,3273.0
205,200,ic,0,25.0,230.0,163.0,5.0,130.0,86.0,14.0,99.0,50.0,236.0,3364.0
205,200,ic,0,30.0,265.0,179.0,5.0,186.0,63.0,16.0,100.0,60.0,230.0,3388.0
205,200,ic,0,35.0,348.0,190.0,8.0,176.0,146.0,26.0,103.0,54.0,232.0,3338.0
205,200,ic,0,40.0,369.0,179.0,9.0,193.0,154.0,22.0,107.0,63.0,232.0,3389.0
205,200,ic,0,45.0,277.0,207.0,5.0,172.0,73.0,32.0,108.0,68.0,242.0,3278.0
205,200,ic,0,50.0,257.0,201.0,5.0,115.0,96.0,46.0,95.0,61.0,235.0,3339.0
205,200,ic,0,55.0,253.0,183.0,4.0,146.0,71.0,36.0,102.0,55.0,196.0,3184.0
205,200,ic,0,60.0,233.0,163.0,6.0,169.0,44.0,20.0,97.0,62.0,201.0,3198.0
205,200,ic,0,65.0,348.0,204.0,7.0,202.0,124.0,22.0,111.0,66.0,231.0,3284.0
205,200,ic,0,70.0,374.0,308.0,4.0,204.0,142.0,28.0,106.0,59.0,248.0,3361.0
205,200,ic,0,75.0,416.0,265.0,7.0,230.0,142.0,44.0,137.0,89.0,250.0,3412.0
205,200,ic,0,80.0,385.0,280.0,8.0,230.0,117.0,38.0,119.0,78.0,221.0,3317.0
205,200,ic,0,85.0,366.0,258.0,8.0,187.0,114.0,65.0,117.0,69.0,199.0,3343.0
205,200,ic,0,90.0,379.0,303.0,5.0,179.0,146.0,54.0,143.0,99.0,267.0,3387.0
205,200,ic,0,95.0,434.0,384.0,5.0,237.0,127.0,70.0,148.0,78.0,295.0,3435.0
205,200,ic,0,100.0,407.0,317.0,5.0,196.0,133.0,78.0,146.0,93.0,251.0,3275.0
205,200,ic,0,105.0,449.0,294.0,7.0,217.0,171.0,61.0,162.0,114.0,243.0,3311.0
205,200,ic,0,110.0,409.0,252.0,8.0,243.0,114.0,52.0,159.0,102.0,273.0,3420.0
205,200,ic,0,115.0,344.0,250.0,4.0,238.0,63.0,43.0,155.0,105.0,212.0,3446.0
205,200,ic,0,120.0,410.0,325.0,5.0,251.0,88.0,71.0,151.0,91.0,242.0,3438.0
205,200,ic,0,125.0,357.0,343.0,2.0,202.0,80.0,75.0,165.0,136.0,218.0,3330.0
205,200,ic,0,130.0,464.0,356.0,7.0,250.0,134.0,80.0,155.0,110.0,253.0,3407.0
205,200,ic,0,135.0,407.0,335.0,4.0,264.0,66.0,77.0,165.0,121.0,274.0,3310.0
205,200,ic,0,140.0,436.0,357.0,4.0,233.0,127.0,76.0,172.0,117.0,260.0,3336.0
205,200,ic,0,145.0,427.0,359.0,5.0,231.0,98.0,98.0,174.0,123.0,262.0,3334.0
205,200,ic,0,150.0,412.0,378.0,3.0,193.0,94.0,125.0,189.0,149.0,239.0,3423.0
205,200,ic,0,155.0,388.0,338.0,5.0,190.0,99.0,99.0,186.0,152.0,252.0,3479.0
205,200,ic,0,160.0,442.0,342.0,8.0,214.0,117.0,111.0,190.0,151.0,240.0,3371.0
205,200,ic,0,165.0,544.0,401.0,9.0,315.0,111.0,118.0,183.0,137.0,265.0,3403.0
205,200,ic,1,0.0,356.0,212.0,8.0,211.0,142.0,3.0,145.0,88.0,272.0,3345.0
205,200,ic,1,5.0,268.0,166.0,7.0,184.0,84.0,0.0,106.0,54.0,237.0,3274.0
205,200,ic,1,10.0,255.0,205.0,4.0,204.0,51.0,0.0,126.0,76.0,252.0,3289.0
205,200,ic,1,15.0,378.0,242.0,6.0,277.0,77.0,24.0,119.0,83.0,231.0,3321.0
205,200,ic,1,20.0,268.0,212.0,5.0,200.0,52.0,16.0,119.0,81.0,243.0,3307.0
205,200,ic,1,25.0,282.0,216.0,5.0,202.0,54.0,26.0,131.0,74.0,227.0,3349.0
205,200,ic,1,30.0,301.0,239.0,5.0,198.0,83.0,20.0,122.0,88.0,217.0,3243.0
205,200,ic,1,35.0,357.0,253.0,8.0,301.0,46.0,10.0,116.0,85.0,234.0,3335.0
205,200,ic,1,40.0,323.0,228.0,7.0,243.0,64.0,16.0,132.0,91.0,251.0,3289.0
205,200,ic,1,45.0,304.0,248.0,5.0,216.0,60.0,28.0,127.0,93.0,234.0,3324.0
205,200,ic,1,50.0,372.0,290.0,5.0,236.0,95.0,41.0,156.0,118.0,244.0,3325.0
205,200,ic,1,55.0,377.0,274.0,6.0,196.0,134.0,47.0,175.0,130.0,270.0,3427.0
205,200,ic,1,60.0,416.0,323.0,6.0,253.0,119.0,44.0,167.0,122.0,263.0,3365.0
205,200,ic,1,65.0,362.0,323.0,3.0,262.0,59.0,41.0,168.0,139.0,252.0,3290.0
205,200,ic,1,70.0,434.0,390.0,4.0,292.0,85.0,57.0,194.0,139.0,264.0,3408.0
205,200,ic,1,75.0,368.0,330.0,4.0,250.0,60.0,58.0,179.0,128.0,287.0,3313.0
205,200,ic,1,80.0,418.0,344.0,5.0,276.0,108.0,34.0,185.0,137.0,262.0,3350.0
205,200,ic,1,85.0,392.0,338.0,5.0,256.0,96.0,40.0,179.0,133.0,262.0,3346.0
205,200,ic,1,90.0,364.0,336.0,3.0,280.0,62.0,22.0,153.0,124.0,231.0,3335.0
205,200,ic,1,95.0,426.0,362.0,5.0,319.0,76.0,31.0,178.0,133.0,274.0,3404.0
205,200,ic,1,100.0,399.0,337.0,5.0,271.0,93.0,35.0,160.0,124.0,275.0,3422.0
205,200,ic,1,105.0,383.0,345.0,4.0,277.0,59.0,47.0,181.0,146.0,250.0,3381.0
205,200,ic,1,110.0,377.0,353.0,3.0,244.0,68.0,65.0,203.0,149.0,274.0,3386.0
205,200,ic,1,115.0,444.0,420.0,3.0,249.0,91.0,104.0,214.0,174.0,280.0,3426.0
205,200,ic,10,0.0,356.0,212.0,8.0,211.0,142.0,3.0,145.0,88.0,272.0,3345.0
205,200,ic,10,5.0,298.0,171.0,10.0,193.0,99.0,6.0,103.0,53.0,268.0,3305.0
205,200,ic,10,10.0,283.0,133.0,8.0,195.0,86.0,2.0,99.0,43.0,299.0,3311.0
205,200,ic,10,15.0,267.0,130.0,9.0,207.0,54.0,6.0,91.0,43.0,234.0,3328.0
205,200,ic,10,20.0,204.0,166.0,4.0,141.0,62.0,1.0,103.0,49.0,254.0,3280.0
205,200,ic,10,25.0,309.0,195.0,7.0,191.0,106.0,12.0,84.0,49.0,236.0,3273.0
205,200,ic,10,30.0,338.0,232.0,6.0,160.0,147.0,31.0,115.0,62.0,253.0,3231.0
205,200,ic,10,35.0,294.0,192.0,6.0,202.0,61.0,31.0,121.0,74.0,247.0,3399.0
205,200,ic,10,40.0,319.0,190.0,7.0,178.0,103.0,38.0,134.0,68.0,304.0,3363.0
205,200,ic,10,45.0,279.0,180.0,7.0,142.0,111.0,26.0,126.0,76.0,266.0,3390.0
205,200,ic,10,50.0,337.0,170.0,7.0,190.0,137.0,10.0,149.0,93.0,244.0,3329.0
205,200,ic,10,55.0,406.0,232.0,7.0,197.0,156.0,53.0,145.0,92.0,279.0,3330.0
205,200,ic,10,60.0,392.0,212.0,9.0,180.0,161.0,51.0,147.0,92.0,282.0,3381.0
205,200,ic,10,65.0,440.0,207.0,11.0,178.0,199.0,63.0,172.0,105.0,298.0,3350.0
205,200,ic,10,70.0,342.0,236.0,6.0,153.0,123.0,66.0,145.0,94.0,281.0,3367.0
205,200,ic,10,75.0,358.0,264.0,5.0,182.0,109.0,67.0,161.0,109.0,265.0,3383.0
205,200,ic,10,80.0,428.0,273.0,7.0,201.0,154.0,73.0,176.0,113.0,323.0,3416.0
205,200,ic,10,85.0,482.0,290.0,8.0,218.0,176.0,88.0,162.0,104.0,325.0,3303.0
205,200,ic,10,90.0,469.0,311.0,10.0,181.0,201.0,87.0,192.0,118.0,325.0,3460.0
205,200,ic,10,95.0,503.0,324.0,11.0,198.0,218.0,87.0,189.0,119.0,309.0,3379.0
205,200,ic,10,100.0,538.0,338.0,9.0,188.0,222.0,128.0,183.0,120.0,324.0,3351.0
205,200,ic,10,105.0,576.0,381.0,7.0,236.0,204.0,136.0,196.0,131.0,290.0,3420.0
205,200,ic,10,110.0,498.0,373.0,7.0,195.0,161.0,142.0,200.0,131.0,323.0,3429.0
205,200,ic,10,115.0,541.0,386.0,7.0,231.0,160.0,150.0,220.0,142.0,330.0,3549.0
205,200,ic,10,120.0,572.0,379.0,9.0,212.0,195.0,165.0,210.0,145.0,365.0,3536.0
205,200,ic,10,125.0,549.0,434.0,6.0,246.0,140.0,163.0,197.0,153.0,301.0,3460.0
205,200,ic,11,0.0,356.0,212.0,8.0,211.0,142.0,3.0,145.0,88.0,272.0,3345.0
205,200,ic,11,5.0,322.0,210.0,7.0,205.0,116.0,1.0,105.0,49.0,265.0,3349.0
205,200,ic,11,10.0,287.0,176.0,8.0,195.0,83.0,9.0,90.0,48.0,232.0,3213.0
205,200,ic,11,15.0,265.0,148.0,9.0,180.0,85.0,0.0,84.0,42.0,213.0,3276.0
205,200,ic,11,20.0,252.0,133.0,7.0,166.0,77.0,9.0,85.0,34.0,234.0,3292.0
205,200,ic,11,25.0,272.0,125.0,8.0,144.0,119.0,9.0,68.0,31.0,201.0,3353.0
205,200,ic,11,30.0,214.0,122.0,7.0,122.0,78.0,14.0,68.0,33.0,208.0,3174.0
205,200,ic,11,35.0,248.0,169.0,5.0,148.0,74.0,26.0,78.0,40.0,213.0,3174.0
205,200,ic,11,40.0,274.0,147.0,8.0,161.0,101.0,12.0,90.0,43.0,228.0,3183.0
205,200,ic,11,45.0,251.0,183.0,5.0,145.0,91.0,15.0,83.0,50.0,222.0,3241.0
205,200,ic,11,50.0,294.0,156.0,7.0,163.0,120.0,11.0,104.0,59.0,258.0,3187.0
205,200,ic,11,55.0,326.0,181.0,6.0,167.0,142.0,17.0,97.0,59.0,218.0,3302.0
205,200,ic,11,60.0,279.0,160.0,6.0,151.0,106.0,22.0,94.0,49.0,237.0,3285.0
205,200,ic,11,65.0,249.0,132.0,7.0,152.0,77.0,20.0,94.0,42.0,199.0,3187.0
205,200,ic,11,70.0,262.0,151.0,7.0,127.0,125.0,10.0,96.0,36.0,237.0,3233.0
205,200,ic,11,75.0,214.0,133.0,6.0,154.0,52.0,8.0,79.0,40.0,247.0,3265.0
205,200,ic,11,80.0,321.0,165.0,9.0,157.0,154.0,10.0,89.0,47.0,222.0,3161.0
205,200,ic,11,85.0,249.0,170.0,4.0,158.0,65.0,26.0,76.0,44.0,242.0,3244.0
205,200,ic,11,90.0,235.0,128.0,6.0,139.0,83.0,13.0,88.0,48.0,194.0,3246.0
205,200,ic,11,95.0,279.0,111.0,6.0,172.0,61.0,46.0,75.0,33.0,216.0,3239.0
205,200,ic,11,100.0,274.0,172.0,4.0,139.0,90.0,45.0,77.0,27.0,244.0,3231.0
205,200,ic,11,105.0,387.0,273.0,5.0,181.0,148.0,58.0,83.0,38.0,229.0,3226.0
205,200,ic,11,110.0,315.0,197.0,6.0,180.0,106.0,29.0,75.0,25.0,217.0,3177.0
205,200,ic,11,115.0,303.0,210.0,7.0,166.0,97.0,40.0,91.0,45.0,216.0,3182.0
205,200,ic,11,120.0,187.0,124.0,4.0,69.0,93.0,25.0,75.0,27.0,221.0,3183.0
205,200,ic,11,125.0,222.0,132.0,7.0,126.0,75.0,21.0,69.0,37.0,173.0,3255.0
205,200,ic,11,130.0,207.0,106.0,5.0,132.0,57.0,18.0,70.0,28.0,191.0,3193.0
205,200,ic,11,135.0,269.0,150.0,8.0,151.0,96.0,22.0,81.0,33.0,209.0,3172.0
205,200,ic,11,140.0,221.0,121.0,6.0,132.0,65.0,24.0,88.0,41.0,188.0,3220.0
205,200,ic,11,145.0,248.0,147.0,7.0,93.0,133.0,22.0,87.0,47.0,184.0,3233.0
205,200,ic,11,150.0,280.0,225.0,5.0,96.0,135.0,49.0,86.0,48.0,216.0,3335.0
205,200,ic,11,155.0,255.0,175.0,7.0,157.0,74.0,24.0,76.0,48.0,173.0,3187.0
205,200,ic,11,160.0,225.0,137.0,4.0,77.0,109.0,39.0,76.0,35.0,175.0,3310.0
205,200,ic,11,165.0,234.0,154.0,5.0,110.0,94.0,30.0,81.0,42.0,222.0,3125.0
205,200,ic,11,170.0,193.0,145.0,4.0,121.0,43.0,29.0,80.0,50.0,179.0,3260.0
205,200,ic,11,175.0,170.0,142.0,3.0,116.0,28.0,26.0,79.0,49.0,186.0,3173.0
205,200,ic,11,180.0,155.0,131.0,3.0,99.0,44.0,12.0,71.0,35.0,193.0,3212.0
205,200,ic,11,185.0,172.0,148.0,3.0,96.0,64.0,12.0,72.0,28.0,212.0,3146.0
205,200,ic,11,190.0,247.0,173.0,7.0,127.0,97.0,23.0,84.0,50.0,163.0,3206.0
205,200,ic,11,195.0,198.0,162.0,3.0,91.0,71.0,36.0,99.0,54.0,191.0,3180.0
205,200,ic,11,200.0,206.0,147.0,4.0,84.0,98.0,24.0,75.0,47.0,163.0,3163.0
205,200,ic,11,205.0,216.0,148.0,4.0,120.0,64.0,32.0,83.0,49.0,176.0,3255.0
205,200,ic,11,210.0,283.0,136.0,9.0,107.0,144.0,32.0,86.0,56.0,182.0,3191.0
205,200,ic,11,215.0,259.0,148.0,8.0,103.0,133.0,23.0,83.0,55.0,198.0,3196.0
205,200,ic,11,220.0,252.0,147.0,7.0,155.0,78.0,19.0,95.0,52.0,212.0,3207.0
205,200,ic,11,225.0,190.0,129.0,5.0,107.0,60.0,23.0,68.0,37.0,180.0,3246.0
205,200,ic,11,230.0,245.0,138.0,6.0,140.0,88.0,17.0,80.0,44.0,214.0,3243.0
205,200,ic,11,235.0,251.0,112.0,9.0,165.0,75.0,11.0,78.0,29.0,208.0,3123.0
205,200,ic,11,240.0,166.0,126.0,3.0,119.0,37.0,10.0,64.0,33.0,202.0,3219.0
205,200,ic,11,245.0,125.0,101.0,3.0,68.0,41.0,16.0,64.0,32.0,161.0,3130.0
205,200,ic,11,250.0,182.0,132.0,5.0,122.0,48.0,12.0,87.0,38.0,224.0,3199.0
205,200,ic,11,255.0,146.0,120.0,3.0,102.0,30.0,14.0,85.0,34.0,203.0,3225.0
205,200,ic,11,260.0,201.0,128.0,6.0,141.0,49.0,11.0,69.0,36.0,182.0,3188.0
205,200,ic,11,265.0,169.0,119.0,4.0,101.0,41.0,27.0,73.0,31.0,176.0,3179.0
205,200,ic,11,270.0,236.0,161.0,6.0,94.0,122.0,20.0,67.0,31.0,153.0,3253.0
205,200,ic,11,275.0,216.0,100.0,7.0,120.0,80.0,16.0,75.0,40.0,224.0,3203.0
205,200,ic,11,280.0,174.0,97.0,7.0,81.0,79.0,14.0,77.0,29.0,201.0,3228.0
205,200,ic,11,285.0,200.0,116.0,7.0,118.0,54.0,28.0,78.0,35.0,188.0,3224.0
205,200,ic,11,290.0,201.0,130.0,4.0,102.0,68.0,31.0,79.0,39.0,190.0,3190.0
205,200,ic,11,295.0,225.0,121.0,6.0,88.0,101.0,36.0,82.0,45.0,221.0,3255.0
205,200,ic,11,300.0,158.0,119.0,4.0,85.0,50.0,23.0,75.0,43.0,166.0,3219.0
205,200,ic,11,305.0,217.0,152.0,4.0,103.0,57.0,57.0,95.0,51.0,224.0,3219.0
205,200,ic,11,310.0,249.0,141.0,5.0,83.0,88.0,78.0,101.0,55.0,213.0,3210.0
205,200,ic,11,315.0,197.0,161.0,2.0,62.0,58.0,77.0,90.0,53.0,218.0,3204.0
205,200,ic,11,320.0,236.0,172.0,5.0,118.0,67.0,51.0,83.0,47.0,206.0,3283.0
205,200,ic,11,325.0,218.0,150.0,6.0,48.0,118.0,52.0,93.0,48.0,209.0,3232.0
205,200,ic,11,330.0,187.0,148.0,3.0,61.0,88.0,38.0,76.0,45.0,172.0,3212.0
205,200,ic,11,335.0,222.0,153.0,6.0,97.0,87.0,38.0,87.0,54.0,178.0,3102.0
205,200,ic,11,340.0,189.0,141.0,5.0,51.0,91.0,47.0,80.0,43.0,176.0,3218.0
205,200,ic,11,345.0,204.0,174.0,3.0,106.0,49.0,49.0,74.0,47.0,176.0,3215.0
205,200,ic,11,350.0,282.0,181.0,5.0,71.0,119.0,92.0,96.0,49.0,226.0,3242.0
205,200,ic,11,355.0,301.0,194.0,6.0,57.0,170.0,74.0,88.0,56.0,194.0,3322.0
205,200,ic,11,360.0,258.0,132.0,6.0,61.0,148.0,49.0,96.0,58.0,175.0,3179.0
205,200,ic,11,365.0,277.0,142.0,7.0,88.0,151.0,38.0,97.0,53.0,211.0,3184.0
205,200,ic,11,370.0,283.0,177.0,5.0,92.0,154.0,37.0,81.0,43.0,232.0,3358.0
205,200,ic,11,375.0,284.0,165.0,4.0,125.0,119.0,40.0,89.0,47.0,189.0,3218.0
205,200,ic,11,380.0,258.0,169.0,5.0,72.0,148.0,38.0,88.0,50.0,192.0,3206.0
205,200,ic,11,385.0,237.0,134.0,6.0,120.0,95.0,22.0,79.0,37.0,210.0,3267.0
205,200,ic,11,390.0,279.0,147.0,8.0,119.0,132.0,28.0,67.0,30.0,208.0,3277.0
205,200,ic,11,395.0,234.0,143.0,5.0,110.0,96.0,28.0,80.0,34.0,216.0,3250.0
205,200,ic,11,400.0,186.0,124.0,4.0,110.0,58.0,18.0,81.0,35.0,178.0,3197.0
205,200,ic,11,405.0,185.0,148.0,4.0,112.0,63.0,10.0,86.0,43.0,200.0,3219.0
205,200,ic,11,410.0,288.0,194.0,6.0,164.0,103.0,21.0,86.0,34.0,226.0,3365.0
205,200,ic,11,415.0,281.0,180.0,9.0,146.0,120.0,15.0,85.0,28.0,207.0,3297.0
205,200,ic,11,420.0,217.0,192.0,3.0,100.0,92.0,25.0,80.0,32.0,157.0,3277.0
205,200,ic,11,425.0,251.0,179.0,5.0,73.0,160.0,18.0,78.0,40.0,190.0,3087.0
205,200,ic,11,430.0,201.0,137.0,5.0,78.0,100.0,23.0,92.0,49.0,201.0,3236.0
205,200,ic,11,435.0,191.0,127.0,6.0,106.0,56.0,29.0,77.0,35.0,231.0,3186.0
205,200,ic,11,440.0,234.0,162.0,7.0,85.0,122.0,27.0,87.0,51.0,218.0,3242.0
205,200,ic,11,445.0,294.0,158.0,10.0,87.0,176.0,31.0,95.0,48.0,244.0,3349.0
205,200,ic,11,450.0,230.0,159.0,6.0,89.0,116.0,25.0,91.0,50.0,172.0,3250.0
205,200,ic,11,455.0,265.0,204.0,6.0,90.0,110.0,65.0,104.0,61.0,215.0,3349.0
205,200,ic,11,460.0,241.0,185.0,4.0,117.0,66.0,58.0,99.0,48.0,234.0,3213.0
205,200,ic,11,465.0,214.0,166.0,5.0,86.0,76.0,52.0,106.0,59.0,245.0,3281.0
205,200,ic,11,470.0,297.0,187.0,4.0,121.0,112.0,64.0,102.0,66.0,215.0,3169.0
205,200,ic,11,475.0,270.0,166.0,5.0,101.0,106.0,63.0,100.0,60.0,202.0,3270.0
205,200,ic,11,480.0,245.0,211.0,3.0,114.0,54.0,77.0,120.0,75.0,227.0,3281.0
205,200,ic,11,485.0,177.0,163.0,2.0,88.0,36.0,53.0,93.0,60.0,207.0,3173.0
205,200,ic,11,490.0,280.0,193.0,7.0,101.0,103.0,76.0,112.0,69.0,199.0,3259.0
205,200,ic,11,495.0,282.0,178.0,5.0,103.0,95.0,84.0,102.0,61.0,237.0,3205.0
205,200,ic,11,500.0,217.0,179.0,4.0,70.0,64.0,83.0,89.0,53.0,205.0,3225.0
205,200,ic,11,505.0,238.0,176.0,6.0,70.0,81.0,87.0,82.0,50.0,199.0,3315.0
205,200,ic,11,510.0,201.0,163.0,4.0,71.0,42.0,88.0,104.0,58.0,232.0,3237.0
205,200,ic,11,515.0,235.0,174.0,6.0,61.0,89.0,85.0,87.0,50.0,210.0,3224.0
205,200,ic,11,520.0,236.0,159.0,7.0,96.0,59.0,81.0,106.0,60.0,245.0,3327.0
205,200,ic,11,525.0,273.0,167.0,7.0,133.0,56.0,84.0,100.0,47.0,217.0,3293.0
205,200,ic,11,530.0,275.0,169.0,6.0,137.0,63.0,75.0,88.0,42.0,238.0,3335.0
205,200,ic,11,535.0,241.0,169.0,5.0,105.0,51.0,85.0,94.0,51.0,249.0,3254.0
205,200,ic,11,540.0,253.0,181.0,6.0,66.0,99.0,88.0,87.0,55.0,242.0,3308.0
205,200,ic,11,545.0,318.0,209.0,7.0,95.0,150.0,73.0,102.0,56.0,215.0,3297.0
205,200,ic,11,550.0,316.0,200.0,10.0,132.0,107.0,77.0,106.0,67.0,212.0,3280.0
205,200,ic,11,555.0,283.0,204.0,5.0,92.0,84.0,107.0,85.0,51.0,228.0,3291.0
205,200,ic,11,560.0,312.0,267.0,4.0,131.0,90.0,91.0,111.0,71.0,209.0,3288.0
205,200,ic,11,565.0,317.0,220.0,7.0,155.0,104.0,58.0,93.0,56.0,231.0,3262.0
205,200,ic,11,570.0,314.0,193.0,6.0,127.0,107.0,80.0,111.0,62.0,249.0,3304.0
205,200,ic,11,575.0,314.0,256.0,5.0,130.0,90.0,94.0,113.0,70.0,241.0,3365.0
205,200,ic,11,580.0,291.0,239.0,4.0,122.0,38.0,131.0,123.0,79.0,273.0,3317.0
205,200,ic,11,585.0,350.0,261.0,6.0,96.0,93.0,161.0,137.0,84.0,266.0,3420.0
205,200,ic,11,590.0,402.0,287.0,8.0,94.0,133.0,175.0,133.0,78.0,264.0,3351.0
205,200,ic,11,595.0,321.0,285.0,3.0,58.0,126.0,137.0,111.0,73.0,229.0,3356.0
205,200,ic,11,600.0,297.0,234.0,5.0,100.0,78.0,119.0,137.0,93.0,244.0,3359.0
205,200,ic,11,605.0,315.0,255.0,4.0,91.0,78.0,146.0,135.0,84.0,235.0,3362.0
205,200,ic,11,610.0,358.0,260.0,6.0,113.0,90.0,155.0,161.0,105.0,271.0,3402.0
205,200,ic,11,615.0,366.0,253.0,6.0,147.0,86.0,133.0,152.0,100.0,258.0,3414.0
205,200,ic,11,620.0,390.0,247.0,9.0,125.0,132.0,133.0,144.0,92.0,290.0,3445.0
205,200,ic,11,625.0,347.0,245.0,7.0,164.0,62.0,121.0,149.0,101.0,239.0,3333.0
205,200,ic,11,630.0,396.0,327.0,6.0,97.0,141.0,158.0,140.0,91.0,260.0,3434.0
205,200,ic,11,635.0,441.0,327.0,7.0,162.0,117.0,162.0,137.0,92.0,262.0,3302.0
205,200,ic,11,640.0,334.0,278.0,4.0,119.0,86.0,129.0,149.0,92.0,250.0,3366.0
205,200,ic,11,645.0,390.0,327.0,5.0,126.0,132.0,132.0,140.0,87.0,275.0,3344.0
205,200,ic,11,650.0,340.0,274.0,5.0,136.0,93.0,111.0,119.0,80.0,239.0,3411.0
205,200,ic,11,655.0,342.0,281.0,4.0,102.0,127.0,113.0,135.0,95.0,272.0,3459.0
205,200,ic,11,660.0,285.0,273.0,2.0,106.0,62.0,117.0,136.0,80.0,255.0,3365.0
205,200,ic,11,665.0,330.0,257.0,4.0,117.0,90.0,123.0,121.0,86.0,254.0,3506.0
205,200,ic,11,670.0,404.0,242.0,6.0,97.0,167.0,140.0,138.0,87.0,261.0,3490.0
205,200,ic,11,675.0,367.0,247.0,5.0,111.0,122.0,134.0,130.0,88.0,250.0,3376.0
205,200,ic,11,680.0,338.0,237.0,4.0,128.0,86.0,124.0,141.0,105.0,263.0,3460.0
205,200,ic,11,685.0,423.0,305.0,5.0,188.0,110.0,125.0,167.0,111.0,294.0,3477.0
205,200,ic,11,690.0,411.0,260.0,6.0,195.0,75.0,141.0,149.0,106.0,295.0,3448.0
205,200,ic,11,695.0,437.0,252.0,7.0,183.0,124.0,130.0,175.0,113.0,321.0,3451.0
205,200,ic,11,700.0,394.0,282.0,6.0,148.0,89.0,157.0,188.0,121.0,302.0,3519.0
205,200,ic,11,705.0,379.0,304.0,4.0,130.0,100.0,149.0,170.0,117.0,293.0,3432.0
205,200,ic,11,710.0,449.0,297.0,9.0,175.0,131.0,143.0,172.0,113.0,270.0,3419.0
205,200,ic,11,715.0,396.0,298.0,5.0,179.0,86.0,131.0,164.0,106.0,275.0,3397.0
205,200,ic,11,720.0,395.0,301.0,5.0,121.0,96.0,178.0,164.0,107.0,259.0,3353.0
205,200,ic,11,725.0,448.0,306.0,8.0,154.0,136.0,158.0,155.0,104.0,269.0,3380.0
205,200,ic,11,730.0,421.0,397.0,2.0,148.0,123.0,150.0,165.0,104.0,292.0,3356.0
205,200,ic,11,735.0,443.0,385.0,4.0,156.0,129.0,158.0,167.0,107.0,291.0,3477.0
205,200,ic,11,740.0,427.0,334.0,5.0,129.0,128.0,170.0,173.0,122.0,294.0,3505.0
205,200,ic,11,745.0,521.0,353.0,7.0,254.0,118.0,149.0,160.0,106.0,296.0,3419.0
205,200,ic,11,750.0,545.0,417.0,4.0,232.0,133.0,180.0,183.0,110.0,329.0,3476.0
205,200,ic,2,0.0,356.0,212.0,8.0,211.0,142.0,3.0,145.0,88.0,272.0,3345.0
205,200,ic,2,5.0,298.0,135.0,7.0,169.0,117.0,12.0,78.0,35.0,201.0,3199.0
205,200,ic,2,10.0,285.0,130.0,9.0,171.0,108.0,6.0,90.0,40.0,208.0,3239.0
205,200,ic,2,15.0,279.0,138.0,7.0,166.0,113.0,0.0,77.0,30.0,226.0,3287.0
205,200,ic,2,20.0,290.0,139.0,5.0,168.0,102.0,20.0,83.0,38.0,239.0,3348.0
205,200,ic,2,25.0,269.0,162.0,6.0,156.0,107.0,6.0,90.0,34.0,267.0,3275.0
205,200,ic,2,30.0,364.0,191.0,8.0,205.0,139.0,20.0,83.0,36.0,233.0,3235.0
205,200,ic,2,35.0,337.0,196.0,4.0,203.0,99.0,35.0,78.0,34.0,244.0,3309.0
205,200,ic,2,40.0,295.0,161.0,6.0,215.0,58.0,22.0,95.0,39.0,242.0,3263.0
205,200,ic,2,45.0,297.0,138.0,6.0,177.0,106.0,14.0,89.0,30.0,244.0,3299.0
205,200,ic,2,50.0,313.0,95.0,9.0,147.0,139.0,27.0,84.0,30.0,243.0,3253.0
205,200,ic,2,55.0,351.0,174.0,5.0,161.0,150.0,40.0,89.0,29.0,238.0,3173.0
205,200,ic,2,60.0,329.0,121.0,11.0,150.0,161.0,18.0,101.0,32.0,244.0,3261.0
205,200,ic,2,65.0,295.0,99.0,8.0,138.0,142.0,15.0,85.0,23.0,234.0,3288.0
205,200,ic,2,70.0,311.0,111.0,9.0,172.0,125.0,14.0,97.0,26.0,277.0,3382.0
205,200,ic,2,75.0,338.0,134.0,7.0,188.0,125.0,25.0,102.0,26.0,294.0,3241.0
205,200,ic,2,80.0,300.0,101.0,9.0,138.0,142.0,20.0,80.0,26.0,248.0,3346.0
205,200,ic,2,85.0,376.0,117.0,11.0,203.0,151.0,22.0,98.0,25.0,274.0,3277.0
205,200,ic,2,90.0,322.0,176.0,7.0,181.0,119.0,22.0,89.0,26.0,264.0,3346.0
205,200,ic,2,95.0,321.0,179.0,7.0,153.0,125.0,43.0,99.0,35.0,277.0,3339.0
205,200,ic,2,100.0,318.0,165.0,8.0,120.0,158.0,40.0,86.0,21.0,289.0,3307.0
205,200,ic,2,105.0,317.0,100.0,9.0,163.0,123.0,31.0,99.0,25.0,303.0,3309.0
205,200,ic,2,110.0,374.0,96.0,14.0,113.0,229.0,32.0,108.0,28.0,331.0,3318.0
205,200,ic,2,115.0,401.0,130.0,9.0,140.0,231.0,30.0,94.0,23.0,313.0,3417.0
205,200,ic,2,120.0,338.0,101.0,7.0,105.0,218.0,15.0,92.0,21.0,260.0,3262.0
205,200,ic,2,125.0,288.0,117.0,9.0,131.0,135.0,22.0,99.0,34.0,250.0,3197.0
205,200,ic,2,130.0,284.0,105.0,11.0,123.0,139.0,22.0,84.0,22.0,266.0,3342.0
205,200,ic,2,135.0,322.0,95.0,10.0,157.0,139.0,26.0,91.0,26.0,284.0,3339.0
205,200,ic,2,140.0,305.0,94.0,12.0,108.0,197.0,0.0,92.0,27.0,320.0,3284.0
205,200,ic,2,145.0,282.0,77.0,8.0,99.0,169.0,14.0,82.0,15.0,237.0,3388.0
205,200,ic,2,150.0,344.0,151.0,10.0,146.0,165.0,33.0,100.0,26.0,242.0,3337.0
205,200,ic,2,155.0,358.0,120.0,11.0,147.0,177.0,34.0,87.0,28.0,268.0,3338.0
205,200,ic,2,160.0,327.0,142.0,11.0,98.0,190.0,39.0,92.0,26.0,247.0,3335.0
205,200,ic,2,165.0,285.0,167.0,6.0,88.0,181.0,16.0,88.0,20.0,237.0,3260.0
205,200,ic,2,170.0,345.0,121.0,12.0,100.0,218.0,27.0,85.0,22.0,275.0,3274.0
205,200,ic,2,175.0,278.0,128.0,10.0,96.0,159.0,23.0,93.0,24.0,215.0,3223.0
205,200,ic,2,180.0,390.0,144.0,11.0,119.0,242.0,29.0,79.0,7.0,260.0,3164.0
205,200,ic,2,185.0,216.0,137.0,5.0,96.0,108.0,12.0,85.0,15.0,234.0,3189.0
205,200,ic,2,190.0,264.0,124.0,8.0,79.0,176.0,9.0,79.0,19.0,227.0,3277.0
205,200,ic,2,195.0,333.0,113.0,12.0,138.0,180.0,15.0,75.0,6.0,244.0,3220.0
205,200,ic,2,200.0,375.0,150.0,9.0,112.0,247.0,16.0,87.0,20.0,264.0,3250.0
205,200,ic,2,205.0,340.0,156.0,9.0,105.0,217.0,18.0,76.0,23.0,242.0,3256.0
205,200,ic,2,210.0,310.0,154.0,7.0,146.0,145.0,19.0,68.0,19.0,208.0,3406.0
205,200,ic,2,215.0,343.0,141.0,10.0,121.0,207.0,15.0,73.0,27.0,258.0,3298.0
205,200,ic,2,220.0,295.0,131.0,12.0,142.0,138.0,15.0,83.0,23.0,223.0,3218.0
205,200,ic,2,225.0,210.0,119.0,7.0,105.0,96.0,9.0,56.0,18.0,214.0,3281.0
205,200,ic,2,230.0,188.0,107.0,4.0,115.0,68.0,5.0,85.0,26.0,229.0,3204.0
205,200,ic,2,235.0,207.0,105.0,7.0,111.0,91.0,5.0,63.0,23.0,178.0,3206.0
205,200,ic,2,240.0,196.0,95.0,5.0,154.0,35.0,7.0,87.0,21.0,221.0,3258.0
205,200,ic,2,245.0,208.0,158.0,5.0,122.0,65.0,21.0,80.0,25.0,249.0,3399.0
205,200,ic,2,250.0,279.0,114.0,5.0,166.0,105.0,8.0,77.0,17.0,268.0,3289.0
205,200,ic,2,255.0,209.0,96.0,7.0,173.0,32.0,4.0,76.0,20.0,271.0,3335.0
205,200,ic,2,260.0,215.0,111.0,6.0,124.0,78.0,13.0,69.0,22.0,261.0,3258.0
205,200,ic,2,265.0,199.0,159.0,4.0,155.0,32.0,12.0,84.0,30.0,263.0,3288.0
205,200,ic,2,270.0,262.0,132.0,8.0,163.0,89.0,10.0,95.0,34.0,255.0,3318.0
205,200,ic,2,275.0,203.0,91.0,7.0,116.0,87.0,0.0,90.0,24.0,244.0,3291.0
205,200,ic,2,280.0,318.0,141.0,10.0,176.0,115.0,27.0,90.0,43.0,228.0,3401.0
205,200,ic,2,285.0,294.0,169.0,8.0,155.0,124.0,15.0,73.0,27.0,260.0,3376.0
205,200,ic,2,290.0,412.0,140.0,14.0,196.0,192.0,24.0,95.0,28.0,281.0,3324.0
205,200,ic,2,295.0,362.0,193.0,13.0,114.0,221.0,27.0,88.0,30.0,276.0,3315.0
205,200,ic,2,300.0,304.0,159.0,9.0,140.0,134.0,30.0,97.0,32.0,267.0,3306.0
205,200,ic,2,305.0,304.0,120.0,10.0,162.0,121.0,21.0,96.0,37.0,277.0,3415.0
205,200,ic,2,310.0,321.0,160.0,9.0,182.0,124.0,15.0,101.0,37.0,277.0,3345.0
205,200,ic,2,315.0,250.0,127.0,6.0,152.0,83.0,15.0,91.0,39.0,288.0,3315.0
205,200,ic,2,320.0,240.0,129.0,8.0,102.0,128.0,10.0,86.0,35.0,252.0,3315.0
205,200,ic,2,325.0,254.0,129.0,9.0,135.0,115.0,4.0,105.0,34.0,283.0,3177.0
205,200,ic,2,330.0,162.0,127.0,3.0,103.0,55.0,4.0,79.0,30.0,225.0,3326.0
205,200,ic,2,335.0,256.0,113.0,6.0,138.0,89.0,29.0,91.0,41.0,259.0,3364.0
205,200,ic,2,340.0,245.0,158.0,6.0,150.0,86.0,9.0,97.0,29.0,278.0,3345.0
205,200,ic,2,345.0,347.0,206.0,6.0,171.0,142.0,34.0,92.0,40.0,279.0,3375.0
205,200,ic,2,350.0,266.0,208.0,5.0,139.0,102.0,25.0,85.0,34.0,201.0,3305.0
205,200,ic,2,355.0,236.0,151.0,5.0,139.0,85.0,12.0,71.0,30.0,221.0,3410.0
205,200,ic,2,360.0,223.0,187.0,4.0,175.0,36.0,12.0,77.0,34.0,243.0,3323.0
205,200,ic,2,365.0,247.0,187.0,5.0,164.0,74.0,9.0,95.0,36.0,269.0,3292.0
205,200,ic,2,370.0,186.0,121.0,4.0,135.0,51.0,0.0,74.0,39.0,208.0,3233.0
205,200,ic,2,375.0,231.0,156.0,5.0,164.0,61.0,6.0,80.0,43.0,256.0,3304.0
205,200,ic,2,380.0,230.0,138.0,7.0,138.0,92.0,0.0,92.0,41.0,220.0,3277.0
205,200,ic,2,385.0,283.0,134.0,8.0,176.0,107.0,0.0,98.0,45.0,253.0,3240.0
205,200,ic,2,390.0,242.0,162.0,5.0,139.0,103.0,0.0,83.0,40.0,213.0,3357.0
205,200,ic,2,395.0,171.0,119.0,4.0,119.0,52.0,0.0,79.0,40.0,228.0,3310.0
205,200,ic,2,400.0,186.0,135.0,4.0,135.0,51.0,0.0,95.0,40.0,234.0,3282.0
205,200,ic,2,405.0,191.0,126.0,5.0,191.0,0.0,0.0,80.0,40.0,238.0,3288.0
205,200,ic,2,410.0,211.0,142.0,6.0,156.0,46.0,9.0,72.0,32.0,283.0,3267.0
205,200,ic,2,415.0,215.0,146.0,6.0,178.0,37.0,0.0,90.0,48.0,281.0,3305.0
205,200,ic,2,420.0,215.0,149.0,6.0,143.0,60.0,12.0,98.0,48.0,256.0,3337.0
205,200,ic,2,425.0,270.0,185.0,5.0,216.0,42.0,12.0,88.0,48.0,239.0,3250.0
205,200,ic,2,430.0,238.0,149.0,5.0,167.0,65.0,6.0,114.0,50.0,261.0,3270.0
205,200,ic,2,435.0,216.0,146.0,3.0,168.0,36.0,12.0,98.0,50.0,251.0,3256.0
205,200,ic,2,440.0,281.0,186.0,6.0,193.0,62.0,26.0,98.0,47.0,276.0,3360.0
205,200,ic,2,445.0,331.0,195.0,8.0,205.0,111.0,15.0,106.0,45.0,299.0,3366.0
205,200,ic,2,450.0,268.0,212.0,4.0,226.0,30.0,12.0,101.0,50.0,276.0,3249.0
205,200,ic,2,455.0,289.0,206.0,5.0,195.0,84.0,10.0,97.0,55.0,236.0,3296.0
205,200,ic,2,460.0,259.0,179.0,6.0,178.0,68.0,13.0,105.0,51.0,268.0,3368.0
205,200,ic,2,465.0,238.0,190.0,3.0,137.0,67.0,34.0,113.0,60.0,222.0,3303.0
205,200,ic,2,470.0,293.0,176.0,7.0,229.0,42.0,22.0,108.0,52.0,239.0,3337.0
205,200,ic,2,475.0,330.0,204.0,8.0,194.0,108.0,28.0,106.0,49.0,276.0,3251.0
205,200,ic,2,480.0,263.0,189.0,6.0,165.0,70.0,28.0,100.0,41.0,278.0,3312.0
205,200,ic,2,485.0,282.0,206.0,6.0,157.0,91.0,34.0,111.0,41.0,305.0,3335.0
205,200,ic,2,490.0,384.0,211.0,8.0,207.0,143.0,34.0,110.0,52.0,293.0,3329.0
205,200,ic,2,495.0,277.0,189.0,6.0,141.0,101.0,35.0,104.0,56.0,210.0,3344.0
205,200,ic,2,500.0,334.0,183.0,8.0,189.0,119.0,26.0,111.0,55.0,260.0,3324.0
205,200,ic,2,505.0,331.0,174.0,9.0,196.0,116.0,19.0,107.0,54.0,242.0,3364.0
205,200,ic,2,510.0,259.0,166.0,7.0,144.0,91.0,24.0,103.0,53.0,243.0,3272.0
205,200,ic,2,515.0,265.0,152.0,8.0,157.0,87.0,21.0,81.0,42.0,237.0,3329.0
205,200,ic,2,520.0,320.0,123.0,11.0,134.0,168.0,18.0,89.0,40.0,219.0,3264.0
205,200,ic,2,525.0,237.0,107.0,8.0,147.0,68.0,22.0,82.0,36.0,222.0,3273.0
205,200,ic,2,530.0,227.0,126.0,7.0,152.0,47.0,28.0,88.0,33.0,222.0,3207.0
205,200,ic,2,535.0,164.0,100.0,5.0,90.0,55.0,19.0,76.0,28.0,180.0,3255.0
205,200,ic,2,540.0,265.0,145.0,6.0,100.0,140.0,25.0,77.0,30.0,223.0,3315.0
205,200,ic,2,545.0,228.0,156.0,5.0,73.0,126.0,29.0,92.0,41.0,226.0,3142.0
205,200,ic,2,550.0,321.0,122.0,11.0,170.0,116.0,35.0,90.0,40.0,253.0,3253.0
205,200,ic,2,555.0,343.0,153.0,12.0,167.0,137.0,39.0,96.0,42.0,265.0,3298.0
205,200,ic,2,560.0,259.0,115.0,8.0,155.0,86.0,18.0,76.0,39.0,216.0,3296.0
205,200,ic,2,565.0,326.0,208.0,6.0,102.0,189.0,35.0,67.0,29.0,230.0,3364.0
205,200,ic,2,570.0,316.0,150.0,9.0,140.0,153.0,23.0,88.0,39.0,231.0,3388.0
205,200,ic,2,575.0,178.0,104.0,6.0,110.0,43.0,25.0,83.0,39.0,210.0,3302.0
205,200,ic,2,580.0,286.0,185.0,5.0,100.0,135.0,51.0,87.0,33.0,236.0,3337.0
205,200,ic,2,585.0,226.0,142.0,6.0,78.0,105.0,43.0,68.0,27.0,205.0,3282.0
205,200,ic,2,590.0,249.0,152.0,6.0,132.0,81.0,36.0,85.0,34.0,243.0,3303.0
205,200,ic,2,595.0,215.0,112.0,8.0,123.0,76.0,16.0,103.0,45.0,231.0,3193.0
205,200,ic,2,600.0,279.0,160.0,8.0,172.0,74.0,33.0,113.0,53.0,259.0,3319.0
205,200,ic,2,605.0,262.0,156.0,8.0,87.0,145.0,30.0,105.0,47.0,288.0,3363.0
205,200,ic,2,610.0,254.0,179.0,6.0,135.0,103.0,16.0,93.0,55.0,229.0,3389.0
205,200,ic,2,615.0,263.0,158.0,8.0,116.0,130.0,17.0,112.0,55.0,236.0,3303.0
205,200,ic,2,620.0,258.0,183.0,6.0,115.0,109.0,34.0,110.0,66.0,221.0,3358.0
205,200,ic,2,625.0,312.0,178.0,8.0,119.0,162.0,31.0,136.0,79.0,264.0,3304.0
205,200,ic,2,630.0,287.0,188.0,6.0,83.0,137.0,67.0,117.0,66.0,232.0,3449.0
205,200,ic,2,635.0,379.0,226.0,11.0,95.0,222.0,62.0,127.0,73.0,254.0,3326.0
205,200,ic,2,640.0,283.0,182.0,6.0,172.0,70.0,41.0,119.0,67.0,287.0,3395.0
205,200,ic,2,645.0,328.0,190.0,8.0,123.0,142.0,63.0,122.0,61.0,258.0,3344.0
205,200,ic,2,650.0,422.0,229.0,8.0,205.0,156.0,61.0,129.0,73.0,279.0,3420.0
205,200,ic,2,655.0,301.0,225.0,6.0,146.0,73.0,82.0,128.0,79.0,242.0,3479.0
205,200,ic,2,660.0,273.0,207.0,6.0,184.0,45.0,44.0,115.0,84.0,255.0,3496.0
205,200,ic,2,665.0,326.0,202.0,8.0,158.0,111.0,57.0,138.0,73.0,275.0,3359.0
205,200,ic,2,670.0,272.0,209.0,5.0,146.0,95.0,31.0,113.0,78.0,210.0,3222.0
205,200,ic,2,675.0,260.0,217.0,3.0,146.0,56.0,58.0,117.0,77.0,253.0,3221.0
205,200,ic,2,680.0,320.0,257.0,6.0,144.0,102.0,74.0,127.0,92.0,212.0,3251.0
205,200,ic,2,685.0,368.0,229.0,10.0,158.0,161.0,49.0,118.0,83.0,208.0,3269.0
205,200,ic,2,690.0,327.0,275.0,4.0,158.0,78.0,91.0,130.0,81.0,219.0,3368.0
205,200,ic,2,695.0,392.0,278.0,9.0,160.0,169.0,63.0,144.0,91.0,238.0,3310.0
205,200,ic,2,700.0,335.0,237.0,9.0,145.0,140.0,50.0,118.0,81.0,230.0,3180.0
205,200,ic,2,705.0,330.0,245.0,6.0,141.0,117.0,72.0,127.0,82.0,243.0,3180.0
205,200,ic,2,710.0,337.0,295.0,4.0,182.0,91.0,64.0,135.0,88.0,260.0,3175.0
205,200,ic,2,715.0,324.0,286.0,3.0,149.0,91.0,84.0,128.0,88.0,220.0,3280.0
205,200,ic,2,720.0,372.0,316.0,5.0,128.0,173.0,71.0,143.0,99.0,249.0,3269.0
205,200,ic,2,725.0,429.0,351.0,6.0,193.0,131.0,105.0,158.0,97.0,273.0,3314.0
205,200,ic,2,730.0,294.0,232.0,5.0,153.0,67.0,74.0,152.0,94.0,275.0,3326.0
205,200,ic,2,735.0,396.0,285.0,6.0,194.0,102.0,100.0,135.0,96.0,233.0,3404.0
205,200,ic,2,740.0,317.0,229.0,7.0,191.0,100.0,26.0,120.0,90.0,225.0,3238.0
205,200,ic,2,745.0,368.0,248.0,10.0,196.0,113.0,59.0,130.0,95.0,262.0,3311.0
205,200,ic,2,750.0,293.0,251.0,4.0,167.0,73.0,53.0,150.0,104.0,256.0,3340.0
205,200,ic,2,755.0,312.0,282.0,3.0,181.0,87.0,44.0,144.0,95.0,267.0,3373.0
205,200,ic,2,760.0,366.0,300.0,4.0,225.0,84.0,57.0,132.0,86.0,260.0,3365.0
205,200,ic,2,765.0,377.0,341.0,4.0,221.0,107.0,49.0,131.0,96.0,256.0,3391.0
205,200,ic,2,770.0,422.0,368.0,4.0,221.0,118.0,83.0,163.0,113.0,260.0,3359.0
205,200,ic,2,775.0,417.0,313.0,7.0,226.0,126.0,65.0,145.0,97.0,260.0,3353.0
205,200,ic,2,780.0,400.0,264.0,6.0,181.0,158.0,61.0,142.0,89.0,270.0,3197.0
205,200,ic,2,785.0,527.0,318.0,9.0,175.0,269.0,83.0,166.0,100.0,275.0,3436.0
205,200,ic,2,790.0,491.0,308.0,8.0,212.0,221.0,58.0,157.0,92.0,283.0,3358.0
205,200,ic,2,795.0,386.0,261.0,7.0,226.0,121.0,39.0,152.0,91.0,287.0,3400.0
205,200,ic,2,800.0,467.0,259.0,10.0,249.0,197.0,21.0,150.0,100.0,275.0,3304.0
205,200,ic,2,805.0,364.0,268.0,6.0,230.0,100.0,34.0,151.0,90.0,295.0,3268.0
205,200,ic,2,810.0,475.0,285.0,10.0,253.0,186.0,36.0,159.0,109.0,273.0,3438.0
205,200,ic,2,815.0,452.0,304.0,7.0,255.0,152.0,45.0,147.0,94.0,298.0,3398.0
205,200,ic,2,820.0,438.0,352.0,5.0,323.0,72.0,43.0,153.0,96.0,329.0,3383.0
205,200,ic,2,825.0,429.0,298.0,8.0,260.0,113.0,56.0,161.0,98.0,320.0,3515.0
205,200,ic,2,830.0,418.0,327.0,6.0,222.0,137.0,59.0,162.0,109.0,306.0,3490.0
205,200,ic,2,835.0,381.0,313.0,5.0,192.0,142.0,47.0,140.0,95.0,271.0,3408.0
205,200,ic,2,840.0,444.0,336.0,7.0,195.0,178.0,71.0,149.0,108.0,274.0,3393.0
205,200,ic,2,845.0,394.0,296.0,8.0,162.0,162.0,70.0,165.0,110.0,279.0,3348.0
205,200,ic,2,850.0,449.0,334.0,9.0,154.0,192.0,103.0,160.0,125.0,271.0,3453.0
205,200,ic,2,855.0,371.0,296.0,6.0,147.0,144.0,80.0,160.0,116.0,280.0,3365.0
205,200,ic,2,860.0,447.0,399.0,4.0,161.0,199.0,87.0,166.0,121.0,284.0,3470.0
205,200,ic,2,865.0,420.0,355.0,6.0,180.0,143.0,97.0,155.0,112.0,302.0,3366.0
205,200,ic,2,870.0,479.0,367.0,8.0,199.0,159.0,121.0,188.0,126.0,290.0,3501.0
205,200,ic,2,875.0,447.0,351.0,7.0,206.0,125.0,116.0,163.0,106.0,282.0,3493.0
205,200,ic,2,880.0,314.0,302.0,2.0,144.0,76.0,94.0,175.0,127.0,257.0,3357.0
205,200,ic,2,885.0,338.0,314.0,3.0,145.0,70.0,123.0,161.0,112.0,273.0,3325.0
205,200,ic,2,890.0,382.0,370.0,2.0,166.0,77.0,139.0,171.0,128.0,272.0,3371.0
205,200,ic,2,895.0,415.0,379.0,2.0,170.0,63.0,182.0,189.0,158.0,252.0,3246.0
205,200,ic,2,900.0,460.0,416.0,4.0,176.0,81.0,203.0,181.0,141.0,284.0,3453.0
205,200,ic,3,0.0,356.0,212.0,8.0,211.0,142.0,3.0,145.0,88.0,272.0,3345.0
205,200,ic,3,5.0,346.0,123.0,10.0,165.0,169.0,12.0,90.0,39.0,262.0,3394.0
205,200,ic,3,10.0,296.0,190.0,7.0,235.0,55.0,6.0,100.0,44.0,272.0,3307.0
205,200,ic,3,15.0,274.0,195.0,6.0,185.0,83.0,6.0,96.0,44.0,290.0,3404.0
205,200,ic,3,20.0,297.0,182.0,5.0,175.0,115.0,7.0,95.0,54.0,202.0,3288.0
205,200,ic,3,25.0,247.0,191.0,5.0,179.0,68.0,0.0,102.0,43.0,252.0,3320.0
205,200,ic,3,30.0,298.0,170.0,8.0,198.0,92.0,8.0,114.0,55.0,246.0,3386.0
205,200,ic,3,35.0,326.0,197.0,10.0,222.0,93.0,11.0,107.0,66.0,244.0,3303.0
205,200,ic,3,40.0,292.0,145.0,10.0,224.0,68.0,0.0,88.0,40.0,232.0,3300.0
205,200,ic,3,45.0,228.0,159.0,5.0,162.0,60.0,6.0,86.0,45.0,218.0,3214.0
205,200,ic,3,50.0,282.0,144.0,7.0,170.0,110.0,2.0,92.0,40.0,240.0,3255.0
205,200,ic,3,55.0,334.0,208.0,6.0,164.0,149.0,21.0,105.0,63.0,252.0,3247.0
205,200,ic,3,60.0,273.0,172.0,6.0,205.0,59.0,9.0,103.0,50.0,235.0,3230.0
205,200,ic,3,65.0,274.0,187.0,5.0,197.0,71.0,6.0,107.0,60.0,232.0,3187.0
205,200,ic,3,70.0,308.0,233.0,7.0,235.0,64.0,9.0,111.0,70.0,277.0,3304.0
205,200,ic,3,75.0,244.0,184.0,5.0,174.0,58.0,12.0,128.0,75.0,245.0,3384.0
205,200,ic,3,80.0,356.0,240.0,9.0,263.0,76.0,17.0,109.0,54.0,273.0,3249.0
205,200,ic,3,85.0,346.0,208.0,7.0,233.0,96.0,17.0,118.0,63.0,261.0,3347.0
205,200,ic,3,90.0,293.0,215.0,4.0,213.0,58.0,22.0,103.0,60.0,225.0,3311.0
205,200,ic,3,95.0,294.0,214.0,7.0,202.0,76.0,16.0,117.0,66.0,228.0,3291.0
205,200,ic,3,100.0,305.0,215.0,6.0,228.0,62.0,15.0,98.0,61.0,218.0,3398.0
205,200,ic,3,105.0,292.0,189.0,6.0,224.0,57.0,11.0,107.0,67.0,242.0,3305.0
205,200,ic,3,110.0,256.0,174.0,6.0,199.0,46.0,11.0,95.0,52.0,274.0,3223.0
205,200,ic,3,115.0,272.0,176.0,8.0,166.0,97.0,9.0,91.0,42.0,216.0,3338.0
205,200,ic,3,120.0,256.0,152.0,8.0,184.0,72.0,0.0,92.0,45.0,272.0,3306.0
205,200,ic,3,125.0,326.0,169.0,8.0,238.0,70.0,18.0,93.0,39.0,222.0,3238.0
205,200,ic,3,130.0,250.0,154.0,7.0,156.0,76.0,18.0,99.0,47.0,234.0,3220.0
205,200,ic,3,135.0,255.0,175.0,5.0,171.0,77.0,7.0,97.0,41.0,260.0,3310.0
205,200,ic,3,140.0,263.0,162.0,6.0,179.0,74.0,10.0,96.0,49.0,240.0,3236.0
205,200,ic,3,145.0,274.0,154.0,6.0,250.0,18.0,6.0,100.0,48.0,249.0,3283.0
205,200,ic,3,150.0,321.0,148.0,8.0,213.0,96.0,12.0,82.0,30.0,269.0,3338.0
205,200,ic,3,155.0,301.0,134.0,6.0,150.0,137.0,14.0,93.0,46.0,214.0,3393.0
205,200,ic,3,160.0,280.0,143.0,9.0,175.0,94.0,11.0,84.0,38.0,262.0,3290.0
205,200,ic,3,165.0,295.0,188.0,7.0,204.0,80.0,11.0,86.0,43.0,277.0,3238.0
205,200,ic,3,170.0,263.0,157.0,7.0,207.0,40.0,16.0,84.0,40.0,256.0,3379.0
205,200,ic,3,175.0,323.0,166.0,9.0,205.0,109.0,9.0,106.0,59.0,259.0,3184.0
205,200,ic,3,180.0,295.0,219.0,7.0,210.0,77.0,8.0,101.0,49.0,239.0,3270.0
205,200,ic,3,185.0,306.0,244.0,5.0,200.0,95.0,11.0,81.0,46.0,226.0,3262.0
205,200,ic,3,190.0,316.0,227.0,6.0,195.0,101.0,20.0,98.0,60.0,251.0,3225.0
205,200,ic,3,195.0,313.0,213.0,8.0,167.0,129.0,17.0,98.0,51.0,237.0,3254.0
205,200,ic,3,200.0,302.0,220.0,6.0,181.0,104.0,17.0,115.0,55.0,262.0,3289.0
205,200,ic,3,205.0,281.0,199.0,5.0,169.0,101.0,11.0,107.0,53.0,247.0,3360.0
205,200,ic,3,210.0,256.0,156.0,8.0,160.0,90.0,6.0,91.0,42.0,217.0,3295.0
205,200,ic,3,215.0,284.0,147.0,11.0,176.0,108.0,0.0,98.0,47.0,249.0,3332.0
205,200,ic,3,220.0,175.0,117.0,5.0,139.0,30.0,6.0,60.0,31.0,213.0,3106.0
205,200,ic,3,225.0,292.0,189.0,8.0,172.0,106.0,14.0,77.0,51.0,198.0,3150.0
205,200,ic,3,230.0,262.0,180.0,6.0,113.0,118.0,31.0,89.0,60.0,210.0,3164.0
205,200,ic,3,235.0,257.0,164.0,7.0,113.0,123.0,21.0,104.0,52.0,227.0,3226.0
205,200,ic,3,240.0,207.0,144.0,6.0,113.0,77.0,17.0,76.0,36.0,247.0,3182.0
205,200,ic,3,245.0,240.0,194.0,4.0,151.0,67.0,22.0,89.0,45.0,218.0,3290.0
205,200,ic,3,250.0,207.0,171.0,4.0,103.0,95.0,9.0,75.0,29.0,259.0,3327.0
205,200,ic,3,255.0,255.0,149.0,8.0,175.0,67.0,13.0,85.0,45.0,242.0,3250.0
205,200,ic,3,260.0,234.0,122.0,8.0,154.0,64.0,16.0,84.0,28.0,200.0,3247.0
205,200,ic,3,265.0,222.0,113.0,6.0,156.0,45.0,21.0,82.0,35.0,220.0,3236.0
205,200,ic,3,270.0,247.0,154.0,8.0,158.0,69.0,20.0,92.0,46.0,264.0,3269.0
205,200,ic,3,275.0,194.0,158.0,4.0,134.0,42.0,18.0,82.0,26.0,224.0,3144.0
205,200,ic,3,280.0,237.0,186.0,5.0,148.0,63.0,26.0,69.0,28.0,241.0,3370.0
205,200,ic,3,285.0,212.0,142.0,6.0,112.0,68.0,32.0,73.0,30.0,183.0,3142.0
205,200,ic,3,290.0,203.0,167.0,4.0,116.0,55.0,32.0,71.0,37.0,192.0,3215.0
205,200,ic,3,295.0,176.0,150.0,3.0,118.0,35.0,23.0,83.0,45.0,176.0,3239.0
205,200,ic,3,300.0,229.0,164.0,4.0,165.0,50.0,14.0,93.0,52.0,196.0,3187.0
205,200,ic,3,305.0,188.0,160.0,3.0,131.0,46.0,11.0,91.0,48.0,207.0,3182.0
205,200,ic,3,310.0,326.0,165.0,8.0,179.0,133.0,14.0,78.0,46.0,207.0,3270.0
205,200,ic,3,315.0,241.0,169.0,6.0,152.0,76.0,13.0,98.0,53.0,210.0,3247.0
205,200,ic,3,320.0,234.0,159.0,7.0,129.0,95.0,10.0,90.0,49.0,233.0,3282.0
205,200,ic,3,325.0,256.0,218.0,4.0,140.0,96.0,20.0,98.0,47.0,236.0,3215.0
205,200,ic,3,330.0,257.0,245.0,2.0,133.0,98.0,26.0,103.0,47.0,246.0,3233.0
205,200,ic,3,335.0,245.0,209.0,4.0,130.0,89.0,26.0,96.0,60.0,223.0,3244.0
205,200,ic,3,340.0,340.0,270.0,6.0,167.0,145.0,28.0,109.0,56.0,199.0,3258.0
205,200,ic,3,345.0,278.0,200.0,5.0,169.0,90.0,19.0,105.0,55.0,195.0,3223.0
205,200,ic,3,350.0,268.0,205.0,6.0,149.0,92.0,27.0,110.0,54.0,256.0,3285.0
205,200,ic,3,355.0,271.0,232.0,4.0,160.0,80.0,31.0,105.0,62.0,208.0,3318.0
205,200,ic,3,360.0,279.0,229.0,5.0,154.0,100.0,25.0,87.0,57.0,215.0,3221.0
205,200,ic,3,365.0,362.0,211.0,10.0,152.0,161.0,49.0,111.0,63.0,256.0,3371.0
205,200,ic,3,370.0,313.0,254.0,4.0,165.0,105.0,43.0,120.0,71.0,251.0,3368.0
205,200,ic,3,375.0,315.0,265.0,5.0,175.0,105.0,35.0,117.0,78.0,253.0,3336.0
205,200,ic,3,380.0,338.0,229.0,9.0,170.0,133.0,35.0,106.0,65.0,239.0,3197.0
205,200,ic,3,385.0,335.0,225.0,8.0,191.0,106.0,38.0,123.0,80.0,237.0,3373.0
205,200,ic,3,390.0,325.0,249.0,6.0,142.0,133.0,50.0,109.0,70.0,232.0,3241.0
205,200,ic,3,395.0,271.0,210.0,5.0,126.0,97.0,48.0,107.0,81.0,217.0,3160.0
205,200,ic,3,400.0,277.0,199.0,6.0,177.0,58.0,42.0,111.0,71.0,241.0,3311.0
205,200,ic,3,405.0,259.0,197.0,4.0,129.0,88.0,42.0,110.0,72.0,253.0,3293.0
205,200,ic,3,410.0,308.0,224.0,7.0,117.0,100.0,91.0,122.0,83.0,193.0,3286.0
205,200,ic,3,415.0,312.0,219.0,7.0,146.0,120.0,46.0,126.0,86.0,214.0,3318.0
205,200,ic,3,420.0,312.0,252.0,5.0,144.0,114.0,54.0,117.0,80.0,216.0,3233.0
205,200,ic,3,425.0,396.0,274.0,7.0,148.0,180.0,68.0,123.0,80.0,210.0,3338.0
205,200,ic,3,430.0,398.0,271.0,8.0,138.0,163.0,97.0,154.0,98.0,268.0,3224.0
205,200,ic,3,435.0,291.0,279.0,2.0,146.0,71.0,74.0,137.0,98.0,251.0,3281.0
205,200,ic,3,440.0,318.0,257.0,5.0,119.0,118.0,81.0,122.0,91.0,251.0,3200.0
205,200,ic,3,445.0,376.0,286.0,7.0,185.0,100.0,91.0,145.0,104.0,242.0,3286.0
205,200,ic,3,450.0,351.0,274.0,6.0,224.0,73.0,54.0,141.0,100.0,252.0,3378.0
205,200,ic,3,455.0,334.0,296.0,3.0,160.0,62.0,112.0,131.0,98.0,238.0,3287.0
205,200,ic,3,460.0,339.0,295.0,4.0,176.0,96.0,67.0,119.0,91.0,253.0,3266.0
205,200,ic,3,465.0,383.0,257.0,7.0,189.0,141.0,53.0,133.0,93.0,280.0,3350.0
205,200,ic,3,470.0,363.0,241.0,8.0,184.0,133.0,46.0,126.0,93.0,246.0,3346.0
205,200,ic,3,475.0,331.0,253.0,5.0,155.0,117.0,59.0,123.0,80.0,226.0,3281.0
205,200,ic,3,480.0,400.0,296.0,8.0,210.0,125.0,65.0,164.0,119.0,259.0,3402.0
205,200,ic,3,485.0,432.0,312.0,6.0,243.0,92.0,97.0,155.0,110.0,277.0,3296.0
205,200,ic,3,490.0,386.0,318.0,6.0,159.0,148.0,79.0,136.0,100.0,266.0,3183.0
205,200,ic,3,495.0,407.0,331.0,5.0,212.0,111.0,84.0,146.0,114.0,222.0,3344.0
205,200,ic,3,500.0,367.0,342.0,2.0,238.0,42.0,87.0,128.0,104.0,255.0,3246.0
205,200,ic,3,505.0,391.0,331.0,5.0,197.0,123.0,71.0,160.0,116.0,221.0,3312.0
205,200,ic,3,510.0,365.0,326.0,4.0,198.0,83.0,84.0,155.0,121.0,235.0,3184.0
205,200,ic,3,515.0,405.0,368.0,3.0,184.0,102.0,119.0,157.0,120.0,241.0,3346.0
205,200,ic,3,520.0,342.0,318.0,3.0,165.0,83.0,94.0,138.0,104.0,212.0,3334.0
205,200,ic,3,525.0,405.0,353.0,5.0,196.0,100.0,109.0,150.0,118.0,208.0,3321.0
205,200,ic,3,530.0,374.0,322.0,5.0,216.0,67.0,91.0,135.0,96.0,243.0,3421.0
205,200,ic,3,535.0,451.0,389.0,5.0,197.0,119.0,135.0,164.0,126.0,254.0,3333.0
205,200,ic,3,540.0,402.0,362.0,4.0,225.0,76.0,101.0,174.0,132.0,249.0,3401.0
205,200,ic,3,545.0,477.0,397.0,6.0,216.0,135.0,126.0,167.0,114.0,305.0,3437.0
205,200,ic,3,550.0,453.0,382.0,5.0,261.0,103.0,89.0,177.0,117.0,310.0,3502.0
205,200,ic,3,555.0,514.0,444.0,5.0,233.0,147.0,134.0,190.0,154.0,290.0,3554.0
205,200,ic,4,0.0,356.0,212.0,8.0,211.0,142.0,3.0,145.0,88.0,272.0,3345.0
205,200,ic,4,5.0,228.0,154.0,5.0,170.0,46.0,12.0,87.0,51.0,221.0,3218.0
205,200,ic,4,10.0,233.0,175.0,3.0,197.0,24.0,12.0,95.0,52.0,227.0,3224.0
205,200,ic,4,15.0,248.0,177.0,5.0,196.0,52.0,0.0,102.0,50.0,256.0,3227.0
205,200,ic,4,20.0,244.0,137.0,8.0,151.0,93.0,0.0,96.0,38.0,256.0,3207.0
205,200,ic,4,25.0,234.0,189.0,3.0,177.0,57.0,0.0,86.0,46.0,230.0,3168.0
205,200,ic,4,30.0,311.0,174.0,9.0,175.0,136.0,0.0,99.0,54.0,265.0,3217.0
205,200,ic,4,35.0,303.0,152.0,10.0,164.0,129.0,10.0,95.0,57.0,233.0,3317.0
205,200,ic,4,40.0,231.0,195.0,4.0,147.0,75.0,9.0,102.0,65.0,229.0,3312.0
205,200,ic,4,45.0,307.0,203.0,8.0,215.0,82.0,10.0,120.0,65.0,245.0,3248.0
205,200,ic,4,50.0,299.0,208.0,7.0,190.0,97.0,12.0,128.0,79.0,243.0,3251.0
205,200,ic,4,55.0,354.0,237.0,8.0,207.0,116.0,31.0,120.0,83.0,271.0,3294.0
205,200,ic,4,60.0,281.0,223.0,5.0,181.0,63.0,37.0,131.0,84.0,253.0,3285.0
205,200,ic,4,65.0,271.0,213.0,5.0,188.0,63.0,20.0,126.0,88.0,208.0,3395.0
205,200,ic,4,70.0,327.0,249.0,5.0,245.0,57.0,25.0,149.0,96.0,263.0,3275.0
205,200,ic,4,75.0,316.0,266.0,5.0,217.0,75.0,24.0,142.0,95.0,227.0,3254.0
205,200,ic,4,80.0,273.0,247.0,3.0,235.0,12.0,26.0,133.0,92.0,231.0,3283.0
205,200,ic,4,85.0,283.0,223.0,6.0,185.0,83.0,15.0,124.0,84.0,243.0,3398.0
205,200,ic,4,90.0,343.0,249.0,8.0,239.0,91.0,13.0,119.0,79.0,259.0,3367.0
205,200,ic,4,95.0,246.0,178.0,5.0,190.0,46.0,10.0,113.0,70.0,225.0,3250.0
205,200,ic,4,100.0,268.0,188.0,5.0,166.0,76.0,26.0,99.0,72.0,218.0,3309.0
205,200,ic,4,105.0,312.0,204.0,6.0,157.0,120.0,35.0,131.0,78.0,273.0,3321.0
205,200,ic,4,110.0,305.0,212.0,6.0,174.0,105.0,26.0,139.0,86.0,237.0,3298.0
205,200,ic,4,115.0,284.0,186.0,7.0,184.0,90.0,10.0,117.0,79.0,256.0,3351.0
205,200,ic,4,120.0,279.0,200.0,4.0,222.0,57.0,0.0,124.0,70.0,250.0,3256.0
205,200,ic,4,125.0,296.0,180.0,8.0,224.0,66.0,6.0,125.0,86.0,254.0,3237.0
205,200,ic,4,130.0,220.0,158.0,5.0,184.0,36.0,0.0,105.0,57.0,252.0,3275.0
205,200,ic,4,135.0,302.0,189.0,5.0,189.0,113.0,0.0,123.0,63.0,245.0,3304.0
205,200,ic,4,140.0,257.0,167.0,6.0,209.0,48.0,0.0,99.0,64.0,184.0,3295.0
205,200,ic,4,145.0,307.0,210.0,6.0,174.0,124.0,9.0,116.0,74.0,206.0,3295.0
205,200,ic,4,150.0,296.0,272.0,3.0,211.0,82.0,3.0,123.0,84.0,216.0,3333.0
205,200,ic,4,155.0,287.0,249.0,3.0,217.0,64.0,6.0,118.0,71.0,261.0,3381.0
205,200,ic,4,160.0,260.0,206.0,4.0,176.0,73.0,11.0,121.0,67.0,260.0,3327.0
205,200,ic,4,165.0,344.0,229.0,7.0,239.0,102.0,3.0,125.0,74.0,211.0,3268.0
205,200,ic,4,170.0,256.0,244.0,2.0,200.0,43.0,13.0,127.0,73.0,222.0,3280.0
205,200,ic,4,175.0,299.0,278.0,2.0,182.0,72.0,45.0,140.0,103.0,224.0,3286.0
205,200,ic,4,180.0,261.0,225.0,4.0,189.0,63.0,9.0,114.0,84.0,195.0,3302.0
205,200,ic,4,185.0,267.0,219.0,4.0,195.0,60.0,12.0,118.0,85.0,218.0,3347.0
205,200,ic,4,190.0,253.0,223.0,3.0,241.0,12.0,0.0,133.0,77.0,268.0,3323.0
205,200,ic,4,195.0,281.0,245.0,4.0,233.0,45.0,3.0,123.0,87.0,271.0,3218.0
205,200,ic,4,200.0,320.0,225.0,7.0,261.0,53.0,6.0,137.0,92.0,268.0,3350.0
205,200,ic,4,205.0,377.0,212.0,10.0,263.0,102.0,12.0,133.0,79.0,220.0,3313.0
205,200,ic,4,210.0,365.0,221.0,7.0,319.0,40.0,6.0,142.0,89.0,270.0,3244.0
205,200,ic,4,215.0,286.0,231.0,4.0,252.0,28.0,6.0,131.0,88.0,251.0,3383.0
205,200,ic,4,220.0,387.0,242.0,9.0,327.0,60.0,0.0,159.0,95.0,303.0,3371.0
205,200,ic,4,225.0,331.0,215.0,9.0,234.0,97.0,0.0,136.0,83.0,295.0,3389.0
205,200,ic,4,230.0,406.0,223.0,11.0,268.0,121.0,17.0,137.0,89.0,289.0,3369.0
205,200,ic,4,235.0,327.0,227.0,6.0,266.0,60.0,1.0,134.0,90.0,252.0,3401.0
205,200,ic,4,240.0,303.0,258.0,4.0,267.0,32.0,4.0,139.0,99.0,234.0,3343.0
205,200,ic,4,245.0,357.0,304.0,5.0,309.0,42.0,6.0,137.0,92.0,253.0,3334.0
205,200,ic,4,250.0,329.0,253.0,6.0,240.0,83.0,6.0,141.0,105.0,246.0,3394.0
205,200,ic,4,255.0,323.0,275.0,5.0,275.0,48.0,0.0,147.0,101.0,250.0,3362.0
205,200,ic,4,260.0,387.0,278.0,8.0,326.0,55.0,6.0,156.0,104.0,221.0,3498.0
205,200,ic,4,265.0,362.0,275.0,4.0,290.0,64.0,8.0,164.0,105.0,297.0,3295.0
205,200,ic,4,270.0,470.0,340.0,5.0,328.0,128.0,14.0,178.0,122.0,272.0,3501.0
205,200,ic,4,275.0,432.0,316.0,4.0,373.0,50.0,9.0,181.0,125.0,292.0,3431.0
205,200,ic,4,280.0,409.0,296.0,4.0,329.0,64.0,16.0,162.0,108.0,286.0,3489.0
205,200,ic,4,285.0,519.0,321.0,9.0,415.0,95.0,9.0,185.0,112.0,315.0,3400.0
205,200,ic,4,290.0,384.0,272.0,6.0,348.0,19.0,17.0,135.0,96.0,263.0,3418.0
205,200,ic,4,295.0,436.0,314.0,7.0,350.0,79.0,7.0,163.0,114.0,289.0,3401.0
205,200,ic,4,300.0,448.0,327.0,6.0,378.0,59.0,11.0,153.0,104.0,294.0,3453.0
205,200,ic,4,305.0,425.0,340.0,6.0,353.0,64.0,8.0,165.0,118.0,316.0,3343.0
205,200,ic,4,310.0,493.0,304.0,10.0,383.0,103.0,7.0,151.0,112.0,277.0,3456.0
205,200,ic,4,315.0,421.0,343.0,5.0,325.0,82.0,14.0,158.0,111.0,261.0,3401.0
205,200,ic,4,320.0,362.0,335.0,3.0,266.0,73.0,23.0,162.0,124.0,262.0,3397.0
205,200,ic,4,325.0,491.0,330.0,5.0,409.0,61.0,21.0,178.0,114.0,300.0,3364.0
205,200,ic,4,330.0,454.0,346.0,6.0,390.0,38.0,26.0,171.0,124.0,293.0,3399.0
205,200,ic,4,335.0,465.0,351.0,6.0,399.0,43.0,23.0,180.0,133.0,286.0,3363.0
205,200,ic,4,340.0,403.0,356.0,4.0,345.0,46.0,12.0,184.0,143.0,275.0,3367.0
205,200,ic,4,345.0,492.0,407.0,5.0,300.0,131.0,61.0,172.0,138.0,308.0,3477.0
205,200,ic,5,0.0,356.0,212.0,8.0,211.0,142.0,3.0,145.0,88.0,272.0,3345.0
205,200,ic,5,5.0,324.0,147.0,11.0,147.0,177.0,0.0,97.0,42.0,253.0,3360.0
205,200,ic,5,10.0,283.0,139.0,9.0,163.0,114.0,6.0,95.0,51.0,257.0,3350.0
205,200,ic,5,15.0,280.0,155.0,9.0,168.0,106.0,6.0,77.0,36.0,256.0,3284.0
205,200,ic,5,20.0,306.0,170.0,9.0,202.0,89.0,15.0,93.0,46.0,245.0,3387.0
205,200,ic,5,25.0,312.0,202.0,7.0,174.0,138.0,0.0,100.0,49.0,270.0,3434.0
205,200,ic,5,30.0,252.0,184.0,6.0,166.0,74.0,12.0,92.0,35.0,268.0,3423.0
205,200,ic,5,35.0,170.0,134.0,4.0,134.0,36.0,0.0,77.0,34.0,244.0,3317.0
205,200,ic,5,40.0,262.0,132.0,8.0,177.0,78.0,7.0,65.0,30.0,200.0,3298.0
205,200,ic,5,45.0,310.0,201.0,7.0,169.0,137.0,4.0,85.0,31.0,228.0,3268.0
205,200,ic,5,50.0,281.0,145.0,8.0,149.0,111.0,21.0,77.0,42.0,209.0,3401.0
205,200,ic,5,55.0,206.0,135.0,4.0,128.0,53.0,25.0,76.0,31.0,221.0,3222.0
205,200,ic,5,60.0,185.0,119.0,6.0,109.0,60.0,16.0,76.0,24.0,237.0,3257.0
205,200,ic,5,65.0,205.0,136.0,6.0,104.0,77.0,24.0,79.0,22.0,225.0,3211.0
205,200,ic,5,70.0,219.0,103.0,7.0,83.0,116.0,20.0,82.0,32.0,236.0,3283.0
205,200,ic,5,75.0,208.0,133.0,5.0,96.0,83.0,29.0,81.0,38.0,214.0,3219.0
205,200,ic,5,80.0,196.0,109.0,6.0,90.0,86.0,20.0,64.0,21.0,222.0,3200.0
205,200,ic,5,85.0,154.0,100.0,4.0,76.0,56.0,22.0,73.0,30.0,210.0,3220.0
205,200,ic,5,90.0,210.0,113.0,5.0,81.0,103.0,26.0,70.0,30.0,233.0,3233.0
205,200,ic,5,95.0,191.0,88.0,7.0,91.0,74.0,26.0,68.0,32.0,216.0,3172.0
205,200,ic,5,100.0,229.0,86.0,7.0,55.0,141.0,33.0,69.0,30.0,219.0,3171.0
205,200,ic,5,105.0,117.0,80.0,3.0,36.0,59.0,22.0,51.0,12.0,190.0,3219.0
205,200,ic,5,110.0,169.0,85.0,6.0,42.0,101.0,26.0,61.0,22.0,194.0,3201.0
205,200,ic,5,115.0,188.0,91.0,4.0,47.0,114.0,27.0,61.0,27.0,176.0,3138.0
205,200,ic,5,120.0,160.0,91.0,5.0,67.0,61.0,32.0,55.0,11.0,190.0,3193.0
205,200,ic,5,125.0,218.0,103.0,6.0,91.0,100.0,27.0,75.0,25.0,192.0,3206.0
205,200,ic,5,130.0,142.0,85.0,5.0,102.0,20.0,20.0,65.0,22.0,178.0,3290.0
205,200,ic,5,135.0,182.0,84.0,5.0,115.0,39.0,28.0,57.0,17.0,212.0,3246.0
205,200,ic,5,140.0,194.0,94.0,6.0,120.0,38.0,36.0,68.0,16.0,221.0,3305.0
205,200,ic,5,145.0,213.0,93.0,9.0,103.0,82.0,28.0,60.0,23.0,198.0,3210.0
205,200,ic,5,150.0,160.0,96.0,6.0,53.0,70.0,37.0,68.0,28.0,219.0,3279.0
205,200,ic,5,155.0,201.0,126.0,5.0,56.0,91.0,54.0,79.0,34.0,195.0,3259.0
205,200,ic,5,160.0,171.0,112.0,5.0,44.0,92.0,35.0,89.0,38.0,225.0,3339.0
205,200,ic,5,165.0,157.0,107.0,5.0,42.0,84.0,31.0,63.0,20.0,209.0,3224.0
205,200,ic,5,170.0,183.0,100.0,6.0,78.0,76.0,29.0,63.0,21.0,179.0,3146.0
205,200,ic,5,175.0,189.0,98.0,5.0,103.0,57.0,29.0,60.0,28.0,195.0,3263.0
205,200,ic,5,180.0,303.0,183.0,9.0,111.0,160.0,32.0,81.0,38.0,216.0,3245.0
205,200,ic,5,185.0,243.0,112.0,6.0,72.0,151.0,20.0,70.0,20.0,240.0,3320.0
205,200,ic,5,190.0,280.0,123.0,10.0,138.0,120.0,22.0,78.0,31.0,243.0,3291.0
205,200,ic,5,195.0,219.0,135.0,6.0,101.0,88.0,30.0,82.0,44.0,212.0,3285.0
205,200,ic,5,200.0,229.0,130.0,7.0,107.0,86.0,36.0,82.0,39.0,210.0,3310.0
205,200,ic,5,205.0,177.0,135.0,4.0,99.0,55.0,23.0,66.0,30.0,213.0,3270.0
205,200,ic,5,210.0,212.0,126.0,7.0,94.0,95.0,23.0,100.0,41.0,252.0,3308.0
205,200,ic,5,215.0,244.0,114.0,9.0,112.0,108.0,24.0,96.0,43.0,234.0,3383.0
205,200,ic,5,220.0,264.0,143.0,6.0,162.0,79.0,23.0,91.0,41.0,211.0,3344.0
205,200,ic,5,225.0,282.0,156.0,8.0,153.0,96.0,33.0,108.0,43.0,230.0,3291.0
205,200,ic,5,230.0,295.0,164.0,8.0,157.0,108.0,30.0,95.0,30.0,265.0,3348.0
205,200,ic,5,235.0,336.0,154.0,9.0,166.0,141.0,29.0,108.0,45.0,270.0,3435.0
205,200,ic,5,240.0,288.0,173.0,6.0,149.0,110.0,29.0,112.0,44.0,287.0,3360.0
205,200,ic,5,245.0,383.0,154.0,8.0,194.0,129.0,60.0,115.0,35.0,328.0,3366.0
205,200,ic,5,250.0,415.0,160.0,9.0,186.0,198.0,31.0,123.0,39.0,343.0,3356.0
205,200,ic,5,255.0,347.0,143.0,8.0,170.0,127.0,50.0,117.0,41.0,291.0,3358.0
205,200,ic,5,260.0,342.0,239.0,4.0,180.0,104.0,58.0,111.0,45.0,267.0,3335.0
205,200,ic,5,265.0,318.0,152.0,6.0,136.0,138.0,44.0,101.0,48.0,285.0,3278.0
205,200,ic,5,270.0,416.0,138.0,12.0,179.0,195.0,42.0,116.0,46.0,279.0,3387.0
205,200,ic,5,275.0,374.0,129.0,11.0,154.0,175.0,45.0,114.0,52.0,307.0,3262.0
205,200,ic,5,280.0,347.0,129.0,8.0,120.0,189.0,38.0,109.0,43.0,291.0,3368.0
205,200,ic,5,285.0,377.0,165.0,7.0,169.0,174.0,34.0,112.0,40.0,299.0,3312.0
205,200,ic,5,290.0,319.0,168.0,7.0,175.0,112.0,32.0,114.0,37.0,278.0,3430.0
205,200,ic,5,295.0,230.0,126.0,6.0,94.0,94.0,42.0,104.0,41.0,271.0,3447.0
205,200,ic,5,300.0,363.0,122.0,12.0,147.0,166.0,50.0,132.0,40.0,295.0,3391.0
205,200,ic,5,305.0,358.0,146.0,10.0,142.0,173.0,43.0,85.0,34.0,264.0,3285.0
205,200,ic,5,310.0,313.0,128.0,9.0,162.0,119.0,32.0,112.0,41.0,261.0,3409.0
205,200,ic,5,315.0,237.0,142.0,6.0,120.0,84.0,33.0,102.0,37.0,249.0,3287.0
205,200,ic,5,320.0,346.0,207.0,7.0,109.0,175.0,62.0,92.0,42.0,227.0,3309.0
205,200,ic,5,325.0,200.0,153.0,4.0,79.0,84.0,37.0,98.0,41.0,239.0,3363.0
205,200,ic,5,330.0,197.0,148.0,5.0,49.0,117.0,31.0,75.0,38.0,239.0,3352.0
205,200,ic,5,335.0,300.0,177.0,7.0,64.0,186.0,50.0,86.0,43.0,205.0,3288.0
205,200,ic,5,340.0,224.0,156.0,4.0,88.0,104.0,32.0,83.0,33.0,182.0,3379.0
205,200,ic,5,345.0,242.0,167.0,5.0,115.0,95.0,32.0,88.0,39.0,198.0,3369.0
205,200,ic,5,350.0,235.0,147.0,6.0,73.0,137.0,25.0,97.0,40.0,265.0,3403.0
205,200,ic,5,355.0,293.0,182.0,7.0,161.0,87.0,45.0,88.0,32.0,241.0,3400.0
205,200,ic,5,360.0,246.0,137.0,7.0,115.0,107.0,24.0,81.0,41.0,229.0,3317.0
205,200,ic,5,365.0,246.0,134.0,9.0,128.0,96.0,22.0,76.0,26.0,218.0,3371.0
205,200,ic,5,370.0,233.0,123.0,6.0,93.0,106.0,34.0,83.0,38.0,188.0,3297.0
205,200,ic,5,375.0,184.0,100.0,5.0,73.0,86.0,25.0,89.0,30.0,254.0,3298.0
205,200,ic,5,380.0,247.0,127.0,7.0,93.0,125.0,29.0,79.0,28.0,222.0,3323.0
205,200,ic,5,385.0,213.0,137.0,7.0,69.0,123.0,21.0,78.0,32.0,202.0,3382.0
205,200,ic,5,390.0,254.0,134.0,7.0,103.0,124.0,27.0,61.0,25.0,219.0,3305.0
205,200,ic,5,395.0,276.0,154.0,9.0,106.0,130.0,40.0,93.0,39.0,230.0,3277.0
205,200,ic,5,400.0,371.0,248.0,5.0,76.0,223.0,72.0,95.0,35.0,252.0,3401.0
205,200,ic,5,405.0,278.0,160.0,6.0,93.0,146.0,39.0,90.0,47.0,244.0,3370.0
205,200,ic,5,410.0,330.0,155.0,8.0,118.0,165.0,47.0,94.0,37.0,271.0,3289.0
205,200,ic,5,415.0,268.0,141.0,9.0,99.0,138.0,31.0,97.0,37.0,260.0,3332.0
205,200,ic,5,420.0,304.0,163.0,8.0,98.0,158.0,48.0,115.0,44.0,266.0,3326.0
205,200,ic,5,425.0,319.0,186.0,6.0,148.0,128.0,43.0,85.0,37.0,233.0,3494.0
205,200,ic,5,430.0,296.0,190.0,5.0,130.0,127.0,39.0,91.0,31.0,240.0,3276.0
205,200,ic,5,435.0,303.0,197.0,6.0,168.0,101.0,34.0,99.0,37.0,214.0,3331.0
205,200,ic,5,440.0,315.0,186.0,9.0,151.0,118.0,46.0,85.0,41.0,195.0,3423.0
205,200,ic,5,445.0,212.0,166.0,4.0,121.0,51.0,40.0,82.0,31.0,267.0,3222.0
205,200,ic,5,450.0,263.0,157.0,8.0,138.0,94.0,31.0,93.0,41.0,221.0,3298.0
205,200,ic,5,455.0,232.0,98.0,10.0,125.0,84.0,23.0,78.0,30.0,249.0,3293.0
205,200,ic,5,460.0,283.0,128.0,12.0,121.0,134.0,28.0,75.0,29.0,192.0,3271.0
205,200,ic,5,465.0,262.0,103.0,9.0,128.0,109.0,25.0,70.0,31.0,210.0,3275.0
205,200,ic,5,470.0,180.0,87.0,7.0,64.0,95.0,21.0,82.0,24.0,247.0,3046.0
205,200,ic,5,475.0,197.0,96.0,6.0,90.0,87.0,20.0,62.0,12.0,231.0,3252.0
205,200,ic,5,480.0,167.0,81.0,6.0,72.0,79.0,16.0,61.0,11.0,239.0,3282.0
205,200,ic,5,485.0,227.0,131.0,7.0,100.0,110.0,17.0,77.0,16.0,228.0,3178.0
205,200,ic,5,490.0,211.0,97.0,8.0,93.0,98.0,20.0,69.0,18.0,240.0,3137.0
205,200,ic,5,495.0,195.0,92.0,7.0,66.0,109.0,20.0,70.0,18.0,220.0,3197.0
205,200,ic,5,500.0,214.0,116.0,7.0,88.0,95.0,31.0,83.0,30.0,237.0,3187.0
205,200,ic,5,505.0,176.0,102.0,6.0,97.0,53.0,26.0,75.0,29.0,231.0,3235.0
205,200,ic,5,510.0,205.0,117.0,5.0,65.0,108.0,32.0,78.0,26.0,215.0,3275.0
205,200,ic,5,515.0,273.0,153.0,8.0,80.0,134.0,59.0,77.0,34.0,263.0,3197.0
205,200,ic,5,520.0,234.0,154.0,6.0,87.0,94.0,53.0,75.0,30.0,241.0,3268.0
205,200,ic,5,525.0,268.0,135.0,8.0,120.0,121.0,27.0,79.0,29.0,221.0,3306.0
205,200,ic,5,530.0,305.0,170.0,8.0,73.0,165.0,67.0,82.0,31.0,245.0,3202.0
205,200,ic,5,535.0,278.0,150.0,8.0,51.0,157.0,70.0,64.0,28.0,209.0,3129.0
205,200,ic,5,540.0,170.0,102.0,5.0,54.0,75.0,41.0,69.0,30.0,174.0,3114.0
205,200,ic,5,545.0,215.0,141.0,6.0,53.0,104.0,58.0,63.0,22.0,189.0,3139.0
205,200,ic,5,550.0,265.0,109.0,9.0,57.0,160.0,48.0,55.0,23.0,166.0,3212.0
205,200,ic,5,555.0,224.0,158.0,6.0,16.0,159.0,49.0,86.0,29.0,214.0,3255.0
205,200,ic,5,560.0,215.0,130.0,5.0,17.0,162.0,36.0,64.0,16.0,199.0,3264.0
205,200,ic,5,565.0,215.0,112.0,8.0,35.0,143.0,37.0,77.0,21.0,230.0,3226.0
205,200,ic,5,570.0,135.0,98.0,4.0,15.0,92.0,28.0,68.0,24.0,178.0,3216.0
205,200,ic,5,575.0,158.0,116.0,4.0,47.0,83.0,28.0,74.0,24.0,230.0,3268.0
205,200,ic,5,580.0,142.0,96.0,4.0,30.0,80.0,32.0,71.0,25.0,215.0,3207.0
205,200,ic,5,585.0,162.0,108.0,5.0,22.0,97.0,43.0,63.0,22.0,226.0,3137.0
205,200,ic,5,590.0,150.0,94.0,5.0,17.0,95.0,38.0,68.0,27.0,218.0,3242.0
205,200,ic,5,595.0,143.0,101.0,4.0,46.0,45.0,52.0,67.0,24.0,212.0,3210.0
205,200,ic,5,600.0,163.0,97.0,4.0,34.0,82.0,47.0,69.0,23.0,184.0,3137.0
205,200,ic,5,605.0,153.0,109.0,4.0,8.0,98.0,47.0,66.0,31.0,174.0,3225.0
205,200,ic,5,610.0,174.0,80.0,6.0,102.0,37.0,35.0,61.0,23.0,197.0,3169.0
205,200,ic,5,615.0,129.0,88.0,4.0,61.0,41.0,27.0,62.0,27.0,170.0,3144.0
205,200,ic,5,620.0,203.0,101.0,8.0,60.0,102.0,41.0,61.0,26.0,179.0,3133.0
205,200,ic,5,625.0,175.0,102.0,6.0,41.0,86.0,48.0,60.0,22.0,190.0,3094.0
205,200,ic,5,630.0,128.0,95.0,3.0,4.0,77.0,47.0,69.0,25.0,191.0,3184.0
205,200,ic,5,635.0,148.0,112.0,3.0,23.0,83.0,42.0,62.0,33.0,163.0,3231.0
205,200,ic,5,640.0,166.0,115.0,4.0,34.0,85.0,47.0,56.0,26.0,183.0,3241.0
205,200,ic,5,645.0,165.0,123.0,4.0,26.0,92.0,47.0,59.0,38.0,150.0,3155.0
205,200,ic,5,650.0,178.0,108.0,5.0,42.0,81.0,55.0,53.0,36.0,205.0,3163.0
205,200,ic,5,655.0,183.0,118.0,6.0,36.0,100.0,47.0,87.0,36.0,182.0,3112.0
205,200,ic,5,660.0,193.0,127.0,6.0,55.0,96.0,42.0,56.0,28.0,166.0,3140.0
205,200,ic,5,665.0,162.0,112.0,5.0,28.0,92.0,42.0,71.0,32.0,177.0,3188.0
205,200,ic,5,670.0,159.0,111.0,4.0,5.0,112.0,42.0,74.0,34.0,148.0,3188.0
205,200,ic,5,675.0,166.0,88.0,6.0,48.0,76.0,42.0,53.0,27.0,157.0,3116.0
205,200,ic,5,680.0,113.0,89.0,3.0,4.0,66.0,43.0,60.0,24.0,157.0,3142.0
205,200,ic,5,685.0,193.0,91.0,6.0,64.0,87.0,42.0,66.0,27.0,166.0,3127.0
205,200,ic,5,690.0,185.0,83.0,7.0,107.0,47.0,31.0,64.0,19.0,169.0,3301.0
205,200,ic,5,695.0,119.0,87.0,3.0,58.0,23.0,38.0,60.0,21.0,193.0,3257.0
205,200,ic,5,700.0,147.0,88.0,5.0,60.0,64.0,23.0,55.0,19.0,151.0,3270.0
205,200,ic,5,705.0,166.0,116.0,5.0,67.0,79.0,20.0,71.0,24.0,159.0,3245.0
205,200,ic,5,710.0,154.0,84.0,6.0,79.0,61.0,14.0,71.0,23.0,159.0,3265.0
205,200,ic,5,715.0,123.0,83.0,4.0,91.0,22.0,10.0,58.0,16.0,155.0,3236.0
205,200,ic,5,720.0,223.0,162.0,4.0,154.0,41.0,28.0,71.0,34.0,184.0,3203.0
205,200,ic,5,725.0,296.0,167.0,8.0,174.0,81.0,41.0,62.0,23.0,186.0,3317.0
205,200,ic,5,730.0,183.0,156.0,3.0,106.0,32.0,45.0,66.0,26.0,198.0,3209.0
205,200,ic,5,735.0,144.0,108.0,4.0,34.0,64.0,46.0,59.0,18.0,176.0,3166.0
205,200,ic,5,740.0,241.0,111.0,8.0,87.0,108.0,46.0,65.0,20.0,203.0,3246.0
205,200,ic,5,745.0,265.0,98.0,7.0,112.0,114.0,39.0,74.0,31.0,212.0,3236.0
205,200,ic,5,750.0,235.0,95.0,7.0,116.0,79.0,40.0,67.0,21.0,162.0,3049.0
205,200,ic,5,755.0,286.0,127.0,5.0,168.0,85.0,33.0,67.0,23.0,217.0,3135.0
205,200,ic,5,760.0,263.0,115.0,8.0,147.0,78.0,38.0,77.0,35.0,200.0,3211.0
205,200,ic,5,765.0,235.0,147.0,4.0,143.0,54.0,38.0,75.0,28.0,217.0,3157.0
205,200,ic,5,770.0,253.0,129.0,4.0,81.0,119.0,53.0,72.0,21.0,224.0,3217.0
205,200,ic,5,775.0,258.0,161.0,5.0,126.0,93.0,39.0,79.0,30.0,212.0,3122.0
205,200,ic,5,780.0,237.0,117.0,8.0,109.0,87.0,41.0,74.0,27.0,185.0,3297.0
205,200,ic,5,785.0,191.0,108.0,6.0,74.0,79.0,38.0,70.0,30.0,204.0,3298.0
205,200,ic,5,790.0,206.0,112.0,6.0,126.0,57.0,23.0,59.0,29.0,177.0,3178.0
205,200,ic,5,795.0,183.0,106.0,6.0,92.0,68.0,23.0,71.0,35.0,191.0,3186.0
205,200,ic,5,800.0,197.0,122.0,5.0,110.0,64.0,23.0,74.0,37.0,222.0,3230.0
205,200,ic,5,805.0,182.0,122.0,5.0,96.0,57.0,29.0,65.0,29.0,196.0,3175.0
205,200,ic,5,810.0,184.0,132.0,5.0,91.0,42.0,51.0,54.0,27.0,183.0,3200.0
205,200,ic,5,815.0,270.0,132.0,8.0,154.0,82.0,34.0,77.0,35.0,204.0,3346.0
205,200,ic,5,820.0,221.0,136.0,5.0,123.0,53.0,45.0,74.0,36.0,184.0,3200.0
205,200,ic,5,825.0,157.0,157.0,1.0,120.0,3.0,34.0,79.0,44.0,180.0,3208.0
205,200,ic,5,830.0,194.0,156.0,4.0,128.0,41.0,25.0,82.0,42.0,204.0,3226.0
205,200,ic,5,835.0,178.0,137.0,4.0,117.0,20.0,41.0,72.0,34.0,195.0,3266.0
205,200,ic,5,840.0,287.0,169.0,9.0,123.0,104.0,60.0,79.0,38.0,189.0,3343.0
205,200,ic,5,845.0,219.0,142.0,5.0,87.0,85.0,47.0,83.0,43.0,185.0,3267.0
205,200,ic,5,850.0,219.0,131.0,7.0,123.0,63.0,33.0,79.0,34.0,191.0,3277.0
205,200,ic,5,855.0,186.0,136.0,5.0,88.0,48.0,50.0,80.0,47.0,185.0,3248.0
205,200,ic,5,860.0,202.0,132.0,5.0,88.0,70.0,44.0,91.0,52.0,203.0,3262.0
205,200,ic,5,865.0,254.0,155.0,8.0,147.0,60.0,47.0,94.0,57.0,222.0,3231.0
205,200,ic,5,870.0,216.0,126.0,7.0,112.0,51.0,53.0,85.0,48.0,208.0,3314.0
205,200,ic,5,875.0,278.0,172.0,8.0,119.0,106.0,53.0,108.0,62.0,233.0,3240.0
205,200,ic,5,880.0,229.0,151.0,6.0,83.0,76.0,70.0,107.0,63.0,231.0,3319.0
205,200,ic,5,885.0,238.0,174.0,5.0,127.0,45.0,66.0,86.0,51.0,236.0,3286.0
205,200,ic,5,890.0,201.0,176.0,3.0,56.0,76.0,69.0,84.0,54.0,185.0,3159.0
205,200,ic,5,895.0,265.0,165.0,7.0,96.0,101.0,68.0,102.0,45.0,240.0,3254.0
205,200,ic,5,900.0,276.0,160.0,7.0,140.0,77.0,59.0,89.0,48.0,217.0,3287.0
205,200,ic,5,905.0,308.0,170.0,9.0,110.0,135.0,63.0,100.0,39.0,241.0,3278.0
205,200,ic,5,910.0,259.0,153.0,9.0,126.0,80.0,53.0,101.0,48.0,278.0,3281.0
205,200,ic,5,915.0,325.0,188.0,5.0,118.0,132.0,75.0,128.0,61.0,272.0,3200.0
205,200,ic,5,920.0,292.0,227.0,6.0,111.0,120.0,61.0,96.0,52.0,260.0,3280.0
205,200,ic,5,925.0,349.0,159.0,10.0,96.0,188.0,65.0,99.0,45.0,261.0,3303.0
205,200,ic,5,930.0,292.0,154.0,7.0,136.0,89.0,67.0,94.0,41.0,249.0,3344.0
205,200,ic,5,935.0,288.0,170.0,6.0,132.0,86.0,70.0,85.0,41.0,238.0,3227.0
205,200,ic,5,940.0,246.0,169.0,4.0,104.0,69.0,73.0,83.0,51.0,203.0,3282.0
205,200,ic,5,945.0,272.0,189.0,5.0,109.0,86.0,77.0,108.0,53.0,247.0,3305.0
205,200,ic,5,950.0,278.0,214.0,6.0,93.0,109.0,76.0,87.0,54.0,234.0,3260.0
205,200,ic,5,955.0,280.0,156.0,5.0,94.0,112.0,74.0,105.0,53.0,225.0,3314.0
205,200,ic,5,960.0,264.0,154.0,6.0,116.0,89.0,59.0,85.0,40.0,236.0,3355.0
205,200,ic,5,965.0,225.0,175.0,3.0,101.0,58.0,66.0,105.0,45.0,213.0,3273.0
205,200,ic,5,970.0,292.0,166.0,6.0,111.0,116.0,65.0,91.0,45.0,237.0,3323.0
205,200,ic,5,975.0,320.0,177.0,10.0,125.0,131.0,64.0,88.0,41.0,259.0,3236.0
205,200,ic,5,980.0,352.0,195.0,11.0,112.0,174.0,66.0,104.0,51.0,244.0,3283.0
205,200,ic,5,985.0,415.0,243.0,9.0,185.0,154.0,76.0,113.0,55.0,251.0,3247.0
205,200,ic,5,990.0,317.0,175.0,12.0,134.0,116.0,67.0,105.0,56.0,267.0,3304.0
205,200,ic,5,995.0,336.0,213.0,10.0,130.0,128.0,78.0,104.0,51.0,268.0,3285.0
205,200,ic,5,1000.0,370.0,168.0,12.0,145.0,148.0,77.0,98.0,47.0,277.0,3294.0
205,200,ic,5,1005.0,288.0,169.0,10.0,93.0,124.0,71.0,105.0,53.0,277.0,3295.0
205,200,ic,5,1010.0,258.0,184.0,5.0,98.0,102.0,58.0,100.0,41.0,233.0,3203.0
205,200,ic,5,1015.0,342.0,203.0,8.0,131.0,133.0,78.0,103.0,59.0,226.0,3216.0
205,200,ic,5,1020.0,325.0,202.0,9.0,115.0,136.0,74.0,107.0,57.0,248.0,3328.0
205,200,ic,5,1025.0,255.0,181.0,5.0,81.0,86.0,88.0,105.0,63.0,261.0,3323.0
205,200,ic,5,1030.0,338.0,185.0,9.0,119.0,133.0,86.0,127.0,65.0,247.0,3326.0
205,200,ic,5,1035.0,308.0,209.0,9.0,111.0,128.0,69.0,106.0,64.0,237.0,3286.0
205,200,ic,5,1040.0,321.0,218.0,7.0,141.0,104.0,76.0,112.0,51.0,245.0,3282.0
205,200,ic,5,1045.0,270.0,189.0,6.0,99.0,98.0,73.0,111.0,55.0,256.0,3318.0
205,200,ic,5,1050.0,296.0,233.0,4.0,106.0,111.0,79.0,113.0,71.0,236.0,3364.0
205,200,ic,5,1055.0,281.0,245.0,4.0,82.0,128.0,71.0,95.0,69.0,191.0,3159.0
205,200,ic,5,1060.0,302.0,226.0,7.0,124.0,105.0,73.0,111.0,60.0,257.0,3210.0
205,200,ic,5,1065.0,366.0,255.0,9.0,145.0,144.0,77.0,128.0,69.0,289.0,3279.0
205,200,ic,5,1070.0,448.0,288.0,10.0,214.0,160.0,74.0,114.0,64.0,270.0,3249.0
205,200,ic,5,1075.0,352.0,232.0,7.0,154.0,124.0,74.0,111.0,70.0,235.0,3212.0
205,200,ic,5,1080.0,403.0,248.0,9.0,203.0,119.0,81.0,113.0,73.0,257.0,3373.0
205,200,ic,5,1085.0,425.0,285.0,6.0,160.0,197.0,68.0,121.0,77.0,262.0,3394.0
205,200,ic,5,1090.0,374.0,242.0,7.0,147.0,163.0,64.0,120.0,67.0,269.0,3293.0
205,200,ic,5,1095.0,301.0,206.0,7.0,109.0,113.0,79.0,129.0,71.0,288.0,3310.0
205,200,ic,5,1100.0,431.0,236.0,11.0,196.0,124.0,111.0,120.0,61.0,301.0,3316.0
205,200,ic,5,1105.0,330.0,237.0,6.0,134.0,93.0,103.0,128.0,64.0,254.0,3331.0
205,200,ic,5,1110.0,419.0,279.0,9.0,172.0,154.0,93.0,152.0,100.0,267.0,3334.0
205,200,ic,5,1115.0,354.0,281.0,5.0,189.0,89.0,76.0,125.0,91.0,242.0,3349.0
205,200,ic,5,1120.0,331.0,281.0,5.0,174.0,71.0,86.0,144.0,102.0,236.0,3258.0
205,200,ic,5,1125.0,384.0,303.0,7.0,224.0,72.0,88.0,139.0,92.0,278.0,3290.0
205,200,ic,5,1130.0,425.0,312.0,10.0,167.0,162.0,96.0,142.0,88.0,277.0,3335.0
205,200,ic,5,1135.0,328.0,253.0,6.0,165.0,89.0,74.0,135.0,92.0,306.0,3347.0
205,200,ic,5,1140.0,310.0,272.0,4.0,154.0,65.0,91.0,133.0,86.0,294.0,3445.0
205,200,ic,5,1145.0,429.0,304.0,8.0,182.0,161.0,86.0,145.0,84.0,319.0,3494.0
205,200,ic,5,1150.0,446.0,267.0,8.0,197.0,157.0,92.0,155.0,95.0,299.0,3427.0
205,200,ic,5,1155.0,464.0,290.0,5.0,162.0,184.0,118.0,164.0,102.0,334.0,3402.0
205,200,ic,5,1160.0,628.0,468.0,10.0,253.0,255.0,120.0,152.0,84.0,310.0,3410.0
205,200,ic,6,0.0,356.0,212.0,8.0,211.0,142.0,3.0,145.0,88.0,272.0,3345.0
205,200,ic,6,5.0,365.0,181.0,6.0,240.0,119.0,6.0,120.0,64.0,222.0,3357.0
205,200,ic,6,10.0,320.0,203.0,8.0,218.0,102.0,0.0,102.0,55.0,239.0,3287.0
205,200,ic,6,15.0,261.0,177.0,6.0,207.0,48.0,6.0,84.0,49.0,243.0,3353.0
205,200,ic,6,20.0,176.0,164.0,2.0,152.0,24.0,0.0,85.0,46.0,193.0,3186.0
205,200,ic,6,25.0,218.0,177.0,3.0,160.0,43.0,15.0,88.0,51.0,238.0,3360.0
205,200,ic,6,30.0,271.0,189.0,6.0,211.0,54.0,6.0,101.0,52.0,246.0,3236.0
205,200,ic,6,35.0,323.0,181.0,11.0,215.0,108.0,0.0,86.0,55.0,232.0,3370.0
205,200,ic,6,40.0,227.0,189.0,4.0,171.0,37.0,19.0,90.0,56.0,223.0,3266.0
205,200,ic,6,45.0,273.0,197.0,6.0,154.0,95.0,24.0,95.0,58.0,206.0,3266.0
205,200,ic,6,50.0,332.0,241.0,5.0,217.0,85.0,30.0,103.0,58.0,198.0,3143.0
205,200,ic,6,55.0,250.0,204.0,4.0,164.0,55.0,31.0,91.0,56.0,183.0,3066.0
205,200,ic,6,60.0,274.0,198.0,5.0,169.0,86.0,19.0,100.0,70.0,205.0,3112.0
205,200,ic,6,65.0,272.0,202.0,6.0,166.0,87.0,19.0,108.0,84.0,188.0,3221.0
205,200,ic,6,70.0,272.0,221.0,4.0,185.0,60.0,27.0,123.0,87.0,185.0,3240.0
205,200,ic,6,75.0,300.0,226.0,3.0,203.0,61.0,36.0,123.0,83.0,210.0,3335.0
205,200,ic,6,80.0,231.0,189.0,3.0,183.0,36.0,12.0,106.0,75.0,188.0,3380.0
205,200,ic,6,85.0,295.0,213.0,7.0,141.0,118.0,36.0,102.0,69.0,207.0,3268.0
205,200,ic,6,90.0,260.0,202.0,5.0,162.0,75.0,23.0,120.0,88.0,177.0,3275.0
205,200,ic,6,95.0,252.0,214.0,4.0,154.0,60.0,38.0,116.0,82.0,183.0,3230.0
205,200,ic,6,100.0,345.0,265.0,5.0,185.0,115.0,45.0,103.0,62.0,200.0,3306.0
205,200,ic,6,105.0,306.0,258.0,5.0,156.0,101.0,49.0,100.0,67.0,196.0,3262.0
205,200,ic,6,110.0,351.0,245.0,7.0,194.0,121.0,36.0,124.0,84.0,187.0,3394.0
205,200,ic,6,115.0,339.0,289.0,5.0,210.0,88.0,41.0,136.0,95.0,191.0,3359.0
205,200,ic,6,120.0,317.0,248.0,6.0,182.0,89.0,46.0,122.0,75.0,266.0,3293.0
205,200,ic,6,125.0,290.0,227.0,4.0,174.0,76.0,40.0,131.0,97.0,216.0,3333.0
205,200,ic,6,130.0,283.0,238.0,4.0,136.0,99.0,48.0,136.0,102.0,190.0,3328.0
205,200,ic,6,135.0,368.0,267.0,6.0,183.0,116.0,69.0,143.0,101.0,235.0,3330.0
205,200,ic,6,140.0,340.0,244.0,5.0,189.0,105.0,46.0,151.0,91.0,270.0,3360.0
205,200,ic,6,145.0,375.0,250.0,7.0,169.0,158.0,48.0,156.0,114.0,234.0,3326.0
205,200,ic,6,150.0,393.0,308.0,5.0,193.0,127.0,73.0,159.0,106.0,288.0,3404.0
205,200,ic,6,155.0,320.0,254.0,5.0,184.0,82.0,54.0,137.0,92.0,254.0,3317.0
205,200,ic,6,160.0,330.0,302.0,3.0,240.0,44.0,46.0,145.0,100.0,258.0,3346.0
205,200,ic,6,165.0,426.0,308.0,8.0,264.0,111.0,51.0,157.0,110.0,281.0,3423.0
205,200,ic,6,170.0,363.0,333.0,3.0,235.0,86.0,42.0,151.0,103.0,285.0,3454.0
205,200,ic,6,175.0,352.0,313.0,3.0,201.0,88.0,63.0,167.0,118.0,277.0,3377.0
205,200,ic,6,180.0,428.0,354.0,6.0,189.0,160.0,79.0,175.0,109.0,309.0,3349.0
205,200,ic,6,185.0,429.0,385.0,3.0,253.0,101.0,75.0,192.0,141.0,307.0,3342.0
205,200,ic,6,190.0,467.0,374.0,6.0,199.0,174.0,94.0,186.0,122.0,326.0,3358.0
205,200,ic,6,195.0,436.0,400.0,4.0,211.0,133.0,92.0,169.0,122.0,301.0,3424.0
205,200,ic,6,200.0,419.0,332.0,7.0,204.0,130.0,85.0,174.0,126.0,263.0,3393.0
205,200,ic,6,205.0,418.0,386.0,3.0,232.0,99.0,87.0,165.0,120.0,271.0,3477.0
205,200,ic,6,210.0,427.0,358.0,5.0,271.0,63.0,93.0,189.0,127.0,307.0,3333.0
205,200,ic,6,215.0,455.0,392.0,4.0,238.0,103.0,114.0,195.0,141.0,284.0,3411.0
205,200,ic,6,220.0,454.0,376.0,4.0,214.0,118.0,122.0,202.0,149.0,296.0,3294.0
205,200,ic,6,225.0,509.0,467.0,4.0,234.0,155.0,120.0,197.0,153.0,272.0,3336.0
205,200,ic,7,0.0,356.0,212.0,8.0,211.0,142.0,3.0,145.0,88.0,272.0,3345.0
205,200,ic,7,5.0,235.0,105.0,6.0,156.0,73.0,6.0,68.0,33.0,172.0,3283.0
205,200,ic,7,10.0,252.0,91.0,11.0,105.0,147.0,0.0,79.0,27.0,207.0,3217.0
205,200,ic,7,15.0,150.0,81.0,4.0,101.0,46.0,3.0,72.0,18.0,210.0,3214.0
205,200,ic,7,20.0,292.0,145.0,9.0,208.0,72.0,12.0,84.0,27.0,249.0,3236.0
205,200,ic,7,25.0,168.0,114.0,5.0,120.0,42.0,6.0,54.0,23.0,214.0,3226.0
205,200,ic,7,30.0,205.0,108.0,7.0,154.0,51.0,0.0,78.0,28.0,178.0,3306.0
205,200,ic,7,35.0,141.0,99.0,4.0,117.0,24.0,0.0,65.0,22.0,207.0,3250.0
205,200,ic,7,40.0,175.0,98.0,6.0,86.0,80.0,9.0,74.0,24.0,224.0,3333.0
205,200,ic,7,45.0,176.0,89.0,5.0,104.0,72.0,0.0,76.0,31.0,215.0,3339.0
205,200,ic,7,50.0,187.0,107.0,6.0,139.0,48.0,0.0,64.0,21.0,226.0,3365.0
205,200,ic,7,55.0,239.0,113.0,9.0,128.0,111.0,0.0,67.0,30.0,197.0,3355.0
205,200,ic,7,60.0,169.0,116.0,5.0,133.0,30.0,6.0,75.0,13.0,206.0,3359.0
205,200,ic,7,65.0,213.0,142.0,5.0,108.0,99.0,6.0,77.0,24.0,216.0,3372.0
205,200,ic,7,70.0,286.0,180.0,6.0,153.0,125.0,8.0,67.0,18.0,251.0,3277.0
205,200,ic,7,75.0,207.0,115.0,7.0,133.0,74.0,0.0,67.0,10.0,203.0,3236.0
205,200,ic,7,80.0,143.0,86.0,3.0,98.0,39.0,6.0,64.0,19.0,221.0,3266.0
205,200,ic,7,85.0,221.0,74.0,8.0,134.0,69.0,18.0,74.0,8.0,204.0,3257.0
205,200,ic,7,90.0,195.0,72.0,9.0,99.0,90.0,6.0,62.0,4.0,225.0,3086.0
205,200,ic,7,95.0,167.0,61.0,6.0,85.0,80.0,2.0,61.0,4.0,192.0,3205.0
205,200,ic,7,100.0,152.0,82.0,6.0,104.0,42.0,6.0,57.0,9.0,194.0,3229.0
205,200,ic,7,105.0,199.0,97.0,9.0,139.0,60.0,0.0,59.0,3.0,193.0,3288.0
205,200,ic,7,110.0,170.0,41.0,11.0,84.0,86.0,0.0,60.0,9.0,178.0,3133.0
205,200,ic,7,115.0,155.0,38.0,7.0,45.0,108.0,2.0,34.0,2.0,147.0,3076.0
205,200,ic,7,120.0,111.0,44.0,5.0,63.0,42.0,6.0,41.0,5.0,145.0,3167.0
205,200,ic,7,125.0,106.0,25.0,6.0,32.0,74.0,0.0,43.0,3.0,156.0,3126.0
205,200,ic,7,130.0,159.0,25.0,10.0,73.0,80.0,6.0,27.0,2.0,148.0,3263.0
205,200,ic,7,135.0,134.0,30.0,6.0,72.0,62.0,0.0,38.0,3.0,153.0,3164.0
205,200,ic,7,140.0,132.0,44.0,6.0,70.0,62.0,0.0,35.0,2.0,172.0,3203.0
205,200,ic,7,145.0,91.0,32.0,5.0,55.0,30.0,6.0,38.0,2.0,157.0,3200.0
205,200,ic,7,150.0,14.0,14.0,1.0,14.0,0.0,0.0,23.0,2.0,113.0,3236.0
205,200,ic,8,0.0,356.0,212.0,8.0,211.0,142.0,3.0,145.0,88.0,272.0,3345.0
205,200,ic,8,5.0,311.0,149.0,10.0,167.0,124.0,20.0,106.0,42.0,270.0,3326.0
205,200,ic,8,10.0,310.0,167.0,9.0,238.0,66.0,6.0,125.0,75.0,255.0,3355.0
205,200,ic,8,15.0,328.0,179.0,7.0,201.0,94.0,33.0,97.0,67.0,236.0,3387.0
205,200,ic,8,20.0,352.0,199.0,7.0,220.0,123.0,9.0,123.0,73.0,223.0,3320.0
205,200,ic,8,25.0,370.0,180.0,8.0,259.0,97.0,14.0,102.0,72.0,240.0,3283.0
205,200,ic,8,30.0,398.0,193.0,7.0,218.0,155.0,25.0,117.0,73.0,235.0,3369.0
205,200,ic,8,35.0,275.0,183.0,6.0,176.0,72.0,27.0,99.0,66.0,217.0,3235.0
205,200,ic,8,40.0,255.0,207.0,5.0,162.0,83.0,10.0,121.0,75.0,245.0,3255.0
205,200,ic,8,45.0,384.0,256.0,7.0,201.0,152.0,31.0,116.0,77.0,274.0,3340.0
205,200,ic,8,50.0,271.0,233.0,4.0,223.0,32.0,16.0,119.0,81.0,223.0,3351.0
205,200,ic,8,55.0,367.0,270.0,5.0,245.0,99.0,23.0,117.0,77.0,209.0,3419.0
205,200,ic,8,60.0,310.0,213.0,7.0,214.0,81.0,15.0,128.0,81.0,223.0,3300.0
205,200,ic,8,65.0,287.0,190.0,8.0,190.0,97.0,0.0,111.0,81.0,206.0,3377.0
205,200,ic,8,70.0,258.0,234.0,3.0,186.0,55.0,17.0,134.0,98.0,196.0,3270.0
205,200,ic,8,75.0,297.0,243.0,4.0,227.0,53.0,17.0,127.0,91.0,216.0,3310.0
205,200,ic,8,80.0,368.0,254.0,7.0,259.0,81.0,28.0,136.0,89.0,267.0,3258.0
205,200,ic,8,85.0,321.0,235.0,5.0,225.0,85.0,11.0,144.0,102.0,226.0,3312.0
205,200,ic,8,90.0,287.0,237.0,5.0,214.0,56.0,17.0,122.0,96.0,225.0,3235.0
205,200,ic,8,95.0,362.0,297.0,5.0,225.0,112.0,25.0,132.0,100.0,237.0,3245.0
205,200,ic,8,100.0,327.0,251.0,6.0,224.0,74.0,29.0,144.0,104.0,317.0,3318.0
205,200,ic,8,105.0,367.0,266.0,6.0,276.0,68.0,23.0,146.0,112.0,252.0,3327.0
205,200,ic,8,110.0,381.0,251.0,7.0,245.0,119.0,17.0,169.0,120.0,254.0,3453.0
205,200,ic,8,115.0,328.0,284.0,4.0,271.0,36.0,21.0,152.0,114.0,221.0,3425.0
205,200,ic,8,120.0,333.0,257.0,6.0,238.0,61.0,34.0,152.0,114.0,218.0,3311.0
205,200,ic,8,125.0,382.0,268.0,7.0,250.0,92.0,40.0,144.0,107.0,231.0,3357.0
205,200,ic,8,130.0,321.0,258.0,5.0,211.0,73.0,37.0,145.0,112.0,250.0,3313.0
205,200,ic,8,135.0,336.0,268.0,5.0,231.0,67.0,38.0,135.0,102.0,242.0,3341.0
205,200,ic,8,140.0,324.0,242.0,6.0,201.0,80.0,43.0,149.0,112.0,201.0,3266.0
205,200,ic,8,145.0,367.0,263.0,8.0,228.0,112.0,27.0,149.0,100.0,246.0,3392.0
205,200,ic,8,150.0,379.0,279.0,7.0,195.0,143.0,41.0,143.0,113.0,240.0,3301.0
205,200,ic,8,155.0,337.0,279.0,3.0,189.0,105.0,43.0,152.0,112.0,249.0,3281.0
205,200,ic,8,160.0,373.0,257.0,5.0,191.0,129.0,53.0,158.0,118.0,232.0,3328.0
205,200,ic,8,165.0,365.0,288.0,3.0,199.0,97.0,69.0,173.0,119.0,221.0,3327.0
205,200,ic,8,170.0,412.0,263.0,7.0,209.0,144.0,59.0,164.0,117.0,254.0,3297.0
205,200,ic,8,175.0,479.0,312.0,8.0,245.0,159.0,75.0,161.0,118.0,262.0,3406.0
205,200,ic,8,180.0,390.0,292.0,6.0,237.0,83.0,70.0,170.0,129.0,277.0,3369.0
205,200,ic,8,185.0,449.0,322.0,6.0,198.0,150.0,101.0,181.0,136.0,255.0,3449.0
205,200,ic,8,190.0,461.0,317.0,6.0,217.0,136.0,108.0,199.0,147.0,300.0,3514.0
205,200,ic,8,195.0,450.0,351.0,5.0,219.0,120.0,111.0,179.0,127.0,261.0,3332.0
205,200,ic,8,200.0,418.0,341.0,5.0,196.0,125.0,97.0,178.0,142.0,243.0,3440.0
205,200,ic,8,205.0,424.0,328.0,6.0,228.0,112.0,84.0,176.0,135.0,267.0,3428.0
205,200,ic,8,210.0,433.0,321.0,7.0,170.0,155.0,108.0,183.0,127.0,283.0,3400.0
205,200,ic,8,215.0,421.0,330.0,5.0,211.0,130.0,80.0,183.0,126.0,289.0,3484.0
205,200,ic,8,220.0,424.0,305.0,6.0,218.0,136.0,70.0,189.0,128.0,277.0,3303.0
205,200,ic,8,225.0,428.0,341.0,6.0,151.0,161.0,116.0,174.0,131.0,287.0,3434.0
205,200,ic,8,230.0,435.0,383.0,4.0,174.0,149.0,112.0,201.0,153.0,269.0,3368.0
205,200,ic,8,235.0,470.0,378.0,5.0,162.0,199.0,109.0,188.0,161.0,278.0,3471.0
205,200,ic,8,240.0,482.0,377.0,5.0,250.0,111.0,121.0,216.0,165.0,276.0,3410.0
205,200,ic,8,245.0,485.0,379.0,4.0,194.0,153.0,138.0,217.0,182.0,272.0,3460.0
205,200,ic,8,250.0,435.0,399.0,4.0,172.0,152.0,111.0,219.0,181.0,275.0,3404.0
205,200,ic,8,255.0,480.0,403.0,5.0,204.0,138.0,138.0,224.0,173.0,267.0,3421.0
205,200,ic,9,0.0,356.0,212.0,8.0,211.0,142.0,3.0,145.0,88.0,272.0,3345.0
205,200,ic,9,5.0,232.0,176.0,3.0,196.0,34.0,2.0,102.0,61.0,225.0,3308.0
205,200,ic,9,10.0,255.0,144.0,9.0,158.0,97.0,0.0,97.0,47.0,211.0,3259.0
205,200,ic,9,15.0,296.0,189.0,7.0,182.0,106.0,8.0,116.0,81.0,226.0,3334.0
205,200,ic,9,20.0,292.0,181.0,8.0,183.0,101.0,8.0,109.0,68.0,254.0,3324.0
205,200,ic,9,25.0,379.0,202.0,10.0,211.0,135.0,33.0,127.0,71.0,227.0,3324.0
205,200,ic,9,30.0,272.0,188.0,5.0,202.0,70.0,0.0,103.0,55.0,237.0,3292.0
205,200,ic,9,35.0,331.0,193.0,6.0,182.0,131.0,18.0,109.0,61.0,232.0,3277.0
205,200,ic,9,40.0,332.0,193.0,7.0,177.0,141.0,14.0,115.0,65.0,235.0,3325.0
205,200,ic,9,45.0,344.0,174.0,9.0,164.0,164.0,16.0,119.0,74.0,226.0,3367.0
205,200,ic,9,50.0,260.0,179.0,7.0,165.0,79.0,16.0,95.0,61.0,209.0,3189.0
205,200,ic,9,55.0,290.0,228.0,5.0,147.0,115.0,28.0,117.0,68.0,229.0,3329.0
205,200,ic,9,60.0,286.0,208.0,5.0,172.0,96.0,18.0,116.0,80.0,225.0,3261.0
205,200,ic,9,65.0,244.0,215.0,2.0,183.0,45.0,16.0,138.0,86.0,253.0,3346.0
205,200,ic,9,70.0,317.0,211.0,8.0,188.0,113.0,16.0,111.0,65.0,215.0,3288.0
205,200,ic,9,75.0,218.0,188.0,3.0,161.0,47.0,10.0,105.0,66.0,201.0,3239.0
205,200,ic,9,80.0,207.0,182.0,2.0,128.0,57.0,22.0,98.0,62.0,191.0,3224.0
205,200,ic,9,85.0,216.0,204.0,2.0,127.0,62.0,27.0,96.0,63.0,175.0,3225.0
205,200,ic,9,90.0,210.0,174.0,4.0,150.0,42.0,18.0,97.0,56.0,191.0,3289.0
205,200,ic,9,95.0,284.0,194.0,8.0,188.0,81.0,15.0,95.0,61.0,213.0,3323.0
205,200,ic,9,100.0,284.0,236.0,5.0,174.0,97.0,13.0,97.0,66.0,242.0,3238.0
205,200,ic,9,105.0,341.0,229.0,6.0,210.0,100.0,31.0,116.0,75.0,227.0,3258.0
205,200,ic,9,110.0,288.0,232.0,4.0,189.0,68.0,31.0,108.0,68.0,227.0,3333.0
205,200,ic,9,115.0,332.0,187.0,7.0,226.0,65.0,41.0,111.0,75.0,208.0,3134.0
205,200,ic,9,120.0,309.0,224.0,4.0,220.0,51.0,38.0,123.0,72.0,288.0,3296.0
205,200,ic,9,125.0,260.0,248.0,2.0,165.0,54.0,41.0,124.0,79.0,244.0,3182.0
205,200,ic,9,130.0,319.0,233.0,7.0,201.0,83.0,35.0,120.0,78.0,273.0,3230.0
205,200,ic,9,135.0,340.0,209.0,7.0,227.0,86.0,27.0,129.0,83.0,253.0,3306.0
205,200,ic,9,140.0,305.0,196.0,6.0,214.0,70.0,21.0,124.0,79.0,238.0,3142.0
205,200,ic,9,145.0,330.0,256.0,6.0,200.0,85.0,45.0,116.0,73.0,236.0,3165.0
205,200,ic,9,150.0,258.0,214.0,4.0,189.0,34.0,35.0,116.0,82.0,213.0,3212.0
205,200,ic,9,155.0,317.0,221.0,8.0,213.0,75.0,29.0,108.0,74.0,250.0,3266.0
205,200,ic,9,160.0,297.0,219.0,5.0,192.0,74.0,31.0,122.0,78.0,252.0,3345.0
205,200,ic,9,165.0,304.0,268.0,4.0,200.0,68.0,36.0,133.0,84.0,252.0,3222.0
205,200,ic,9,170.0,283.0,244.0,3.0,198.0,50.0,35.0,120.0,85.0,228.0,3288.0
205,200,ic,9,175.0,398.0,243.0,8.0,202.0,163.0,33.0,137.0,85.0,293.0,3366.0
205,200,ic,9,180.0,435.0,271.0,11.0,223.0,176.0,36.0,145.0,88.0,296.0,3341.0
205,200,ic,9,185.0,385.0,303.0,7.0,231.0,112.0,42.0,149.0,96.0,285.0,3332.0
205,200,ic,9,190.0,358.0,229.0,6.0,270.0,65.0,23.0,136.0,76.0,282.0,3437.0
205,200,ic,9,195.0,320.0,254.0,5.0,205.0,78.0,37.0,130.0,78.0,263.0,3367.0
205,200,ic,9,200.0,304.0,265.0,4.0,199.0,64.0,41.0,133.0,85.0,252.0,3367.0
205,200,ic,9,205.0,312.0,248.0,6.0,196.0,94.0,22.0,124.0,81.0,220.0,3352.0
205,200,ic,9,210.0,366.0,212.0,10.0,204.0,143.0,19.0,119.0,83.0,241.0,3373.0
205,200,ic,9,215.0,404.0,325.0,7.0,234.0,124.0,46.0,141.0,90.0,266.0,3325.0
205,200,ic,9,220.0,337.0,250.0,7.0,196.0,100.0,41.0,131.0,88.0,284.0,3252.0
205,200,ic,9,225.0,380.0,306.0,5.0,214.0,99.0,67.0,141.0,84.0,308.0,3362.0
205,200,ic,9,230.0,397.0,287.0,8.0,198.0,152.0,47.0,152.0,98.0,279.0,3357.0
205,200,ic,9,235.0,396.0,314.0,3.0,165.0,170.0,61.0,160.0,102.0,256.0,3286.0
205,200,ic,9,240.0,352.0,274.0,6.0,234.0,72.0,46.0,151.0,103.0,285.0,3364.0
205,200,ic,9,245.0,370.0,271.0,7.0,198.0,115.0,57.0,159.0,112.0,245.0,3404.0
205,200,ic,9,250.0,334.0,262.0,5.0,218.0,64.0,52.0,152.0,103.0,279.0,3389.0
205,200,ic,9,255.0,341.0,256.0,6.0,198.0,105.0,38.0,143.0,97.0,261.0,3331.0
205,200,ic,9,260.0,299.0,285.0,2.0,157.0,88.0,54.0,155.0,107.0,249.0,3361.0
205,200,ic,9,265.0,409.0,356.0,4.0,212.0,122.0,75.0,134.0,99.0,259.0,3287.0
205,200,ic,9,270.0,355.0,288.0,6.0,242.0,62.0,51.0,157.0,110.0,249.0,3328.0
205,200,ic,9,275.0,447.0,296.0,10.0,272.0,103.0,72.0,159.0,108.0,290.0,3386.0
205,200,ic,9,280.0,414.0,315.0,6.0,303.0,41.0,70.0,164.0,120.0,239.0,3237.0
205,200,ic,9,285.0,364.0,284.0,6.0,262.0,51.0,51.0,163.0,122.0,230.0,3400.0
205,200,ic,9,290.0,419.0,354.0,6.0,226.0,110.0,83.0,167.0,121.0,243.0,3306.0
205,200,ic,9,295.0,406.0,302.0,7.0,213.0,127.0,66.0,163.0,118.0,258.0,3319.0
205,200,ic,9,300.0,412.0,358.0,4.0,223.0,116.0,73.0,168.0,124.0,254.0,3382.0
205,200,ic,9,305.0,463.0,397.0,5.0,246.0,140.0,77.0,169.0,123.0,259.0,3296.0
205,200,ic,9,310.0,467.0,397.0,6.0,240.0,145.0,82.0,174.0,138.0,250.0,3326.0
205,200,ic,9,315.0,355.0,330.0,2.0,209.0,63.0,83.0,167.0,126.0,223.0,3434.0
205,200,ic,9,320.0,385.0,349.0,3.0,199.0,85.0,101.0,186.0,132.0,265.0,3421.0
205,200,ic,9,325.0,431.0,318.0,8.0,216.0,133.0,82.0,163.0,129.0,253.0,3409.0
205,200,ic,9,330.0,436.0,358.0,5.0,222.0,116.0,98.0,187.0,148.0,257.0,3487.0
205,200,ic,9,335.0,358.0,310.0,5.0,154.0,107.0,97.0,173.0,129.0,250.0,3369.0
205,200,ic,9,340.0,356.0,326.0,3.0,199.0,51.0,106.0,190.0,146.0,301.0,3344.0
205,200,ic,9,345.0,455.0,376.0,6.0,234.0,111.0,110.0,158.0,127.0,274.0,3376.0
205,200,ic,9,350.0,492.0,365.0,9.0,262.0,124.0,106.0,178.0,143.0,269.0,3417.0
205,200,ic,9,355.0,428.0,367.0,6.0,220.0,104.0,104.0,184.0,145.0,270.0,3393.0
205,200,ic,9,360.0,423.0,348.0,5.0,135.0,103.0,185.0,177.0,147.0,236.0,3446.0
205,200,ic,9,365.0,426.0,332.0,7.0,233.0,74.0,119.0,187.0,144.0,231.0,3412.0
205,200,ic,9,370.0,482.0,386.0,8.0,150.0,155.0,177.0,194.0,145.0,221.0,3229.0
205,200,ic,9,375.0,494.0,411.0,6.0,210.0,137.0,147.0,191.0,157.0,244.0,3340.0
205,300,ic,0,0.0,479.0,374.0,6.0,346.0,130.0,3.0,215.0,160.0,255.0,3415.0
205,300,ic,0,5.0,360.0,228.0,7.0,216.0,138.0,6.0,127.0,88.0,214.0,3187.0
205,300,ic,0,10.0,404.0,258.0,10.0,188.0,187.0,29.0,159.0,104.0,274.0,3323.0
205,300,ic,0,15.0,455.0,289.0,8.0,261.0,176.0,18.0,135.0,97.0,240.0,3214.0
205,300,ic,0,20.0,421.0,291.0,11.0,245.0,169.0,7.0,142.0,91.0,258.0,3412.0
205,300,ic,0,25.0,405.0,245.0,11.0,274.0,107.0,24.0,150.0,91.0,295.0,3328.0
205,300,ic,0,30.0,417.0,254.0,9.0,251.0,129.0,37.0,156.0,108.0,271.0,3305.0
205,300,ic,0,35.0,421.0,227.0,12.0,286.0,108.0,27.0,162.0,98.0,336.0,3431.0
205,300,ic,0,40.0,420.0,261.0,7.0,254.0,138.0,28.0,151.0,101.0,316.0,3456.0
205,300,ic,0,45.0,403.0,250.0,6.0,268.0,104.0,31.0,150.0,102.0,272.0,3296.0
205,300,ic,0,50.0,414.0,287.0,8.0,262.0,93.0,59.0,181.0,129.0,288.0,3338.0
205,300,ic,0,55.0,335.0,298.0,3.0,248.0,51.0,36.0,179.0,133.0,250.0,3454.0
205,300,ic,0,60.0,292.0,292.0,1.0,210.0,42.0,40.0,163.0,133.0,246.0,3239.0
205,300,ic,0,65.0,402.0,364.0,4.0,226.0,125.0,51.0,177.0,140.0,253.0,3387.0
205,300,ic,0,70.0,452.0,372.0,7.0,213.0,171.0,68.0,190.0,144.0,240.0,3437.0
205,300,ic,0,75.0,377.0,341.0,4.0,218.0,110.0,49.0,191.0,144.0,244.0,3350.0
205,300,ic,0,80.0,378.0,342.0,4.0,235.0,96.0,47.0,167.0,130.0,239.0,3463.0
205,300,ic,0,85.0,344.0,288.0,4.0,240.0,70.0,34.0,186.0,145.0,278.0,3393.0
205,300,ic,0,90.0,436.0,300.0,8.0,296.0,99.0,41.0,191.0,145.0,320.0,3411.0
205,300,ic,0,95.0,373.0,315.0,4.0,280.0,53.0,40.0,187.0,141.0,242.0,3459.0
205,300,ic,0,100.0,433.0,329.0,9.0,268.0,112.0,53.0,182.0,144.0,270.0,3334.0
205,300,ic,0,105.0,496.0,405.0,6.0,288.0,150.0,58.0,189.0,158.0,248.0,3395.0
205,300,ic,0,110.0,473.0,319.0,9.0,302.0,139.0,32.0,195.0,147.0,255.0,3341.0
205,300,ic,0,115.0,448.0,338.0,8.0,270.0,127.0,51.0,201.0,161.0,257.0,3417.0
205,300,ic,0,120.0,494.0,364.0,8.0,242.0,206.0,46.0,208.0,164.0,288.0,3461.0
205,300,ic,0,125.0,522.0,408.0,8.0,252.0,212.0,58.0,215.0,164.0,288.0,3372.0
205,300,ic,0,130.0,489.0,401.0,8.0,261.0,179.0,49.0,219.0,169.0,298.0,3407.0
205,300,ic,0,135.0,529.0,391.0,10.0,249.0,229.0,51.0,226.0,171.0,276.0,3346.0
205,300,ic,0,140.0,531.0,433.0,7.0,247.0,234.0,50.0,214.0,184.0,277.0,3535.0
205,300,ic,0,145.0,516.0,410.0,7.0,263.0,201.0,52.0,221.0,179.0,253.0,3483.0
205,300,ic,0,150.0,522.0,452.0,6.0,306.0,157.0,59.0,215.0,178.0,253.0,3526.0
205,300,ic,0,155.0,415.0,403.0,2.0,251.0,93.0,71.0,226.0,192.0,273.0,3445.0
205,300,ic,0,160.0,441.0,417.0,3.0,266.0,105.0,70.0,223.0,193.0,263.0,3386.0
205,300,ic,0,165.0,563.0,432.0,9.0,369.0,127.0,67.0,222.0,182.0,257.0,3465.0
205,300,ic,0,170.0,451.0,397.0,4.0,299.0,90.0,62.0,244.0,194.0,285.0,3476.0
205,300,ic,0,175.0,466.0,429.0,3.0,302.0,109.0,55.0,224.0,186.0,267.0,3445.0
205,300,ic,0,180.0,514.0,502.0,2.0,322.0,110.0,82.0,241.0,205.0,265.0,3398.0
205,300,ic,0,185.0,558.0,528.0,2.0,349.0,125.0,84.0,236.0,202.0,280.0,3436.0
205,300,ic,0,190.0,448.0,436.0,2.0,298.0,82.0,68.0,244.0,208.0,239.0,3510.0
205,300,ic,0,195.0,467.0,467.0,1.0,302.0,90.0,75.0,216.0,188.0,265.0,3409.0
205,300,ic,0,200.0,522.0,522.0,1.0,317.0,103.0,102.0,236.0,201.0,261.0,3486.0
205,300,ic,0,205.0,644.0,604.0,4.0,331.0,174.0,139.0,267.0,213.0,260.0,3448.0
205,300,ic,1,0.0,479.0,374.0,6.0,346.0,130.0,3.0,215.0,160.0,255.0,3415.0
205,300,ic,1,5.0,438.0,278.0,10.0,294.0,138.0,6.0,170.0,118.0,286.0,3320.0
205,300,ic,1,10.0,415.0,305.0,6.0,318.0,88.0,9.0,164.0,125.0,239.0,3458.0
205,300,ic,1,15.0,406.0,305.0,5.0,314.0,72.0,20.0,179.0,136.0,274.0,3450.0
205,300,ic,1,20.0,433.0,373.0,5.0,297.0,87.0,49.0,184.0,133.0,287.0,3458.0
205,300,ic,1,25.0,398.0,350.0,4.0,272.0,82.0,44.0,176.0,135.0,264.0,3387.0
205,300,ic,1,30.0,440.0,347.0,4.0,314.0,98.0,28.0,203.0,160.0,252.0,3506.0
205,300,ic,1,35.0,448.0,340.0,6.0,286.0,136.0,26.0,202.0,160.0,251.0,3407.0
205,300,ic,1,40.0,536.0,387.0,6.0,416.0,102.0,18.0,216.0,166.0,268.0,3445.0
205,300,ic,1,45.0,531.0,389.0,7.0,325.0,163.0,43.0,200.0,148.0,293.0,3412.0
205,300,ic,1,50.0,468.0,354.0,6.0,324.0,111.0,33.0,199.0,156.0,260.0,3506.0
205,300,ic,1,55.0,478.0,398.0,7.0,300.0,145.0,33.0,204.0,155.0,249.0,3432.0
205,300,ic,1,60.0,426.0,390.0,4.0,279.0,103.0,44.0,185.0,152.0,257.0,3392.0
205,300,ic,1,65.0,452.0,378.0,6.0,310.0,91.0,51.0,206.0,166.0,278.0,3364.0
205,300,ic,1,70.0,521.0,381.0,9.0,322.0,145.0,54.0,208.0,160.0,307.0,3428.0
205,300,ic,1,75.0,522.0,398.0,6.0,312.0,154.0,56.0,231.0,178.0,310.0,3396.0
205,300,ic,1,80.0,556.0,419.0,9.0,255.0,237.0,64.0,222.0,184.0,259.0,3407.0
205,300,ic,1,85.0,536.0,431.0,7.0,279.0,204.0,53.0,228.0,181.0,280.0,3353.0
205,300,ic,1,90.0,542.0,486.0,5.0,299.0,158.0,85.0,250.0,195.0,292.0,3473.0
205,300,ic,1,95.0,635.0,495.0,8.0,327.0,239.0,69.0,261.0,214.0,305.0,3433.0
205,300,ic,1,100.0,572.0,475.0,7.0,377.0,128.0,67.0,281.0,233.0,281.0,3563.0
205,300,ic,1,105.0,605.0,501.0,8.0,345.0,206.0,54.0,283.0,228.0,277.0,3460.0
205,300,ic,1,110.0,619.0,484.0,8.0,333.0,228.0,58.0,271.0,232.0,311.0,3489.0
205,300,ic,1,115.0,589.0,427.0,8.0,318.0,222.0,49.0,252.0,218.0,266.0,3481.0
205,300,ic,1,120.0,578.0,480.0,7.0,374.0,142.0,62.0,261.0,219.0,308.0,3569.0
205,300,ic,1,125.0,607.0,466.0,8.0,359.0,166.0,82.0,283.0,230.0,330.0,3557.0
205,300,ic,1,130.0,629.0,527.0,6.0,318.0,212.0,99.0,288.0,218.0,321.0,3615.0
205,300,ic,1,135.0,580.0,501.0,5.0,346.0,162.0,72.0,281.0,237.0,275.0,3541.0
205,300,ic,1,140.0,601.0,537.0,4.0,349.0,170.0,82.0,281.0,243.0,298.0,3475.0
205,300,ic,1,145.0,545.0,510.0,3.0,339.0,149.0,57.0,291.0,251.0,252.0,3490.0
205,300,ic,1,150.0,556.0,506.0,5.0,333.0,139.0,84.0,301.0,267.0,265.0,3557.0
205,300,ic,1,155.0,583.0,535.0,5.0,336.0,170.0,77.0,297.0,266.0,282.0,3508.0
205,300,ic,1,160.0,596.0,521.0,5.0,332.0,194.0,70.0,283.0,251.0,278.0,3579.0
205,300,ic,1,165.0,572.0,550.0,2.0,380.0,108.0,84.0,292.0,240.0,298.0,3626.0
205,300,ic,1,170.0,621.0,574.0,4.0,343.0,170.0,108.0,305.0,268.0,352.0,3663.0
205,300,ic,1,175.0,628.0,554.0,6.0,321.0,205.0,102.0,302.0,246.0,321.0,3556.0
205,300,ic,1,180.0,643.0,607.0,3.0,390.0,140.0,113.0,318.0,284.0,319.0,3555.0
205,300,ic,10,0.0,479.0,374.0,6.0,346.0,130.0,3.0,215.0,160.0,255.0,3415.0
205,300,ic,10,5.0,410.0,272.0,9.0,286.0,124.0,0.0,162.0,111.0,257.0,3353.0
205,300,ic,10,10.0,379.0,267.0,8.0,295.0,84.0,0.0,160.0,110.0,290.0,3337.0
205,300,ic,10,15.0,430.0,283.0,9.0,276.0,154.0,0.0,142.0,102.0,275.0,3350.0
205,300,ic,10,20.0,463.0,283.0,8.0,283.0,180.0,0.0,159.0,106.0,285.0,3426.0
205,300,ic,10,25.0,460.0,270.0,10.0,308.0,142.0,10.0,182.0,123.0,309.0,3361.0
205,300,ic,10,30.0,478.0,322.0,8.0,372.0,106.0,0.0,179.0,124.0,295.0,3363.0
205,300,ic,10,35.0,441.0,290.0,9.0,355.0,86.0,0.0,180.0,134.0,271.0,3387.0
205,300,ic,10,40.0,495.0,324.0,9.0,362.0,127.0,6.0,181.0,131.0,266.0,3351.0
205,300,ic,10,45.0,481.0,316.0,9.0,403.0,66.0,12.0,173.0,119.0,289.0,3383.0
205,300,ic,10,50.0,469.0,317.0,10.0,373.0,90.0,6.0,189.0,146.0,268.0,3408.0
205,300,ic,10,55.0,512.0,349.0,11.0,373.0,119.0,20.0,202.0,150.0,302.0,3350.0
205,300,ic,10,60.0,479.0,340.0,9.0,334.0,125.0,20.0,215.0,166.0,280.0,3422.0
205,300,ic,10,65.0,493.0,367.0,10.0,353.0,124.0,16.0,214.0,159.0,317.0,3467.0
205,300,ic,10,70.0,531.0,406.0,9.0,393.0,116.0,22.0,200.0,152.0,313.0,3420.0
205,300,ic,10,75.0,520.0,456.0,5.0,415.0,88.0,17.0,198.0,151.0,285.0,3431.0
205,300,ic,10,80.0,526.0,429.0,7.0,397.0,101.0,28.0,214.0,165.0,316.0,3383.0
205,300,ic,10,85.0,513.0,403.0,6.0,409.0,86.0,18.0,237.0,181.0,281.0,3504.0
205,300,ic,10,90.0,570.0,469.0,7.0,433.0,100.0,37.0,234.0,188.0,271.0,3451.0
205,300,ic,10,95.0,610.0,510.0,7.0,461.0,111.0,38.0,243.0,194.0,321.0,3501.0
205,300,ic,10,100.0,528.0,448.0,6.0,419.0,68.0,41.0,244.0,193.0,299.0,3451.0
205,300,ic,10,105.0,595.0,527.0,6.0,500.0,72.0,23.0,277.0,215.0,349.0,3588.0
205,300,ic,10,110.0,657.0,499.0,9.0,490.0,140.0,27.0,266.0,215.0,351.0,3428.0
205,300,ic,10,115.0,639.0,523.0,7.0,448.0,147.0,44.0,276.0,227.0,323.0,3487.0
205,300,ic,10,120.0,582.0,478.0,6.0,455.0,96.0,31.0,259.0,204.0,303.0,3559.0
205,300,ic,10,125.0,570.0,442.0,6.0,434.0,123.0,13.0,234.0,194.0,288.0,3467.0
205,300,ic,10,130.0,620.0,519.0,7.0,445.0,148.0,27.0,254.0,196.0,309.0,3498.0
205,300,ic,10,135.0,520.0,478.0,4.0,412.0,64.0,44.0,253.0,197.0,320.0,3546.0
205,300,ic,10,140.0,497.0,485.0,2.0,386.0,71.0,40.0,252.0,202.0,291.0,3427.0
205,300,ic,10,145.0,549.0,480.0,6.0,424.0,97.0,28.0,269.0,228.0,301.0,3435.0
205,300,ic,10,150.0,534.0,494.0,4.0,431.0,72.0,31.0,261.0,208.0,328.0,3484.0
205,300,ic,10,155.0,545.0,519.0,3.0,430.0,52.0,63.0,275.0,232.0,251.0,3528.0
205,300,ic,10,160.0,624.0,544.0,6.0,433.0,114.0,77.0,291.0,249.0,293.0,3443.0
205,300,ic,10,165.0,627.0,582.0,4.0,415.0,147.0,65.0,291.0,250.0,263.0,3544.0
205,300,ic,10,170.0,538.0,514.0,3.0,363.0,111.0,64.0,285.0,233.0,317.0,3399.0
205,300,ic,10,175.0,550.0,536.0,2.0,371.0,115.0,64.0,257.0,221.0,292.0,3484.0
205,300,ic,10,180.0,586.0,513.0,6.0,415.0,101.0,70.0,263.0,222.0,283.0,3527.0
205,300,ic,10,185.0,622.0,575.0,4.0,407.0,120.0,95.0,281.0,239.0,291.0,3534.0
205,300,ic,10,190.0,580.0,568.0,2.0,437.0,75.0,68.0,281.0,240.0,287.0,3472.0
205,300,ic,10,195.0,641.0,586.0,5.0,395.0,124.0,122.0,307.0,263.0,314.0,3609.0
205,300,ic,10,200.0,658.0,583.0,5.0,387.0,158.0,113.0,293.0,264.0,296.0,3533.0
205,300,ic,10,205.0,646.0,620.0,3.0,404.0,109.0,133.0,302.0,272.0,320.0,3484.0
205,300,ic,11,0.0,479.0,374.0,6.0,346.0,130.0,3.0,215.0,160.0,255.0,3415.0
205,300,ic,11,5.0,414.0,256.0,9.0,365.0,49.0,0.0,146.0,98.0,272.0,3425.0
205,300,ic,11,10.0,355.0,249.0,8.0,270.0,85.0,0.0,127.0,92.0,220.0,3315.0
205,300,ic,11,15.0,404.0,259.0,8.0,301.0,95.0,8.0,130.0,88.0,242.0,3249.0
205,300,ic,11,20.0,379.0,291.0,6.0,316.0,57.0,6.0,155.0,116.0,295.0,3349.0
205,300,ic,11,25.0,428.0,286.0,7.0,317.0,105.0,6.0,174.0,124.0,253.0,3334.0
205,300,ic,11,30.0,310.0,272.0,3.0,266.0,27.0,17.0,139.0,117.0,199.0,3242.0
205,300,ic,11,35.0,342.0,277.0,5.0,281.0,46.0,15.0,149.0,114.0,240.0,3283.0
205,300,ic,11,40.0,460.0,408.0,5.0,310.0,121.0,29.0,158.0,114.0,267.0,3321.0
205,300,ic,11,45.0,475.0,408.0,4.0,365.0,87.0,23.0,168.0,120.0,306.0,3333.0
205,300,ic,11,50.0,464.0,319.0,7.0,368.0,91.0,5.0,179.0,133.0,281.0,3397.0
205,300,ic,11,55.0,490.0,314.0,6.0,416.0,71.0,3.0,161.0,123.0,293.0,3378.0
205,300,ic,11,60.0,475.0,318.0,8.0,427.0,48.0,0.0,150.0,114.0,277.0,3397.0
205,300,ic,11,65.0,424.0,298.0,6.0,361.0,57.0,6.0,172.0,119.0,270.0,3367.0
205,300,ic,11,70.0,419.0,327.0,4.0,383.0,18.0,18.0,181.0,132.0,295.0,3419.0
205,300,ic,11,75.0,461.0,303.0,4.0,386.0,66.0,9.0,165.0,121.0,270.0,3404.0
205,300,ic,11,80.0,388.0,308.0,6.0,328.0,54.0,6.0,183.0,137.0,302.0,3436.0
205,300,ic,11,85.0,457.0,315.0,7.0,340.0,95.0,22.0,160.0,115.0,316.0,3325.0
205,300,ic,11,90.0,486.0,352.0,7.0,343.0,106.0,37.0,184.0,136.0,270.0,3339.0
205,300,ic,11,95.0,441.0,346.0,7.0,359.0,50.0,32.0,191.0,151.0,260.0,3303.0
205,300,ic,11,100.0,476.0,348.0,11.0,331.0,104.0,41.0,203.0,159.0,289.0,3323.0
205,300,ic,11,105.0,414.0,375.0,4.0,318.0,51.0,45.0,182.0,152.0,273.0,3410.0
205,300,ic,11,110.0,478.0,366.0,9.0,348.0,90.0,40.0,192.0,151.0,288.0,3385.0
205,300,ic,11,115.0,484.0,360.0,6.0,406.0,41.0,37.0,207.0,164.0,282.0,3394.0
205,300,ic,11,120.0,474.0,364.0,9.0,369.0,76.0,29.0,195.0,159.0,294.0,3373.0
205,300,ic,11,125.0,452.0,374.0,6.0,400.0,24.0,28.0,195.0,152.0,326.0,3478.0
205,300,ic,11,130.0,399.0,363.0,4.0,319.0,39.0,41.0,213.0,171.0,265.0,3472.0
205,300,ic,11,135.0,416.0,363.0,5.0,323.0,56.0,37.0,218.0,164.0,307.0,3427.0
205,300,ic,11,140.0,524.0,436.0,6.0,373.0,100.0,51.0,232.0,174.0,320.0,3389.0
205,300,ic,11,145.0,498.0,405.0,7.0,377.0,66.0,55.0,211.0,170.0,308.0,3423.0
205,300,ic,11,150.0,481.0,422.0,5.0,335.0,77.0,69.0,243.0,196.0,258.0,3385.0
205,300,ic,11,155.0,434.0,404.0,3.0,339.0,48.0,47.0,231.0,187.0,304.0,3490.0
205,300,ic,11,160.0,471.0,391.0,7.0,307.0,108.0,56.0,211.0,176.0,292.0,3463.0
205,300,ic,11,165.0,499.0,456.0,4.0,348.0,84.0,67.0,240.0,195.0,308.0,3506.0
205,300,ic,11,170.0,514.0,444.0,6.0,331.0,112.0,71.0,220.0,189.0,267.0,3523.0
205,300,ic,11,175.0,478.0,466.0,2.0,300.0,116.0,62.0,225.0,174.0,304.0,3456.0
205,300,ic,11,180.0,461.0,419.0,4.0,320.0,75.0,66.0,235.0,193.0,286.0,3341.0
205,300,ic,11,185.0,488.0,387.0,9.0,331.0,112.0,45.0,194.0,152.0,300.0,3455.0
205,300,ic,11,190.0,553.0,494.0,4.0,337.0,159.0,57.0,223.0,182.0,262.0,3390.0
205,300,ic,11,195.0,493.0,386.0,8.0,334.0,118.0,41.0,213.0,167.0,268.0,3366.0
205,300,ic,11,200.0,447.0,372.0,5.0,319.0,101.0,27.0,206.0,174.0,228.0,3430.0
205,300,ic,11,205.0,562.0,435.0,8.0,311.0,207.0,44.0,228.0,186.0,292.0,3476.0
205,300,ic,11,210.0,581.0,477.0,7.0,300.0,194.0,87.0,234.0,189.0,302.0,3549.0
205,300,ic,11,215.0,583.0,477.0,4.0,347.0,156.0,80.0,253.0,199.0,303.0,3502.0
205,300,ic,11,220.0,640.0,476.0,9.0,335.0,228.0,77.0,277.0,202.0,371.0,3568.0
205,300,ic,11,225.0,613.0,534.0,5.0,332.0,175.0,106.0,268.0,221.0,327.0,3533.0
205,300,ic,11,230.0,621.0,533.0,6.0,350.0,156.0,115.0,300.0,233.0,369.0,3565.0
205,300,ic,11,235.0,625.0,512.0,6.0,343.0,168.0,114.0,294.0,244.0,357.0,3545.0
205,300,ic,11,240.0,619.0,475.0,9.0,345.0,165.0,109.0,279.0,225.0,334.0,3625.0
205,300,ic,11,245.0,670.0,547.0,9.0,329.0,220.0,121.0,267.0,225.0,319.0,3579.0
205,300,ic,11,250.0,573.0,499.0,7.0,327.0,153.0,93.0,280.0,234.0,320.0,3531.0
205,300,ic,11,255.0,584.0,502.0,6.0,352.0,150.0,82.0,281.0,211.0,377.0,3661.0
205,300,ic,11,260.0,579.0,487.0,6.0,372.0,128.0,79.0,253.0,216.0,351.0,3598.0
205,300,ic,11,265.0,613.0,533.0,6.0,406.0,111.0,96.0,295.0,242.0,351.0,3699.0
205,300,ic,11,270.0,651.0,583.0,6.0,315.0,197.0,139.0,311.0,255.0,345.0,3631.0
205,300,ic,11,275.0,670.0,529.0,10.0,386.0,175.0,109.0,300.0,249.0,332.0,3580.0
205,300,ic,11,280.0,769.0,610.0,8.0,348.0,295.0,126.0,322.0,268.0,351.0,3615.0
205,300,ic,2,0.0,479.0,374.0,6.0,346.0,130.0,3.0,215.0,160.0,255.0,3415.0
205,300,ic,2,5.0,372.0,292.0,4.0,270.0,92.0,10.0,153.0,96.0,281.0,3279.0
205,300,ic,2,10.0,381.0,312.0,4.0,333.0,48.0,0.0,151.0,102.0,267.0,3193.0
205,300,ic,2,15.0,385.0,315.0,5.0,343.0,42.0,0.0,178.0,134.0,270.0,3364.0
205,300,ic,2,20.0,428.0,338.0,5.0,298.0,115.0,15.0,166.0,123.0,223.0,3329.0
205,300,ic,2,25.0,346.0,296.0,3.0,272.0,68.0,6.0,160.0,123.0,260.0,3436.0
205,300,ic,2,30.0,412.0,318.0,6.0,288.0,118.0,6.0,176.0,132.0,255.0,3434.0
205,300,ic,2,35.0,375.0,305.0,6.0,290.0,67.0,18.0,165.0,128.0,234.0,3283.0
205,300,ic,2,40.0,378.0,313.0,4.0,294.0,66.0,18.0,176.0,140.0,230.0,3288.0
205,300,ic,2,45.0,325.0,299.0,3.0,265.0,37.0,23.0,192.0,137.0,226.0,3465.0
205,300,ic,2,50.0,405.0,350.0,4.0,320.0,68.0,17.0,183.0,137.0,244.0,3342.0
205,300,ic,2,55.0,424.0,340.0,5.0,348.0,49.0,27.0,187.0,150.0,261.0,3392.0
205,300,ic,2,60.0,437.0,355.0,6.0,339.0,64.0,34.0,185.0,159.0,269.0,3397.0
205,300,ic,2,65.0,522.0,372.0,7.0,333.0,120.0,69.0,200.0,158.0,299.0,3425.0
205,300,ic,2,70.0,491.0,419.0,5.0,260.0,140.0,91.0,199.0,170.0,290.0,3311.0
205,300,ic,2,75.0,425.0,377.0,4.0,254.0,118.0,53.0,209.0,174.0,251.0,3335.0
205,300,ic,2,80.0,496.0,422.0,6.0,331.0,101.0,64.0,205.0,172.0,262.0,3437.0
205,300,ic,2,85.0,458.0,408.0,4.0,326.0,97.0,35.0,210.0,170.0,268.0,3376.0
205,300,ic,2,90.0,503.0,460.0,4.0,377.0,93.0,33.0,201.0,159.0,303.0,3429.0
205,300,ic,2,95.0,511.0,459.0,4.0,356.0,84.0,71.0,220.0,184.0,259.0,3403.0
205,300,ic,2,100.0,615.0,573.0,4.0,325.0,195.0,95.0,251.0,210.0,311.0,3559.0
205,300,ic,2,105.0,599.0,551.0,4.0,334.0,176.0,89.0,257.0,224.0,287.0,3484.0
205,300,ic,2,110.0,575.0,549.0,3.0,355.0,129.0,91.0,269.0,226.0,312.0,3502.0
205,300,ic,2,115.0,599.0,585.0,2.0,333.0,162.0,104.0,275.0,237.0,277.0,3472.0
205,300,ic,2,120.0,566.0,530.0,3.0,279.0,172.0,115.0,273.0,239.0,295.0,3428.0
205,300,ic,2,125.0,581.0,533.0,5.0,296.0,177.0,108.0,284.0,248.0,275.0,3488.0
205,300,ic,2,130.0,625.0,553.0,7.0,288.0,213.0,124.0,289.0,253.0,305.0,3484.0
205,300,ic,2,135.0,653.0,625.0,2.0,385.0,144.0,124.0,286.0,237.0,284.0,3515.0
205,300,ic,3,0.0,479.0,374.0,6.0,346.0,130.0,3.0,215.0,160.0,255.0,3415.0
205,300,ic,3,5.0,368.0,306.0,6.0,308.0,54.0,6.0,147.0,112.0,262.0,3368.0
205,300,ic,3,10.0,374.0,306.0,5.0,269.0,91.0,14.0,168.0,133.0,251.0,3350.0
205,300,ic,3,15.0,293.0,269.0,2.0,257.0,30.0,6.0,170.0,129.0,245.0,3335.0
205,300,ic,3,20.0,387.0,307.0,6.0,303.0,72.0,12.0,171.0,132.0,260.0,3365.0
205,300,ic,3,25.0,400.0,316.0,8.0,246.0,117.0,37.0,170.0,124.0,209.0,3414.0
205,300,ic,3,30.0,389.0,291.0,8.0,234.0,124.0,31.0,152.0,114.0,253.0,3332.0
205,300,ic,3,35.0,446.0,324.0,8.0,228.0,180.0,38.0,186.0,134.0,259.0,3434.0
205,300,ic,3,40.0,482.0,358.0,7.0,318.0,116.0,48.0,196.0,151.0,285.0,3404.0
205,300,ic,3,45.0,427.0,373.0,4.0,290.0,97.0,40.0,188.0,151.0,251.0,3493.0
205,300,ic,3,50.0,471.0,394.0,4.0,325.0,95.0,51.0,201.0,166.0,238.0,3442.0
205,300,ic,3,55.0,523.0,475.0,4.0,340.0,130.0,53.0,198.0,159.0,245.0,3504.0
205,300,ic,3,60.0,521.0,455.0,5.0,304.0,159.0,58.0,194.0,157.0,263.0,3403.0
205,300,ic,3,65.0,544.0,480.0,5.0,386.0,101.0,57.0,215.0,164.0,281.0,3451.0
205,300,ic,3,70.0,460.0,446.0,2.0,278.0,61.0,121.0,209.0,179.0,260.0,3466.0
205,300,ic,3,75.0,475.0,425.0,4.0,307.0,84.0,84.0,233.0,200.0,236.0,3488.0
205,300,ic,3,80.0,515.0,418.0,6.0,350.0,94.0,71.0,213.0,175.0,269.0,3447.0
205,300,ic,3,85.0,523.0,415.0,7.0,371.0,74.0,78.0,228.0,187.0,305.0,3413.0
205,300,ic,3,90.0,563.0,495.0,5.0,340.0,140.0,83.0,234.0,198.0,292.0,3390.0
205,300,ic,3,95.0,525.0,481.0,4.0,311.0,102.0,112.0,249.0,209.0,258.0,3432.0
205,300,ic,3,100.0,476.0,428.0,5.0,278.0,120.0,78.0,247.0,200.0,303.0,3375.0
205,300,ic,3,105.0,507.0,420.0,6.0,277.0,133.0,97.0,239.0,193.0,302.0,3432.0
205,300,ic,3,110.0,463.0,451.0,2.0,316.0,45.0,102.0,239.0,202.0,290.0,3478.0
205,300,ic,3,115.0,520.0,448.0,7.0,306.0,119.0,95.0,246.0,210.0,216.0,3464.0
205,300,ic,3,120.0,550.0,526.0,3.0,300.0,141.0,109.0,261.0,212.0,280.0,3440.0
205,300,ic,3,125.0,534.0,490.0,4.0,324.0,116.0,94.0,254.0,208.0,289.0,3470.0
205,300,ic,3,130.0,550.0,469.0,4.0,343.0,115.0,92.0,253.0,207.0,292.0,3546.0
205,300,ic,3,135.0,576.0,509.0,5.0,327.0,136.0,113.0,264.0,213.0,292.0,3467.0
205,300,ic,3,140.0,589.0,495.0,6.0,313.0,149.0,127.0,253.0,211.0,297.0,3519.0
205,300,ic,3,145.0,584.0,489.0,6.0,352.0,108.0,124.0,267.0,217.0,335.0,3537.0
205,300,ic,3,150.0,639.0,502.0,6.0,362.0,166.0,111.0,281.0,228.0,307.0,3548.0
205,300,ic,3,155.0,621.0,507.0,8.0,359.0,155.0,107.0,264.0,220.0,301.0,3551.0
205,300,ic,3,160.0,658.0,532.0,5.0,354.0,196.0,108.0,291.0,233.0,343.0,3582.0
205,300,ic,3,165.0,659.0,538.0,7.0,368.0,170.0,121.0,293.0,220.0,335.0,3455.0
205,300,ic,3,170.0,671.0,553.0,9.0,365.0,189.0,117.0,282.0,228.0,333.0,3544.0
205,300,ic,3,175.0,682.0,548.0,7.0,421.0,153.0,108.0,270.0,225.0,353.0,3553.0
205,300,ic,3,180.0,600.0,516.0,4.0,358.0,135.0,107.0,262.0,215.0,322.0,3498.0
205,300,ic,3,185.0,588.0,519.0,4.0,353.0,136.0,99.0,266.0,221.0,314.0,3471.0
205,300,ic,3,190.0,686.0,484.0,8.0,402.0,184.0,100.0,278.0,215.0,335.0,3527.0
205,300,ic,3,195.0,668.0,528.0,8.0,393.0,164.0,111.0,274.0,227.0,300.0,3531.0
205,300,ic,3,200.0,669.0,508.0,5.0,413.0,151.0,105.0,266.0,214.0,370.0,3480.0
205,300,ic,3,205.0,684.0,614.0,5.0,408.0,159.0,117.0,290.0,230.0,345.0,3502.0
205,300,ic,4,0.0,479.0,374.0,6.0,346.0,130.0,3.0,215.0,160.0,255.0,3415.0
205,300,ic,4,5.0,372.0,237.0,8.0,263.0,103.0,6.0,127.0,88.0,230.0,3241.0
205,300,ic,4,10.0,414.0,275.0,7.0,289.0,113.0,12.0,141.0,87.0,234.0,3229.0
205,300,ic,4,15.0,343.0,225.0,7.0,253.0,90.0,0.0,132.0,83.0,247.0,3338.0
205,300,ic,4,20.0,316.0,242.0,4.0,234.0,73.0,9.0,137.0,92.0,280.0,3243.0
205,300,ic,4,25.0,408.0,239.0,8.0,232.0,170.0,6.0,129.0,85.0,254.0,3273.0
205,300,ic,4,30.0,282.0,220.0,4.0,213.0,59.0,10.0,135.0,93.0,261.0,3239.0
205,300,ic,4,35.0,314.0,238.0,7.0,266.0,48.0,0.0,159.0,102.0,255.0,3233.0
205,300,ic,4,40.0,322.0,254.0,5.0,216.0,80.0,26.0,142.0,94.0,213.0,3253.0
205,300,ic,4,45.0,384.0,302.0,7.0,238.0,111.0,35.0,152.0,110.0,253.0,3303.0
205,300,ic,4,50.0,402.0,350.0,4.0,273.0,97.0,32.0,163.0,125.0,235.0,3421.0
205,300,ic,4,55.0,307.0,283.0,3.0,230.0,54.0,23.0,158.0,117.0,244.0,3330.0
205,300,ic,4,60.0,380.0,306.0,6.0,236.0,113.0,31.0,155.0,116.0,207.0,3368.0
205,300,ic,4,65.0,388.0,278.0,8.0,261.0,110.0,17.0,166.0,116.0,264.0,3365.0
205,300,ic,4,70.0,363.0,269.0,6.0,249.0,97.0,17.0,176.0,138.0,260.0,3221.0
205,300,ic,4,75.0,347.0,279.0,6.0,231.0,102.0,14.0,173.0,126.0,262.0,3351.0
205,300,ic,4,80.0,314.0,287.0,2.0,233.0,53.0,28.0,171.0,132.0,247.0,3264.0
205,300,ic,4,85.0,380.0,303.0,4.0,250.0,109.0,21.0,159.0,126.0,258.0,3322.0
205,300,ic,4,90.0,360.0,282.0,5.0,249.0,93.0,18.0,161.0,131.0,250.0,3314.0
205,300,ic,4,95.0,386.0,324.0,6.0,221.0,122.0,43.0,190.0,156.0,238.0,3348.0
205,300,ic,4,100.0,376.0,306.0,6.0,255.0,95.0,26.0,185.0,146.0,248.0,3380.0
205,300,ic,4,105.0,378.0,312.0,3.0,259.0,93.0,26.0,184.0,152.0,247.0,3289.0
205,300,ic,4,110.0,342.0,310.0,3.0,238.0,55.0,49.0,182.0,152.0,253.0,3317.0
205,300,ic,4,115.0,415.0,355.0,5.0,328.0,26.0,61.0,198.0,155.0,266.0,3255.0
205,300,ic,4,120.0,441.0,343.0,7.0,281.0,117.0,43.0,204.0,151.0,272.0,3301.0
205,300,ic,4,125.0,500.0,386.0,6.0,284.0,159.0,57.0,177.0,137.0,279.0,3438.0
205,300,ic,4,130.0,437.0,369.0,6.0,264.0,131.0,42.0,209.0,164.0,252.0,3368.0
205,300,ic,4,135.0,442.0,376.0,6.0,266.0,120.0,56.0,193.0,152.0,271.0,3324.0
205,300,ic,4,140.0,494.0,449.0,3.0,304.0,133.0,57.0,215.0,165.0,234.0,3437.0
205,300,ic,4,145.0,441.0,382.0,5.0,289.0,105.0,47.0,200.0,162.0,225.0,3348.0
205,300,ic,4,150.0,494.0,433.0,4.0,330.0,102.0,62.0,208.0,174.0,238.0,3399.0
205,300,ic,4,155.0,384.0,356.0,3.0,244.0,96.0,44.0,200.0,162.0,228.0,3316.0
205,300,ic,4,160.0,480.0,361.0,8.0,300.0,133.0,47.0,215.0,161.0,269.0,3434.0
205,300,ic,4,165.0,474.0,423.0,5.0,318.0,108.0,48.0,189.0,159.0,229.0,3444.0
205,300,ic,4,170.0,407.0,370.0,4.0,252.0,112.0,43.0,201.0,156.0,233.0,3396.0
205,300,ic,4,175.0,371.0,359.0,2.0,242.0,87.0,42.0,193.0,170.0,228.0,3356.0
205,300,ic,4,180.0,436.0,392.0,4.0,228.0,139.0,69.0,209.0,170.0,237.0,3415.0
205,300,ic,4,185.0,414.0,396.0,2.0,250.0,89.0,75.0,211.0,179.0,228.0,3381.0
205,300,ic,4,190.0,434.0,390.0,4.0,274.0,104.0,56.0,210.0,178.0,228.0,3320.0
205,300,ic,4,195.0,442.0,376.0,6.0,300.0,89.0,53.0,213.0,181.0,234.0,3373.0
205,300,ic,4,200.0,442.0,409.0,3.0,290.0,74.0,78.0,228.0,197.0,214.0,3508.0
205,300,ic,4,205.0,495.0,450.0,4.0,300.0,112.0,83.0,237.0,197.0,249.0,3472.0
205,300,ic,4,210.0,479.0,446.0,3.0,295.0,79.0,105.0,234.0,194.0,254.0,3450.0
205,300,ic,4,215.0,566.0,478.0,5.0,317.0,140.0,109.0,258.0,218.0,265.0,3341.0
205,300,ic,4,220.0,556.0,544.0,2.0,277.0,121.0,158.0,254.0,215.0,301.0,3419.0
205,300,ic,4,225.0,585.0,545.0,3.0,235.0,173.0,177.0,270.0,225.0,280.0,3373.0
205,300,ic,4,230.0,663.0,591.0,5.0,197.0,228.0,238.0,296.0,249.0,299.0,3555.0
205,300,ic,4,235.0,587.0,527.0,4.0,285.0,138.0,164.0,287.0,240.0,329.0,3507.0
205,300,ic,4,240.0,640.0,507.0,9.0,293.0,181.0,166.0,274.0,233.0,301.0,3520.0
205,300,ic,4,245.0,677.0,522.0,9.0,266.0,209.0,202.0,286.0,233.0,332.0,3492.0
205,300,ic,4,250.0,675.0,570.0,7.0,270.0,232.0,173.0,301.0,239.0,367.0,3506.0
205,300,ic,4,255.0,658.0,608.0,4.0,249.0,193.0,216.0,308.0,268.0,313.0,3533.0
205,300,ic,5,0.0,479.0,374.0,6.0,346.0,130.0,3.0,215.0,160.0,255.0,3415.0
205,300,ic,5,5.0,386.0,235.0,7.0,275.0,105.0,6.0,136.0,89.0,261.0,3371.0
205,300,ic,5,10.0,396.0,257.0,7.0,296.0,91.0,9.0,143.0,98.0,248.0,3308.0
205,300,ic,5,15.0,420.0,276.0,7.0,314.0,99.0,7.0,139.0,97.0,264.0,3287.0
205,300,ic,5,20.0,426.0,277.0,9.0,315.0,99.0,12.0,146.0,96.0,273.0,3212.0
205,300,ic,5,25.0,427.0,277.0,8.0,288.0,122.0,17.0,164.0,105.0,259.0,3335.0
205,300,ic,5,30.0,492.0,256.0,10.0,317.0,175.0,0.0,139.0,99.0,310.0,3405.0
205,300,ic,5,35.0,388.0,263.0,9.0,303.0,72.0,13.0,147.0,107.0,265.0,3390.0
205,300,ic,5,40.0,368.0,272.0,7.0,258.0,82.0,28.0,160.0,116.0,249.0,3390.0
205,300,ic,5,45.0,344.0,270.0,6.0,257.0,74.0,13.0,152.0,115.0,259.0,3455.0
205,300,ic,5,50.0,439.0,330.0,7.0,303.0,81.0,55.0,177.0,137.0,277.0,3401.0
205,300,ic,5,55.0,373.0,283.0,7.0,272.0,67.0,34.0,175.0,139.0,280.0,3487.0
205,300,ic,5,60.0,445.0,343.0,7.0,251.0,134.0,60.0,180.0,148.0,240.0,3418.0
205,300,ic,5,65.0,374.0,320.0,5.0,302.0,51.0,21.0,171.0,136.0,274.0,3389.0
205,300,ic,5,70.0,381.0,357.0,3.0,286.0,57.0,38.0,181.0,135.0,242.0,3429.0
205,300,ic,5,75.0,372.0,344.0,3.0,322.0,18.0,32.0,187.0,141.0,245.0,3318.0
205,300,ic,5,80.0,427.0,333.0,8.0,326.0,71.0,30.0,195.0,149.0,244.0,3361.0
205,300,ic,5,85.0,429.0,377.0,4.0,318.0,62.0,49.0,164.0,132.0,265.0,3348.0
205,300,ic,5,90.0,452.0,373.0,6.0,312.0,92.0,48.0,174.0,137.0,271.0,3341.0
205,300,ic,5,95.0,418.0,376.0,4.0,342.0,38.0,38.0,189.0,148.0,239.0,3439.0
205,300,ic,5,100.0,455.0,429.0,3.0,337.0,60.0,58.0,182.0,143.0,256.0,3303.0
205,300,ic,5,105.0,424.0,344.0,6.0,309.0,91.0,24.0,178.0,135.0,267.0,3380.0
205,300,ic,5,110.0,349.0,325.0,3.0,268.0,59.0,22.0,187.0,153.0,248.0,3365.0
205,300,ic,5,115.0,412.0,361.0,4.0,368.0,25.0,19.0,181.0,139.0,298.0,3384.0
205,300,ic,5,120.0,372.0,358.0,2.0,320.0,32.0,20.0,180.0,152.0,232.0,3301.0
205,300,ic,5,125.0,399.0,352.0,4.0,330.0,47.0,22.0,196.0,168.0,235.0,3360.0
205,300,ic,5,130.0,356.0,334.0,2.0,336.0,10.0,10.0,182.0,149.0,274.0,3404.0
205,300,ic,5,135.0,511.0,386.0,7.0,402.0,78.0,31.0,181.0,152.0,289.0,3436.0
205,300,ic,5,140.0,421.0,328.0,5.0,349.0,54.0,18.0,204.0,156.0,287.0,3412.0
205,300,ic,5,145.0,407.0,370.0,3.0,322.0,57.0,28.0,192.0,160.0,262.0,3465.0
205,300,ic,5,150.0,474.0,393.0,7.0,328.0,108.0,38.0,209.0,159.0,315.0,3531.0
205,300,ic,5,155.0,427.0,344.0,7.0,330.0,73.0,24.0,182.0,152.0,322.0,3435.0
205,300,ic,5,160.0,420.0,343.0,4.0,284.0,112.0,24.0,211.0,167.0,272.0,3408.0
205,300,ic,5,165.0,358.0,358.0,1.0,301.0,29.0,28.0,210.0,176.0,272.0,3381.0
205,300,ic,5,170.0,391.0,373.0,2.0,290.0,51.0,50.0,215.0,176.0,264.0,3359.0
205,300,ic,5,175.0,462.0,381.0,7.0,322.0,105.0,35.0,225.0,196.0,260.0,3351.0
205,300,ic,5,180.0,466.0,408.0,5.0,315.0,100.0,51.0,231.0,195.0,249.0,3530.0
205,300,ic,5,185.0,493.0,423.0,5.0,277.0,142.0,74.0,225.0,181.0,247.0,3420.0
205,300,ic,5,190.0,445.0,397.0,5.0,305.0,95.0,45.0,231.0,189.0,250.0,3439.0
205,300,ic,5,195.0,466.0,393.0,6.0,308.0,116.0,42.0,238.0,191.0,242.0,3398.0
205,300,ic,5,200.0,480.0,424.0,5.0,369.0,69.0,42.0,253.0,209.0,273.0,3359.0
205,300,ic,5,205.0,492.0,432.0,5.0,321.0,108.0,63.0,248.0,213.0,240.0,3260.0
205,300,ic,5,210.0,549.0,491.0,5.0,369.0,125.0,55.0,249.0,222.0,269.0,3286.0
205,300,ic,5,215.0,584.0,584.0,1.0,428.0,96.0,60.0,288.0,244.0,308.0,3412.0
205,300,ic,5,220.0,570.0,546.0,3.0,399.0,86.0,85.0,258.0,223.0,279.0,3428.0
205,300,ic,5,225.0,563.0,536.0,3.0,416.0,71.0,76.0,276.0,236.0,316.0,3422.0
205,300,ic,5,230.0,554.0,542.0,2.0,453.0,38.0,63.0,294.0,250.0,282.0,3482.0
205,300,ic,5,235.0,645.0,645.0,1.0,458.0,109.0,78.0,308.0,269.0,292.0,3521.0
205,300,ic,6,0.0,479.0,374.0,6.0,346.0,130.0,3.0,215.0,160.0,255.0,3415.0
205,300,ic,6,5.0,400.0,267.0,9.0,303.0,88.0,9.0,161.0,107.0,268.0,3292.0
205,300,ic,6,10.0,343.0,258.0,6.0,232.0,104.0,7.0,146.0,107.0,238.0,3292.0
205,300,ic,6,15.0,395.0,279.0,7.0,281.0,102.0,12.0,142.0,103.0,280.0,3437.0
205,300,ic,6,20.0,270.0,228.0,4.0,246.0,24.0,0.0,120.0,86.0,219.0,3269.0
205,300,ic,6,25.0,358.0,272.0,6.0,312.0,46.0,0.0,159.0,106.0,268.0,3250.0
205,300,ic,6,30.0,430.0,262.0,8.0,382.0,42.0,6.0,133.0,100.0,284.0,3332.0
205,300,ic,6,35.0,361.0,267.0,7.0,323.0,38.0,0.0,132.0,89.0,244.0,3268.0
205,300,ic,6,40.0,437.0,342.0,6.0,314.0,114.0,9.0,138.0,86.0,252.0,3292.0
205,300,ic,6,45.0,373.0,261.0,8.0,274.0,99.0,0.0,130.0,95.0,216.0,3336.0
205,300,ic,6,50.0,306.0,292.0,2.0,270.0,34.0,2.0,128.0,83.0,258.0,3274.0
205,300,ic,6,55.0,418.0,345.0,6.0,256.0,159.0,3.0,125.0,90.0,275.0,3265.0
205,300,ic,6,60.0,401.0,288.0,7.0,301.0,98.0,2.0,137.0,82.0,292.0,3394.0
205,300,ic,6,65.0,385.0,293.0,8.0,263.0,110.0,12.0,126.0,91.0,247.0,3293.0
205,300,ic,6,70.0,360.0,251.0,7.0,312.0,46.0,2.0,128.0,83.0,280.0,3306.0
205,300,ic,6,75.0,366.0,261.0,6.0,233.0,124.0,9.0,137.0,84.0,254.0,3335.0
205,300,ic,6,80.0,312.0,196.0,6.0,276.0,36.0,0.0,115.0,73.0,260.0,3268.0
205,300,ic,6,85.0,296.0,232.0,4.0,260.0,34.0,2.0,123.0,84.0,245.0,3255.0
205,300,ic,6,90.0,339.0,219.0,8.0,279.0,54.0,6.0,129.0,74.0,271.0,3371.0
205,300,ic,6,95.0,382.0,210.0,10.0,280.0,99.0,3.0,119.0,75.0,259.0,3293.0
205,300,ic,6,100.0,317.0,241.0,5.0,256.0,61.0,0.0,125.0,81.0,271.0,3261.0
205,300,ic,6,105.0,377.0,265.0,7.0,244.0,119.0,14.0,128.0,88.0,225.0,3274.0
205,300,ic,6,110.0,327.0,246.0,5.0,236.0,79.0,12.0,172.0,113.0,248.0,3324.0
205,300,ic,6,115.0,310.0,257.0,5.0,262.0,39.0,9.0,141.0,96.0,253.0,3276.0
205,300,ic,6,120.0,340.0,261.0,5.0,267.0,55.0,18.0,126.0,91.0,267.0,3306.0
205,300,ic,6,125.0,372.0,273.0,6.0,310.0,48.0,14.0,127.0,91.0,259.0,3373.0
205,300,ic,6,130.0,369.0,277.0,5.0,289.0,61.0,19.0,139.0,101.0,222.0,3330.0
205,300,ic,6,135.0,359.0,278.0,6.0,255.0,90.0,14.0,156.0,103.0,240.0,3331.0
205,300,ic,6,140.0,457.0,318.0,8.0,246.0,192.0,19.0,127.0,98.0,237.0,3393.0
205,300,ic,6,145.0,477.0,399.0,5.0,321.0,117.0,39.0,142.0,105.0,297.0,3303.0
205,300,ic,6,150.0,346.0,306.0,4.0,271.0,51.0,24.0,146.0,105.0,257.0,3328.0
205,300,ic,6,155.0,382.0,295.0,6.0,300.0,70.0,12.0,151.0,105.0,281.0,3344.0
205,300,ic,6,160.0,311.0,255.0,5.0,263.0,36.0,12.0,138.0,102.0,215.0,3306.0
205,300,ic,6,165.0,346.0,260.0,8.0,254.0,82.0,10.0,148.0,99.0,272.0,3315.0
205,300,ic,6,170.0,445.0,345.0,6.0,370.0,75.0,0.0,157.0,115.0,238.0,3310.0
205,300,ic,6,175.0,412.0,292.0,8.0,338.0,74.0,0.0,166.0,105.0,284.0,3320.0
205,300,ic,6,180.0,392.0,288.0,9.0,332.0,58.0,2.0,162.0,114.0,271.0,3258.0
205,300,ic,6,185.0,387.0,323.0,5.0,339.0,46.0,2.0,163.0,119.0,281.0,3421.0
205,300,ic,6,190.0,406.0,358.0,5.0,322.0,72.0,12.0,199.0,139.0,270.0,3396.0
205,300,ic,6,195.0,465.0,384.0,7.0,369.0,77.0,19.0,177.0,134.0,264.0,3393.0
205,300,ic,6,200.0,502.0,362.0,10.0,376.0,120.0,6.0,198.0,144.0,291.0,3348.0
205,300,ic,6,205.0,494.0,394.0,7.0,365.0,111.0,18.0,202.0,159.0,289.0,3341.0
205,300,ic,6,210.0,562.0,500.0,4.0,447.0,93.0,22.0,207.0,159.0,281.0,3419.0
205,300,ic,6,215.0,620.0,498.0,8.0,430.0,152.0,38.0,209.0,161.0,302.0,3428.0
205,300,ic,6,220.0,569.0,443.0,6.0,435.0,102.0,32.0,232.0,170.0,298.0,3434.0
205,300,ic,6,225.0,485.0,413.0,5.0,419.0,48.0,18.0,208.0,175.0,356.0,3329.0
205,300,ic,6,230.0,607.0,480.0,7.0,447.0,143.0,17.0,236.0,194.0,299.0,3458.0
205,300,ic,6,235.0,480.0,442.0,3.0,391.0,77.0,12.0,236.0,189.0,264.0,3414.0
205,300,ic,6,240.0,512.0,462.0,5.0,408.0,82.0,22.0,224.0,186.0,264.0,3361.0
205,300,ic,6,245.0,572.0,514.0,5.0,492.0,64.0,16.0,236.0,194.0,299.0,3404.0
205,300,ic,6,250.0,667.0,532.0,8.0,492.0,143.0,32.0,259.0,205.0,317.0,3485.0
205,300,ic,6,255.0,688.0,554.0,7.0,513.0,149.0,26.0,248.0,216.0,268.0,3465.0
205,300,ic,6,260.0,587.0,523.0,4.0,501.0,68.0,18.0,270.0,221.0,284.0,3366.0
205,300,ic,6,265.0,572.0,521.0,5.0,511.0,49.0,12.0,266.0,229.0,240.0,3358.0
205,300,ic,6,270.0,625.0,567.0,4.0,475.0,93.0,57.0,272.0,230.0,261.0,3458.0
205,300,ic,6,275.0,646.0,574.0,6.0,538.0,94.0,14.0,281.0,248.0,285.0,3451.0
205,300,ic,6,280.0,638.0,600.0,3.0,569.0,62.0,7.0,301.0,265.0,325.0,3506.0
205,300,ic,6,285.0,639.0,627.0,2.0,559.0,56.0,24.0,312.0,289.0,300.0,3518.0
205,300,ic,7,0.0,479.0,374.0,6.0,346.0,130.0,3.0,215.0,160.0,255.0,3415.0
205,300,ic,7,5.0,416.0,268.0,10.0,272.0,132.0,12.0,155.0,113.0,260.0,3309.0
205,300,ic,7,10.0,418.0,275.0,9.0,283.0,128.0,7.0,153.0,103.0,307.0,3375.0
205,300,ic,7,15.0,367.0,270.0,6.0,284.0,83.0,0.0,173.0,117.0,259.0,3275.0
205,300,ic,7,20.0,411.0,294.0,7.0,308.0,87.0,16.0,177.0,125.0,272.0,3493.0
205,300,ic,7,25.0,508.0,354.0,9.0,364.0,103.0,41.0,179.0,136.0,279.0,3487.0
205,300,ic,7,30.0,450.0,370.0,5.0,294.0,107.0,49.0,193.0,144.0,274.0,3495.0
205,300,ic,7,35.0,422.0,358.0,5.0,306.0,72.0,44.0,193.0,159.0,264.0,3424.0
205,300,ic,7,40.0,456.0,387.0,6.0,289.0,123.0,44.0,209.0,166.0,295.0,3327.0
205,300,ic,7,45.0,476.0,370.0,7.0,310.0,119.0,47.0,200.0,162.0,266.0,3381.0
205,300,ic,7,50.0,451.0,378.0,6.0,274.0,109.0,68.0,203.0,153.0,268.0,3279.0
205,300,ic,7,55.0,486.0,416.0,6.0,288.0,128.0,70.0,223.0,157.0,294.0,3306.0
205,300,ic,7,60.0,421.0,409.0,2.0,258.0,96.0,67.0,236.0,181.0,260.0,3427.0
205,300,ic,7,65.0,482.0,446.0,4.0,266.0,148.0,68.0,206.0,165.0,243.0,3469.0
205,300,ic,7,70.0,515.0,443.0,7.0,272.0,168.0,75.0,223.0,175.0,267.0,3413.0
205,300,ic,7,75.0,513.0,487.0,2.0,305.0,127.0,81.0,245.0,186.0,299.0,3451.0
205,300,ic,7,80.0,557.0,482.0,6.0,314.0,181.0,62.0,237.0,183.0,301.0,3461.0
205,300,ic,7,85.0,525.0,429.0,6.0,328.0,132.0,65.0,228.0,172.0,306.0,3346.0
205,300,ic,7,90.0,479.0,431.0,4.0,290.0,129.0,60.0,242.0,179.0,247.0,3513.0
205,300,ic,7,95.0,583.0,535.0,4.0,273.0,235.0,75.0,227.0,182.0,296.0,3382.0
205,300,ic,7,100.0,574.0,457.0,7.0,327.0,188.0,59.0,252.0,199.0,325.0,3472.0
205,300,ic,7,105.0,547.0,505.0,4.0,322.0,161.0,64.0,239.0,195.0,295.0,3477.0
205,300,ic,7,110.0,594.0,497.0,5.0,308.0,211.0,75.0,274.0,224.0,313.0,3635.0
205,300,ic,7,115.0,535.0,391.0,8.0,307.0,152.0,76.0,248.0,196.0,299.0,3427.0
205,300,ic,7,120.0,630.0,554.0,6.0,229.0,222.0,179.0,256.0,207.0,258.0,3448.0
205,300,ic,7,125.0,601.0,505.0,6.0,307.0,177.0,117.0,267.0,227.0,314.0,3538.0
205,300,ic,7,130.0,582.0,531.0,5.0,273.0,204.0,105.0,290.0,238.0,326.0,3594.0
205,300,ic,7,135.0,670.0,615.0,4.0,350.0,217.0,103.0,259.0,211.0,345.0,3537.0
205,300,ic,8,0.0,479.0,374.0,6.0,346.0,130.0,3.0,215.0,160.0,255.0,3415.0
205,300,ic,8,5.0,344.0,254.0,4.0,286.0,48.0,10.0,130.0,86.0,240.0,3238.0
205,300,ic,8,10.0,416.0,273.0,9.0,304.0,106.0,6.0,157.0,106.0,290.0,3298.0
205,300,ic,8,15.0,394.0,277.0,7.0,310.0,66.0,18.0,167.0,103.0,307.0,3257.0
205,300,ic,8,20.0,477.0,296.0,10.0,288.0,161.0,28.0,174.0,118.0,309.0,3262.0
205,300,ic,8,25.0,463.0,317.0,10.0,347.0,100.0,16.0,191.0,148.0,297.0,3345.0
205,300,ic,8,30.0,364.0,279.0,6.0,280.0,69.0,15.0,169.0,126.0,259.0,3332.0
205,300,ic,8,35.0,424.0,334.0,7.0,275.0,121.0,28.0,178.0,135.0,259.0,3283.0
205,300,ic,8,40.0,378.0,324.0,3.0,315.0,42.0,21.0,169.0,122.0,311.0,3294.0
205,300,ic,8,45.0,433.0,350.0,5.0,354.0,61.0,18.0,173.0,129.0,264.0,3332.0
205,300,ic,8,50.0,369.0,294.0,4.0,320.0,28.0,21.0,171.0,124.0,271.0,3349.0
205,300,ic,8,55.0,427.0,294.0,8.0,331.0,72.0,24.0,189.0,134.0,280.0,3404.0
205,300,ic,8,60.0,442.0,332.0,7.0,319.0,86.0,37.0,171.0,129.0,270.0,3336.0
205,300,ic,8,65.0,489.0,372.0,6.0,378.0,73.0,38.0,188.0,146.0,304.0,3323.0
205,300,ic,8,70.0,500.0,400.0,7.0,428.0,53.0,19.0,202.0,164.0,289.0,3432.0
205,300,ic,8,75.0,440.0,356.0,6.0,333.0,92.0,15.0,180.0,144.0,292.0,3470.0
205,300,ic,8,80.0,459.0,374.0,5.0,308.0,115.0,36.0,218.0,169.0,268.0,3324.0
205,300,ic,8,85.0,452.0,390.0,5.0,334.0,90.0,28.0,211.0,175.0,274.0,3343.0
205,300,ic,8,90.0,483.0,445.0,4.0,356.0,83.0,44.0,226.0,177.0,307.0,3417.0
205,300,ic,8,95.0,519.0,436.0,6.0,380.0,98.0,41.0,225.0,179.0,294.0,3383.0
205,300,ic,8,100.0,522.0,445.0,6.0,352.0,112.0,58.0,216.0,163.0,296.0,3484.0
205,300,ic,8,105.0,500.0,427.0,4.0,361.0,100.0,39.0,236.0,187.0,268.0,3380.0
205,300,ic,8,110.0,549.0,439.0,9.0,351.0,169.0,29.0,230.0,187.0,285.0,3411.0
205,300,ic,8,115.0,515.0,417.0,5.0,340.0,147.0,28.0,214.0,174.0,278.0,3452.0
205,300,ic,8,120.0,535.0,415.0,8.0,363.0,147.0,25.0,231.0,172.0,280.0,3475.0
205,300,ic,8,125.0,496.0,389.0,7.0,349.0,128.0,19.0,224.0,179.0,268.0,3437.0
205,300,ic,8,130.0,531.0,445.0,3.0,389.0,101.0,41.0,244.0,194.0,304.0,3476.0
205,300,ic,8,135.0,503.0,454.0,5.0,382.0,77.0,44.0,216.0,187.0,270.0,3442.0
205,300,ic,8,140.0,558.0,498.0,6.0,415.0,87.0,56.0,246.0,193.0,289.0,3432.0
205,300,ic,8,145.0,461.0,437.0,3.0,359.0,48.0,54.0,244.0,188.0,271.0,3383.0
205,300,ic,8,150.0,556.0,475.0,6.0,385.0,116.0,55.0,234.0,201.0,265.0,3330.0
205,300,ic,8,155.0,596.0,467.0,8.0,389.0,154.0,53.0,264.0,227.0,291.0,3530.0
205,300,ic,8,160.0,569.0,534.0,3.0,388.0,96.0,85.0,278.0,230.0,330.0,3558.0
205,300,ic,8,165.0,676.0,515.0,7.0,437.0,162.0,77.0,279.0,235.0,310.0,3489.0
205,300,ic,8,170.0,584.0,504.0,4.0,416.0,97.0,71.0,282.0,247.0,329.0,3385.0
205,300,ic,8,175.0,645.0,557.0,3.0,476.0,84.0,85.0,305.0,254.0,341.0,3635.0
205,300,ic,8,180.0,631.0,565.0,5.0,420.0,133.0,78.0,295.0,253.0,307.0,3577.0
205,300,ic,8,185.0,673.0,625.0,5.0,423.0,122.0,128.0,304.0,271.0,285.0,3610.0
205,300,ic,9,0.0,479.0,374.0,6.0,346.0,130.0,3.0,215.0,160.0,255.0,3415.0
205,300,ic,9,5.0,381.0,274.0,8.0,298.0,77.0,6.0,143.0,94.0,255.0,3379.0
205,300,ic,9,10.0,368.0,270.0,7.0,296.0,66.0,6.0,165.0,121.0,260.0,3358.0
205,300,ic,9,15.0,402.0,280.0,6.0,319.0,64.0,19.0,154.0,99.0,282.0,3429.0
205,300,ic,9,20.0,371.0,296.0,6.0,236.0,103.0,32.0,151.0,114.0,239.0,3362.0
205,300,ic,9,25.0,396.0,277.0,9.0,245.0,122.0,29.0,150.0,105.0,266.0,3367.0
205,300,ic,9,30.0,319.0,270.0,5.0,214.0,80.0,25.0,134.0,96.0,231.0,3483.0
205,300,ic,9,35.0,340.0,282.0,4.0,246.0,80.0,14.0,163.0,114.0,312.0,3424.0
205,300,ic,9,40.0,387.0,353.0,3.0,287.0,63.0,37.0,171.0,129.0,246.0,3354.0
205,300,ic,9,45.0,398.0,297.0,6.0,310.0,82.0,6.0,161.0,116.0,275.0,3432.0
205,300,ic,9,50.0,417.0,333.0,6.0,318.0,87.0,12.0,187.0,124.0,290.0,3357.0
205,300,ic,9,55.0,379.0,288.0,7.0,282.0,79.0,18.0,162.0,124.0,276.0,3408.0
205,300,ic,9,60.0,416.0,334.0,6.0,328.0,56.0,32.0,165.0,118.0,269.0,3418.0
205,300,ic,9,65.0,370.0,340.0,3.0,311.0,32.0,27.0,170.0,130.0,271.0,3292.0
205,300,ic,9,70.0,417.0,381.0,3.0,358.0,24.0,35.0,156.0,132.0,248.0,3338.0
205,300,ic,9,75.0,351.0,314.0,4.0,266.0,62.0,23.0,169.0,128.0,266.0,3415.0
205,300,ic,9,80.0,395.0,287.0,8.0,263.0,120.0,12.0,176.0,136.0,244.0,3380.0
205,300,ic,9,85.0,417.0,349.0,6.0,321.0,79.0,17.0,179.0,137.0,268.0,3465.0
205,300,ic,9,90.0,396.0,358.0,4.0,293.0,87.0,16.0,184.0,146.0,261.0,3332.0
205,300,ic,9,95.0,404.0,368.0,4.0,276.0,87.0,41.0,196.0,157.0,254.0,3394.0
205,300,ic,9,100.0,454.0,372.0,7.0,306.0,102.0,46.0,204.0,163.0,248.0,3390.0
205,300,ic,9,105.0,481.0,368.0,9.0,265.0,168.0,48.0,195.0,154.0,284.0,3370.0
205,300,ic,9,110.0,457.0,356.0,6.0,300.0,127.0,30.0,201.0,168.0,266.0,3476.0
205,300,ic,9,115.0,378.0,366.0,2.0,290.0,50.0,38.0,196.0,168.0,220.0,3356.0
205,300,ic,9,120.0,455.0,351.0,7.0,319.0,90.0,46.0,194.0,162.0,226.0,3377.0
205,300,ic,9,125.0,491.0,407.0,5.0,364.0,85.0,42.0,237.0,190.0,259.0,3301.0
205,300,ic,9,130.0,453.0,397.0,4.0,352.0,75.0,26.0,203.0,175.0,258.0,3308.0
205,300,ic,9,135.0,468.0,414.0,4.0,324.0,90.0,54.0,227.0,188.0,270.0,3377.0
205,300,ic,9,140.0,471.0,421.0,4.0,328.0,82.0,61.0,231.0,189.0,270.0,3367.0
205,300,ic,9,145.0,496.0,445.0,4.0,363.0,67.0,66.0,249.0,205.0,286.0,3419.0
205,300,ic,9,150.0,540.0,477.0,5.0,394.0,96.0,50.0,249.0,217.0,239.0,3426.0
205,300,ic,9,155.0,542.0,498.0,4.0,404.0,82.0,56.0,274.0,235.0,302.0,3486.0
205,300,ic,9,160.0,572.0,532.0,4.0,446.0,60.0,66.0,281.0,249.0,277.0,3474.0
205,300,ic,9,165.0,613.0,557.0,5.0,446.0,108.0,59.0,275.0,240.0,285.0,3505.0
205,300,ic,9,170.0,601.0,529.0,6.0,415.0,114.0,72.0,274.0,246.0,287.0,3467.0
205,300,ic,9,175.0,669.0,632.0,2.0,459.0,134.0,76.0,302.0,269.0,291.0,3516.0
205,450,ic,0,0.0,595.0,478.0,7.0,477.0,115.0,3.0,297.0,245.0,274.0,3433.0
205,450,ic,0,5.0,565.0,432.0,6.0,481.0,78.0,6.0,228.0,183.0,306.0,3382.0
205,450,ic,0,10.0,544.0,448.0,4.0,476.0,68.0,0.0,257.0,202.0,286.0,3518.0
205,450,ic,0,15.0,543.0,457.0,7.0,471.0,72.0,0.0,253.0,209.0,292.0,3394.0
205,450,ic,0,20.0,535.0,472.0,5.0,465.0,63.0,7.0,241.0,211.0,286.0,3310.0
205,450,ic,0,25.0,564.0,518.0,4.0,517.0,47.0,0.0,257.0,217.0,264.0,3408.0
205,450,ic,0,30.0,604.0,514.0,8.0,532.0,66.0,6.0,258.0,217.0,280.0,3480.0
205,450,ic,0,35.0,567.0,521.0,4.0,473.0,66.0,28.0,290.0,251.0,267.0,3408.0
205,450,ic,0,40.0,544.0,518.0,3.0,500.0,29.0,15.0,278.0,250.0,292.0,3407.0
205,450,ic,0,45.0,590.0,525.0,4.0,491.0,78.0,21.0,287.0,255.0,261.0,3358.0
205,450,ic,0,50.0,635.0,585.0,5.0,502.0,108.0,25.0,286.0,237.0,314.0,3402.0
205,450,ic,0,55.0,694.0,578.0,4.0,572.0,88.0,34.0,287.0,242.0,330.0,3437.0
205,450,ic,0,60.0,747.0,647.0,4.0,559.0,146.0,42.0,307.0,266.0,324.0,3463.0
205,450,ic,0,65.0,695.0,623.0,5.0,570.0,78.0,47.0,319.0,272.0,322.0,3434.0
205,450,ic,0,70.0,653.0,617.0,3.0,533.0,81.0,39.0,321.0,277.0,295.0,3472.0
205,450,ic,0,75.0,668.0,633.0,3.0,559.0,58.0,51.0,320.0,275.0,317.0,3542.0
205,450,ic,0,80.0,698.0,604.0,7.0,560.0,86.0,52.0,324.0,290.0,292.0,3533.0
205,450,ic,0,85.0,768.0,649.0,6.0,584.0,149.0,35.0,329.0,291.0,319.0,3554.0
205,450,ic,0,90.0,709.0,614.0,6.0,561.0,114.0,34.0,333.0,282.0,363.0,3624.0
205,450,ic,0,95.0,687.0,614.0,6.0,573.0,96.0,18.0,336.0,286.0,342.0,3653.0
205,450,ic,0,100.0,701.0,663.0,4.0,555.0,103.0,43.0,373.0,316.0,346.0,3545.0
205,450,ic,0,105.0,786.0,715.0,6.0,564.0,149.0,73.0,383.0,334.0,342.0,3581.0
205,450,ic,0,110.0,809.0,735.0,6.0,593.0,156.0,60.0,380.0,330.0,360.0,3698.0
205,450,ic,0,115.0,776.0,752.0,3.0,579.0,129.0,68.0,395.0,343.0,335.0,3585.0
205,450,ic,0,120.0,838.0,824.0,2.0,641.0,135.0,62.0,387.0,348.0,334.0,3771.0
205,450,ic,0,125.0,949.0,864.0,7.0,702.0,192.0,55.0,411.0,365.0,358.0,3717.0
205,450,ic,0,130.0,839.0,772.0,5.0,566.0,208.0,65.0,413.0,370.0,330.0,3665.0
205,450,ic,0,135.0,794.0,741.0,3.0,605.0,131.0,58.0,424.0,389.0,339.0,3739.0
205,450,ic,0,140.0,771.0,733.0,4.0,603.0,95.0,73.0,419.0,386.0,302.0,3681.0
205,450,ic,0,145.0,811.0,799.0,2.0,632.0,87.0,92.0,429.0,392.0,326.0,3632.0
205,450,ic,0,150.0,930.0,847.0,6.0,657.0,180.0,93.0,429.0,397.0,305.0,3604.0
205,450,ic,0,155.0,889.0,845.0,4.0,612.0,192.0,85.0,463.0,421.0,321.0,3619.0
205,450,ic,0,160.0,958.0,864.0,7.0,581.0,263.0,114.0,460.0,421.0,376.0,3676.0
205,450,ic,0,165.0,987.0,935.0,5.0,676.0,187.0,124.0,476.0,434.0,355.0,3652.0
205,450,ic,1,0.0,595.0,478.0,7.0,477.0,115.0,3.0,297.0,245.0,274.0,3433.0
205,450,ic,1,5.0,551.0,393.0,8.0,432.0,107.0,12.0,231.0,188.0,275.0,3383.0
205,450,ic,1,10.0,497.0,400.0,6.0,398.0,80.0,19.0,244.0,197.0,267.0,3375.0
205,450,ic,1,15.0,479.0,374.0,5.0,352.0,98.0,29.0,231.0,192.0,258.0,3430.0
205,450,ic,1,20.0,563.0,441.0,6.0,307.0,195.0,61.0,247.0,201.0,280.0,3455.0
205,450,ic,1,25.0,537.0,447.0,7.0,331.0,130.0,76.0,252.0,211.0,256.0,3452.0
205,450,ic,1,30.0,525.0,460.0,5.0,336.0,115.0,74.0,247.0,205.0,254.0,3396.0
205,450,ic,1,35.0,475.0,398.0,5.0,363.0,79.0,33.0,255.0,216.0,258.0,3483.0
205,450,ic,1,40.0,528.0,421.0,7.0,371.0,119.0,38.0,257.0,212.0,262.0,3504.0
205,450,ic,1,45.0,534.0,462.0,5.0,329.0,128.0,77.0,262.0,213.0,318.0,3477.0
205,450,ic,1,50.0,530.0,441.0,7.0,368.0,109.0,53.0,272.0,227.0,305.0,3426.0
205,450,ic,1,55.0,555.0,507.0,3.0,351.0,131.0,73.0,258.0,211.0,271.0,3405.0
205,450,ic,1,60.0,580.0,448.0,6.0,368.0,142.0,70.0,288.0,221.0,320.0,3536.0
205,450,ic,1,65.0,713.0,551.0,13.0,408.0,216.0,89.0,302.0,238.0,344.0,3542.0
205,450,ic,1,70.0,640.0,490.0,8.0,402.0,155.0,83.0,302.0,252.0,340.0,3474.0
205,450,ic,1,75.0,637.0,498.0,7.0,388.0,159.0,90.0,317.0,253.0,369.0,3616.0
205,450,ic,1,80.0,706.0,526.0,7.0,401.0,210.0,95.0,299.0,260.0,327.0,3495.0
205,450,ic,1,85.0,717.0,544.0,7.0,451.0,154.0,112.0,307.0,253.0,360.0,3615.0
205,450,ic,1,90.0,705.0,580.0,8.0,424.0,154.0,127.0,325.0,273.0,381.0,3629.0
205,450,ic,1,95.0,687.0,583.0,5.0,420.0,153.0,114.0,351.0,295.0,335.0,3577.0
205,450,ic,1,100.0,644.0,607.0,3.0,435.0,84.0,125.0,347.0,303.0,317.0,3595.0
205,450,ic,1,105.0,726.0,586.0,9.0,410.0,214.0,102.0,345.0,300.0,311.0,3531.0
205,450,ic,1,110.0,670.0,585.0,5.0,385.0,185.0,100.0,347.0,288.0,376.0,3692.0
205,450,ic,1,115.0,739.0,637.0,7.0,420.0,209.0,110.0,364.0,310.0,341.0,3691.0
205,450,ic,1,120.0,693.0,615.0,6.0,407.0,190.0,96.0,358.0,300.0,358.0,3621.0
205,450,ic,1,125.0,703.0,621.0,6.0,440.0,161.0,102.0,345.0,296.0,366.0,3661.0
205,450,ic,1,130.0,760.0,665.0,7.0,401.0,248.0,111.0,370.0,327.0,317.0,3608.0
205,450,ic,1,135.0,698.0,630.0,5.0,393.0,188.0,117.0,368.0,315.0,388.0,3599.0
205,450,ic,1,140.0,746.0,676.0,5.0,378.0,207.0,161.0,394.0,346.0,364.0,3620.0
205,450,ic,1,145.0,681.0,653.0,3.0,380.0,168.0,133.0,391.0,345.0,331.0,3616.0
205,450,ic,1,150.0,735.0,699.0,3.0,388.0,211.0,136.0,420.0,367.0,371.0,3632.0
205,450,ic,1,155.0,736.0,700.0,4.0,381.0,197.0,158.0,406.0,367.0,324.0,3682.0
205,450,ic,1,160.0,801.0,703.0,5.0,377.0,251.0,173.0,398.0,351.0,358.0,3675.0
205,450,ic,1,165.0,802.0,738.0,6.0,352.0,246.0,204.0,408.0,362.0,362.0,3759.0
205,450,ic,1,170.0,847.0,668.0,8.0,449.0,235.0,163.0,408.0,343.0,386.0,3732.0
205,450,ic,1,175.0,831.0,776.0,4.0,418.0,246.0,167.0,429.0,371.0,353.0,3727.0
205,450,ic,1,180.0,827.0,742.0,6.0,402.0,267.0,158.0,436.0,381.0,376.0,3608.0
205,450,ic,1,185.0,834.0,733.0,6.0,421.0,245.0,168.0,456.0,410.0,370.0,3778.0
205,450,ic,1,190.0,852.0,759.0,5.0,439.0,251.0,162.0,464.0,404.0,386.0,3780.0
205,450,ic,1,195.0,910.0,776.0,6.0,409.0,323.0,178.0,463.0,397.0,403.0,3732.0
205,450,ic,1,200.0,867.0,763.0,6.0,412.0,299.0,156.0,457.0,386.0,384.0,3805.0
205,450,ic,1,205.0,934.0,832.0,7.0,436.0,329.0,169.0,461.0,392.0,391.0,3816.0
205,450,ic,1,210.0,1011.0,907.0,6.0,465.0,360.0,186.0,466.0,397.0,402.0,3851.0
205,450,ic,10,0.0,595.0,478.0,7.0,477.0,115.0,3.0,297.0,245.0,274.0,3433.0
205,450,ic,10,5.0,504.0,439.0,5.0,480.0,18.0,6.0,229.0,191.0,302.0,3370.0
205,450,ic,10,10.0,498.0,484.0,2.0,472.0,26.0,0.0,234.0,208.0,259.0,3450.0
205,450,ic,10,15.0,597.0,522.0,6.0,524.0,73.0,0.0,263.0,236.0,259.0,3501.0
205,450,ic,10,20.0,570.0,530.0,4.0,534.0,30.0,6.0,282.0,248.0,268.0,3506.0
205,450,ic,10,25.0,589.0,527.0,4.0,541.0,48.0,0.0,304.0,266.0,273.0,3509.0
205,450,ic,10,30.0,677.0,639.0,3.0,568.0,90.0,19.0,308.0,270.0,301.0,3532.0
205,450,ic,10,35.0,562.0,526.0,3.0,502.0,48.0,12.0,306.0,267.0,265.0,3482.0
205,450,ic,10,40.0,559.0,547.0,2.0,503.0,39.0,17.0,302.0,259.0,276.0,3511.0
205,450,ic,10,45.0,567.0,567.0,1.0,523.0,28.0,16.0,307.0,267.0,317.0,3512.0
205,450,ic,10,50.0,695.0,596.0,7.0,552.0,113.0,30.0,329.0,287.0,314.0,3566.0
205,450,ic,10,55.0,719.0,604.0,7.0,540.0,152.0,27.0,320.0,265.0,325.0,3565.0
205,450,ic,10,60.0,618.0,594.0,3.0,558.0,42.0,18.0,330.0,296.0,293.0,3609.0
205,450,ic,10,65.0,696.0,651.0,4.0,624.0,60.0,12.0,325.0,291.0,312.0,3549.0
205,450,ic,10,70.0,728.0,680.0,3.0,635.0,69.0,24.0,351.0,313.0,328.0,3558.0
205,450,ic,10,75.0,688.0,650.0,4.0,598.0,79.0,11.0,348.0,321.0,304.0,3530.0
205,450,ic,10,80.0,666.0,666.0,1.0,601.0,43.0,22.0,368.0,328.0,307.0,3569.0
205,450,ic,10,85.0,729.0,709.0,2.0,643.0,70.0,16.0,361.0,325.0,344.0,3640.0
205,450,ic,10,90.0,703.0,691.0,2.0,606.0,64.0,33.0,376.0,334.0,349.0,3664.0
205,450,ic,10,95.0,785.0,711.0,6.0,636.0,120.0,29.0,398.0,356.0,354.0,3675.0
205,450,ic,10,100.0,780.0,754.0,3.0,674.0,70.0,36.0,383.0,344.0,352.0,3700.0
205,450,ic,10,105.0,903.0,761.0,6.0,712.0,132.0,59.0,432.0,364.0,397.0,3772.0
205,450,ic,10,110.0,851.0,758.0,7.0,664.0,142.0,45.0,408.0,357.0,398.0,3726.0
205,450,ic,10,115.0,860.0,813.0,3.0,681.0,110.0,69.0,427.0,388.0,365.0,3724.0
205,450,ic,10,120.0,862.0,813.0,4.0,688.0,131.0,43.0,450.0,405.0,391.0,3687.0
205,450,ic,10,125.0,870.0,834.0,3.0,685.0,110.0,75.0,451.0,409.0,358.0,3681.0
205,450,ic,10,130.0,862.0,836.0,3.0,697.0,82.0,83.0,464.0,428.0,366.0,3866.0
205,450,ic,10,135.0,898.0,884.0,2.0,743.0,71.0,84.0,481.0,439.0,384.0,3834.0
205,450,ic,10,140.0,886.0,848.0,3.0,700.0,101.0,85.0,499.0,457.0,362.0,3843.0
205,450,ic,10,145.0,900.0,874.0,3.0,701.0,105.0,94.0,496.0,458.0,352.0,3844.0
205,450,ic,10,150.0,985.0,924.0,4.0,745.0,144.0,96.0,519.0,478.0,326.0,3847.0
205,450,ic,11,0.0,595.0,478.0,7.0,477.0,115.0,3.0,297.0,245.0,274.0,3433.0
205,450,ic,11,5.0,570.0,406.0,8.0,456.0,108.0,6.0,216.0,173.0,324.0,3453.0
205,450,ic,11,10.0,553.0,430.0,8.0,462.0,91.0,0.0,225.0,194.0,304.0,3446.0
205,450,ic,11,15.0,616.0,452.0,8.0,524.0,86.0,6.0,248.0,204.0,324.0,3468.0
205,450,ic,11,20.0,600.0,510.0,7.0,506.0,88.0,6.0,278.0,232.0,306.0,3591.0
205,450,ic,11,25.0,620.0,541.0,6.0,529.0,74.0,17.0,287.0,243.0,321.0,3454.0
205,450,ic,11,30.0,574.0,499.0,5.0,535.0,32.0,7.0,286.0,248.0,251.0,3424.0
205,450,ic,11,35.0,559.0,479.0,5.0,510.0,37.0,12.0,290.0,250.0,284.0,3457.0
205,450,ic,11,40.0,591.0,532.0,4.0,514.0,61.0,16.0,310.0,265.0,306.0,3502.0
205,450,ic,11,45.0,644.0,570.0,7.0,498.0,100.0,46.0,307.0,268.0,270.0,3533.0
205,450,ic,11,50.0,634.0,578.0,5.0,485.0,119.0,30.0,315.0,280.0,327.0,3529.0
205,450,ic,11,55.0,763.0,644.0,8.0,568.0,159.0,36.0,357.0,299.0,341.0,3589.0
205,450,ic,11,60.0,715.0,626.0,5.0,531.0,147.0,37.0,344.0,294.0,275.0,3604.0
205,450,ic,11,65.0,687.0,651.0,4.0,500.0,116.0,71.0,342.0,289.0,303.0,3596.0
205,450,ic,11,70.0,664.0,642.0,2.0,519.0,94.0,51.0,335.0,300.0,303.0,3503.0
205,450,ic,11,75.0,733.0,678.0,5.0,518.0,148.0,67.0,345.0,304.0,317.0,3603.0
205,450,ic,11,80.0,729.0,682.0,4.0,528.0,147.0,54.0,354.0,310.0,320.0,3540.0
205,450,ic,11,85.0,818.0,740.0,6.0,506.0,220.0,92.0,367.0,312.0,324.0,3639.0
205,450,ic,11,90.0,758.0,677.0,3.0,490.0,166.0,102.0,358.0,306.0,317.0,3695.0
205,450,ic,11,95.0,799.0,765.0,3.0,557.0,127.0,115.0,383.0,341.0,341.0,3586.0
205,450,ic,11,100.0,818.0,795.0,2.0,483.0,226.0,109.0,396.0,350.0,331.0,3613.0
205,450,ic,11,105.0,725.0,701.0,3.0,463.0,157.0,105.0,402.0,349.0,339.0,3625.0
205,450,ic,11,110.0,744.0,674.0,6.0,459.0,175.0,110.0,374.0,334.0,391.0,3653.0
205,450,ic,11,115.0,687.0,673.0,2.0,476.0,109.0,102.0,404.0,343.0,336.0,3711.0
205,450,ic,11,120.0,791.0,720.0,5.0,480.0,196.0,115.0,407.0,348.0,380.0,3745.0
205,450,ic,11,125.0,879.0,843.0,4.0,488.0,238.0,153.0,432.0,364.0,384.0,3817.0
205,450,ic,11,130.0,867.0,813.0,4.0,586.0,175.0,106.0,439.0,375.0,343.0,3664.0
205,450,ic,11,135.0,871.0,750.0,9.0,558.0,192.0,121.0,453.0,387.0,403.0,3792.0
205,450,ic,11,140.0,851.0,813.0,4.0,534.0,181.0,136.0,444.0,401.0,382.0,3848.0
205,450,ic,11,145.0,871.0,785.0,7.0,512.0,219.0,140.0,464.0,418.0,344.0,3757.0
205,450,ic,11,150.0,928.0,856.0,5.0,581.0,177.0,170.0,457.0,409.0,368.0,3742.0
205,450,ic,11,155.0,929.0,807.0,7.0,514.0,285.0,130.0,461.0,411.0,339.0,3855.0
205,450,ic,11,160.0,913.0,863.0,5.0,598.0,199.0,116.0,480.0,418.0,377.0,3858.0
205,450,ic,11,165.0,924.0,900.0,3.0,483.0,230.0,211.0,486.0,447.0,361.0,3744.0
205,450,ic,11,170.0,914.0,876.0,4.0,490.0,232.0,192.0,491.0,439.0,406.0,3770.0
205,450,ic,11,175.0,1023.0,985.0,4.0,478.0,304.0,241.0,500.0,444.0,423.0,3929.0
205,450,ic,2,0.0,595.0,478.0,7.0,477.0,115.0,3.0,297.0,245.0,274.0,3433.0
205,450,ic,2,5.0,504.0,454.0,3.0,407.0,90.0,7.0,213.0,168.0,265.0,3426.0
205,450,ic,2,10.0,519.0,421.0,6.0,415.0,103.0,1.0,221.0,186.0,284.0,3413.0
205,450,ic,2,15.0,557.0,438.0,4.0,453.0,92.0,12.0,248.0,194.0,294.0,3491.0
205,450,ic,2,20.0,601.0,482.0,7.0,419.0,162.0,20.0,261.0,213.0,339.0,3519.0
205,450,ic,2,25.0,608.0,445.0,6.0,421.0,175.0,12.0,277.0,215.0,302.0,3511.0
205,450,ic,2,30.0,649.0,483.0,7.0,498.0,130.0,21.0,287.0,243.0,317.0,3491.0
205,450,ic,2,35.0,642.0,511.0,7.0,517.0,103.0,22.0,250.0,220.0,322.0,3534.0
205,450,ic,2,40.0,636.0,532.0,6.0,478.0,104.0,54.0,297.0,244.0,338.0,3551.0
205,450,ic,2,45.0,628.0,541.0,7.0,475.0,92.0,61.0,313.0,263.0,320.0,3603.0
205,450,ic,2,50.0,641.0,504.0,9.0,493.0,111.0,37.0,293.0,260.0,321.0,3458.0
205,450,ic,2,55.0,651.0,555.0,6.0,565.0,80.0,6.0,290.0,249.0,314.0,3491.0
205,450,ic,2,60.0,609.0,571.0,3.0,496.0,83.0,30.0,297.0,264.0,253.0,3488.0
205,450,ic,2,65.0,547.0,509.0,3.0,503.0,27.0,17.0,313.0,275.0,281.0,3472.0
205,450,ic,2,70.0,562.0,526.0,4.0,490.0,53.0,19.0,296.0,263.0,273.0,3431.0
205,450,ic,2,75.0,542.0,542.0,1.0,502.0,24.0,16.0,292.0,246.0,276.0,3414.0
205,450,ic,2,80.0,610.0,555.0,4.0,536.0,58.0,16.0,280.0,249.0,339.0,3420.0
205,450,ic,2,85.0,540.0,502.0,4.0,464.0,52.0,24.0,258.0,230.0,286.0,3469.0
205,450,ic,2,90.0,574.0,519.0,4.0,492.0,69.0,13.0,285.0,247.0,284.0,3458.0
205,450,ic,2,95.0,571.0,523.0,5.0,500.0,60.0,11.0,285.0,251.0,302.0,3476.0
205,450,ic,2,100.0,581.0,532.0,4.0,535.0,30.0,16.0,291.0,247.0,307.0,3536.0
205,450,ic,2,105.0,675.0,554.0,7.0,589.0,78.0,8.0,308.0,280.0,275.0,3528.0
205,450,ic,2,110.0,610.0,584.0,3.0,586.0,18.0,6.0,323.0,295.0,250.0,3516.0
205,450,ic,2,115.0,632.0,590.0,4.0,584.0,36.0,12.0,345.0,307.0,284.0,3541.0
205,450,ic,2,120.0,636.0,612.0,3.0,518.0,81.0,37.0,357.0,328.0,275.0,3713.0
205,450,ic,2,125.0,639.0,615.0,3.0,538.0,69.0,32.0,353.0,318.0,274.0,3528.0
205,450,ic,2,130.0,674.0,662.0,2.0,536.0,99.0,39.0,355.0,328.0,301.0,3512.0
205,450,ic,2,135.0,685.0,670.0,2.0,581.0,71.0,33.0,375.0,331.0,311.0,3615.0
205,450,ic,2,140.0,669.0,649.0,2.0,569.0,62.0,38.0,393.0,355.0,307.0,3608.0
205,450,ic,2,145.0,768.0,726.0,4.0,571.0,115.0,82.0,419.0,369.0,317.0,3634.0
205,450,ic,2,150.0,802.0,784.0,2.0,608.0,132.0,62.0,421.0,370.0,386.0,3539.0
205,450,ic,2,155.0,835.0,835.0,1.0,617.0,128.0,90.0,457.0,392.0,377.0,3715.0
205,450,ic,2,160.0,902.0,808.0,4.0,669.0,176.0,57.0,438.0,394.0,365.0,3666.0
205,450,ic,2,165.0,861.0,785.0,3.0,674.0,109.0,78.0,459.0,402.0,422.0,3794.0
205,450,ic,2,170.0,920.0,829.0,6.0,717.0,110.0,93.0,465.0,407.0,384.0,3708.0
205,450,ic,2,175.0,805.0,767.0,4.0,645.0,87.0,73.0,464.0,416.0,350.0,3730.0
205,450,ic,2,180.0,877.0,811.0,6.0,641.0,148.0,88.0,463.0,407.0,399.0,3705.0
205,450,ic,2,185.0,843.0,755.0,6.0,616.0,147.0,80.0,469.0,426.0,423.0,3655.0
205,450,ic,2,190.0,889.0,833.0,5.0,643.0,139.0,107.0,497.0,437.0,403.0,3772.0
205,450,ic,2,195.0,856.0,801.0,3.0,612.0,148.0,96.0,484.0,431.0,368.0,3757.0
205,450,ic,2,200.0,917.0,840.0,5.0,633.0,191.0,93.0,470.0,428.0,387.0,3723.0
205,450,ic,2,205.0,873.0,824.0,4.0,611.0,161.0,101.0,456.0,424.0,318.0,3808.0
205,450,ic,2,210.0,905.0,869.0,4.0,606.0,196.0,103.0,493.0,464.0,311.0,3823.0
205,450,ic,2,215.0,924.0,861.0,4.0,724.0,113.0,87.0,492.0,451.0,355.0,3744.0
205,450,ic,2,220.0,991.0,898.0,7.0,694.0,205.0,92.0,524.0,477.0,355.0,3807.0
205,450,ic,2,225.0,1031.0,916.0,8.0,697.0,215.0,119.0,504.0,468.0,348.0,3788.0
205,450,ic,3,0.0,595.0,478.0,7.0,477.0,115.0,3.0,297.0,245.0,274.0,3433.0
205,450,ic,3,5.0,534.0,436.0,7.0,450.0,84.0,0.0,234.0,188.0,293.0,3398.0
205,450,ic,3,10.0,479.0,397.0,7.0,399.0,74.0,6.0,225.0,190.0,280.0,3439.0
205,450,ic,3,15.0,595.0,505.0,6.0,443.0,140.0,12.0,248.0,215.0,246.0,3504.0
205,450,ic,3,20.0,614.0,516.0,5.0,491.0,119.0,4.0,243.0,213.0,277.0,3540.0
205,450,ic,3,25.0,576.0,502.0,4.0,495.0,69.0,12.0,259.0,225.0,283.0,3383.0
205,450,ic,3,30.0,557.0,524.0,3.0,486.0,66.0,5.0,265.0,222.0,245.0,3505.0
205,450,ic,3,35.0,593.0,538.0,4.0,536.0,45.0,12.0,273.0,228.0,294.0,3505.0
205,450,ic,3,40.0,708.0,629.0,3.0,598.0,100.0,10.0,292.0,251.0,308.0,3412.0
205,450,ic,3,45.0,620.0,561.0,3.0,587.0,27.0,6.0,305.0,267.0,289.0,3437.0
205,450,ic,3,50.0,642.0,597.0,4.0,569.0,43.0,30.0,332.0,294.0,258.0,3406.0
205,450,ic,3,55.0,688.0,644.0,3.0,652.0,36.0,0.0,322.0,291.0,276.0,3446.0
205,450,ic,3,60.0,663.0,568.0,5.0,592.0,71.0,0.0,319.0,283.0,262.0,3476.0
205,450,ic,3,65.0,680.0,632.0,4.0,628.0,26.0,26.0,333.0,301.0,283.0,3530.0
205,450,ic,3,70.0,688.0,646.0,4.0,561.0,76.0,51.0,336.0,306.0,288.0,3449.0
205,450,ic,3,75.0,661.0,643.0,2.0,550.0,60.0,51.0,346.0,324.0,254.0,3569.0
205,450,ic,3,80.0,719.0,665.0,5.0,575.0,104.0,40.0,359.0,329.0,283.0,3563.0
205,450,ic,3,85.0,774.0,686.0,6.0,587.0,139.0,48.0,382.0,351.0,310.0,3562.0
205,450,ic,3,90.0,710.0,696.0,2.0,617.0,39.0,54.0,401.0,366.0,315.0,3569.0
205,450,ic,3,95.0,722.0,709.0,2.0,611.0,45.0,66.0,402.0,371.0,318.0,3532.0
205,450,ic,3,100.0,775.0,723.0,3.0,645.0,77.0,53.0,429.0,393.0,303.0,3628.0
205,450,ic,3,105.0,785.0,771.0,2.0,647.0,56.0,82.0,403.0,370.0,324.0,3629.0
205,450,ic,3,110.0,766.0,766.0,1.0,634.0,82.0,50.0,421.0,393.0,304.0,3656.0
205,450,ic,3,115.0,811.0,785.0,2.0,637.0,101.0,73.0,453.0,425.0,309.0,3619.0
205,450,ic,3,120.0,870.0,830.0,3.0,693.0,114.0,63.0,461.0,422.0,324.0,3713.0
205,450,ic,3,125.0,897.0,855.0,4.0,678.0,140.0,79.0,482.0,450.0,338.0,3681.0
205,450,ic,3,130.0,861.0,861.0,1.0,677.0,90.0,94.0,500.0,461.0,356.0,3734.0
205,450,ic,3,135.0,921.0,891.0,3.0,732.0,112.0,77.0,536.0,504.0,336.0,3709.0
205,450,ic,3,140.0,986.0,974.0,2.0,751.0,143.0,92.0,526.0,500.0,351.0,3756.0
205,450,ic,4,0.0,595.0,478.0,7.0,477.0,115.0,3.0,297.0,245.0,274.0,3433.0
205,450,ic,4,5.0,491.0,401.0,4.0,423.0,62.0,6.0,232.0,180.0,299.0,3290.0
205,450,ic,4,10.0,572.0,451.0,7.0,451.0,121.0,0.0,244.0,194.0,284.0,3394.0
205,450,ic,4,15.0,622.0,470.0,9.0,494.0,121.0,7.0,244.0,199.0,295.0,3493.0
205,450,ic,4,20.0,641.0,508.0,6.0,503.0,138.0,0.0,248.0,204.0,300.0,3479.0
205,450,ic,4,25.0,657.0,527.0,8.0,583.0,69.0,5.0,248.0,205.0,334.0,3389.0
205,450,ic,4,30.0,582.0,473.0,7.0,469.0,101.0,12.0,277.0,225.0,329.0,3548.0
205,450,ic,4,35.0,707.0,589.0,6.0,591.0,88.0,28.0,308.0,252.0,285.0,3594.0
205,450,ic,4,40.0,719.0,585.0,7.0,583.0,100.0,36.0,325.0,272.0,336.0,3601.0
205,450,ic,4,45.0,730.0,599.0,9.0,616.0,90.0,24.0,312.0,256.0,351.0,3546.0
205,450,ic,4,50.0,743.0,645.0,7.0,588.0,95.0,60.0,339.0,307.0,306.0,3445.0
205,450,ic,4,55.0,813.0,676.0,10.0,656.0,113.0,44.0,339.0,290.0,341.0,3582.0
205,450,ic,4,60.0,757.0,665.0,6.0,608.0,97.0,52.0,354.0,298.0,358.0,3619.0
205,450,ic,4,65.0,808.0,672.0,9.0,603.0,142.0,63.0,364.0,316.0,329.0,3651.0
205,450,ic,4,70.0,724.0,676.0,3.0,636.0,51.0,37.0,356.0,315.0,312.0,3591.0
205,450,ic,4,75.0,762.0,714.0,4.0,629.0,80.0,53.0,391.0,346.0,355.0,3592.0
205,450,ic,4,80.0,789.0,681.0,8.0,620.0,117.0,52.0,355.0,312.0,347.0,3570.0
205,450,ic,4,85.0,862.0,735.0,7.0,584.0,229.0,49.0,386.0,333.0,362.0,3566.0
205,450,ic,4,90.0,796.0,646.0,8.0,625.0,141.0,30.0,361.0,320.0,325.0,3535.0
205,450,ic,4,95.0,785.0,705.0,6.0,675.0,87.0,23.0,382.0,334.0,333.0,3567.0
205,450,ic,4,100.0,808.0,687.0,7.0,648.0,126.0,34.0,376.0,324.0,359.0,3515.0
205,450,ic,4,105.0,874.0,799.0,5.0,679.0,133.0,62.0,384.0,330.0,372.0,3602.0
205,450,ic,4,110.0,833.0,756.0,7.0,673.0,106.0,54.0,387.0,339.0,358.0,3712.0
205,450,ic,4,115.0,840.0,746.0,7.0,661.0,116.0,63.0,394.0,358.0,331.0,3712.0
205,450,ic,4,120.0,888.0,793.0,7.0,706.0,119.0,63.0,415.0,371.0,353.0,3761.0
205,450,ic,4,125.0,843.0,782.0,3.0,721.0,65.0,57.0,425.0,397.0,314.0,3719.0
205,450,ic,4,130.0,845.0,798.0,4.0,714.0,77.0,54.0,442.0,403.0,333.0,3666.0
205,450,ic,4,135.0,910.0,843.0,3.0,795.0,66.0,49.0,442.0,405.0,342.0,3716.0
205,450,ic,4,140.0,910.0,862.0,5.0,767.0,100.0,43.0,467.0,438.0,354.0,3665.0
205,450,ic,4,145.0,1000.0,932.0,4.0,819.0,91.0,90.0,519.0,483.0,350.0,3793.0
205,450,ic,5,0.0,595.0,478.0,7.0,477.0,115.0,3.0,297.0,245.0,274.0,3433.0
205,450,ic,5,5.0,516.0,412.0,4.0,422.0,76.0,18.0,232.0,190.0,268.0,3496.0
205,450,ic,5,10.0,499.0,463.0,3.0,409.0,78.0,12.0,249.0,209.0,280.0,3536.0
205,450,ic,5,15.0,514.0,478.0,3.0,412.0,65.0,37.0,255.0,220.0,273.0,3423.0
205,450,ic,5,20.0,584.0,495.0,4.0,428.0,134.0,22.0,255.0,226.0,240.0,3495.0
205,450,ic,5,25.0,548.0,512.0,3.0,476.0,60.0,12.0,274.0,243.0,241.0,3507.0
205,450,ic,5,30.0,515.0,491.0,3.0,415.0,76.0,24.0,284.0,250.0,280.0,3493.0
205,450,ic,5,35.0,547.0,475.0,6.0,455.0,65.0,27.0,268.0,229.0,274.0,3398.0
205,450,ic,5,40.0,565.0,493.0,6.0,406.0,116.0,43.0,274.0,237.0,260.0,3460.0
205,450,ic,5,45.0,503.0,479.0,3.0,407.0,75.0,21.0,257.0,233.0,271.0,3456.0
205,450,ic,5,50.0,515.0,463.0,5.0,439.0,50.0,26.0,280.0,233.0,307.0,3473.0
205,450,ic,5,55.0,626.0,592.0,3.0,497.0,100.0,29.0,318.0,263.0,307.0,3428.0
205,450,ic,5,60.0,675.0,523.0,7.0,489.0,147.0,39.0,303.0,257.0,309.0,3551.0
205,450,ic,5,65.0,547.0,510.0,4.0,466.0,59.0,22.0,298.0,257.0,303.0,3571.0
205,450,ic,5,70.0,587.0,529.0,4.0,504.0,67.0,16.0,311.0,270.0,357.0,3555.0
205,450,ic,5,75.0,711.0,628.0,4.0,545.0,130.0,36.0,322.0,273.0,330.0,3597.0
205,450,ic,5,80.0,658.0,600.0,5.0,543.0,79.0,36.0,323.0,277.0,346.0,3612.0
205,450,ic,5,85.0,625.0,583.0,4.0,509.0,90.0,26.0,315.0,267.0,298.0,3592.0
205,450,ic,5,90.0,715.0,606.0,8.0,516.0,139.0,60.0,334.0,292.0,355.0,3647.0
205,450,ic,5,95.0,778.0,645.0,7.0,491.0,199.0,88.0,343.0,306.0,329.0,3734.0
205,450,ic,5,100.0,783.0,696.0,6.0,524.0,161.0,98.0,359.0,328.0,318.0,3588.0
205,450,ic,5,105.0,743.0,681.0,5.0,511.0,138.0,94.0,379.0,340.0,316.0,3610.0
205,450,ic,5,110.0,720.0,696.0,3.0,483.0,146.0,91.0,385.0,352.0,309.0,3604.0
205,450,ic,5,115.0,676.0,640.0,4.0,447.0,138.0,91.0,383.0,342.0,286.0,3551.0
205,450,ic,5,120.0,698.0,674.0,3.0,481.0,116.0,101.0,381.0,349.0,317.0,3590.0
205,450,ic,5,125.0,748.0,710.0,4.0,493.0,154.0,101.0,405.0,366.0,334.0,3598.0
205,450,ic,5,130.0,773.0,737.0,4.0,519.0,132.0,122.0,390.0,350.0,304.0,3643.0
205,450,ic,5,135.0,756.0,732.0,3.0,489.0,138.0,129.0,425.0,386.0,315.0,3612.0
205,450,ic,5,140.0,787.0,775.0,2.0,504.0,133.0,150.0,435.0,403.0,348.0,3702.0
205,450,ic,5,145.0,768.0,732.0,4.0,511.0,127.0,130.0,408.0,361.0,346.0,3672.0
205,450,ic,5,150.0,790.0,763.0,3.0,516.0,108.0,166.0,406.0,373.0,311.0,3610.0
205,450,ic,5,155.0,749.0,716.0,3.0,488.0,114.0,147.0,393.0,360.0,329.0,3670.0
205,450,ic,5,160.0,785.0,692.0,7.0,515.0,154.0,116.0,387.0,356.0,301.0,3587.0
205,450,ic,5,165.0,807.0,748.0,3.0,553.0,127.0,127.0,433.0,400.0,310.0,3562.0
205,450,ic,5,170.0,812.0,730.0,7.0,569.0,117.0,126.0,426.0,387.0,351.0,3746.0
205,450,ic,5,175.0,866.0,781.0,7.0,565.0,180.0,121.0,441.0,404.0,355.0,3692.0
205,450,ic,5,180.0,942.0,892.0,5.0,586.0,187.0,169.0,462.0,420.0,362.0,3817.0
205,450,ic,5,185.0,915.0,873.0,4.0,618.0,146.0,151.0,455.0,417.0,358.0,3834.0
205,450,ic,5,190.0,965.0,887.0,6.0,593.0,224.0,148.0,475.0,429.0,342.0,3777.0
205,450,ic,5,195.0,914.0,862.0,4.0,541.0,221.0,152.0,479.0,425.0,369.0,3749.0
205,450,ic,5,200.0,951.0,902.0,4.0,588.0,222.0,141.0,484.0,437.0,397.0,3812.0
205,450,ic,6,0.0,595.0,478.0,7.0,477.0,115.0,3.0,297.0,245.0,274.0,3433.0
205,450,ic,6,5.0,437.0,375.0,5.0,364.0,61.0,12.0,221.0,185.0,266.0,3384.0
205,450,ic,6,10.0,493.0,393.0,4.0,421.0,68.0,4.0,227.0,184.0,293.0,3462.0
205,450,ic,6,15.0,572.0,442.0,7.0,436.0,114.0,22.0,254.0,198.0,307.0,3510.0
205,450,ic,6,20.0,605.0,453.0,10.0,449.0,135.0,21.0,255.0,196.0,324.0,3446.0
205,450,ic,6,25.0,590.0,473.0,7.0,443.0,131.0,16.0,249.0,195.0,307.0,3478.0
205,450,ic,6,30.0,578.0,491.0,4.0,475.0,82.0,21.0,283.0,232.0,308.0,3561.0
205,450,ic,6,35.0,590.0,479.0,6.0,463.0,105.0,22.0,301.0,239.0,290.0,3424.0
205,450,ic,6,40.0,637.0,475.0,9.0,460.0,145.0,32.0,272.0,224.0,338.0,3380.0
205,450,ic,6,45.0,655.0,561.0,6.0,487.0,152.0,16.0,274.0,220.0,351.0,3599.0
205,450,ic,6,50.0,647.0,468.0,10.0,537.0,109.0,1.0,294.0,231.0,343.0,3605.0
205,450,ic,6,55.0,653.0,471.0,10.0,497.0,133.0,23.0,302.0,238.0,361.0,3558.0
205,450,ic,6,60.0,629.0,488.0,8.0,486.0,120.0,23.0,305.0,246.0,354.0,3546.0
205,450,ic,6,65.0,622.0,487.0,8.0,473.0,116.0,33.0,313.0,261.0,315.0,3526.0
205,450,ic,6,70.0,700.0,518.0,9.0,517.0,143.0,40.0,319.0,259.0,350.0,3552.0
205,450,ic,6,75.0,643.0,522.0,6.0,479.0,121.0,43.0,286.0,244.0,350.0,3426.0
205,450,ic,6,80.0,641.0,571.0,6.0,501.0,107.0,33.0,313.0,259.0,342.0,3624.0
205,450,ic,6,85.0,678.0,558.0,7.0,540.0,100.0,38.0,334.0,289.0,312.0,3570.0
205,450,ic,6,90.0,726.0,645.0,7.0,494.0,171.0,61.0,335.0,295.0,323.0,3577.0
205,450,ic,6,95.0,691.0,636.0,4.0,508.0,134.0,49.0,332.0,300.0,340.0,3542.0
205,450,ic,6,100.0,757.0,661.0,5.0,523.0,171.0,63.0,361.0,314.0,312.0,3554.0
205,450,ic,6,105.0,775.0,731.0,4.0,528.0,166.0,81.0,377.0,327.0,351.0,3620.0
205,450,ic,6,110.0,864.0,772.0,5.0,596.0,163.0,105.0,373.0,327.0,365.0,3662.0
205,450,ic,6,115.0,867.0,783.0,6.0,588.0,179.0,100.0,383.0,340.0,342.0,3650.0
205,450,ic,6,120.0,766.0,742.0,3.0,505.0,133.0,128.0,369.0,327.0,351.0,3708.0
205,450,ic,6,125.0,789.0,765.0,3.0,512.0,176.0,101.0,380.0,340.0,325.0,3623.0
205,450,ic,6,130.0,742.0,704.0,4.0,519.0,132.0,91.0,376.0,343.0,332.0,3521.0
205,450,ic,6,135.0,867.0,804.0,5.0,506.0,263.0,98.0,412.0,367.0,350.0,3755.0
205,450,ic,6,140.0,795.0,747.0,5.0,500.0,185.0,110.0,433.0,381.0,349.0,3653.0
205,450,ic,6,145.0,875.0,815.0,6.0,517.0,231.0,127.0,453.0,406.0,355.0,3738.0
205,450,ic,6,150.0,841.0,783.0,5.0,555.0,145.0,141.0,451.0,400.0,396.0,3748.0
205,450,ic,6,155.0,888.0,813.0,5.0,611.0,141.0,136.0,489.0,419.0,415.0,3754.0
205,450,ic,6,160.0,996.0,883.0,4.0,614.0,251.0,131.0,486.0,422.0,380.0,3835.0
205,450,ic,6,165.0,865.0,801.0,3.0,552.0,179.0,134.0,486.0,428.0,364.0,3789.0
205,450,ic,6,170.0,923.0,872.0,3.0,586.0,203.0,134.0,463.0,413.0,401.0,3790.0
205,450,ic,6,175.0,992.0,922.0,4.0,617.0,236.0,139.0,456.0,396.0,423.0,3813.0
205,450,ic,7,0.0,595.0,478.0,7.0,477.0,115.0,3.0,297.0,245.0,274.0,3433.0
205,450,ic,7,5.0,547.0,405.0,8.0,445.0,96.0,6.0,238.0,199.0,283.0,3399.0
205,450,ic,7,10.0,553.0,450.0,6.0,460.0,71.0,22.0,275.0,234.0,254.0,3447.0
205,450,ic,7,15.0,584.0,442.0,8.0,475.0,109.0,0.0,266.0,236.0,256.0,3474.0
205,450,ic,7,20.0,580.0,508.0,6.0,461.0,84.0,35.0,284.0,247.0,267.0,3426.0
205,450,ic,7,25.0,552.0,540.0,2.0,469.0,48.0,35.0,317.0,289.0,236.0,3495.0
205,450,ic,7,30.0,649.0,614.0,3.0,469.0,120.0,60.0,339.0,306.0,278.0,3521.0
205,450,ic,7,35.0,626.0,614.0,2.0,507.0,72.0,47.0,371.0,339.0,276.0,3517.0
205,450,ic,7,40.0,709.0,633.0,6.0,467.0,162.0,80.0,381.0,337.0,309.0,3557.0
205,450,ic,7,45.0,790.0,710.0,4.0,553.0,165.0,72.0,390.0,347.0,318.0,3586.0
205,450,ic,7,50.0,760.0,682.0,5.0,564.0,132.0,64.0,399.0,368.0,331.0,3571.0
205,450,ic,7,55.0,742.0,666.0,5.0,607.0,92.0,43.0,400.0,370.0,303.0,3560.0
205,450,ic,7,60.0,690.0,635.0,4.0,537.0,97.0,56.0,393.0,361.0,286.0,3645.0
205,450,ic,7,65.0,785.0,733.0,5.0,536.0,159.0,90.0,413.0,370.0,313.0,3629.0
205,450,ic,7,70.0,775.0,749.0,3.0,503.0,167.0,105.0,412.0,384.0,298.0,3682.0
205,450,ic,7,75.0,844.0,822.0,2.0,515.0,211.0,118.0,458.0,427.0,324.0,3703.0
205,450,ic,7,80.0,817.0,805.0,2.0,491.0,191.0,135.0,457.0,416.0,355.0,3692.0
205,450,ic,7,85.0,822.0,751.0,6.0,581.0,139.0,102.0,439.0,404.0,320.0,3639.0
205,450,ic,7,90.0,816.0,804.0,2.0,530.0,158.0,128.0,445.0,416.0,289.0,3643.0
205,450,ic,7,95.0,837.0,799.0,4.0,595.0,106.0,136.0,470.0,429.0,314.0,3752.0
205,450,ic,7,100.0,859.0,821.0,3.0,535.0,146.0,178.0,462.0,429.0,331.0,3702.0
205,450,ic,7,105.0,902.0,902.0,1.0,526.0,167.0,209.0,460.0,434.0,304.0,3681.0
205,450,ic,8,0.0,595.0,478.0,7.0,477.0,115.0,3.0,297.0,245.0,274.0,3433.0
205,450,ic,8,5.0,567.0,456.0,5.0,429.0,121.0,17.0,248.0,206.0,276.0,3399.0
205,450,ic,8,10.0,562.0,467.0,5.0,457.0,93.0,12.0,256.0,213.0,302.0,3447.0
205,450,ic,8,15.0,568.0,488.0,5.0,482.0,79.0,7.0,270.0,225.0,279.0,3536.0
205,450,ic,8,20.0,516.0,466.0,4.0,480.0,36.0,0.0,246.0,212.0,272.0,3489.0
205,450,ic,8,25.0,575.0,500.0,5.0,490.0,82.0,3.0,278.0,239.0,255.0,3445.0
205,450,ic,8,30.0,672.0,539.0,5.0,558.0,106.0,8.0,273.0,238.0,280.0,3616.0
205,450,ic,8,35.0,638.0,537.0,4.0,555.0,75.0,8.0,313.0,284.0,307.0,3551.0
205,450,ic,8,40.0,650.0,572.0,4.0,591.0,52.0,7.0,308.0,258.0,331.0,3562.0
205,450,ic,8,45.0,660.0,566.0,6.0,520.0,117.0,23.0,301.0,259.0,304.0,3501.0
205,450,ic,8,50.0,655.0,596.0,5.0,546.0,88.0,21.0,309.0,270.0,322.0,3499.0
205,450,ic,8,55.0,718.0,614.0,8.0,536.0,142.0,40.0,334.0,297.0,301.0,3456.0
205,450,ic,8,60.0,651.0,585.0,5.0,549.0,64.0,38.0,353.0,306.0,321.0,3543.0
205,450,ic,8,65.0,713.0,636.0,7.0,529.0,122.0,62.0,342.0,296.0,321.0,3552.0
205,450,ic,8,70.0,709.0,669.0,4.0,552.0,85.0,72.0,371.0,316.0,337.0,3597.0
205,450,ic,8,75.0,722.0,660.0,6.0,616.0,63.0,43.0,353.0,307.0,355.0,3659.0
205,450,ic,8,80.0,741.0,691.0,4.0,572.0,94.0,75.0,355.0,309.0,364.0,3554.0
205,450,ic,8,85.0,725.0,667.0,4.0,565.0,93.0,67.0,369.0,313.0,339.0,3504.0
205,450,ic,8,90.0,811.0,723.0,6.0,597.0,132.0,82.0,379.0,344.0,330.0,3542.0
205,450,ic,8,95.0,776.0,683.0,6.0,571.0,138.0,67.0,399.0,355.0,335.0,3590.0
205,450,ic,8,100.0,771.0,715.0,4.0,591.0,94.0,86.0,403.0,366.0,341.0,3575.0
205,450,ic,8,105.0,729.0,705.0,3.0,589.0,63.0,77.0,389.0,351.0,322.0,3594.0
205,450,ic,8,110.0,771.0,733.0,3.0,693.0,33.0,45.0,387.0,342.0,337.0,3641.0
205,450,ic,8,115.0,713.0,675.0,3.0,597.0,61.0,55.0,402.0,353.0,320.0,3632.0
205,450,ic,8,120.0,736.0,716.0,2.0,590.0,96.0,50.0,367.0,339.0,312.0,3548.0
205,450,ic,8,125.0,706.0,694.0,2.0,620.0,67.0,19.0,392.0,356.0,315.0,3583.0
205,450,ic,8,130.0,798.0,741.0,3.0,643.0,124.0,31.0,395.0,356.0,350.0,3677.0
205,450,ic,8,135.0,749.0,711.0,4.0,641.0,78.0,30.0,411.0,380.0,281.0,3657.0
205,450,ic,8,140.0,751.0,695.0,5.0,618.0,106.0,27.0,404.0,375.0,300.0,3664.0
205,450,ic,8,145.0,740.0,707.0,3.0,587.0,106.0,47.0,410.0,376.0,307.0,3690.0
205,450,ic,8,150.0,751.0,727.0,3.0,588.0,106.0,57.0,417.0,388.0,300.0,3627.0
205,450,ic,8,155.0,861.0,837.0,3.0,602.0,188.0,71.0,421.0,381.0,332.0,3765.0
205,450,ic,8,160.0,847.0,835.0,2.0,587.0,175.0,85.0,436.0,396.0,363.0,3748.0
205,450,ic,8,165.0,815.0,791.0,3.0,597.0,141.0,77.0,444.0,398.0,332.0,3738.0
205,450,ic,8,170.0,854.0,811.0,4.0,622.0,162.0,70.0,427.0,397.0,337.0,3757.0
205,450,ic,8,175.0,874.0,843.0,3.0,632.0,151.0,91.0,493.0,437.0,356.0,3745.0
205,450,ic,8,180.0,858.0,826.0,3.0,617.0,149.0,92.0,485.0,454.0,319.0,3677.0
205,450,ic,8,185.0,886.0,811.0,6.0,611.0,191.0,84.0,465.0,438.0,329.0,3777.0
205,450,ic,8,190.0,880.0,856.0,3.0,602.0,155.0,123.0,447.0,413.0,335.0,3696.0
205,450,ic,8,195.0,889.0,843.0,4.0,711.0,101.0,77.0,465.0,430.0,352.0,3721.0
205,450,ic,8,200.0,827.0,815.0,2.0,664.0,88.0,75.0,489.0,443.0,366.0,3760.0
205,450,ic,8,205.0,861.0,824.0,4.0,693.0,104.0,64.0,498.0,467.0,315.0,3796.0
205,450,ic,8,210.0,916.0,892.0,3.0,699.0,96.0,121.0,504.0,450.0,375.0,3786.0
205,450,ic,8,215.0,1050.0,916.0,10.0,668.0,243.0,139.0,523.0,487.0,361.0,3740.0
205,450,ic,9,0.0,595.0,478.0,7.0,477.0,115.0,3.0,297.0,245.0,274.0,3433.0
205,450,ic,9,5.0,537.0,407.0,8.0,453.0,61.0,23.0,237.0,174.0,294.0,3373.0
205,450,ic,9,10.0,576.0,429.0,8.0,477.0,99.0,0.0,253.0,198.0,298.0,3379.0
205,450,ic,9,15.0,544.0,443.0,6.0,490.0,47.0,7.0,236.0,195.0,274.0,3389.0
205,450,ic,9,20.0,653.0,478.0,9.0,473.0,156.0,24.0,258.0,212.0,310.0,3400.0
205,450,ic,9,25.0,672.0,492.0,9.0,512.0,148.0,12.0,265.0,218.0,307.0,3421.0
205,450,ic,9,30.0,744.0,545.0,12.0,537.0,183.0,24.0,306.0,255.0,330.0,3474.0
205,450,ic,9,35.0,759.0,552.0,12.0,542.0,202.0,15.0,302.0,262.0,294.0,3544.0
205,450,ic,9,40.0,714.0,571.0,11.0,517.0,174.0,23.0,311.0,265.0,307.0,3539.0
205,450,ic,9,45.0,659.0,538.0,9.0,550.0,97.0,12.0,321.0,283.0,326.0,3494.0
205,450,ic,9,50.0,628.0,565.0,4.0,538.0,59.0,31.0,303.0,269.0,305.0,3517.0
205,450,ic,9,55.0,666.0,590.0,6.0,549.0,84.0,33.0,325.0,286.0,307.0,3436.0
205,450,ic,9,60.0,701.0,613.0,6.0,597.0,82.0,22.0,345.0,302.0,304.0,3496.0
205,450,ic,9,65.0,711.0,660.0,4.0,538.0,120.0,53.0,349.0,310.0,299.0,3490.0
205,450,ic,9,70.0,658.0,622.0,3.0,524.0,81.0,53.0,365.0,320.0,290.0,3592.0
205,450,ic,9,75.0,653.0,605.0,5.0,515.0,97.0,41.0,365.0,319.0,339.0,3635.0
205,450,ic,9,80.0,741.0,666.0,5.0,523.0,119.0,99.0,354.0,330.0,289.0,3672.0
205,450,ic,9,85.0,732.0,631.0,6.0,533.0,137.0,62.0,367.0,325.0,280.0,3570.0
205,450,ic,9,90.0,751.0,631.0,8.0,534.0,131.0,86.0,335.0,285.0,348.0,3703.0
205,450,ic,9,95.0,778.0,681.0,6.0,621.0,92.0,65.0,340.0,305.0,321.0,3606.0
205,450,ic,9,100.0,712.0,654.0,5.0,582.0,72.0,58.0,362.0,310.0,336.0,3622.0
205,450,ic,9,105.0,792.0,717.0,5.0,599.0,111.0,82.0,364.0,320.0,330.0,3578.0
205,450,ic,9,110.0,776.0,679.0,6.0,566.0,127.0,83.0,381.0,332.0,327.0,3690.0
205,450,ic,9,115.0,799.0,724.0,6.0,596.0,124.0,79.0,399.0,353.0,371.0,3700.0
205,450,ic,9,120.0,875.0,750.0,8.0,634.0,178.0,63.0,384.0,341.0,376.0,3706.0
205,450,ic,9,125.0,763.0,668.0,6.0,599.0,96.0,68.0,389.0,339.0,344.0,3572.0
205,450,ic,9,130.0,869.0,744.0,7.0,616.0,155.0,98.0,420.0,378.0,352.0,3749.0
205,450,ic,9,135.0,807.0,712.0,7.0,590.0,130.0,87.0,428.0,377.0,373.0,3642.0
205,450,ic,9,140.0,814.0,764.0,3.0,616.0,109.0,89.0,411.0,364.0,371.0,3727.0
205,450,ic,9,145.0,815.0,759.0,4.0,642.0,107.0,66.0,414.0,371.0,355.0,3684.0
205,450,ic,9,150.0,873.0,761.0,7.0,658.0,143.0,72.0,430.0,381.0,334.0,3670.0
205,450,ic,9,155.0,821.0,795.0,3.0,631.0,117.0,73.0,431.0,388.0,351.0,3658.0
205,450,ic,9,160.0,790.0,725.0,4.0,597.0,141.0,52.0,397.0,351.0,350.0,3635.0
205,450,ic,9,165.0,782.0,746.0,4.0,628.0,87.0,67.0,413.0,374.0,350.0,3690.0
205,450,ic,9,170.0,836.0,753.0,6.0,648.0,115.0,73.0,419.0,383.0,349.0,3686.0
205,450,ic,9,175.0,802.0,737.0,6.0,683.0,73.0,46.0,423.0,389.0,350.0,3638.0
205,450,ic,9,180.0,829.0,765.0,6.0,672.0,99.0,58.0,417.0,383.0,332.0,3624.0
205,450,ic,9,185.0,807.0,763.0,4.0,690.0,82.0,35.0,439.0,395.0,335.0,3681.0
205,450,ic,9,190.0,833.0,754.0,6.0,678.0,117.0,38.0,429.0,397.0,324.0,3686.0
205,450,ic,9,195.0,786.0,786.0,1.0,696.0,34.0,56.0,453.0,416.0,340.0,3735.0
205,450,ic,9,200.0,863.0,829.0,3.0,694.0,66.0,103.0,455.0,407.0,343.0,3744.0
205,450,ic,9,205.0,943.0,851.0,7.0,781.0,98.0,64.0,465.0,430.0,351.0,3630.0
205,450,ic,9,210.0,905.0,847.0,4.0,783.0,66.0,56.0,456.0,415.0,337.0,3729.0
205,450,ic,9,215.0,825.0,825.0,1.0,687.0,85.0,53.0,465.0,428.0,337.0,3672.0
205,450,ic,9,220.0,820.0,796.0,3.0,652.0,106.0,62.0,454.0,419.0,315.0,3702.0
205,450,ic,9,225.0,851.0,779.0,5.0,706.0,79.0,66.0,464.0,416.0,315.0,3707.0
205,450,ic,9,230.0,921.0,876.0,4.0,680.0,142.0,99.0,479.0,439.0,345.0,3744.0
205,450,ic,9,235.0,957.0,885.0,4.0,682.0,172.0,103.0,466.0,427.0,348.0,3773.0
205,450,ic,9,240.0,938.0,912.0,3.0,627.0,191.0,120.0,470.0,431.0,351.0,3767.0
205,50,ic,0,0.0,198.0,57.0,9.0,53.0,142.0,3.0,75.0,11.0,245.0,3345.0
205,50,ic,0,5.0,134.0,51.0,7.0,30.0,104.0,0.0,47.0,2.0,223.0,3208.0
205,50,ic,0,10.0,109.0,37.0,7.0,4.0,95.0,10.0,57.0,5.0,222.0,3166.0
205,50,ic,0,15.0,115.0,39.0,6.0,0.0,115.0,0.0,51.0,4.0,245.0,3315.0
205,50,ic,0,20.0,74.0,26.0,5.0,14.0,59.0,1.0,60.0,2.0,222.0,3334.0
205,50,ic,0,25.0,159.0,34.0,8.0,72.0,81.0,6.0,56.0,3.0,286.0,3244.0
205,50,ic,0,30.0,56.0,18.0,4.0,32.0,24.0,0.0,46.0,4.0,185.0,3426.0
205,50,ic,1,0.0,198.0,57.0,9.0,53.0,142.0,3.0,75.0,11.0,245.0,3345.0
205,50,ic,1,5.0,150.0,26.0,10.0,29.0,121.0,0.0,58.0,5.0,219.0,3267.0
205,50,ic,1,10.0,114.0,24.0,8.0,0.0,114.0,0.0,37.0,2.0,162.0,3136.0
205,50,ic,1,15.0,125.0,28.0,9.0,0.0,125.0,0.0,30.0,2.0,173.0,3284.0
205,50,ic,1,20.0,91.0,18.0,7.0,18.0,73.0,0.0,46.0,2.0,246.0,3186.0
205,50,ic,10,0.0,198.0,57.0,9.0,53.0,142.0,3.0,75.0,11.0,245.0,3345.0
205,50,ic,10,5.0,140.0,32.0,7.0,20.0,114.0,6.0,44.0,3.0,175.0,3187.0
205,50,ic,10,10.0,99.0,37.0,6.0,14.0,85.0,0.0,35.0,3.0,170.0,3271.0
205,50,ic,10,15.0,125.0,25.0,9.0,15.0,110.0,0.0,49.0,3.0,204.0,3310.0
205,50,ic,10,20.0,175.0,47.0,9.0,91.0,75.0,9.0,51.0,3.0,238.0,3368.0
205,50,ic,10,25.0,155.0,41.0,8.0,14.0,141.0,0.0,48.0,3.0,225.0,3318.0
205,50,ic,10,30.0,166.0,32.0,10.0,64.0,96.0,6.0,59.0,3.0,210.0,3171.0
205,50,ic,10,35.0,145.0,27.0,8.0,53.0,90.0,2.0,45.0,4.0,184.0,3215.0
205,50,ic,10,40.0,166.0,26.0,10.0,68.0,98.0,0.0,56.0,2.0,188.0,3197.0
205,50,ic,10,45.0,112.0,24.0,8.0,28.0,84.0,0.0,43.0,3.0,189.0,3199.0
205,50,ic,10,50.0,150.0,29.0,9.0,39.0,103.0,8.0,44.0,3.0,136.0,3189.0
205,50,ic,10,55.0,60.0,22.0,4.0,36.0,24.0,0.0,28.0,2.0,142.0,3168.0
205,50,ic,10,60.0,83.0,18.0,6.0,46.0,37.0,0.0,45.0,2.0,197.0,3179.0
205,50,ic,11,0.0,198.0,57.0,9.0,53.0,142.0,3.0,75.0,11.0,245.0,3345.0
205,50,ic,11,5.0,172.0,40.0,9.0,76.0,90.0,6.0,46.0,3.0,160.0,3199.0
205,50,ic,11,10.0,125.0,38.0,6.0,36.0,83.0,6.0,42.0,2.0,193.0,3304.0
205,50,ic,11,15.0,44.0,20.0,3.0,8.0,30.0,6.0,32.0,2.0,160.0,3180.0
205,50,ic,11,20.0,88.0,14.0,7.0,28.0,60.0,0.0,31.0,2.0,150.0,3237.0
205,50,ic,2,0.0,198.0,57.0,9.0,53.0,142.0,3.0,75.0,11.0,245.0,3345.0
205,50,ic,2,5.0,132.0,54.0,6.0,12.0,114.0,6.0,59.0,3.0,195.0,3347.0
205,50,ic,2,10.0,145.0,42.0,8.0,11.0,131.0,3.0,28.0,2.0,175.0,3278.0
205,50,ic,2,15.0,79.0,26.0,4.0,28.0,51.0,0.0,39.0,3.0,159.0,3224.0
205,50,ic,2,20.0,88.0,24.0,5.0,8.0,74.0,6.0,29.0,2.0,204.0,3089.0
205,50,ic,2,25.0,137.0,23.0,10.0,29.0,108.0,0.0,36.0,2.0,165.0,3303.0
205,50,ic,2,30.0,99.0,25.0,7.0,27.0,66.0,6.0,44.0,3.0,167.0,3171.0
205,50,ic,2,35.0,76.0,14.0,6.0,28.0,48.0,0.0,42.0,3.0,163.0,3173.0
205,50,ic,3,0.0,198.0,57.0,9.0,53.0,142.0,3.0,75.0,11.0,245.0,3345.0
205,50,ic,3,5.0,179.0,35.0,9.0,47.0,132.0,0.0,45.0,3.0,237.0,3225.0
205,50,ic,3,10.0,193.0,38.0,11.0,28.0,165.0,0.0,44.0,3.0,206.0,3199.0
205,50,ic,3,15.0,121.0,30.0,8.0,18.0,103.0,0.0,43.0,4.0,207.0,3233.0
205,50,ic,3,20.0,109.0,37.0,6.0,25.0,84.0,0.0,52.0,3.0,207.0,3127.0
205,50,ic,3,25.0,166.0,37.0,8.0,41.0,123.0,2.0,55.0,6.0,189.0,3243.0
205,50,ic,3,30.0,98.0,24.0,7.0,14.0,84.0,0.0,41.0,3.0,188.0,3208.0
205,50,ic,3,35.0,112.0,38.0,7.0,14.0,98.0,0.0,40.0,2.0,175.0,3281.0
205,50,ic,3,40.0,87.0,25.0,5.0,51.0,30.0,6.0,48.0,2.0,220.0,3326.0
205,50,ic,3,45.0,62.0,36.0,3.0,14.0,48.0,0.0,38.0,2.0,190.0,3277.0
205,50,ic,3,50.0,62.0,20.0,4.0,0.0,62.0,0.0,53.0,3.0,188.0,3306.0
205,50,ic,3,55.0,91.0,23.0,6.0,55.0,36.0,0.0,27.0,4.0,126.0,3247.0
205,50,ic,3,60.0,87.0,32.0,5.0,27.0,54.0,6.0,46.0,7.0,162.0,3273.0
205,50,ic,3,65.0,75.0,39.0,4.0,0.0,75.0,0.0,28.0,2.0,122.0,3113.0
205,50,ic,3,70.0,12.0,12.0,1.0,0.0,12.0,0.0,27.0,1.0,124.0,3127.0
205,50,ic,4,0.0,198.0,57.0,9.0,53.0,142.0,3.0,75.0,11.0,245.0,3345.0
205,50,ic,4,5.0,224.0,77.0,10.0,53.0,163.0,8.0,53.0,3.0,197.0,3310.0
205,50,ic,4,10.0,126.0,35.0,5.0,78.0,38.0,10.0,53.0,2.0,221.0,3213.0
205,50,ic,4,15.0,214.0,138.0,6.0,69.0,134.0,11.0,67.0,3.0,275.0,3232.0
205,50,ic,5,0.0,198.0,57.0,9.0,53.0,142.0,3.0,75.0,11.0,245.0,3345.0
205,50,ic,5,5.0,106.0,25.0,6.0,35.0,59.0,12.0,36.0,3.0,196.0,3263.0
205,50,ic,5,10.0,160.0,38.0,9.0,64.0,96.0,0.0,44.0,3.0,245.0,3313.0
205,50,ic,5,15.0,165.0,50.0,6.0,43.0,122.0,0.0,40.0,2.0,184.0,3255.0
205,50,ic,5,20.0,219.0,71.0,9.0,136.0,77.0,6.0,52.0,5.0,244.0,3365.0
205,50,ic,5,25.0,146.0,40.0,8.0,86.0,54.0,6.0,52.0,4.0,217.0,3293.0
205,50,ic,5,30.0,121.0,37.0,6.0,28.0,89.0,4.0,49.0,3.0,202.0,3209.0
205,50,ic,5,35.0,54.0,29.0,3.0,29.0,25.0,0.0,46.0,6.0,155.0,3145.0
205,50,ic,5,40.0,130.0,39.0,7.0,59.0,55.0,16.0,60.0,4.0,197.0,3385.0
205,50,ic,5,45.0,65.0,29.0,4.0,29.0,36.0,0.0,46.0,2.0,205.0,3200.0
205,50,ic,5,50.0,56.0,20.0,4.0,0.0,56.0,0.0,48.0,3.0,178.0,3222.0
205,50,ic,5,55.0,37.0,13.0,3.0,0.0,37.0,0.0,42.0,3.0,160.0,3159.0
205,50,ic,6,0.0,198.0,57.0,9.0,53.0,142.0,3.0,75.0,11.0,245.0,3345.0
205,50,ic,6,5.0,212.0,34.0,11.0,50.0,162.0,0.0,50.0,3.0,223.0,3297.0
205,50,ic,6,10.0,136.0,27.0,7.0,28.0,108.0,0.0,50.0,2.0,202.0,3234.0
205,50,ic,6,15.0,174.0,51.0,10.0,53.0,121.0,0.0,39.0,3.0,219.0,3353.0
205,50,ic,6,20.0,99.0,30.0,6.0,18.0,81.0,0.0,54.0,3.0,198.0,3263.0
205,50,ic,6,25.0,142.0,34.0,9.0,50.0,92.0,0.0,41.0,2.0,182.0,3257.0
205,50,ic,6,30.0,124.0,27.0,8.0,14.0,110.0,0.0,29.0,2.0,174.0,3220.0
205,50,ic,6,35.0,71.0,36.0,3.0,15.0,56.0,0.0,49.0,3.0,130.0,3273.0
205,50,ic,6,40.0,57.0,25.0,3.0,39.0,18.0,0.0,36.0,2.0,210.0,3299.0
205,50,ic,6,45.0,147.0,26.0,9.0,53.0,94.0,0.0,36.0,2.0,207.0,3328.0
205,50,ic,6,50.0,112.0,35.0,7.0,64.0,48.0,0.0,45.0,2.0,174.0,3317.0
205,50,ic,6,55.0,165.0,30.0,10.0,50.0,109.0,6.0,35.0,6.0,162.0,3204.0
205,50,ic,6,60.0,101.0,44.0,3.0,54.0,41.0,6.0,37.0,2.0,165.0,3125.0
205,50,ic,6,65.0,105.0,36.0,6.0,44.0,59.0,2.0,38.0,2.0,145.0,3266.0
205,50,ic,6,70.0,112.0,66.0,4.0,61.0,51.0,0.0,37.0,3.0,179.0,3180.0
205,50,ic,6,75.0,70.0,26.0,4.0,22.0,42.0,6.0,31.0,3.0,152.0,3159.0
205,50,ic,6,80.0,107.0,35.0,5.0,57.0,50.0,0.0,47.0,3.0,161.0,3238.0
205,50,ic,6,85.0,125.0,40.0,6.0,54.0,59.0,12.0,61.0,3.0,179.0,3331.0
205,50,ic,6,90.0,80.0,26.0,5.0,22.0,48.0,10.0,33.0,2.0,159.0,3261.0
205,50,ic,6,95.0,69.0,57.0,2.0,45.0,18.0,6.0,38.0,2.0,218.0,3219.0
205,50,ic,6,100.0,134.0,40.0,7.0,33.0,101.0,0.0,51.0,6.0,184.0,3318.0
205,50,ic,6,105.0,174.0,34.0,11.0,68.0,96.0,10.0,46.0,5.0,212.0,3274.0
205,50,ic,6,110.0,119.0,33.0,8.0,35.0,72.0,12.0,63.0,8.0,209.0,3328.0
205,50,ic,6,115.0,146.0,44.0,8.0,64.0,66.0,16.0,47.0,5.0,184.0,3182.0
205,50,ic,6,120.0,201.0,38.0,12.0,56.0,131.0,14.0,42.0,3.0,189.0,3185.0
205,50,ic,6,125.0,188.0,40.0,10.0,32.0,156.0,0.0,43.0,2.0,205.0,3238.0
205,50,ic,6,130.0,141.0,23.0,9.0,36.0,99.0,6.0,49.0,7.0,191.0,3259.0
205,50,ic,6,135.0,105.0,29.0,7.0,39.0,63.0,3.0,44.0,2.0,200.0,3283.0
205,50,ic,6,140.0,74.0,14.0,6.0,14.0,60.0,0.0,49.0,2.0,232.0,3236.0
205,50,ic,7,0.0,198.0,57.0,9.0,53.0,142.0,3.0,75.0,11.0,245.0,3345.0
205,50,ic,7,5.0,84.0,26.0,5.0,0.0,84.0,0.0,48.0,3.0,191.0,3219.0
205,50,ic,7,10.0,126.0,30.0,8.0,58.0,68.0,0.0,57.0,3.0,214.0,3262.0
205,50,ic,7,15.0,126.0,32.0,8.0,66.0,60.0,0.0,63.0,4.0,253.0,3246.0
205,50,ic,7,20.0,118.0,34.0,6.0,48.0,70.0,0.0,47.0,3.0,224.0,3121.0
205,50,ic,7,25.0,115.0,30.0,7.0,67.0,48.0,0.0,66.0,11.0,212.0,3151.0
205,50,ic,7,30.0,98.0,31.0,6.0,18.0,80.0,0.0,51.0,4.0,201.0,3148.0
205,50,ic,7,35.0,104.0,18.0,8.0,14.0,90.0,0.0,57.0,2.0,201.0,3210.0
205,50,ic,8,0.0,198.0,57.0,9.0,53.0,142.0,3.0,75.0,11.0,245.0,3345.0
205,50,ic,8,5.0,100.0,38.0,6.0,28.0,72.0,0.0,50.0,3.0,209.0,3093.0
205,50,ic,8,10.0,172.0,47.0,9.0,25.0,144.0,3.0,64.0,5.0,206.0,3242.0
205,50,ic,8,15.0,60.0,12.0,5.0,0.0,60.0,0.0,41.0,2.0,205.0,3262.0
205,50,ic,9,0.0,198.0,57.0,9.0,53.0,142.0,3.0,75.0,11.0,245.0,3345.0
205,50,ic,9,5.0,122.0,37.0,8.0,25.0,97.0,0.0,47.0,2.0,203.0,3255.0
205,50,ic,9,10.0,138.0,53.0,4.0,67.0,65.0,6.0,41.0,1.0,196.0,3292.0
205,50,ic,9,15.0,180.0,45.0,10.0,33.0,147.0,0.0,42.0,3.0,204.0,3217.0
205,50,ic,9,20.0,86.0,50.0,4.0,38.0,48.0,0.0,41.0,3.0,146.0,3200.0
205,50,ic,9,25.0,165.0,55.0,9.0,43.0,122.0,0.0,44.0,5.0,172.0,3133.0
205,50,ic,9,30.0,188.0,59.0,7.0,66.0,122.0,0.0,43.0,3.0,187.0,3209.0
205,50,ic,9,35.0,180.0,67.0,7.0,39.0,141.0,0.0,49.0,5.0,213.0,3198.0
205,50,ic,9,40.0,152.0,37.0,8.0,57.0,95.0,0.0,42.0,1.0,178.0,3211.0
205,50,ic,9,45.0,104.0,37.0,6.0,67.0,37.0,0.0,27.0,2.0,177.0,3149.0
205,50,ic,9,50.0,94.0,35.0,5.0,23.0,71.0,0.0,52.0,5.0,188.0,3270.0
205,50,ic,9,55.0,95.0,30.0,5.0,15.0,80.0,0.0,45.0,2.0,206.0,3337.0
205,50,ic,9,60.0,151.0,26.0,10.0,55.0,96.0,0.0,47.0,4.0,148.0,3232.0
205,50,ic,9,65.0,158.0,34.0,7.0,23.0,129.0,6.0,50.0,3.0,210.0,3275.0
205,50,ic,9,70.0,24.0,12.0,2.0,0.0,24.0,0.0,40.0,3.0,169.0,3271.0
205,700,ic,0,0.0,830.0,737.0,5.0,724.0,103.0,3.0,477.0,426.0,297.0,3582.0
205,700,ic,0,5.0,770.0,683.0,7.0,673.0,85.0,12.0,387.0,352.0,317.0,3628.0
205,700,ic,0,10.0,858.0,767.0,6.0,727.0,119.0,12.0,425.0,401.0,281.0,3623.0
205,700,ic,0,15.0,862.0,798.0,3.0,743.0,99.0,20.0,441.0,408.0,326.0,3594.0
205,700,ic,0,20.0,876.0,780.0,6.0,800.0,70.0,6.0,462.0,421.0,315.0,3684.0
205,700,ic,0,25.0,925.0,829.0,5.0,774.0,102.0,49.0,472.0,438.0,338.0,3610.0
205,700,ic,0,30.0,867.0,793.0,4.0,717.0,114.0,36.0,486.0,455.0,302.0,3759.0
205,700,ic,0,35.0,927.0,863.0,3.0,776.0,116.0,35.0,524.0,479.0,339.0,3702.0
205,700,ic,0,40.0,887.0,835.0,3.0,774.0,73.0,40.0,484.0,456.0,315.0,3660.0
205,700,ic,0,45.0,957.0,891.0,4.0,810.0,91.0,56.0,533.0,484.0,385.0,3772.0
205,700,ic,0,50.0,931.0,884.0,3.0,757.0,116.0,58.0,514.0,483.0,356.0,3805.0
205,700,ic,0,55.0,990.0,895.0,6.0,792.0,136.0,62.0,536.0,508.0,325.0,3826.0
205,700,ic,0,60.0,1014.0,956.0,3.0,786.0,143.0,85.0,553.0,498.0,358.0,3713.0
205,700,ic,0,65.0,1032.0,945.0,6.0,818.0,147.0,67.0,569.0,527.0,386.0,3743.0
205,700,ic,0,70.0,1153.0,1048.0,5.0,873.0,190.0,90.0,569.0,523.0,360.0,3805.0
205,700,ic,0,75.0,1086.0,1007.0,4.0,828.0,167.0,91.0,590.0,543.0,407.0,3830.0
205,700,ic,0,80.0,1033.0,976.0,4.0,814.0,136.0,83.0,563.0,529.0,371.0,3896.0
205,700,ic,0,85.0,1111.0,994.0,7.0,854.0,168.0,89.0,614.0,566.0,382.0,3861.0
205,700,ic,0,90.0,1130.0,1026.0,6.0,871.0,177.0,82.0,621.0,568.0,414.0,4014.0
205,700,ic,0,95.0,1167.0,1062.0,7.0,927.0,151.0,89.0,641.0,581.0,474.0,4007.0
205,700,ic,0,100.0,1086.0,1007.0,5.0,913.0,108.0,65.0,626.0,578.0,418.0,3945.0
205,700,ic,0,105.0,1134.0,1036.0,6.0,879.0,168.0,87.0,605.0,548.0,450.0,4049.0
205,700,ic,0,110.0,1139.0,1025.0,7.0,916.0,134.0,89.0,619.0,568.0,420.0,3942.0
205,700,ic,0,115.0,1291.0,1247.0,3.0,933.0,224.0,134.0,627.0,581.0,465.0,3952.0
205,700,ic,0,120.0,1188.0,1118.0,4.0,947.0,122.0,119.0,658.0,598.0,449.0,3984.0
205,700,ic,0,125.0,1254.0,1147.0,4.0,959.0,166.0,129.0,643.0,592.0,416.0,3939.0
205,700,ic,0,130.0,1218.0,1086.0,5.0,972.0,121.0,125.0,655.0,610.0,417.0,3994.0
205,700,ic,0,135.0,1224.0,1119.0,8.0,936.0,191.0,97.0,651.0,602.0,413.0,4093.0
205,700,ic,0,140.0,1244.0,1165.0,5.0,920.0,198.0,126.0,671.0,637.0,419.0,4022.0
205,700,ic,0,145.0,1258.0,1201.0,4.0,866.0,244.0,148.0,702.0,666.0,384.0,3975.0
205,700,ic,0,150.0,1294.0,1228.0,4.0,868.0,223.0,203.0,711.0,670.0,433.0,3981.0
205,700,ic,0,155.0,1285.0,1209.0,5.0,906.0,202.0,177.0,690.0,638.0,422.0,4007.0
205,700,ic,0,160.0,1285.0,1229.0,4.0,929.0,193.0,163.0,704.0,665.0,395.0,3976.0
205,700,ic,0,165.0,1301.0,1227.0,4.0,959.0,197.0,145.0,695.0,662.0,425.0,4067.0
205,700,ic,0,170.0,1339.0,1319.0,2.0,956.0,228.0,155.0,721.0,688.0,444.0,4014.0
205,700,ic,0,175.0,1375.0,1331.0,4.0,934.0,280.0,161.0,736.0,702.0,434.0,4113.0
205,700,ic,0,180.0,1355.0,1323.0,3.0,1006.0,189.0,160.0,737.0,700.0,415.0,4144.0
205,700,ic,0,185.0,1391.0,1379.0,2.0,983.0,226.0,182.0,766.0,723.0,430.0,4143.0
205,700,ic,0,190.0,1424.0,1399.0,2.0,942.0,249.0,233.0,780.0,721.0,427.0,4085.0
205,700,ic,0,195.0,1409.0,1397.0,2.0,946.0,247.0,216.0,764.0,722.0,428.0,4021.0
205,700,ic,0,200.0,1399.0,1374.0,3.0,1019.0,197.0,183.0,808.0,756.0,402.0,4088.0
205,700,ic,0,205.0,1452.0,1452.0,1.0,959.0,263.0,230.0,803.0,767.0,401.0,4177.0
205,700,ic,1,0.0,830.0,737.0,5.0,724.0,103.0,3.0,477.0,426.0,297.0,3582.0
205,700,ic,1,5.0,834.0,749.0,4.0,728.0,85.0,21.0,413.0,373.0,359.0,3660.0
205,700,ic,1,10.0,828.0,753.0,5.0,759.0,57.0,12.0,438.0,399.0,345.0,3594.0
205,700,ic,1,15.0,899.0,791.0,8.0,813.0,62.0,24.0,459.0,412.0,409.0,3683.0
205,700,ic,1,20.0,859.0,797.0,6.0,779.0,64.0,16.0,453.0,412.0,356.0,3677.0
205,700,ic,1,25.0,944.0,872.0,5.0,856.0,63.0,25.0,477.0,432.0,367.0,3729.0
205,700,ic,1,30.0,980.0,911.0,4.0,876.0,56.0,48.0,498.0,449.0,396.0,3711.0
205,700,ic,1,35.0,1008.0,887.0,9.0,829.0,142.0,37.0,520.0,459.0,420.0,3716.0
205,700,ic,1,40.0,953.0,905.0,4.0,809.0,96.0,48.0,510.0,455.0,383.0,3777.0
205,700,ic,1,45.0,1036.0,920.0,6.0,834.0,138.0,64.0,520.0,464.0,424.0,3838.0
205,700,ic,1,50.0,1017.0,927.0,4.0,839.0,97.0,81.0,548.0,498.0,375.0,3791.0
205,700,ic,1,55.0,1004.0,943.0,4.0,844.0,90.0,70.0,541.0,498.0,380.0,3856.0
205,700,ic,1,60.0,1040.0,974.0,5.0,829.0,114.0,97.0,558.0,506.0,436.0,3837.0
205,700,ic,1,65.0,1061.0,1019.0,2.0,853.0,127.0,81.0,563.0,525.0,384.0,3902.0
205,700,ic,1,70.0,1101.0,1028.0,4.0,832.0,162.0,107.0,567.0,521.0,446.0,3930.0
205,700,ic,1,75.0,1010.0,964.0,3.0,800.0,102.0,108.0,550.0,508.0,396.0,3827.0
205,700,ic,1,80.0,1069.0,990.0,4.0,791.0,131.0,147.0,593.0,552.0,387.0,3824.0
205,700,ic,1,85.0,1089.0,1045.0,4.0,810.0,147.0,132.0,600.0,563.0,406.0,3871.0
205,700,ic,1,90.0,1018.0,1018.0,1.0,794.0,70.0,154.0,626.0,569.0,426.0,3814.0
205,700,ic,1,95.0,1170.0,1086.0,5.0,794.0,182.0,194.0,640.0,594.0,410.0,3916.0
205,700,ic,1,100.0,1098.0,1065.0,3.0,759.0,173.0,166.0,634.0,601.0,415.0,3872.0
205,700,ic,1,105.0,1101.0,1063.0,4.0,750.0,135.0,216.0,619.0,581.0,373.0,3994.0
205,700,ic,1,110.0,1122.0,1079.0,3.0,792.0,118.0,212.0,635.0,600.0,360.0,3908.0
205,700,ic,1,115.0,1193.0,1141.0,4.0,794.0,201.0,198.0,652.0,623.0,414.0,3867.0
205,700,ic,1,120.0,1266.0,1182.0,6.0,825.0,197.0,244.0,675.0,633.0,431.0,3965.0
205,700,ic,1,125.0,1225.0,1177.0,4.0,873.0,148.0,204.0,671.0,619.0,433.0,4009.0
205,700,ic,1,130.0,1236.0,1180.0,5.0,797.0,186.0,253.0,689.0,659.0,430.0,4014.0
205,700,ic,1,135.0,1253.0,1225.0,3.0,798.0,165.0,290.0,699.0,653.0,424.0,4003.0
205,700,ic,1,140.0,1261.0,1235.0,3.0,823.0,172.0,266.0,714.0,671.0,427.0,3996.0
205,700,ic,1,145.0,1175.0,1161.0,2.0,792.0,149.0,234.0,699.0,659.0,386.0,3989.0
205,700,ic,1,150.0,1232.0,1220.0,2.0,818.0,189.0,225.0,714.0,682.0,411.0,3938.0
205,700,ic,1,155.0,1299.0,1275.0,3.0,864.0,184.0,251.0,718.0,689.0,409.0,3981.0
205,700,ic,1,160.0,1243.0,1207.0,4.0,829.0,150.0,264.0,738.0,694.0,403.0,3967.0
205,700,ic,1,165.0,1361.0,1319.0,4.0,850.0,244.0,267.0,729.0,670.0,455.0,4087.0
205,700,ic,1,170.0,1365.0,1341.0,3.0,824.0,230.0,311.0,723.0,687.0,438.0,4031.0
205,700,ic,1,175.0,1397.0,1397.0,1.0,886.0,184.0,327.0,780.0,727.0,478.0,4146.0
205,700,ic,1,180.0,1398.0,1362.0,4.0,871.0,260.0,267.0,756.0,706.0,450.0,4097.0
205,700,ic,1,185.0,1406.0,1358.0,5.0,893.0,180.0,333.0,767.0,720.0,479.0,4220.0
205,700,ic,1,190.0,1405.0,1345.0,5.0,875.0,200.0,330.0,786.0,738.0,433.0,4174.0
205,700,ic,1,195.0,1500.0,1463.0,3.0,876.0,285.0,339.0,810.0,773.0,445.0,4252.0
205,700,ic,10,0.0,830.0,737.0,5.0,724.0,103.0,3.0,477.0,426.0,297.0,3582.0
205,700,ic,10,5.0,785.0,753.0,3.0,761.0,18.0,6.0,403.0,367.0,317.0,3580.0
205,700,ic,10,10.0,862.0,766.0,5.0,764.0,79.0,19.0,456.0,409.0,358.0,3690.0
205,700,ic,10,15.0,912.0,801.0,5.0,756.0,129.0,27.0,446.0,415.0,317.0,3689.0
205,700,ic,10,20.0,846.0,769.0,4.0,715.0,105.0,26.0,433.0,395.0,333.0,3664.0
205,700,ic,10,25.0,897.0,847.0,5.0,753.0,122.0,22.0,460.0,421.0,342.0,3729.0
205,700,ic,10,30.0,889.0,861.0,3.0,786.0,78.0,25.0,476.0,442.0,292.0,3737.0
205,700,ic,10,35.0,883.0,831.0,4.0,728.0,124.0,31.0,474.0,448.0,304.0,3785.0
205,700,ic,10,40.0,909.0,853.0,5.0,749.0,108.0,52.0,474.0,438.0,375.0,3784.0
205,700,ic,10,45.0,860.0,800.0,6.0,724.0,106.0,30.0,479.0,449.0,324.0,3717.0
205,700,ic,10,50.0,889.0,853.0,4.0,735.0,122.0,32.0,484.0,440.0,361.0,3767.0
205,700,ic,10,55.0,853.0,817.0,3.0,793.0,47.0,13.0,488.0,448.0,329.0,3799.0
205,700,ic,10,60.0,914.0,890.0,3.0,810.0,73.0,31.0,500.0,458.0,355.0,3784.0
205,700,ic,10,65.0,898.0,874.0,3.0,775.0,85.0,38.0,502.0,472.0,301.0,3746.0
205,700,ic,10,70.0,912.0,894.0,2.0,814.0,61.0,37.0,510.0,478.0,325.0,3760.0
205,700,ic,10,75.0,933.0,911.0,2.0,851.0,42.0,40.0,531.0,500.0,314.0,3748.0
205,700,ic,10,80.0,975.0,927.0,3.0,877.0,62.0,36.0,548.0,519.0,317.0,3778.0
205,700,ic,10,85.0,1017.0,956.0,5.0,891.0,82.0,44.0,575.0,547.0,318.0,3774.0
205,700,ic,10,90.0,1067.0,998.0,5.0,904.0,100.0,63.0,587.0,541.0,353.0,3811.0
205,700,ic,10,95.0,1212.0,1154.0,4.0,988.0,101.0,123.0,591.0,543.0,391.0,3919.0
205,700,ic,10,100.0,1157.0,1028.0,5.0,933.0,126.0,98.0,642.0,593.0,396.0,4039.0
205,700,ic,10,105.0,1148.0,1039.0,4.0,941.0,118.0,89.0,645.0,598.0,376.0,3979.0
205,700,ic,10,110.0,1278.0,1162.0,6.0,870.0,160.0,248.0,664.0,632.0,391.0,3969.0
205,700,ic,10,115.0,1215.0,1142.0,5.0,748.0,174.0,293.0,683.0,651.0,378.0,3989.0
205,700,ic,10,120.0,1206.0,1206.0,1.0,749.0,158.0,299.0,721.0,680.0,379.0,4020.0
205,700,ic,10,125.0,1288.0,1274.0,2.0,889.0,213.0,186.0,758.0,728.0,370.0,4118.0
205,700,ic,10,130.0,1346.0,1316.0,3.0,873.0,224.0,249.0,788.0,748.0,414.0,4097.0
205,700,ic,10,135.0,1329.0,1268.0,6.0,765.0,203.0,361.0,781.0,752.0,384.0,4143.0
205,700,ic,10,140.0,1293.0,1228.0,5.0,782.0,199.0,312.0,780.0,761.0,360.0,4025.0
205,700,ic,10,145.0,1271.0,1271.0,1.0,806.0,190.0,275.0,807.0,768.0,393.0,4098.0
205,700,ic,10,150.0,1377.0,1341.0,4.0,805.0,221.0,351.0,811.0,784.0,410.0,4096.0
205,700,ic,10,155.0,1344.0,1344.0,1.0,806.0,205.0,333.0,830.0,789.0,432.0,4110.0
205,700,ic,10,160.0,1412.0,1398.0,2.0,839.0,196.0,377.0,849.0,821.0,435.0,4201.0
205,700,ic,10,165.0,1412.0,1412.0,1.0,837.0,209.0,366.0,847.0,806.0,424.0,4225.0
205,700,ic,11,0.0,830.0,737.0,5.0,724.0,103.0,3.0,477.0,426.0,297.0,3582.0
205,700,ic,11,5.0,739.0,671.0,6.0,615.0,95.0,29.0,367.0,332.0,314.0,3488.0
205,700,ic,11,10.0,796.0,669.0,5.0,618.0,109.0,69.0,394.0,358.0,315.0,3542.0
205,700,ic,11,15.0,893.0,759.0,3.0,724.0,100.0,69.0,429.0,386.0,356.0,3607.0
205,700,ic,11,20.0,911.0,746.0,8.0,694.0,179.0,38.0,455.0,414.0,321.0,3716.0
205,700,ic,11,25.0,962.0,888.0,6.0,704.0,186.0,72.0,488.0,429.0,355.0,3776.0
205,700,ic,11,30.0,932.0,841.0,4.0,689.0,144.0,99.0,515.0,459.0,378.0,3737.0
205,700,ic,11,35.0,960.0,960.0,1.0,706.0,154.0,100.0,484.0,439.0,357.0,3695.0
205,700,ic,11,40.0,922.0,854.0,4.0,681.0,152.0,89.0,492.0,451.0,368.0,3826.0
205,700,ic,11,45.0,1009.0,946.0,3.0,777.0,153.0,79.0,519.0,464.0,365.0,3797.0
205,700,ic,11,50.0,965.0,903.0,4.0,747.0,151.0,67.0,518.0,479.0,353.0,3756.0
205,700,ic,11,55.0,963.0,865.0,5.0,741.0,157.0,65.0,505.0,464.0,319.0,3795.0
205,700,ic,11,60.0,932.0,843.0,6.0,727.0,142.0,63.0,509.0,467.0,314.0,3720.0
205,700,ic,11,65.0,970.0,912.0,5.0,715.0,140.0,115.0,542.0,499.0,363.0,3799.0
205,700,ic,11,70.0,1024.0,942.0,6.0,796.0,114.0,114.0,541.0,506.0,375.0,3833.0
205,700,ic,11,75.0,921.0,909.0,2.0,716.0,98.0,107.0,546.0,519.0,310.0,3775.0
205,700,ic,11,80.0,929.0,905.0,2.0,764.0,76.0,89.0,560.0,526.0,315.0,3677.0
205,700,ic,11,85.0,1032.0,944.0,5.0,810.0,107.0,115.0,553.0,520.0,355.0,3748.0
205,700,ic,11,90.0,1034.0,986.0,4.0,814.0,105.0,115.0,574.0,549.0,319.0,3701.0
205,700,ic,11,95.0,1024.0,988.0,4.0,866.0,63.0,95.0,576.0,545.0,329.0,3828.0
205,700,ic,11,100.0,1089.0,1065.0,3.0,836.0,104.0,149.0,620.0,579.0,396.0,3862.0
205,700,ic,11,105.0,1066.0,979.0,6.0,849.0,102.0,115.0,616.0,576.0,363.0,3860.0
205,700,ic,11,110.0,1087.0,1062.0,3.0,786.0,130.0,171.0,660.0,622.0,360.0,3945.0
205,700,ic,11,115.0,1120.0,1077.0,3.0,869.0,112.0,139.0,642.0,598.0,383.0,3950.0
205,700,ic,11,120.0,1101.0,1101.0,1.0,826.0,126.0,149.0,645.0,603.0,384.0,3921.0
205,700,ic,11,125.0,1171.0,1145.0,3.0,872.0,124.0,175.0,673.0,636.0,383.0,3945.0
205,700,ic,11,130.0,1175.0,1175.0,1.0,882.0,104.0,189.0,677.0,659.0,345.0,3977.0
205,700,ic,11,135.0,1165.0,1165.0,1.0,877.0,90.0,198.0,693.0,664.0,350.0,3965.0
205,700,ic,11,140.0,1246.0,1210.0,4.0,946.0,117.0,183.0,727.0,691.0,376.0,4075.0
205,700,ic,11,145.0,1268.0,1254.0,2.0,942.0,114.0,212.0,740.0,700.0,363.0,4033.0
205,700,ic,11,150.0,1364.0,1295.0,3.0,893.0,217.0,254.0,750.0,713.0,414.0,4045.0
205,700,ic,11,155.0,1404.0,1334.0,5.0,955.0,175.0,274.0,778.0,738.0,416.0,4149.0
205,700,ic,11,160.0,1334.0,1322.0,2.0,921.0,155.0,258.0,787.0,758.0,446.0,4147.0
205,700,ic,11,165.0,1386.0,1350.0,4.0,932.0,200.0,254.0,793.0,771.0,408.0,4020.0
205,700,ic,11,170.0,1364.0,1340.0,3.0,985.0,119.0,260.0,803.0,766.0,414.0,4080.0
205,700,ic,11,175.0,1378.0,1366.0,2.0,1009.0,106.0,263.0,807.0,784.0,400.0,4193.0
205,700,ic,11,180.0,1470.0,1413.0,4.0,973.0,201.0,296.0,833.0,799.0,427.0,4068.0
205,700,ic,2,0.0,830.0,737.0,5.0,724.0,103.0,3.0,477.0,426.0,297.0,3582.0
205,700,ic,2,5.0,721.0,635.0,5.0,649.0,72.0,0.0,387.0,352.0,310.0,3514.0
205,700,ic,2,10.0,883.0,718.0,5.0,723.0,142.0,18.0,400.0,361.0,325.0,3573.0
205,700,ic,2,15.0,926.0,753.0,5.0,757.0,134.0,35.0,440.0,403.0,323.0,3669.0
205,700,ic,2,20.0,918.0,804.0,3.0,778.0,109.0,31.0,432.0,395.0,321.0,3648.0
205,700,ic,2,25.0,830.0,750.0,4.0,744.0,57.0,29.0,448.0,417.0,348.0,3704.0
205,700,ic,2,30.0,847.0,765.0,5.0,723.0,92.0,32.0,450.0,424.0,317.0,3552.0
205,700,ic,2,35.0,833.0,782.0,4.0,781.0,34.0,18.0,452.0,414.0,308.0,3651.0
205,700,ic,2,40.0,882.0,846.0,4.0,755.0,85.0,42.0,447.0,419.0,289.0,3732.0
205,700,ic,2,45.0,866.0,840.0,3.0,761.0,60.0,45.0,490.0,468.0,287.0,3678.0
205,700,ic,2,50.0,889.0,859.0,3.0,789.0,61.0,39.0,489.0,459.0,334.0,3603.0
205,700,ic,2,55.0,972.0,909.0,4.0,790.0,101.0,81.0,525.0,476.0,338.0,3636.0
205,700,ic,2,60.0,917.0,872.0,3.0,826.0,54.0,37.0,544.0,515.0,321.0,3716.0
205,700,ic,2,65.0,979.0,929.0,4.0,770.0,121.0,88.0,548.0,516.0,329.0,3756.0
205,700,ic,2,70.0,1021.0,922.0,7.0,763.0,166.0,92.0,546.0,510.0,354.0,3839.0
205,700,ic,2,75.0,997.0,965.0,3.0,788.0,127.0,82.0,567.0,529.0,351.0,3785.0
205,700,ic,2,80.0,1043.0,966.0,6.0,846.0,122.0,75.0,590.0,549.0,340.0,3844.0
205,700,ic,2,85.0,1087.0,996.0,5.0,931.0,100.0,56.0,616.0,583.0,372.0,3853.0
205,700,ic,2,90.0,1127.0,1042.0,4.0,918.0,124.0,85.0,623.0,585.0,389.0,3841.0
205,700,ic,2,95.0,1091.0,1022.0,4.0,897.0,110.0,84.0,644.0,592.0,389.0,3962.0
205,700,ic,2,100.0,1160.0,1132.0,2.0,948.0,114.0,98.0,651.0,603.0,383.0,3947.0
205,700,ic,2,105.0,1180.0,1096.0,4.0,909.0,155.0,116.0,652.0,599.0,378.0,3926.0
205,700,ic,2,110.0,1176.0,1130.0,3.0,926.0,132.0,118.0,656.0,615.0,434.0,3971.0
205,700,ic,2,115.0,1171.0,1159.0,2.0,938.0,102.0,131.0,657.0,618.0,412.0,3945.0
205,700,ic,2,120.0,1213.0,1175.0,4.0,975.0,142.0,96.0,659.0,599.0,444.0,3921.0
205,700,ic,2,125.0,1148.0,1072.0,4.0,906.0,149.0,93.0,665.0,617.0,419.0,3931.0
205,700,ic,2,130.0,1122.0,1078.0,3.0,889.0,137.0,96.0,650.0,601.0,402.0,3928.0
205,700,ic,2,135.0,1143.0,1129.0,2.0,900.0,133.0,110.0,653.0,603.0,437.0,3837.0
205,700,ic,2,140.0,1203.0,1144.0,2.0,918.0,170.0,115.0,692.0,648.0,403.0,3993.0
205,700,ic,2,145.0,1193.0,1155.0,4.0,949.0,129.0,115.0,693.0,645.0,458.0,3913.0
205,700,ic,2,150.0,1171.0,1134.0,3.0,974.0,98.0,99.0,692.0,631.0,418.0,3931.0
205,700,ic,2,155.0,1188.0,1110.0,4.0,974.0,118.0,96.0,697.0,646.0,459.0,4062.0
205,700,ic,2,160.0,1292.0,1204.0,7.0,1059.0,119.0,114.0,684.0,644.0,439.0,4010.0
205,700,ic,2,165.0,1196.0,1118.0,4.0,1023.0,69.0,104.0,691.0,647.0,389.0,3979.0
205,700,ic,2,170.0,1286.0,1227.0,3.0,1014.0,127.0,145.0,719.0,668.0,420.0,3973.0
205,700,ic,2,175.0,1310.0,1310.0,1.0,1103.0,85.0,122.0,722.0,676.0,403.0,3960.0
205,700,ic,2,180.0,1377.0,1291.0,6.0,1051.0,162.0,164.0,743.0,689.0,435.0,4050.0
205,700,ic,2,185.0,1381.0,1357.0,3.0,1024.0,159.0,198.0,757.0,717.0,438.0,4072.0
205,700,ic,2,190.0,1335.0,1335.0,1.0,1007.0,152.0,176.0,771.0,716.0,463.0,4066.0
205,700,ic,2,195.0,1408.0,1386.0,2.0,1049.0,217.0,142.0,773.0,730.0,461.0,4117.0
205,700,ic,2,200.0,1343.0,1295.0,3.0,1023.0,164.0,156.0,760.0,709.0,438.0,4173.0
205,700,ic,2,205.0,1324.0,1303.0,2.0,1008.0,125.0,191.0,791.0,747.0,432.0,4063.0
205,700,ic,2,210.0,1362.0,1332.0,3.0,977.0,200.0,185.0,780.0,733.0,428.0,4133.0
205,700,ic,2,215.0,1486.0,1441.0,3.0,1061.0,187.0,238.0,812.0,773.0,433.0,4149.0
205,700,ic,3,0.0,830.0,737.0,5.0,724.0,103.0,3.0,477.0,426.0,297.0,3582.0
205,700,ic,3,5.0,730.0,642.0,5.0,660.0,60.0,10.0,386.0,348.0,307.0,3479.0
205,700,ic,3,10.0,763.0,663.0,6.0,691.0,72.0,0.0,404.0,367.0,335.0,3700.0
205,700,ic,3,15.0,801.0,700.0,6.0,688.0,101.0,12.0,409.0,368.0,354.0,3653.0
205,700,ic,3,20.0,831.0,716.0,8.0,713.0,92.0,26.0,429.0,392.0,364.0,3710.0
205,700,ic,3,25.0,909.0,871.0,4.0,716.0,155.0,38.0,474.0,419.0,389.0,3699.0
205,700,ic,3,30.0,934.0,910.0,3.0,713.0,171.0,50.0,500.0,438.0,340.0,3683.0
205,700,ic,3,35.0,861.0,801.0,5.0,700.0,98.0,63.0,489.0,440.0,353.0,3706.0
205,700,ic,3,40.0,875.0,824.0,4.0,725.0,87.0,63.0,508.0,463.0,369.0,3714.0
205,700,ic,3,45.0,935.0,904.0,3.0,744.0,122.0,69.0,518.0,476.0,321.0,3712.0
205,700,ic,3,50.0,971.0,911.0,5.0,785.0,121.0,65.0,526.0,477.0,354.0,3804.0
205,700,ic,3,55.0,966.0,928.0,3.0,809.0,89.0,68.0,548.0,500.0,357.0,3749.0
205,700,ic,3,60.0,914.0,894.0,2.0,744.0,82.0,88.0,576.0,534.0,331.0,3801.0
205,700,ic,3,65.0,1009.0,949.0,5.0,814.0,125.0,70.0,565.0,524.0,368.0,3859.0
205,700,ic,3,70.0,918.0,904.0,2.0,791.0,63.0,64.0,550.0,509.0,367.0,3826.0
205,700,ic,3,75.0,1039.0,1011.0,2.0,819.0,145.0,75.0,560.0,526.0,386.0,3865.0
205,700,ic,3,80.0,1059.0,1033.0,3.0,778.0,167.0,114.0,619.0,574.0,369.0,3926.0
205,700,ic,3,85.0,1072.0,1036.0,4.0,782.0,184.0,106.0,594.0,553.0,360.0,3786.0
205,700,ic,3,90.0,1061.0,1049.0,2.0,778.0,169.0,114.0,609.0,574.0,345.0,3960.0
205,700,ic,3,95.0,1090.0,1020.0,6.0,860.0,120.0,110.0,613.0,567.0,412.0,3922.0
205,700,ic,3,100.0,1070.0,1036.0,3.0,813.0,155.0,102.0,632.0,584.0,400.0,3980.0
205,700,ic,3,105.0,1056.0,1026.0,3.0,782.0,145.0,129.0,621.0,580.0,389.0,3935.0
205,700,ic,3,110.0,1106.0,1040.0,4.0,786.0,178.0,142.0,629.0,585.0,394.0,3889.0
205,700,ic,3,115.0,1113.0,1076.0,4.0,819.0,153.0,141.0,641.0,594.0,374.0,3911.0
205,700,ic,3,120.0,1132.0,1120.0,2.0,833.0,144.0,155.0,647.0,615.0,412.0,3943.0
205,700,ic,3,125.0,1141.0,1095.0,4.0,801.0,177.0,163.0,664.0,623.0,343.0,4000.0
205,700,ic,3,130.0,1110.0,1080.0,3.0,793.0,142.0,175.0,659.0,624.0,386.0,3926.0
205,700,ic,3,135.0,1200.0,1182.0,2.0,842.0,145.0,213.0,698.0,660.0,393.0,3922.0
205,700,ic,3,140.0,1236.0,1186.0,5.0,794.0,209.0,233.0,715.0,672.0,413.0,4007.0
205,700,ic,3,145.0,1183.0,1143.0,3.0,826.0,167.0,190.0,715.0,682.0,367.0,4010.0
205,700,ic,3,150.0,1301.0,1255.0,4.0,872.0,210.0,219.0,699.0,660.0,397.0,4014.0
205,700,ic,3,155.0,1312.0,1288.0,3.0,788.0,273.0,251.0,746.0,715.0,371.0,4049.0
205,700,ic,3,160.0,1312.0,1288.0,3.0,832.0,223.0,257.0,753.0,728.0,392.0,4124.0
205,700,ic,3,165.0,1365.0,1351.0,2.0,770.0,277.0,318.0,783.0,758.0,372.0,4113.0
205,700,ic,3,170.0,1465.0,1465.0,1.0,797.0,347.0,321.0,797.0,759.0,421.0,4112.0
205,700,ic,4,0.0,830.0,737.0,5.0,724.0,103.0,3.0,477.0,426.0,297.0,3582.0
205,700,ic,4,5.0,695.0,681.0,2.0,659.0,27.0,9.0,355.0,315.0,305.0,3549.0
205,700,ic,4,10.0,761.0,721.0,2.0,711.0,27.0,23.0,402.0,371.0,310.0,3567.0
205,700,ic,4,15.0,753.0,717.0,4.0,691.0,48.0,14.0,405.0,377.0,344.0,3694.0
205,700,ic,4,20.0,810.0,772.0,4.0,652.0,101.0,57.0,430.0,390.0,325.0,3721.0
205,700,ic,4,25.0,784.0,758.0,3.0,670.0,59.0,55.0,469.0,423.0,339.0,3678.0
205,700,ic,4,30.0,823.0,765.0,5.0,631.0,128.0,64.0,446.0,413.0,337.0,3756.0
205,700,ic,4,35.0,863.0,791.0,6.0,663.0,129.0,71.0,463.0,425.0,329.0,3674.0
205,700,ic,4,40.0,811.0,770.0,4.0,717.0,54.0,40.0,485.0,438.0,342.0,3654.0
205,700,ic,4,45.0,867.0,854.0,2.0,708.0,84.0,75.0,492.0,450.0,308.0,3669.0
205,700,ic,4,50.0,917.0,879.0,4.0,739.0,103.0,75.0,499.0,457.0,320.0,3665.0
205,700,ic,4,55.0,967.0,905.0,4.0,711.0,143.0,113.0,510.0,479.0,330.0,3718.0
205,700,ic,4,60.0,928.0,902.0,2.0,680.0,123.0,125.0,509.0,475.0,364.0,3761.0
205,700,ic,4,65.0,986.0,986.0,1.0,715.0,106.0,165.0,546.0,509.0,334.0,3786.0
205,700,ic,4,70.0,1075.0,1017.0,4.0,729.0,200.0,146.0,569.0,533.0,338.0,3753.0
205,700,ic,4,75.0,1007.0,973.0,3.0,672.0,200.0,135.0,564.0,528.0,325.0,3811.0
205,700,ic,4,80.0,1010.0,998.0,2.0,653.0,182.0,175.0,593.0,559.0,372.0,3843.0
205,700,ic,4,85.0,983.0,958.0,3.0,639.0,200.0,144.0,581.0,545.0,357.0,3786.0
205,700,ic,4,90.0,1076.0,1051.0,3.0,672.0,228.0,176.0,610.0,569.0,386.0,3980.0
205,700,ic,4,95.0,1170.0,1125.0,3.0,668.0,263.0,239.0,631.0,597.0,406.0,3902.0
205,700,ic,4,100.0,1111.0,1077.0,3.0,694.0,205.0,212.0,632.0,600.0,404.0,3988.0
205,700,ic,4,105.0,1230.0,1196.0,3.0,712.0,270.0,248.0,656.0,613.0,421.0,3921.0
205,700,ic,4,110.0,1196.0,1136.0,5.0,722.0,252.0,222.0,644.0,592.0,455.0,3891.0
205,700,ic,4,115.0,1212.0,1156.0,3.0,706.0,278.0,228.0,663.0,626.0,391.0,3944.0
205,700,ic,4,120.0,1205.0,1173.0,3.0,753.0,221.0,231.0,677.0,632.0,413.0,3985.0
205,700,ic,4,125.0,1170.0,1144.0,2.0,746.0,215.0,209.0,684.0,647.0,395.0,3970.0
205,700,ic,4,130.0,1180.0,1180.0,1.0,798.0,159.0,223.0,690.0,662.0,388.0,3999.0
205,700,ic,4,135.0,1219.0,1171.0,4.0,737.0,241.0,241.0,709.0,662.0,436.0,4051.0
205,700,ic,4,140.0,1255.0,1217.0,4.0,781.0,222.0,252.0,700.0,667.0,418.0,3988.0
205,700,ic,4,145.0,1304.0,1280.0,3.0,779.0,263.0,262.0,754.0,701.0,428.0,4013.0
205,700,ic,4,150.0,1310.0,1283.0,3.0,750.0,329.0,231.0,746.0,705.0,426.0,4162.0
205,700,ic,4,155.0,1280.0,1266.0,2.0,750.0,269.0,261.0,751.0,718.0,376.0,4024.0
205,700,ic,4,160.0,1341.0,1327.0,2.0,710.0,324.0,307.0,774.0,731.0,388.0,4070.0
205,700,ic,4,165.0,1357.0,1357.0,1.0,717.0,320.0,320.0,785.0,740.0,437.0,4100.0
205,700,ic,4,170.0,1381.0,1335.0,4.0,733.0,312.0,336.0,789.0,744.0,454.0,4138.0
205,700,ic,4,175.0,1375.0,1349.0,3.0,748.0,301.0,326.0,803.0,770.0,461.0,4126.0
205,700,ic,4,180.0,1381.0,1367.0,2.0,796.0,242.0,343.0,842.0,808.0,448.0,4143.0
205,700,ic,4,185.0,1427.0,1413.0,2.0,757.0,286.0,384.0,828.0,795.0,466.0,4137.0
205,700,ic,5,0.0,830.0,737.0,5.0,724.0,103.0,3.0,477.0,426.0,297.0,3582.0
205,700,ic,5,5.0,851.0,758.0,5.0,727.0,115.0,9.0,414.0,375.0,336.0,3550.0
205,700,ic,5,10.0,824.0,758.0,4.0,703.0,105.0,16.0,421.0,380.0,290.0,3481.0
205,700,ic,5,15.0,802.0,738.0,5.0,726.0,54.0,22.0,441.0,395.0,328.0,3660.0
205,700,ic,5,20.0,835.0,809.0,3.0,743.0,49.0,43.0,453.0,413.0,320.0,3518.0
205,700,ic,5,25.0,888.0,876.0,2.0,740.0,98.0,50.0,464.0,427.0,313.0,3768.0
205,700,ic,5,30.0,913.0,861.0,5.0,806.0,61.0,46.0,505.0,461.0,352.0,3739.0
205,700,ic,5,35.0,901.0,901.0,1.0,774.0,59.0,68.0,519.0,478.0,325.0,3702.0
205,700,ic,5,40.0,854.0,842.0,2.0,777.0,28.0,49.0,514.0,482.0,312.0,3776.0
205,700,ic,5,45.0,942.0,922.0,2.0,771.0,105.0,66.0,545.0,507.0,353.0,3837.0
205,700,ic,5,50.0,987.0,941.0,4.0,789.0,158.0,40.0,545.0,510.0,335.0,3871.0
205,700,ic,5,55.0,1011.0,962.0,3.0,861.0,113.0,37.0,561.0,519.0,341.0,3909.0
205,700,ic,5,60.0,1046.0,1046.0,1.0,891.0,113.0,42.0,584.0,552.0,343.0,3861.0
205,700,ic,5,65.0,1071.0,1038.0,3.0,855.0,159.0,57.0,615.0,580.0,351.0,3837.0
205,700,ic,5,70.0,1133.0,1052.0,5.0,922.0,157.0,54.0,622.0,577.0,391.0,3867.0
205,700,ic,5,75.0,1201.0,1187.0,2.0,930.0,167.0,104.0,643.0,603.0,400.0,3954.0
205,700,ic,5,80.0,1066.0,1031.0,3.0,942.0,74.0,50.0,643.0,607.0,371.0,3938.0
205,700,ic,5,85.0,1278.0,1246.0,3.0,979.0,160.0,139.0,673.0,633.0,405.0,3988.0
205,700,ic,5,90.0,1081.0,1048.0,3.0,943.0,59.0,79.0,685.0,657.0,388.0,4003.0
205,700,ic,5,95.0,1280.0,1205.0,5.0,970.0,185.0,125.0,662.0,624.0,425.0,4012.0
205,700,ic,5,100.0,1171.0,1157.0,2.0,973.0,99.0,99.0,678.0,644.0,394.0,3960.0
205,700,ic,5,105.0,1275.0,1202.0,6.0,961.0,175.0,139.0,720.0,681.0,408.0,4048.0
205,700,ic,5,110.0,1227.0,1157.0,6.0,907.0,178.0,142.0,717.0,690.0,386.0,4037.0
205,700,ic,5,115.0,1253.0,1211.0,4.0,944.0,148.0,161.0,721.0,689.0,402.0,3984.0
205,700,ic,5,120.0,1310.0,1241.0,5.0,967.0,155.0,188.0,746.0,709.0,451.0,4082.0
205,700,ic,5,125.0,1294.0,1264.0,3.0,962.0,132.0,200.0,809.0,766.0,409.0,4044.0
205,700,ic,5,130.0,1382.0,1354.0,3.0,1033.0,144.0,205.0,792.0,767.0,409.0,4035.0
205,700,ic,5,135.0,1407.0,1369.0,4.0,1025.0,145.0,237.0,797.0,768.0,427.0,4131.0
205,700,ic,5,140.0,1363.0,1363.0,1.0,958.0,138.0,267.0,796.0,770.0,373.0,4064.0
205,700,ic,5,145.0,1346.0,1332.0,2.0,980.0,71.0,295.0,792.0,770.0,380.0,4097.0
205,700,ic,5,150.0,1420.0,1384.0,4.0,977.0,144.0,299.0,805.0,773.0,424.0,4125.0
205,700,ic,5,155.0,1416.0,1416.0,1.0,985.0,120.0,311.0,823.0,785.0,427.0,4191.0
205,700,ic,6,0.0,830.0,737.0,5.0,724.0,103.0,3.0,477.0,426.0,297.0,3582.0
205,700,ic,6,5.0,755.0,703.0,4.0,707.0,42.0,6.0,400.0,356.0,303.0,3633.0
205,700,ic,6,10.0,853.0,744.0,5.0,693.0,141.0,19.0,420.0,382.0,314.0,3728.0
205,700,ic,6,15.0,859.0,784.0,5.0,692.0,138.0,29.0,420.0,383.0,312.0,3735.0
205,700,ic,6,20.0,859.0,783.0,6.0,712.0,84.0,63.0,418.0,384.0,336.0,3735.0
205,700,ic,6,25.0,808.0,778.0,3.0,740.0,18.0,50.0,449.0,418.0,330.0,3612.0
205,700,ic,6,30.0,874.0,837.0,4.0,737.0,80.0,57.0,455.0,422.0,323.0,3600.0
205,700,ic,6,35.0,899.0,875.0,2.0,739.0,93.0,67.0,455.0,426.0,349.0,3577.0
205,700,ic,6,40.0,901.0,825.0,5.0,784.0,59.0,58.0,494.0,461.0,362.0,3662.0
205,700,ic,6,45.0,922.0,873.0,5.0,773.0,87.0,62.0,483.0,447.0,367.0,3583.0
205,700,ic,6,50.0,935.0,897.0,3.0,813.0,79.0,43.0,492.0,462.0,358.0,3717.0
205,700,ic,6,55.0,888.0,852.0,3.0,763.0,85.0,40.0,480.0,445.0,317.0,3702.0
205,700,ic,6,60.0,972.0,894.0,3.0,824.0,101.0,47.0,535.0,492.0,365.0,3733.0
205,700,ic,6,65.0,907.0,880.0,3.0,811.0,57.0,39.0,519.0,491.0,321.0,3742.0
205,700,ic,6,70.0,976.0,938.0,4.0,844.0,94.0,38.0,510.0,476.0,349.0,3646.0
205,700,ic,6,75.0,949.0,935.0,2.0,827.0,63.0,59.0,522.0,491.0,338.0,3672.0
205,700,ic,6,80.0,956.0,944.0,2.0,854.0,63.0,39.0,545.0,519.0,329.0,3683.0
205,700,ic,6,85.0,1039.0,1027.0,2.0,901.0,79.0,59.0,561.0,528.0,351.0,3780.0
205,700,ic,6,90.0,1084.0,1045.0,3.0,926.0,103.0,55.0,581.0,548.0,341.0,3766.0
205,700,ic,6,95.0,1182.0,1089.0,6.0,932.0,185.0,65.0,612.0,574.0,362.0,3826.0
205,700,ic,6,100.0,1074.0,1074.0,1.0,975.0,54.0,45.0,613.0,580.0,356.0,3839.0
205,700,ic,6,105.0,1104.0,1076.0,3.0,906.0,126.0,72.0,621.0,591.0,348.0,3805.0
205,700,ic,6,110.0,1136.0,1124.0,2.0,942.0,115.0,79.0,636.0,611.0,324.0,3795.0
205,700,ic,6,115.0,1240.0,1216.0,3.0,1013.0,128.0,99.0,671.0,638.0,389.0,3946.0
205,700,ic,6,120.0,1268.0,1256.0,2.0,1052.0,96.0,120.0,717.0,681.0,436.0,3924.0
205,700,ic,6,125.0,1315.0,1279.0,3.0,1017.0,154.0,144.0,753.0,702.0,443.0,4036.0
205,700,ic,6,130.0,1400.0,1371.0,3.0,1064.0,172.0,164.0,744.0,709.0,427.0,4032.0
205,700,ic,6,135.0,1446.0,1434.0,2.0,1088.0,216.0,142.0,787.0,735.0,456.0,4077.0
205,700,ic,7,0.0,830.0,737.0,5.0,724.0,103.0,3.0,477.0,426.0,297.0,3582.0
205,700,ic,7,5.0,801.0,739.0,4.0,753.0,48.0,0.0,449.0,405.0,319.0,3605.0
205,700,ic,7,10.0,872.0,792.0,6.0,800.0,66.0,6.0,477.0,431.0,350.0,3703.0
205,700,ic,7,15.0,958.0,843.0,9.0,829.0,120.0,9.0,520.0,481.0,340.0,3665.0
205,700,ic,7,20.0,1012.0,937.0,5.0,859.0,129.0,24.0,530.0,483.0,367.0,3832.0
205,700,ic,7,25.0,1015.0,956.0,5.0,901.0,93.0,21.0,544.0,500.0,357.0,3814.0
205,700,ic,7,30.0,968.0,937.0,3.0,898.0,46.0,24.0,552.0,518.0,358.0,3832.0
205,700,ic,7,35.0,961.0,921.0,2.0,893.0,32.0,36.0,568.0,529.0,368.0,3771.0
205,700,ic,7,40.0,959.0,945.0,2.0,900.0,30.0,29.0,569.0,526.0,345.0,3765.0
205,700,ic,7,45.0,975.0,961.0,2.0,899.0,46.0,30.0,549.0,517.0,363.0,3811.0
205,700,ic,7,50.0,1095.0,1050.0,4.0,974.0,85.0,36.0,584.0,545.0,370.0,3780.0
205,700,ic,7,55.0,1075.0,1005.0,4.0,981.0,46.0,48.0,586.0,543.0,409.0,3851.0
205,700,ic,7,60.0,1089.0,1051.0,4.0,973.0,80.0,36.0,592.0,551.0,394.0,3880.0
205,700,ic,7,65.0,1053.0,1053.0,1.0,930.0,77.0,46.0,599.0,570.0,352.0,3815.0
205,700,ic,7,70.0,1118.0,1104.0,2.0,1003.0,70.0,45.0,623.0,586.0,370.0,3943.0
205,700,ic,7,75.0,1121.0,1087.0,3.0,930.0,119.0,72.0,619.0,577.0,389.0,3897.0
205,700,ic,7,80.0,1108.0,1059.0,3.0,929.0,123.0,56.0,637.0,594.0,363.0,3860.0
205,700,ic,7,85.0,1133.0,1085.0,4.0,942.0,143.0,48.0,666.0,627.0,367.0,3893.0
205,700,ic,7,90.0,1092.0,1080.0,2.0,927.0,98.0,67.0,682.0,636.0,354.0,3965.0
205,700,ic,7,95.0,1175.0,1129.0,4.0,983.0,136.0,56.0,688.0,645.0,377.0,3973.0
205,700,ic,7,100.0,1256.0,1210.0,4.0,992.0,178.0,86.0,709.0,668.0,416.0,3959.0
205,700,ic,7,105.0,1217.0,1180.0,3.0,977.0,146.0,94.0,706.0,667.0,413.0,4003.0
205,700,ic,7,110.0,1329.0,1303.0,3.0,995.0,199.0,135.0,741.0,694.0,403.0,4042.0
205,700,ic,7,115.0,1252.0,1239.0,2.0,995.0,151.0,106.0,737.0,702.0,395.0,4065.0
205,700,ic,7,120.0,1387.0,1373.0,2.0,1055.0,182.0,150.0,777.0,739.0,402.0,4039.0
205,700,ic,7,125.0,1342.0,1318.0,3.0,1006.0,184.0,152.0,753.0,713.0,434.0,4097.0
205,700,ic,7,130.0,1397.0,1385.0,2.0,1061.0,183.0,153.0,753.0,704.0,434.0,4026.0
205,700,ic,7,135.0,1344.0,1318.0,2.0,1048.0,164.0,132.0,738.0,699.0,433.0,4057.0
205,700,ic,7,140.0,1412.0,1376.0,4.0,1099.0,152.0,161.0,787.0,755.0,442.0,4089.0
205,700,ic,7,145.0,1361.0,1337.0,3.0,1099.0,122.0,140.0,777.0,740.0,401.0,3978.0
205,700,ic,7,150.0,1338.0,1326.0,2.0,1052.0,121.0,165.0,781.0,747.0,437.0,4078.0
205,700,ic,7,155.0,1414.0,1402.0,2.0,1093.0,136.0,185.0,785.0,748.0,438.0,4136.0
205,700,ic,8,0.0,830.0,737.0,5.0,724.0,103.0,3.0,477.0,426.0,297.0,3582.0
205,700,ic,8,5.0,858.0,764.0,5.0,740.0,106.0,12.0,424.0,386.0,348.0,3704.0
205,700,ic,8,10.0,812.0,688.0,5.0,703.0,89.0,20.0,432.0,389.0,349.0,3534.0
205,700,ic,8,15.0,834.0,706.0,8.0,737.0,91.0,6.0,423.0,381.0,334.0,3730.0
205,700,ic,8,20.0,786.0,706.0,5.0,712.0,60.0,14.0,437.0,405.0,348.0,3645.0
205,700,ic,8,25.0,893.0,838.0,2.0,768.0,89.0,36.0,473.0,435.0,347.0,3619.0
205,700,ic,8,30.0,882.0,810.0,4.0,764.0,99.0,19.0,471.0,428.0,361.0,3670.0
205,700,ic,8,35.0,970.0,946.0,3.0,809.0,125.0,36.0,509.0,455.0,369.0,3789.0
205,700,ic,8,40.0,919.0,871.0,4.0,823.0,78.0,18.0,491.0,449.0,340.0,3794.0
205,700,ic,8,45.0,962.0,894.0,5.0,841.0,102.0,19.0,502.0,469.0,344.0,3692.0
205,700,ic,8,50.0,956.0,876.0,5.0,830.0,83.0,43.0,533.0,484.0,350.0,3799.0
205,700,ic,8,55.0,1049.0,984.0,5.0,911.0,88.0,50.0,541.0,503.0,350.0,3717.0
205,700,ic,8,60.0,1033.0,989.0,3.0,860.0,112.0,61.0,566.0,526.0,346.0,3818.0
205,700,ic,8,65.0,1026.0,922.0,6.0,842.0,120.0,64.0,539.0,490.0,414.0,3931.0
205,700,ic,8,70.0,1050.0,923.0,6.0,839.0,144.0,67.0,557.0,509.0,415.0,3883.0
205,700,ic,8,75.0,1045.0,962.0,5.0,870.0,87.0,88.0,564.0,524.0,364.0,3872.0
205,700,ic,8,80.0,1155.0,1058.0,3.0,959.0,86.0,110.0,585.0,542.0,409.0,3922.0
205,700,ic,8,85.0,1075.0,1047.0,3.0,924.0,69.0,82.0,561.0,525.0,369.0,3871.0
205,700,ic,8,90.0,1085.0,1061.0,3.0,882.0,106.0,97.0,574.0,520.0,444.0,3811.0
205,700,ic,8,95.0,1093.0,1049.0,3.0,877.0,95.0,121.0,603.0,551.0,438.0,3922.0
205,700,ic,8,100.0,1144.0,1110.0,3.0,875.0,124.0,145.0,615.0,564.0,416.0,3891.0
205,700,ic,8,105.0,1128.0,1116.0,2.0,859.0,127.0,142.0,607.0,570.0,434.0,3836.0
205,700,ic,8,110.0,1199.0,1118.0,4.0,926.0,129.0,144.0,645.0,600.0,419.0,3838.0
205,700,ic,8,115.0,1195.0,1157.0,2.0,967.0,62.0,166.0,666.0,629.0,405.0,3957.0
205,700,ic,8,120.0,1322.0,1310.0,2.0,1044.0,90.0,188.0,679.0,644.0,398.0,4052.0
205,700,ic,8,125.0,1257.0,1212.0,3.0,1015.0,74.0,168.0,703.0,661.0,426.0,4009.0
205,700,ic,8,130.0,1289.0,1271.0,2.0,1029.0,91.0,169.0,693.0,656.0,387.0,4031.0
205,700,ic,8,135.0,1336.0,1324.0,2.0,1026.0,133.0,177.0,708.0,669.0,426.0,4094.0
205,700,ic,8,140.0,1419.0,1407.0,2.0,1075.0,136.0,208.0,759.0,716.0,454.0,4146.0
205,700,ic,9,0.0,830.0,737.0,5.0,724.0,103.0,3.0,477.0,426.0,297.0,3582.0
205,700,ic,9,5.0,758.0,634.0,5.0,672.0,65.0,21.0,402.0,356.0,334.0,3582.0
205,700,ic,9,10.0,813.0,714.0,5.0,671.0,95.0,47.0,418.0,370.0,331.0,3631.0
205,700,ic,9,15.0,807.0,705.0,7.0,650.0,113.0,44.0,412.0,373.0,321.0,3629.0
205,700,ic,9,20.0,792.0,705.0,7.0,629.0,120.0,43.0,419.0,380.0,306.0,3544.0
205,700,ic,9,25.0,838.0,761.0,3.0,681.0,109.0,48.0,445.0,397.0,337.0,3650.0
205,700,ic,9,30.0,855.0,819.0,4.0,697.0,131.0,27.0,441.0,396.0,329.0,3649.0
205,700,ic,9,35.0,821.0,742.0,4.0,703.0,100.0,18.0,436.0,388.0,358.0,3644.0
205,700,ic,9,40.0,823.0,745.0,5.0,669.0,106.0,48.0,449.0,411.0,369.0,3628.0
205,700,ic,9,45.0,816.0,792.0,3.0,654.0,106.0,56.0,462.0,411.0,366.0,3646.0
205,700,ic,9,50.0,858.0,768.0,6.0,643.0,137.0,78.0,465.0,422.0,366.0,3760.0
205,700,ic,9,55.0,918.0,870.0,5.0,687.0,161.0,70.0,476.0,422.0,372.0,3753.0
205,700,ic,9,60.0,866.0,796.0,6.0,658.0,128.0,80.0,478.0,432.0,383.0,3746.0
205,700,ic,9,65.0,899.0,845.0,5.0,712.0,95.0,92.0,505.0,461.0,385.0,3872.0
205,700,ic,9,70.0,979.0,902.0,7.0,715.0,165.0,99.0,532.0,482.0,368.0,3808.0
205,700,ic,9,75.0,983.0,945.0,3.0,694.0,151.0,138.0,528.0,487.0,369.0,3822.0
205,700,ic,9,80.0,1023.0,977.0,4.0,772.0,105.0,146.0,558.0,511.0,391.0,3823.0
205,700,ic,9,85.0,1090.0,1023.0,4.0,694.0,223.0,173.0,547.0,517.0,399.0,3852.0
205,700,ic,9,90.0,1078.0,1028.0,5.0,762.0,145.0,171.0,568.0,519.0,381.0,3861.0
205,700,ic,9,95.0,1043.0,1031.0,2.0,786.0,98.0,159.0,564.0,526.0,408.0,3880.0
205,700,ic,9,100.0,1097.0,1072.0,2.0,775.0,128.0,194.0,540.0,508.0,376.0,3881.0
205,700,ic,9,105.0,1091.0,1079.0,2.0,789.0,133.0,169.0,559.0,518.0,383.0,3799.0
205,700,ic,9,110.0,1032.0,1020.0,2.0,776.0,82.0,174.0,566.0,529.0,394.0,3801.0
205,700,ic,9,115.0,1020.0,996.0,3.0,717.0,130.0,173.0,579.0,548.0,355.0,3720.0
205,700,ic,9,120.0,1073.0,1006.0,4.0,769.0,130.0,174.0,592.0,550.0,364.0,3873.0
205,700,ic,9,125.0,1130.0,1075.0,5.0,804.0,128.0,198.0,613.0,564.0,403.0,3831.0
205,700,ic,9,130.0,1099.0,1087.0,2.0,741.0,177.0,181.0,628.0,582.0,387.0,3890.0
205,700,ic,9,135.0,1157.0,1110.0,3.0,696.0,217.0,244.0,648.0,613.0,391.0,3886.0
205,700,ic,9,140.0,1199.0,1167.0,3.0,779.0,184.0,236.0,664.0,627.0,385.0,3867.0
205,700,ic,9,145.0,1262.0,1226.0,4.0,780.0,213.0,269.0,669.0,620.0,408.0,3866.0
205,700,ic,9,150.0,1295.0,1228.0,3.0,796.0,222.0,277.0,677.0,639.0,405.0,4030.0
205,700,ic,9,155.0,1221.0,1176.0,3.0,699.0,235.0,287.0,683.0,660.0,386.0,3936.0
205,700,ic,9,160.0,1287.0,1261.0,3.0,712.0,228.0,347.0,714.0,665.0,453.0,3994.0
205,700,ic,9,165.0,1266.0,1247.0,2.0,686.0,247.0,333.0,742.0,698.0,415.0,3971.0
205,700,ic,9,170.0,1270.0,1258.0,2.0,688.0,262.0,320.0,720.0,687.0,384.0,4034.0
205,700,ic,9,175.0,1315.0,1290.0,3.0,642.0,320.0,353.0,748.0,706.0,411.0,4036.0
205,700,ic,9,180.0,1300.0,1275.0,2.0,635.0,305.0,360.0,771.0,728.0,438.0,4239.0
205,700,ic,9,185.0,1318.0,1294.0,3.0,663.0,337.0,318.0,772.0,734.0,403.0,4167.0
205,700,ic,9,190.0,1348.0,1312.0,3.0,659.0,302.0,387.0,793.0,737.0,466.0,4124.0
205,700,ic,9,195.0,1351.0,1331.0,2.0,615.0,339.0,397.0,791.0,736.0,474.0,4156.0
205,700,ic,9,200.0,1445.0,1368.0,2.0,713.0,387.0,345.0,814.0,762.0,442.0,4117.0
205,700,ic,9,205.0,1436.0,1424.0,2.0,732.0,336.0,368.0,807.0,763.0,464.0,4180.0
215,100,ic,0,0.0,122.0,97.0,3.0,85.0,37.0,0.0,50.0,38.0,88.0,2995.0
215,100,ic,0,5.0,60.0,36.0,3.0,24.0,30.0,6.0,25.0,2.0,79.0,2999.0
215,100,ic,0,10.0,12.0,12.0,1.0,0.0,12.0,0.0,22.0,2.0,69.0,3094.0
215,100,ic,1,0.0,122.0,97.0,3.0,85.0,37.0,0.0,50.0,38.0,88.0,2995.0
215,100,ic,1,5.0,81.0,33.0,5.0,33.0,48.0,0.0,22.0,2.0,95.0,3018.0
215,100,ic,1,10.0,12.0,12.0,1.0,0.0,12.0,0.0,14.0,2.0,78.0,3051.0
215,100,ic,10,0.0,122.0,97.0,3.0,85.0,37.0,0.0,50.0,38.0,88.0,2995.0
215,100,ic,10,5.0,25.0,13.0,2.0,0.0,25.0,0.0,21.0,3.0,82.0,3077.0
215,100,ic,11,0.0,122.0,97.0,3.0,85.0,37.0,0.0,50.0,38.0,88.0,2995.0
215,100,ic,11,5.0,50.0,26.0,3.0,26.0,24.0,0.0,16.0,1.0,90.0,2963.0
215,100,ic,11,10.0,0.0,0.0,0.0,0.0,0.0,0.0,12.0,2.0,65.0,2968.0
215,100,ic,11,15.0,24.0,12.0,2.0,0.0,24.0,0.0,23.0,3.0,66.0,2952.0
215,100,ic,2,0.0,122.0,97.0,3.0,85.0,37.0,0.0,50.0,38.0,88.0,2995.0
215,100,ic,2,5.0,45.0,18.0,3.0,15.0,30.0,0.0,12.0,1.0,64.0,3023.0
215,100,ic,3,0.0,122.0,97.0,3.0,85.0,37.0,0.0,50.0,38.0,88.0,2995.0
215,100,ic,3,5.0,89.0,38.0,5.0,52.0,37.0,0.0,33.0,4.0,117.0,2922.0
215,100,ic,3,10.0,112.0,28.0,5.0,57.0,52.0,3.0,30.0,2.0,95.0,3105.0
215,100,ic,3,15.0,14.0,14.0,1.0,14.0,0.0,0.0,15.0,1.0,80.0,3034.0
215,100,ic,4,0.0,122.0,97.0,3.0,85.0,37.0,0.0,50.0,38.0,88.0,2995.0
215,100,ic,4,5.0,38.0,26.0,2.0,26.0,12.0,0.0,29.0,2.0,86.0,3025.0
215,100,ic,4,10.0,37.0,13.0,3.0,0.0,37.0,0.0,16.0,2.0,48.0,2952.0
215,100,ic,5,0.0,122.0,97.0,3.0,85.0,37.0,0.0,50.0,38.0,88.0,2995.0
215,100,ic,5,5.0,72.0,26.0,4.0,48.0,24.0,0.0,21.0,2.0,64.0,3059.0
215,100,ic,5,10.0,25.0,13.0,2.0,0.0,25.0,0.0,16.0,2.0,69.0,3063.0
215,100,ic,6,0.0,122.0,97.0,3.0,85.0,37.0,0.0,50.0,38.0,88.0,2995.0
215,100,ic,6,5.0,25.0,13.0,2.0,0.0,25.0,0.0,25.0,1.0,78.0,2972.0
215,100,ic,7,0.0,122.0,97.0,3.0,85.0,37.0,0.0,50.0,38.0,88.0,2995.0
215,100,ic,7,5.0,49.0,13.0,4.0,0.0,49.0,0.0,16.0,3.0,70.0,3059.0
215,100,ic,8,0.0,122.0,97.0,3.0,85.0,37.0,0.0,50.0,38.0,88.0,2995.0
215,100,ic,8,5.0,18.0,18.0,1.0,18.0,0.0,0.0,17.0,1.0,71.0,2895.0
215,100,ic,9,0.0,122.0,97.0,3.0,85.0,37.0,0.0,50.0,38.0,88.0,2995.0
215,100,ic,9,5.0,26.0,14.0,2.0,14.0,12.0,0.0,15.0,1.0,70.0,3043.0
215,200,ic,0,0.0,218.0,193.0,3.0,193.0,25.0,0.0,103.0,91.0,95.0,3058.0
215,200,ic,0,5.0,169.0,96.0,5.0,96.0,73.0,0.0,43.0,23.0,84.0,3015.0
215,200,ic,0,10.0,124.0,83.0,3.0,112.0,12.0,0.0,22.0,3.0,77.0,2977.0
215,200,ic,0,15.0,57.0,45.0,2.0,45.0,12.0,0.0,22.0,2.0,93.0,3009.0
215,200,ic,0,20.0,93.0,23.0,6.0,22.0,71.0,0.0,28.0,2.0,79.0,2966.0
215,200,ic,0,25.0,38.0,26.0,2.0,26.0,12.0,0.0,25.0,2.0,81.0,3006.0
215,200,ic,0,30.0,92.0,36.0,3.0,36.0,56.0,0.0,30.0,3.0,106.0,3003.0
215,200,ic,0,35.0,68.0,30.0,4.0,44.0,24.0,0.0,31.0,5.0,84.0,3017.0
215,200,ic,0,40.0,48.0,48.0,1.0,36.0,12.0,0.0,26.0,3.0,106.0,3112.0
215,200,ic,0,45.0,68.0,22.0,4.0,44.0,18.0,6.0,16.0,2.0,95.0,3005.0
215,200,ic,0,50.0,28.0,28.0,1.0,16.0,6.0,6.0,16.0,1.0,75.0,3002.0
215,200,ic,0,55.0,66.0,22.0,4.0,54.0,12.0,0.0,24.0,2.0,92.0,3042.0
215,200,ic,0,60.0,43.0,43.0,1.0,43.0,0.0,0.0,25.0,2.0,85.0,3011.0
215,200,ic,0,65.0,47.0,35.0,2.0,35.0,12.0,0.0,23.0,3.0,105.0,2990.0
215,200,ic,0,70.0,40.0,28.0,2.0,16.0,18.0,6.0,20.0,1.0,103.0,3171.0
215,200,ic,0,75.0,0.0,0.0,0.0,0.0,0.0,0.0,11.0,1.0,75.0,3092.0
215,200,ic,0,80.0,12.0,12.0,1.0,0.0,12.0,0.0,13.0,1.0,59.0,3043.0
215,200,ic,1,0.0,218.0,193.0,3.0,193.0,25.0,0.0,103.0,91.0,95.0,3058.0
215,200,ic,1,5.0,213.0,147.0,4.0,135.0,72.0,6.0,71.0,40.0,145.0,3055.0
215,200,ic,1,10.0,227.0,165.0,6.0,136.0,71.0,20.0,62.0,37.0,140.0,3209.0
215,200,ic,1,15.0,245.0,177.0,6.0,168.0,63.0,14.0,76.0,44.0,177.0,3262.0
215,200,ic,1,20.0,189.0,165.0,2.0,153.0,30.0,6.0,80.0,55.0,128.0,3114.0
215,200,ic,1,25.0,193.0,135.0,4.0,137.0,50.0,6.0,66.0,38.0,147.0,3144.0
215,200,ic,1,30.0,167.0,153.0,2.0,140.0,13.0,14.0,68.0,44.0,159.0,3110.0
215,200,ic,1,35.0,160.0,148.0,2.0,124.0,24.0,12.0,77.0,58.0,105.0,3103.0
215,200,ic,1,40.0,221.0,195.0,3.0,156.0,34.0,31.0,69.0,56.0,117.0,3085.0
215,200,ic,1,45.0,216.0,191.0,3.0,135.0,46.0,35.0,108.0,82.0,130.0,3068.0
215,200,ic,1,50.0,184.0,172.0,2.0,122.0,37.0,25.0,97.0,73.0,133.0,3129.0
215,200,ic,1,55.0,209.0,195.0,2.0,175.0,22.0,12.0,83.0,62.0,135.0,3059.0
215,200,ic,1,60.0,287.0,216.0,5.0,214.0,67.0,6.0,92.0,65.0,131.0,3123.0
215,200,ic,1,65.0,280.0,236.0,3.0,198.0,57.0,25.0,92.0,72.0,142.0,3151.0
215,200,ic,1,70.0,212.0,183.0,2.0,180.0,16.0,16.0,75.0,58.0,141.0,3073.0
215,200,ic,1,75.0,219.0,219.0,1.0,183.0,24.0,12.0,84.0,64.0,139.0,3014.0
215,200,ic,1,80.0,251.0,190.0,5.0,166.0,73.0,12.0,89.0,64.0,157.0,3274.0
215,200,ic,1,85.0,203.0,203.0,1.0,203.0,0.0,0.0,85.0,65.0,115.0,3118.0
215,200,ic,1,90.0,256.0,219.0,3.0,194.0,62.0,0.0,82.0,58.0,142.0,3032.0
215,200,ic,1,95.0,205.0,174.0,3.0,162.0,37.0,6.0,91.0,67.0,141.0,3039.0
215,200,ic,1,100.0,242.0,212.0,3.0,172.0,46.0,24.0,84.0,55.0,156.0,3063.0
215,200,ic,1,105.0,262.0,194.0,5.0,229.0,18.0,15.0,83.0,63.0,166.0,3020.0
215,200,ic,1,110.0,236.0,186.0,5.0,172.0,43.0,21.0,73.0,51.0,142.0,3127.0
215,200,ic,1,115.0,257.0,215.0,3.0,175.0,34.0,48.0,102.0,73.0,153.0,3137.0
215,200,ic,1,120.0,254.0,206.0,4.0,164.0,54.0,36.0,83.0,66.0,153.0,3127.0
215,200,ic,1,125.0,220.0,181.0,4.0,158.0,43.0,19.0,101.0,73.0,157.0,3138.0
215,200,ic,1,130.0,255.0,191.0,5.0,178.0,61.0,16.0,88.0,69.0,118.0,3092.0
215,200,ic,1,135.0,278.0,254.0,3.0,165.0,79.0,34.0,106.0,89.0,144.0,3153.0
215,200,ic,1,140.0,285.0,231.0,4.0,213.0,30.0,42.0,101.0,79.0,176.0,3139.0
215,200,ic,1,145.0,327.0,231.0,5.0,183.0,112.0,32.0,123.0,89.0,171.0,3212.0
215,200,ic,1,150.0,257.0,215.0,4.0,153.0,80.0,24.0,104.0,67.0,152.0,3266.0
215,200,ic,1,155.0,249.0,213.0,3.0,140.0,70.0,39.0,86.0,69.0,144.0,3040.0
215,200,ic,1,160.0,249.0,237.0,2.0,161.0,34.0,54.0,79.0,61.0,139.0,3078.0
215,200,ic,1,165.0,247.0,211.0,4.0,136.0,80.0,31.0,101.0,83.0,140.0,3017.0
215,200,ic,1,170.0,283.0,259.0,3.0,192.0,50.0,41.0,112.0,89.0,146.0,3203.0
215,200,ic,1,175.0,237.0,237.0,1.0,162.0,42.0,33.0,102.0,79.0,160.0,3058.0
215,200,ic,1,180.0,259.0,233.0,3.0,149.0,66.0,44.0,102.0,89.0,147.0,3077.0
215,200,ic,1,185.0,259.0,229.0,3.0,172.0,54.0,33.0,112.0,90.0,161.0,3165.0
215,200,ic,1,190.0,257.0,219.0,4.0,160.0,67.0,30.0,101.0,79.0,120.0,3185.0
215,200,ic,1,195.0,245.0,221.0,2.0,161.0,51.0,33.0,109.0,86.0,150.0,3054.0
215,200,ic,1,200.0,258.0,222.0,4.0,158.0,77.0,23.0,86.0,69.0,133.0,3181.0
215,200,ic,1,205.0,278.0,228.0,4.0,163.0,93.0,22.0,98.0,80.0,126.0,3138.0
215,200,ic,1,210.0,265.0,253.0,2.0,140.0,75.0,50.0,112.0,89.0,154.0,3114.0
215,200,ic,1,215.0,306.0,282.0,3.0,181.0,73.0,52.0,107.0,87.0,139.0,3148.0
215,200,ic,1,220.0,271.0,231.0,4.0,192.0,51.0,28.0,113.0,88.0,156.0,3202.0
215,200,ic,1,225.0,309.0,255.0,4.0,151.0,111.0,47.0,109.0,88.0,160.0,3104.0
215,200,ic,1,230.0,261.0,236.0,3.0,152.0,78.0,31.0,105.0,85.0,144.0,3108.0
215,200,ic,1,235.0,245.0,217.0,2.0,156.0,56.0,33.0,97.0,70.0,151.0,3108.0
215,200,ic,1,240.0,251.0,188.0,6.0,168.0,54.0,29.0,92.0,68.0,112.0,3153.0
215,200,ic,1,245.0,273.0,234.0,4.0,183.0,54.0,36.0,94.0,65.0,158.0,3148.0
215,200,ic,1,250.0,295.0,197.0,7.0,190.0,88.0,17.0,84.0,65.0,136.0,3092.0
215,200,ic,1,255.0,214.0,202.0,2.0,125.0,50.0,39.0,76.0,51.0,136.0,3091.0
215,200,ic,1,260.0,222.0,156.0,5.0,166.0,46.0,10.0,69.0,56.0,91.0,3080.0
215,200,ic,1,265.0,239.0,215.0,3.0,156.0,66.0,17.0,64.0,38.0,125.0,3109.0
215,200,ic,1,270.0,219.0,180.0,4.0,142.0,51.0,26.0,69.0,53.0,145.0,3035.0
215,200,ic,1,275.0,189.0,177.0,2.0,129.0,34.0,26.0,65.0,39.0,150.0,3138.0
215,200,ic,1,280.0,157.0,131.0,3.0,119.0,25.0,13.0,78.0,55.0,109.0,3096.0
215,200,ic,1,285.0,189.0,153.0,4.0,115.0,55.0,19.0,72.0,47.0,106.0,3094.0
215,200,ic,1,290.0,262.0,214.0,4.0,131.0,100.0,31.0,75.0,57.0,129.0,3152.0
215,200,ic,1,295.0,220.0,194.0,3.0,105.0,75.0,40.0,61.0,50.0,153.0,3010.0
215,200,ic,1,300.0,180.0,167.0,2.0,98.0,56.0,26.0,65.0,39.0,109.0,3131.0
215,200,ic,1,305.0,173.0,124.0,3.0,92.0,65.0,16.0,63.0,36.0,110.0,3121.0
215,200,ic,1,310.0,158.0,134.0,3.0,102.0,46.0,10.0,47.0,23.0,106.0,3091.0
215,200,ic,1,315.0,141.0,105.0,4.0,79.0,49.0,13.0,52.0,26.0,138.0,3118.0
215,200,ic,1,320.0,181.0,97.0,7.0,133.0,48.0,0.0,51.0,20.0,127.0,3079.0
215,200,ic,1,325.0,138.0,96.0,4.0,114.0,24.0,0.0,37.0,14.0,118.0,3171.0
215,200,ic,1,330.0,195.0,110.0,7.0,75.0,92.0,28.0,35.0,9.0,123.0,3052.0
215,200,ic,1,335.0,129.0,80.0,5.0,60.0,58.0,11.0,25.0,6.0,118.0,3102.0
215,200,ic,1,340.0,99.0,56.0,4.0,44.0,49.0,6.0,19.0,2.0,78.0,3060.0
215,200,ic,1,345.0,36.0,12.0,3.0,0.0,36.0,0.0,22.0,1.0,83.0,2993.0
215,200,ic,10,0.0,218.0,193.0,3.0,193.0,25.0,0.0,103.0,91.0,95.0,3058.0
215,200,ic,10,5.0,128.0,81.0,3.0,103.0,25.0,0.0,32.0,11.0,104.0,2981.0
215,200,ic,10,10.0,178.0,97.0,6.0,129.0,49.0,0.0,35.0,12.0,97.0,3013.0
215,200,ic,10,15.0,66.0,53.0,2.0,53.0,13.0,0.0,30.0,3.0,92.0,2951.0
215,200,ic,10,20.0,74.0,22.0,4.0,44.0,30.0,0.0,28.0,8.0,81.0,2946.0
215,200,ic,10,25.0,54.0,18.0,4.0,18.0,36.0,0.0,30.0,2.0,83.0,3128.0
215,200,ic,11,0.0,218.0,193.0,3.0,193.0,25.0,0.0,103.0,91.0,95.0,3058.0
215,200,ic,11,5.0,94.0,82.0,2.0,82.0,12.0,0.0,42.0,22.0,96.0,2956.0
215,200,ic,11,10.0,100.0,88.0,2.0,88.0,12.0,0.0,40.0,17.0,113.0,3055.0
215,200,ic,11,15.0,193.0,82.0,8.0,98.0,95.0,0.0,44.0,22.0,87.0,3071.0
215,200,ic,11,20.0,135.0,89.0,4.0,99.0,30.0,6.0,47.0,21.0,99.0,3146.0
215,200,ic,11,25.0,126.0,76.0,5.0,78.0,41.0,7.0,34.0,16.0,123.0,3150.0
215,200,ic,11,30.0,92.0,68.0,3.0,44.0,36.0,12.0,36.0,7.0,131.0,3024.0
215,200,ic,11,35.0,61.0,47.0,2.0,49.0,6.0,6.0,27.0,8.0,77.0,3068.0
215,200,ic,11,40.0,75.0,63.0,2.0,63.0,12.0,0.0,36.0,14.0,111.0,3066.0
215,200,ic,11,45.0,83.0,40.0,4.0,63.0,10.0,10.0,24.0,6.0,109.0,2986.0
215,200,ic,11,50.0,47.0,35.0,2.0,35.0,12.0,0.0,26.0,7.0,88.0,3060.0
215,200,ic,11,55.0,130.0,52.0,5.0,68.0,62.0,0.0,18.0,3.0,69.0,3017.0
215,200,ic,11,60.0,52.0,28.0,3.0,16.0,30.0,6.0,18.0,2.0,112.0,3034.0
215,200,ic,11,65.0,38.0,13.0,3.0,0.0,38.0,0.0,26.0,2.0,108.0,3034.0
215,200,ic,2,0.0,218.0,193.0,3.0,193.0,25.0,0.0,103.0,91.0,95.0,3058.0
215,200,ic,2,5.0,114.0,88.0,3.0,102.0,12.0,0.0,29.0,14.0,93.0,3040.0
215,200,ic,2,10.0,118.0,72.0,4.0,64.0,48.0,6.0,39.0,13.0,103.0,3051.0
215,200,ic,2,15.0,46.0,22.0,3.0,22.0,24.0,0.0,21.0,2.0,89.0,3119.0
215,200,ic,2,20.0,87.0,20.0,6.0,26.0,55.0,6.0,19.0,3.0,72.0,2986.0
215,200,ic,2,25.0,48.0,12.0,4.0,0.0,48.0,0.0,13.0,1.0,59.0,3059.0
215,200,ic,3,0.0,218.0,193.0,3.0,193.0,25.0,0.0,103.0,91.0,95.0,3058.0
215,200,ic,3,5.0,142.0,89.0,5.0,117.0,25.0,0.0,37.0,23.0,100.0,3096.0
215,200,ic,3,10.0,88.0,88.0,1.0,88.0,0.0,0.0,33.0,19.0,117.0,3054.0
215,200,ic,3,15.0,111.0,99.0,2.0,57.0,52.0,2.0,28.0,3.0,84.0,3022.0
215,200,ic,3,20.0,155.0,96.0,5.0,84.0,67.0,4.0,28.0,8.0,121.0,3021.0
215,200,ic,3,25.0,94.0,76.0,2.0,54.0,24.0,16.0,25.0,3.0,104.0,2973.0
215,200,ic,3,30.0,124.0,98.0,3.0,100.0,14.0,10.0,40.0,9.0,114.0,3168.0
215,200,ic,3,35.0,101.0,77.0,3.0,65.0,30.0,6.0,31.0,8.0,121.0,2973.0
215,200,ic,3,40.0,137.0,82.0,5.0,125.0,12.0,0.0,42.0,16.0,133.0,3126.0
215,200,ic,3,45.0,106.0,81.0,3.0,81.0,25.0,0.0,27.0,8.0,97.0,3034.0
215,200,ic,3,50.0,87.0,53.0,3.0,75.0,12.0,0.0,33.0,6.0,105.0,3011.0
215,200,ic,3,55.0,103.0,38.0,6.0,66.0,37.0,0.0,30.0,4.0,102.0,2970.0
215,200,ic,3,60.0,106.0,56.0,4.0,58.0,47.0,1.0,27.0,2.0,103.0,3057.0
215,200,ic,3,65.0,70.0,32.0,4.0,46.0,24.0,0.0,30.0,3.0,118.0,3023.0
215,200,ic,3,70.0,48.0,12.0,4.0,0.0,48.0,0.0,25.0,2.0,105.0,3042.0
215,200,ic,4,0.0,218.0,193.0,3.0,193.0,25.0,0.0,103.0,91.0,95.0,3058.0
215,200,ic,4,5.0,24.0,12.0,2.0,0.0,24.0,0.0,18.0,2.0,82.0,2986.0
215,200,ic,5,0.0,218.0,193.0,3.0,193.0,25.0,0.0,103.0,91.0,95.0,3058.0
215,200,ic,5,5.0,194.0,182.0,2.0,182.0,12.0,0.0,68.0,44.0,124.0,3075.0
215,200,ic,5,10.0,203.0,153.0,4.0,155.0,42.0,6.0,64.0,46.0,104.0,3004.0
215,200,ic,5,15.0,191.0,172.0,2.0,160.0,25.0,6.0,47.0,25.0,136.0,3107.0
215,200,ic,5,20.0,194.0,141.0,5.0,157.0,31.0,6.0,53.0,35.0,128.0,2999.0
215,200,ic,5,25.0,161.0,127.0,3.0,137.0,21.0,3.0,48.0,31.0,131.0,3050.0
215,200,ic,5,30.0,145.0,89.0,5.0,121.0,24.0,0.0,52.0,24.0,120.0,3097.0
215,200,ic,5,35.0,107.0,95.0,2.0,95.0,12.0,0.0,36.0,18.0,89.0,3050.0
215,200,ic,5,40.0,140.0,118.0,2.0,140.0,0.0,0.0,48.0,29.0,117.0,3033.0
215,200,ic,5,45.0,138.0,117.0,2.0,91.0,40.0,7.0,44.0,26.0,99.0,2969.0
215,200,ic,5,50.0,144.0,119.0,3.0,119.0,25.0,0.0,42.0,18.0,114.0,2999.0
215,200,ic,5,55.0,103.0,79.0,3.0,79.0,24.0,0.0,50.0,27.0,107.0,3113.0
215,200,ic,5,60.0,144.0,103.0,3.0,132.0,12.0,0.0,43.0,27.0,93.0,3098.0
215,200,ic,5,65.0,97.0,97.0,1.0,85.0,6.0,6.0,42.0,18.0,112.0,3037.0
215,200,ic,5,70.0,138.0,99.0,3.0,101.0,37.0,0.0,47.0,22.0,113.0,3010.0
215,200,ic,5,75.0,96.0,70.0,2.0,96.0,0.0,0.0,45.0,14.0,115.0,3124.0
215,200,ic,5,80.0,95.0,69.0,2.0,95.0,0.0,0.0,42.0,12.0,125.0,3032.0
215,200,ic,5,85.0,96.0,70.0,3.0,84.0,12.0,0.0,41.0,13.0,131.0,3066.0
215,200,ic,5,90.0,119.0,62.0,5.0,94.0,25.0,0.0,39.0,14.0,90.0,3006.0
215,200,ic,5,95.0,70.0,70.0,1.0,58.0,10.0,2.0,25.0,11.0,114.0,3166.0
215,200,ic,5,100.0,114.0,70.0,4.0,58.0,50.0,6.0,40.0,11.0,123.0,3124.0
215,200,ic,5,105.0,148.0,85.0,5.0,75.0,67.0,6.0,32.0,13.0,98.0,2989.0
215,200,ic,5,110.0,91.0,65.0,3.0,67.0,21.0,3.0,31.0,7.0,132.0,3052.0
215,200,ic,5,115.0,76.0,40.0,4.0,40.0,36.0,0.0,28.0,2.0,136.0,3096.0
215,200,ic,5,120.0,46.0,34.0,2.0,34.0,12.0,0.0,26.0,3.0,101.0,2881.0
215,200,ic,5,125.0,77.0,22.0,5.0,40.0,37.0,0.0,23.0,2.0,83.0,3045.0
215,200,ic,5,130.0,43.0,19.0,3.0,19.0,24.0,0.0,14.0,1.0,66.0,2967.0
215,200,ic,6,0.0,218.0,193.0,3.0,193.0,25.0,0.0,103.0,91.0,95.0,3058.0
215,200,ic,6,5.0,148.0,148.0,1.0,148.0,0.0,0.0,63.0,43.0,134.0,3010.0
215,200,ic,6,10.0,179.0,167.0,2.0,154.0,25.0,0.0,58.0,48.0,106.0,3135.0
215,200,ic,6,15.0,173.0,155.0,2.0,161.0,6.0,6.0,70.0,54.0,107.0,3117.0
215,200,ic,6,20.0,111.0,111.0,1.0,98.0,10.0,3.0,49.0,32.0,113.0,3089.0
215,200,ic,6,25.0,129.0,96.0,3.0,96.0,33.0,0.0,43.0,29.0,112.0,3098.0
215,200,ic,6,30.0,184.0,110.0,6.0,110.0,74.0,0.0,52.0,28.0,113.0,3121.0
215,200,ic,6,35.0,117.0,103.0,2.0,103.0,14.0,0.0,47.0,31.0,97.0,3051.0
215,200,ic,6,40.0,110.0,98.0,2.0,78.0,22.0,10.0,46.0,21.0,91.0,3094.0
215,200,ic,6,45.0,118.0,94.0,3.0,94.0,24.0,0.0,39.0,22.0,81.0,3052.0
215,200,ic,6,50.0,103.0,61.0,3.0,103.0,0.0,0.0,38.0,18.0,83.0,3106.0
215,200,ic,6,55.0,120.0,70.0,5.0,84.0,36.0,0.0,40.0,12.0,122.0,3116.0
215,200,ic,6,60.0,108.0,96.0,2.0,56.0,46.0,6.0,46.0,20.0,115.0,3100.0
215,200,ic,6,65.0,76.0,64.0,2.0,64.0,12.0,0.0,35.0,14.0,131.0,3022.0
215,200,ic,6,70.0,54.0,54.0,1.0,54.0,0.0,0.0,39.0,12.0,102.0,3066.0
215,200,ic,6,75.0,139.0,62.0,4.0,71.0,48.0,20.0,31.0,5.0,121.0,3105.0
215,200,ic,6,80.0,101.0,55.0,4.0,55.0,46.0,0.0,21.0,6.0,99.0,3011.0
215,200,ic,6,85.0,131.0,67.0,5.0,55.0,76.0,0.0,42.0,14.0,115.0,3137.0
215,200,ic,6,90.0,107.0,71.0,4.0,71.0,36.0,0.0,27.0,6.0,88.0,3075.0
215,200,ic,6,95.0,59.0,30.0,3.0,44.0,15.0,0.0,28.0,3.0,92.0,3023.0
215,200,ic,6,100.0,110.0,38.0,5.0,74.0,36.0,0.0,42.0,13.0,103.0,3042.0
215,200,ic,6,105.0,99.0,49.0,4.0,87.0,12.0,0.0,32.0,7.0,127.0,3041.0
215,200,ic,6,110.0,58.0,39.0,2.0,45.0,13.0,0.0,26.0,3.0,126.0,3115.0
215,200,ic,6,115.0,56.0,37.0,2.0,37.0,19.0,0.0,14.0,3.0,65.0,2978.0
215,200,ic,6,120.0,47.0,23.0,3.0,0.0,47.0,0.0,21.0,3.0,62.0,3078.0
215,200,ic,6,125.0,73.0,21.0,5.0,37.0,30.0,6.0,13.0,1.0,67.0,3086.0
215,200,ic,6,130.0,57.0,31.0,3.0,45.0,12.0,0.0,25.0,3.0,97.0,3127.0
215,200,ic,6,135.0,31.0,18.0,2.0,18.0,13.0,0.0,18.0,3.0,84.0,3149.0
215,200,ic,7,0.0,218.0,193.0,3.0,193.0,25.0,0.0,103.0,91.0,95.0,3058.0
215,200,ic,7,5.0,142.0,142.0,1.0,142.0,0.0,0.0,50.0,32.0,119.0,3110.0
215,200,ic,7,10.0,140.0,116.0,3.0,116.0,24.0,0.0,50.0,26.0,125.0,3053.0
215,200,ic,7,15.0,134.0,119.0,2.0,121.0,13.0,0.0,43.0,22.0,120.0,3018.0
215,200,ic,7,20.0,151.0,121.0,3.0,119.0,22.0,10.0,42.0,26.0,122.0,3031.0
215,200,ic,7,25.0,220.0,142.0,5.0,132.0,82.0,6.0,56.0,30.0,128.0,3228.0
215,200,ic,7,30.0,147.0,102.0,4.0,110.0,31.0,6.0,34.0,18.0,120.0,3113.0
215,200,ic,7,35.0,131.0,109.0,2.0,83.0,35.0,13.0,54.0,27.0,111.0,3094.0
215,200,ic,7,40.0,116.0,80.0,3.0,80.0,36.0,0.0,35.0,12.0,98.0,3125.0
215,200,ic,7,45.0,88.0,62.0,3.0,64.0,24.0,0.0,25.0,9.0,88.0,3052.0
215,200,ic,7,50.0,142.0,79.0,5.0,72.0,60.0,10.0,38.0,15.0,103.0,2958.0
215,200,ic,7,55.0,64.0,52.0,2.0,40.0,18.0,6.0,39.0,9.0,119.0,3100.0
215,200,ic,7,60.0,71.0,71.0,1.0,33.0,26.0,12.0,30.0,11.0,98.0,3030.0
215,200,ic,7,65.0,72.0,39.0,3.0,41.0,25.0,6.0,22.0,2.0,86.0,3063.0
215,200,ic,7,70.0,47.0,33.0,2.0,47.0,0.0,0.0,27.0,2.0,112.0,3102.0
215,200,ic,7,75.0,65.0,29.0,4.0,8.0,51.0,6.0,23.0,2.0,74.0,3098.0
215,200,ic,7,80.0,45.0,24.0,2.0,0.0,45.0,0.0,21.0,3.0,89.0,2953.0
215,200,ic,7,85.0,91.0,28.0,5.0,28.0,63.0,0.0,24.0,2.0,87.0,3004.0
215,200,ic,7,90.0,131.0,27.0,8.0,0.0,131.0,0.0,34.0,2.0,111.0,3075.0
215,200,ic,7,95.0,52.0,28.0,3.0,0.0,52.0,0.0,22.0,2.0,92.0,3043.0
215,200,ic,7,100.0,0.0,0.0,0.0,0.0,0.0,0.0,19.0,1.0,77.0,3027.0
215,200,ic,7,105.0,37.0,13.0,3.0,0.0,37.0,0.0,16.0,1.0,69.0,3083.0
215,200,ic,8,0.0,218.0,193.0,3.0,193.0,25.0,0.0,103.0,91.0,95.0,3058.0
215,200,ic,8,5.0,218.0,164.0,4.0,161.0,36.0,21.0,77.0,50.0,120.0,3180.0
215,200,ic,8,10.0,197.0,173.0,3.0,173.0,24.0,0.0,84.0,69.0,126.0,3222.0
215,200,ic,8,15.0,186.0,172.0,2.0,149.0,31.0,6.0,81.0,58.0,122.0,3184.0
215,200,ic,8,20.0,205.0,169.0,4.0,149.0,46.0,10.0,86.0,62.0,120.0,3053.0
215,200,ic,8,25.0,202.0,178.0,3.0,131.0,45.0,26.0,86.0,61.0,153.0,3167.0
215,200,ic,8,30.0,223.0,187.0,4.0,125.0,57.0,41.0,88.0,61.0,127.0,3196.0
215,200,ic,8,35.0,183.0,171.0,2.0,124.0,36.0,23.0,80.0,60.0,117.0,3187.0
215,200,ic,8,40.0,192.0,144.0,4.0,168.0,18.0,6.0,68.0,42.0,134.0,3094.0
215,200,ic,8,45.0,135.0,135.0,1.0,99.0,18.0,18.0,59.0,39.0,111.0,3073.0
215,200,ic,8,50.0,161.0,137.0,3.0,104.0,43.0,14.0,54.0,37.0,99.0,3179.0
215,200,ic,8,55.0,126.0,126.0,1.0,90.0,24.0,12.0,66.0,42.0,105.0,3065.0
215,200,ic,8,60.0,153.0,129.0,3.0,90.0,40.0,23.0,64.0,37.0,122.0,3148.0
215,200,ic,8,65.0,171.0,141.0,3.0,95.0,64.0,12.0,58.0,41.0,130.0,3159.0
215,200,ic,8,70.0,230.0,194.0,3.0,138.0,58.0,34.0,84.0,49.0,157.0,3145.0
215,200,ic,8,75.0,224.0,206.0,2.0,139.0,29.0,56.0,91.0,59.0,120.0,3151.0
215,200,ic,8,80.0,140.0,127.0,2.0,115.0,19.0,6.0,77.0,49.0,143.0,3006.0
215,200,ic,8,85.0,241.0,179.0,6.0,136.0,83.0,22.0,66.0,48.0,127.0,3187.0
215,200,ic,8,90.0,157.0,157.0,1.0,94.0,25.0,38.0,69.0,47.0,116.0,3122.0
215,200,ic,8,95.0,193.0,166.0,3.0,168.0,13.0,12.0,75.0,51.0,142.0,3075.0
215,200,ic,8,100.0,192.0,154.0,3.0,130.0,50.0,12.0,73.0,47.0,142.0,3245.0
215,200,ic,8,105.0,171.0,127.0,2.0,103.0,56.0,12.0,76.0,50.0,123.0,3109.0
215,200,ic,8,110.0,132.0,118.0,2.0,120.0,6.0,6.0,54.0,30.0,121.0,3005.0
215,200,ic,8,115.0,135.0,109.0,3.0,123.0,12.0,0.0,57.0,32.0,131.0,3204.0
215,200,ic,8,120.0,165.0,126.0,3.0,129.0,24.0,12.0,53.0,24.0,119.0,3031.0
215,200,ic,8,125.0,118.0,78.0,4.0,94.0,12.0,12.0,33.0,13.0,124.0,3050.0
215,200,ic,8,130.0,93.0,45.0,5.0,23.0,54.0,16.0,35.0,6.0,125.0,3073.0
215,200,ic,8,135.0,173.0,47.0,5.0,99.0,62.0,12.0,42.0,10.0,149.0,3161.0
215,200,ic,8,140.0,87.0,44.0,3.0,62.0,25.0,0.0,32.0,9.0,92.0,3071.0
215,200,ic,8,145.0,100.0,33.0,4.0,73.0,27.0,0.0,26.0,5.0,95.0,2992.0
215,200,ic,8,150.0,51.0,21.0,3.0,18.0,33.0,0.0,23.0,4.0,91.0,3002.0
215,200,ic,8,155.0,38.0,14.0,3.0,14.0,24.0,0.0,14.0,2.0,58.0,2997.0
215,200,ic,9,0.0,218.0,193.0,3.0,193.0,25.0,0.0,103.0,91.0,95.0,3058.0
215,200,ic,9,5.0,131.0,118.0,2.0,118.0,13.0,0.0,48.0,34.0,85.0,3027.0
215,200,ic,9,10.0,124.0,104.0,2.0,87.0,31.0,6.0,32.0,11.0,112.0,3070.0
215,200,ic,9,15.0,66.0,54.0,2.0,54.0,12.0,0.0,30.0,4.0,85.0,3021.0
215,200,ic,9,20.0,62.0,41.0,2.0,41.0,21.0,0.0,19.0,4.0,51.0,2878.0
215,200,ic,9,25.0,36.0,12.0,3.0,0.0,36.0,0.0,24.0,3.0,80.0,3062.0
215,300,ic,0,0.0,342.0,329.0,2.0,317.0,25.0,0.0,173.0,162.0,128.0,3111.0
215,300,ic,0,5.0,227.0,212.0,2.0,227.0,0.0,0.0,112.0,97.0,114.0,3038.0
215,300,ic,0,10.0,243.0,219.0,2.0,219.0,24.0,0.0,88.0,72.0,105.0,3081.0
215,300,ic,0,15.0,219.0,219.0,1.0,207.0,6.0,6.0,94.0,78.0,115.0,3215.0
215,300,ic,0,20.0,291.0,291.0,1.0,249.0,22.0,20.0,121.0,106.0,141.0,3160.0
215,300,ic,0,25.0,267.0,233.0,3.0,255.0,6.0,6.0,106.0,86.0,152.0,3187.0
215,300,ic,0,30.0,260.0,212.0,5.0,212.0,48.0,0.0,104.0,89.0,116.0,3165.0
215,300,ic,0,35.0,245.0,211.0,3.0,225.0,20.0,0.0,112.0,90.0,137.0,3179.0
215,300,ic,0,40.0,253.0,217.0,3.0,193.0,53.0,7.0,84.0,63.0,146.0,3131.0
215,300,ic,0,45.0,238.0,214.0,3.0,214.0,24.0,0.0,103.0,85.0,158.0,3155.0
215,300,ic,0,50.0,227.0,213.0,2.0,215.0,6.0,6.0,90.0,65.0,140.0,3156.0
215,300,ic,0,55.0,247.0,210.0,4.0,191.0,50.0,6.0,99.0,72.0,157.0,3188.0
215,300,ic,0,60.0,192.0,180.0,2.0,180.0,12.0,0.0,94.0,76.0,104.0,3148.0
215,300,ic,0,65.0,191.0,191.0,1.0,159.0,16.0,16.0,91.0,70.0,141.0,3137.0
215,300,ic,0,70.0,212.0,186.0,3.0,174.0,25.0,13.0,81.0,63.0,130.0,3120.0
215,300,ic,0,75.0,261.0,186.0,4.0,136.0,89.0,36.0,78.0,57.0,158.0,3219.0
215,300,ic,0,80.0,186.0,154.0,3.0,128.0,38.0,20.0,69.0,53.0,101.0,2987.0
215,300,ic,0,85.0,233.0,177.0,4.0,115.0,90.0,28.0,84.0,55.0,140.0,3127.0
215,300,ic,0,90.0,175.0,175.0,1.0,113.0,34.0,28.0,98.0,69.0,144.0,3188.0
215,300,ic,0,95.0,257.0,188.0,5.0,134.0,95.0,28.0,98.0,75.0,106.0,3109.0
215,300,ic,0,100.0,217.0,205.0,2.0,142.0,34.0,41.0,91.0,72.0,135.0,3283.0
215,300,ic,0,105.0,228.0,191.0,3.0,125.0,76.0,27.0,109.0,77.0,138.0,3262.0
215,300,ic,0,110.0,229.0,214.0,2.0,129.0,69.0,31.0,96.0,76.0,130.0,3050.0
215,300,ic,0,115.0,236.0,209.0,3.0,127.0,77.0,32.0,92.0,66.0,123.0,3139.0
215,300,ic,0,120.0,272.0,244.0,3.0,130.0,83.0,59.0,97.0,71.0,130.0,3136.0
215,300,ic,0,125.0,240.0,228.0,2.0,132.0,66.0,42.0,90.0,67.0,139.0,3082.0
215,300,ic,0,130.0,209.0,197.0,2.0,103.0,70.0,36.0,86.0,71.0,102.0,2972.0
215,300,ic,0,135.0,226.0,214.0,2.0,127.0,54.0,45.0,99.0,75.0,112.0,3155.0
215,300,ic,0,140.0,225.0,184.0,3.0,87.0,96.0,42.0,94.0,73.0,150.0,3237.0
215,300,ic,0,145.0,244.0,207.0,4.0,84.0,91.0,69.0,84.0,63.0,151.0,3034.0
215,300,ic,0,150.0,275.0,233.0,3.0,93.0,109.0,73.0,98.0,77.0,143.0,3000.0
215,300,ic,0,155.0,238.0,193.0,4.0,126.0,76.0,36.0,90.0,66.0,120.0,3199.0
215,300,ic,0,160.0,244.0,230.0,2.0,100.0,87.0,57.0,96.0,81.0,130.0,3052.0
215,300,ic,0,165.0,216.0,192.0,3.0,100.0,69.0,47.0,81.0,65.0,141.0,3116.0
215,300,ic,0,170.0,240.0,216.0,3.0,75.0,79.0,86.0,86.0,69.0,118.0,3223.0
215,300,ic,0,175.0,216.0,174.0,4.0,64.0,74.0,78.0,99.0,59.0,151.0,3122.0
215,300,ic,0,180.0,169.0,149.0,2.0,96.0,34.0,39.0,71.0,50.0,154.0,3169.0
215,300,ic,0,185.0,158.0,146.0,2.0,96.0,37.0,25.0,74.0,58.0,103.0,3007.0
215,300,ic,0,190.0,207.0,154.0,4.0,95.0,63.0,49.0,85.0,62.0,139.0,3149.0
215,300,ic,0,195.0,205.0,167.0,4.0,74.0,85.0,46.0,76.0,52.0,171.0,3108.0
215,300,ic,0,200.0,230.0,169.0,3.0,93.0,81.0,56.0,84.0,61.0,120.0,3103.0
215,300,ic,0,205.0,161.0,124.0,4.0,85.0,60.0,16.0,71.0,46.0,129.0,3099.0
215,300,ic,0,210.0,178.0,143.0,3.0,104.0,45.0,29.0,61.0,40.0,128.0,3213.0
215,300,ic,0,215.0,246.0,210.0,4.0,149.0,70.0,27.0,86.0,65.0,151.0,3371.0
215,300,ic,0,220.0,176.0,140.0,4.0,87.0,69.0,20.0,68.0,54.0,115.0,3231.0
215,300,ic,0,225.0,165.0,165.0,1.0,82.0,39.0,44.0,83.0,61.0,140.0,3060.0
215,300,ic,0,230.0,162.0,162.0,1.0,59.0,51.0,52.0,80.0,60.0,119.0,3177.0
215,300,ic,0,235.0,173.0,161.0,2.0,54.0,57.0,62.0,100.0,69.0,144.0,3116.0
215,300,ic,0,240.0,206.0,170.0,4.0,74.0,78.0,54.0,74.0,49.0,152.0,3020.0
215,300,ic,0,245.0,265.0,194.0,5.0,98.0,110.0,57.0,81.0,57.0,146.0,3037.0
215,300,ic,0,250.0,301.0,225.0,7.0,80.0,133.0,88.0,70.0,51.0,119.0,3140.0
215,300,ic,0,255.0,138.0,124.0,2.0,105.0,19.0,14.0,60.0,34.0,159.0,3110.0
215,300,ic,0,260.0,178.0,154.0,3.0,96.0,47.0,35.0,75.0,51.0,177.0,3071.0
215,300,ic,0,265.0,163.0,139.0,3.0,87.0,50.0,26.0,64.0,43.0,131.0,3140.0
215,300,ic,0,270.0,183.0,159.0,3.0,119.0,37.0,27.0,59.0,37.0,137.0,3070.0
215,300,ic,0,275.0,230.0,145.0,5.0,126.0,81.0,23.0,62.0,42.0,134.0,3050.0
215,300,ic,0,280.0,157.0,133.0,3.0,99.0,31.0,27.0,47.0,31.0,107.0,3079.0
215,300,ic,0,285.0,163.0,149.0,2.0,90.0,28.0,45.0,69.0,47.0,116.0,3060.0
215,300,ic,0,290.0,191.0,146.0,3.0,90.0,78.0,23.0,66.0,45.0,129.0,3056.0
215,300,ic,0,295.0,195.0,134.0,5.0,79.0,88.0,28.0,71.0,53.0,125.0,3104.0
215,300,ic,0,300.0,163.0,151.0,2.0,82.0,57.0,24.0,64.0,47.0,97.0,3142.0
215,300,ic,0,305.0,172.0,148.0,3.0,98.0,45.0,29.0,66.0,40.0,129.0,3109.0
215,300,ic,0,310.0,202.0,142.0,6.0,90.0,96.0,16.0,68.0,45.0,133.0,3080.0
215,300,ic,0,315.0,172.0,132.0,3.0,112.0,50.0,10.0,59.0,37.0,99.0,3092.0
215,300,ic,0,320.0,124.0,110.0,2.0,104.0,10.0,10.0,51.0,33.0,113.0,2949.0
215,300,ic,0,325.0,114.0,114.0,1.0,94.0,10.0,10.0,55.0,31.0,112.0,3057.0
215,300,ic,0,330.0,170.0,156.0,2.0,125.0,33.0,12.0,67.0,51.0,122.0,3091.0
215,300,ic,0,335.0,188.0,162.0,3.0,129.0,45.0,14.0,68.0,44.0,117.0,3053.0
215,300,ic,0,340.0,172.0,158.0,2.0,127.0,28.0,17.0,73.0,53.0,133.0,3082.0
215,300,ic,0,345.0,152.0,140.0,2.0,106.0,29.0,17.0,75.0,54.0,140.0,3021.0
215,300,ic,0,350.0,221.0,148.0,4.0,116.0,92.0,13.0,61.0,44.0,135.0,3140.0
215,300,ic,0,355.0,231.0,156.0,4.0,124.0,60.0,47.0,65.0,47.0,118.0,3119.0
215,300,ic,0,360.0,235.0,161.0,7.0,113.0,98.0,24.0,64.0,51.0,119.0,2977.0
215,300,ic,0,365.0,225.0,167.0,5.0,156.0,50.0,19.0,77.0,55.0,123.0,3068.0
215,300,ic,0,370.0,202.0,162.0,4.0,136.0,38.0,28.0,79.0,63.0,125.0,3004.0
215,300,ic,0,375.0,176.0,164.0,2.0,152.0,12.0,12.0,69.0,51.0,123.0,3083.0
215,300,ic,0,380.0,184.0,145.0,3.0,171.0,13.0,0.0,67.0,45.0,147.0,3127.0
215,300,ic,0,385.0,147.0,135.0,2.0,135.0,12.0,0.0,67.0,53.0,107.0,3047.0
215,300,ic,0,390.0,199.0,173.0,3.0,187.0,12.0,0.0,67.0,41.0,146.0,3171.0
215,300,ic,0,395.0,174.0,174.0,1.0,126.0,27.0,21.0,77.0,52.0,144.0,3209.0
215,300,ic,0,400.0,203.0,173.0,2.0,167.0,24.0,12.0,64.0,47.0,121.0,3174.0
215,300,ic,0,405.0,216.0,132.0,5.0,136.0,54.0,26.0,59.0,37.0,134.0,3047.0
215,300,ic,0,410.0,215.0,148.0,4.0,136.0,62.0,17.0,58.0,37.0,136.0,3087.0
215,300,ic,0,415.0,185.0,147.0,3.0,139.0,29.0,17.0,69.0,47.0,130.0,3104.0
215,300,ic,0,420.0,207.0,167.0,4.0,168.0,25.0,14.0,81.0,52.0,138.0,3098.0
215,300,ic,0,425.0,132.0,132.0,1.0,132.0,0.0,0.0,63.0,37.0,133.0,3036.0
215,300,ic,0,430.0,179.0,143.0,2.0,131.0,42.0,6.0,67.0,46.0,121.0,3078.0
215,300,ic,0,435.0,182.0,137.0,3.0,158.0,18.0,6.0,61.0,27.0,158.0,2977.0
215,300,ic,0,440.0,139.0,127.0,2.0,115.0,21.0,3.0,56.0,43.0,90.0,3048.0
215,300,ic,0,445.0,141.0,129.0,2.0,117.0,21.0,3.0,49.0,35.0,101.0,2936.0
215,300,ic,0,450.0,133.0,121.0,2.0,109.0,18.0,6.0,49.0,35.0,111.0,2897.0
215,300,ic,0,455.0,91.0,79.0,2.0,59.0,22.0,10.0,41.0,17.0,94.0,2899.0
215,300,ic,0,460.0,134.0,97.0,3.0,64.0,63.0,7.0,35.0,11.0,79.0,3006.0
215,300,ic,0,465.0,89.0,53.0,4.0,53.0,36.0,0.0,29.0,15.0,107.0,3020.0
215,300,ic,0,470.0,77.0,77.0,1.0,35.0,39.0,3.0,17.0,3.0,91.0,3068.0
215,300,ic,0,475.0,38.0,14.0,3.0,14.0,24.0,0.0,14.0,2.0,57.0,2990.0
215,300,ic,1,0.0,342.0,329.0,2.0,317.0,25.0,0.0,173.0,162.0,128.0,3111.0
215,300,ic,1,5.0,247.0,235.0,2.0,223.0,18.0,6.0,96.0,86.0,119.0,3097.0
215,300,ic,1,10.0,285.0,267.0,2.0,285.0,0.0,0.0,110.0,80.0,156.0,3126.0
215,300,ic,1,15.0,283.0,269.0,2.0,271.0,6.0,6.0,119.0,107.0,148.0,3206.0
215,300,ic,1,20.0,287.0,275.0,2.0,219.0,46.0,22.0,105.0,88.0,167.0,3163.0
215,300,ic,1,25.0,295.0,247.0,4.0,195.0,77.0,23.0,121.0,96.0,137.0,3220.0
215,300,ic,1,30.0,318.0,246.0,6.0,220.0,77.0,21.0,112.0,84.0,176.0,3126.0
215,300,ic,1,35.0,355.0,283.0,5.0,248.0,90.0,17.0,122.0,101.0,159.0,3158.0
215,300,ic,1,40.0,275.0,263.0,2.0,263.0,12.0,0.0,136.0,117.0,140.0,3220.0
215,300,ic,1,45.0,314.0,287.0,3.0,290.0,18.0,6.0,134.0,114.0,176.0,3230.0
215,300,ic,1,50.0,260.0,260.0,1.0,240.0,10.0,10.0,149.0,133.0,165.0,3165.0
215,300,ic,1,55.0,271.0,259.0,2.0,247.0,21.0,3.0,134.0,109.0,156.0,3214.0
215,300,ic,1,60.0,313.0,287.0,3.0,281.0,22.0,10.0,149.0,128.0,143.0,3234.0
215,300,ic,1,65.0,359.0,347.0,2.0,286.0,47.0,26.0,157.0,145.0,172.0,3200.0
215,300,ic,1,70.0,383.0,339.0,4.0,279.0,58.0,46.0,174.0,150.0,173.0,3270.0
215,300,ic,1,75.0,364.0,337.0,3.0,265.0,43.0,56.0,172.0,147.0,154.0,3287.0
215,300,ic,1,80.0,469.0,433.0,4.0,229.0,142.0,98.0,185.0,151.0,188.0,3299.0
215,300,ic,1,85.0,416.0,402.0,2.0,314.0,43.0,59.0,173.0,151.0,186.0,3267.0
215,300,ic,1,90.0,377.0,377.0,1.0,265.0,57.0,55.0,162.0,142.0,180.0,3237.0
215,300,ic,1,95.0,382.0,370.0,2.0,292.0,23.0,67.0,164.0,130.0,200.0,3248.0
215,300,ic,1,100.0,404.0,379.0,3.0,237.0,96.0,71.0,166.0,144.0,176.0,3292.0
215,300,ic,1,105.0,406.0,406.0,1.0,230.0,74.0,102.0,171.0,145.0,171.0,3148.0
215,300,ic,1,110.0,410.0,410.0,1.0,221.0,95.0,94.0,179.0,151.0,185.0,3215.0
215,300,ic,1,115.0,412.0,400.0,2.0,263.0,85.0,64.0,163.0,131.0,184.0,3341.0
215,300,ic,1,120.0,431.0,385.0,3.0,235.0,116.0,80.0,177.0,150.0,193.0,3225.0
215,300,ic,1,125.0,452.0,380.0,5.0,176.0,171.0,105.0,186.0,166.0,199.0,3412.0
215,300,ic,1,130.0,355.0,355.0,1.0,184.0,94.0,77.0,180.0,159.0,169.0,3176.0
215,300,ic,1,135.0,465.0,429.0,4.0,114.0,214.0,137.0,204.0,173.0,221.0,3335.0
215,300,ic,1,140.0,403.0,379.0,3.0,151.0,155.0,97.0,202.0,169.0,191.0,3237.0
215,300,ic,1,145.0,468.0,424.0,3.0,183.0,174.0,111.0,215.0,198.0,219.0,3406.0
215,300,ic,1,150.0,430.0,394.0,4.0,149.0,179.0,102.0,212.0,194.0,208.0,3409.0
215,300,ic,1,155.0,543.0,449.0,7.0,130.0,281.0,132.0,224.0,213.0,205.0,3389.0
215,300,ic,1,160.0,469.0,469.0,1.0,119.0,221.0,129.0,236.0,208.0,184.0,3251.0
215,300,ic,1,165.0,453.0,429.0,2.0,106.0,219.0,128.0,219.0,200.0,203.0,3344.0
215,300,ic,1,170.0,454.0,433.0,2.0,128.0,192.0,134.0,242.0,216.0,216.0,3256.0
215,300,ic,1,175.0,517.0,505.0,2.0,116.0,270.0,131.0,240.0,207.0,198.0,3502.0
215,300,ic,1,180.0,484.0,460.0,3.0,108.0,236.0,140.0,245.0,219.0,210.0,3397.0
215,300,ic,1,185.0,533.0,495.0,4.0,164.0,229.0,140.0,260.0,233.0,220.0,3390.0
215,300,ic,1,190.0,545.0,472.0,6.0,115.0,243.0,187.0,269.0,233.0,252.0,3501.0
215,300,ic,1,195.0,595.0,557.0,4.0,137.0,264.0,194.0,267.0,230.0,254.0,3489.0
215,300,ic,1,200.0,540.0,528.0,2.0,95.0,274.0,171.0,250.0,221.0,220.0,3431.0
215,300,ic,1,205.0,537.0,537.0,1.0,100.0,234.0,203.0,266.0,252.0,203.0,3383.0
215,300,ic,1,210.0,520.0,508.0,2.0,99.0,237.0,184.0,279.0,252.0,210.0,3334.0
215,300,ic,1,215.0,545.0,527.0,2.0,147.0,257.0,141.0,268.0,245.0,218.0,3354.0
215,300,ic,1,220.0,529.0,507.0,2.0,99.0,248.0,182.0,261.0,244.0,197.0,3415.0
215,300,ic,1,225.0,519.0,492.0,3.0,84.0,238.0,197.0,248.0,226.0,212.0,3410.0
215,300,ic,1,230.0,530.0,491.0,4.0,125.0,246.0,159.0,249.0,237.0,190.0,3379.0
215,300,ic,1,235.0,572.0,548.0,3.0,122.0,271.0,179.0,277.0,258.0,205.0,3549.0
215,300,ic,1,240.0,578.0,546.0,3.0,145.0,279.0,154.0,281.0,260.0,219.0,3457.0
215,300,ic,1,245.0,558.0,532.0,2.0,111.0,258.0,189.0,308.0,285.0,220.0,3457.0
215,300,ic,1,250.0,650.0,591.0,5.0,138.0,325.0,187.0,310.0,272.0,239.0,3502.0
215,300,ic,1,255.0,662.0,636.0,3.0,75.0,324.0,263.0,320.0,297.0,223.0,3582.0
215,300,ic,10,0.0,342.0,329.0,2.0,317.0,25.0,0.0,173.0,162.0,128.0,3111.0
215,300,ic,10,5.0,289.0,253.0,3.0,253.0,36.0,0.0,98.0,83.0,142.0,3249.0
215,300,ic,10,10.0,305.0,278.0,3.0,281.0,18.0,6.0,133.0,103.0,172.0,3227.0
215,300,ic,10,15.0,376.0,290.0,5.0,254.0,109.0,13.0,134.0,113.0,145.0,3188.0
215,300,ic,10,20.0,281.0,269.0,2.0,257.0,18.0,6.0,151.0,130.0,152.0,3204.0
215,300,ic,10,25.0,341.0,341.0,1.0,309.0,24.0,8.0,147.0,119.0,176.0,3367.0
215,300,ic,10,30.0,339.0,339.0,1.0,289.0,28.0,22.0,157.0,136.0,157.0,3288.0
215,300,ic,10,35.0,371.0,353.0,2.0,288.0,51.0,32.0,158.0,137.0,149.0,3259.0
215,300,ic,10,40.0,363.0,351.0,2.0,318.0,29.0,16.0,194.0,177.0,190.0,3168.0
215,300,ic,10,45.0,374.0,330.0,4.0,298.0,60.0,16.0,194.0,165.0,208.0,3360.0
215,300,ic,10,50.0,390.0,346.0,4.0,346.0,28.0,16.0,195.0,168.0,185.0,3356.0
215,300,ic,10,55.0,442.0,430.0,2.0,343.0,59.0,40.0,221.0,189.0,227.0,3365.0
215,300,ic,10,60.0,480.0,432.0,3.0,344.0,70.0,66.0,244.0,198.0,222.0,3348.0
215,300,ic,10,65.0,496.0,418.0,6.0,347.0,102.0,47.0,239.0,203.0,211.0,3217.0
215,300,ic,10,70.0,449.0,437.0,2.0,337.0,68.0,44.0,212.0,182.0,181.0,3287.0
215,300,ic,10,75.0,454.0,442.0,2.0,320.0,92.0,42.0,214.0,197.0,165.0,3291.0
215,300,ic,10,80.0,509.0,465.0,3.0,383.0,88.0,38.0,255.0,228.0,218.0,3342.0
215,300,ic,10,85.0,497.0,444.0,5.0,376.0,78.0,43.0,265.0,233.0,216.0,3410.0
215,300,ic,10,90.0,438.0,438.0,1.0,400.0,25.0,13.0,236.0,210.0,192.0,3433.0
215,300,ic,10,95.0,533.0,448.0,5.0,436.0,54.0,43.0,260.0,230.0,198.0,3408.0
215,300,ic,10,100.0,503.0,427.0,3.0,370.0,93.0,40.0,251.0,212.0,218.0,3446.0
215,300,ic,10,105.0,559.0,457.0,5.0,427.0,90.0,42.0,263.0,224.0,237.0,3350.0
215,300,ic,10,110.0,466.0,425.0,4.0,396.0,41.0,29.0,280.0,239.0,231.0,3411.0
215,300,ic,10,115.0,510.0,467.0,4.0,406.0,66.0,38.0,255.0,227.0,231.0,3431.0
215,300,ic,10,120.0,510.0,492.0,2.0,403.0,54.0,53.0,274.0,254.0,221.0,3455.0
215,300,ic,10,125.0,567.0,529.0,4.0,391.0,100.0,76.0,297.0,266.0,263.0,3483.0
215,300,ic,10,130.0,571.0,512.0,5.0,398.0,101.0,72.0,291.0,267.0,226.0,3539.0
215,300,ic,10,135.0,525.0,490.0,3.0,372.0,84.0,69.0,287.0,255.0,247.0,3457.0
215,300,ic,10,140.0,578.0,548.0,3.0,401.0,87.0,90.0,302.0,279.0,250.0,3471.0
215,300,ic,10,145.0,607.0,595.0,2.0,332.0,117.0,158.0,296.0,284.0,237.0,3539.0
215,300,ic,10,150.0,582.0,582.0,1.0,301.0,103.0,178.0,321.0,296.0,235.0,3459.0
215,300,ic,10,155.0,721.0,721.0,1.0,383.0,145.0,193.0,323.0,298.0,237.0,3485.0
215,300,ic,11,0.0,342.0,329.0,2.0,317.0,25.0,0.0,173.0,162.0,128.0,3111.0
215,300,ic,11,5.0,307.0,270.0,4.0,270.0,37.0,0.0,136.0,109.0,147.0,3103.0
215,300,ic,11,10.0,285.0,273.0,2.0,273.0,12.0,0.0,122.0,101.0,168.0,3174.0
215,300,ic,11,15.0,353.0,305.0,3.0,267.0,80.0,6.0,125.0,102.0,151.0,3122.0
215,300,ic,11,20.0,328.0,256.0,5.0,256.0,72.0,0.0,134.0,107.0,162.0,3150.0
215,300,ic,11,25.0,336.0,284.0,4.0,263.0,73.0,0.0,129.0,111.0,149.0,3127.0
215,300,ic,11,30.0,299.0,299.0,1.0,299.0,0.0,0.0,135.0,119.0,165.0,3261.0
215,300,ic,11,35.0,419.0,349.0,3.0,325.0,82.0,12.0,154.0,139.0,193.0,3245.0
215,300,ic,11,40.0,356.0,332.0,3.0,306.0,37.0,13.0,157.0,135.0,191.0,3298.0
215,300,ic,11,45.0,452.0,373.0,4.0,338.0,77.0,37.0,190.0,154.0,225.0,3228.0
215,300,ic,11,50.0,400.0,352.0,3.0,368.0,26.0,6.0,171.0,148.0,185.0,3259.0
215,300,ic,11,55.0,397.0,353.0,4.0,305.0,73.0,19.0,175.0,156.0,212.0,3240.0
215,300,ic,11,60.0,426.0,402.0,3.0,370.0,46.0,10.0,199.0,169.0,200.0,3339.0
215,300,ic,11,65.0,477.0,434.0,3.0,369.0,80.0,28.0,203.0,177.0,228.0,3384.0
215,300,ic,11,70.0,506.0,466.0,4.0,382.0,84.0,40.0,220.0,190.0,230.0,3356.0
215,300,ic,11,75.0,448.0,436.0,2.0,380.0,46.0,22.0,231.0,200.0,220.0,3484.0
215,300,ic,11,80.0,475.0,461.0,2.0,333.0,92.0,50.0,213.0,187.0,189.0,3302.0
215,300,ic,11,85.0,495.0,461.0,2.0,348.0,85.0,62.0,216.0,192.0,182.0,3375.0
215,300,ic,11,90.0,429.0,383.0,4.0,314.0,77.0,38.0,220.0,198.0,188.0,3413.0
215,300,ic,11,95.0,448.0,421.0,2.0,315.0,80.0,53.0,229.0,203.0,217.0,3349.0
215,300,ic,11,100.0,488.0,439.0,4.0,312.0,110.0,66.0,196.0,181.0,185.0,3321.0
215,300,ic,11,105.0,477.0,439.0,4.0,282.0,111.0,84.0,235.0,190.0,229.0,3310.0
215,300,ic,11,110.0,507.0,493.0,2.0,348.0,68.0,91.0,232.0,204.0,217.0,3280.0
215,300,ic,11,115.0,474.0,450.0,3.0,342.0,39.0,93.0,232.0,201.0,195.0,3245.0
215,300,ic,11,120.0,445.0,433.0,2.0,328.0,54.0,63.0,220.0,202.0,192.0,3338.0
215,300,ic,11,125.0,512.0,475.0,3.0,344.0,93.0,75.0,238.0,212.0,200.0,3349.0
215,300,ic,11,130.0,472.0,458.0,2.0,330.0,59.0,83.0,235.0,212.0,200.0,3293.0
215,300,ic,11,135.0,615.0,550.0,5.0,395.0,108.0,112.0,258.0,223.0,237.0,3408.0
215,300,ic,11,140.0,520.0,502.0,2.0,349.0,76.0,95.0,243.0,221.0,209.0,3337.0
215,300,ic,11,145.0,545.0,519.0,2.0,412.0,33.0,100.0,264.0,234.0,216.0,3420.0
215,300,ic,11,150.0,613.0,549.0,5.0,394.0,133.0,86.0,259.0,235.0,224.0,3290.0
215,300,ic,11,155.0,540.0,528.0,2.0,388.0,73.0,79.0,298.0,275.0,223.0,3414.0
215,300,ic,11,160.0,563.0,551.0,2.0,400.0,49.0,114.0,278.0,253.0,207.0,3463.0
215,300,ic,11,165.0,568.0,527.0,3.0,388.0,71.0,109.0,270.0,252.0,212.0,3367.0
215,300,ic,11,170.0,578.0,541.0,4.0,354.0,109.0,115.0,314.0,287.0,222.0,3407.0
215,300,ic,11,175.0,566.0,554.0,2.0,345.0,83.0,138.0,297.0,276.0,189.0,3503.0
215,300,ic,11,180.0,651.0,627.0,3.0,371.0,117.0,163.0,325.0,300.0,217.0,3457.0
215,300,ic,2,0.0,342.0,329.0,2.0,317.0,25.0,0.0,173.0,162.0,128.0,3111.0
215,300,ic,2,5.0,273.0,273.0,1.0,245.0,23.0,5.0,121.0,99.0,146.0,3089.0
215,300,ic,2,10.0,313.0,313.0,1.0,293.0,10.0,10.0,132.0,111.0,151.0,3139.0
215,300,ic,2,15.0,323.0,264.0,5.0,274.0,37.0,12.0,132.0,110.0,151.0,3214.0
215,300,ic,2,20.0,293.0,281.0,2.0,252.0,35.0,6.0,127.0,106.0,175.0,3222.0
215,300,ic,2,25.0,380.0,315.0,5.0,307.0,54.0,19.0,158.0,129.0,164.0,3265.0
215,300,ic,2,30.0,430.0,381.0,5.0,311.0,93.0,26.0,173.0,145.0,170.0,3214.0
215,300,ic,2,35.0,348.0,348.0,1.0,302.0,23.0,23.0,168.0,150.0,176.0,3170.0
215,300,ic,2,40.0,416.0,377.0,4.0,302.0,80.0,34.0,172.0,149.0,179.0,3202.0
215,300,ic,2,45.0,399.0,378.0,2.0,281.0,80.0,38.0,168.0,150.0,170.0,3317.0
215,300,ic,2,50.0,417.0,369.0,3.0,317.0,62.0,38.0,194.0,175.0,185.0,3259.0
215,300,ic,2,55.0,430.0,393.0,3.0,287.0,94.0,49.0,214.0,193.0,188.0,3227.0
215,300,ic,2,60.0,461.0,413.0,3.0,319.0,97.0,45.0,215.0,192.0,226.0,3331.0
215,300,ic,2,65.0,470.0,434.0,4.0,368.0,69.0,33.0,232.0,206.0,199.0,3370.0
215,300,ic,2,70.0,512.0,475.0,3.0,398.0,81.0,33.0,246.0,211.0,222.0,3448.0
215,300,ic,2,75.0,499.0,487.0,2.0,399.0,63.0,37.0,242.0,219.0,206.0,3388.0
215,300,ic,2,80.0,556.0,518.0,4.0,401.0,108.0,47.0,259.0,238.0,213.0,3324.0
215,300,ic,2,85.0,481.0,457.0,3.0,373.0,65.0,43.0,258.0,235.0,193.0,3428.0
215,300,ic,2,90.0,596.0,534.0,5.0,448.0,103.0,45.0,270.0,244.0,207.0,3379.0
215,300,ic,2,95.0,555.0,514.0,3.0,441.0,60.0,54.0,268.0,248.0,221.0,3502.0
215,300,ic,2,100.0,538.0,506.0,3.0,450.0,53.0,35.0,268.0,251.0,216.0,3293.0
215,300,ic,2,105.0,590.0,564.0,3.0,431.0,80.0,79.0,288.0,263.0,238.0,3360.0
215,300,ic,2,110.0,587.0,561.0,3.0,444.0,71.0,72.0,291.0,266.0,213.0,3373.0
215,300,ic,2,115.0,598.0,555.0,4.0,389.0,120.0,89.0,281.0,257.0,230.0,3389.0
215,300,ic,2,120.0,574.0,516.0,5.0,402.0,96.0,76.0,299.0,275.0,216.0,3403.0
215,300,ic,2,125.0,579.0,553.0,3.0,385.0,107.0,87.0,289.0,272.0,212.0,3383.0
215,300,ic,2,130.0,636.0,610.0,3.0,415.0,129.0,92.0,314.0,291.0,234.0,3500.0
215,300,ic,3,0.0,342.0,329.0,2.0,317.0,25.0,0.0,173.0,162.0,128.0,3111.0
215,300,ic,3,5.0,266.0,266.0,1.0,266.0,0.0,0.0,122.0,109.0,121.0,3185.0
215,300,ic,3,10.0,299.0,287.0,2.0,275.0,18.0,6.0,142.0,125.0,152.0,3171.0
215,300,ic,3,15.0,319.0,294.0,2.0,270.0,37.0,12.0,140.0,121.0,151.0,3180.0
215,300,ic,3,20.0,357.0,343.0,2.0,305.0,32.0,20.0,153.0,131.0,165.0,3261.0
215,300,ic,3,25.0,394.0,374.0,2.0,293.0,65.0,36.0,175.0,143.0,187.0,3255.0
215,300,ic,3,30.0,445.0,433.0,2.0,342.0,86.0,17.0,180.0,147.0,201.0,3216.0
215,300,ic,3,35.0,445.0,419.0,3.0,348.0,48.0,49.0,203.0,177.0,207.0,3351.0
215,300,ic,3,40.0,393.0,367.0,3.0,314.0,39.0,40.0,175.0,148.0,196.0,3301.0
215,300,ic,3,45.0,461.0,356.0,4.0,315.0,122.0,24.0,162.0,131.0,197.0,3285.0
215,300,ic,3,50.0,377.0,339.0,4.0,321.0,46.0,10.0,161.0,131.0,190.0,3319.0
215,300,ic,3,55.0,445.0,382.0,6.0,283.0,104.0,58.0,181.0,156.0,197.0,3282.0
215,300,ic,3,60.0,356.0,344.0,2.0,268.0,51.0,37.0,150.0,130.0,173.0,3151.0
215,300,ic,3,65.0,366.0,354.0,2.0,274.0,59.0,33.0,158.0,138.0,187.0,3104.0
215,300,ic,3,70.0,371.0,353.0,2.0,265.0,69.0,37.0,153.0,132.0,206.0,3291.0
215,300,ic,3,75.0,371.0,371.0,1.0,271.0,60.0,40.0,163.0,153.0,154.0,3139.0
215,300,ic,3,80.0,381.0,381.0,1.0,283.0,60.0,38.0,182.0,158.0,193.0,3185.0
215,300,ic,3,85.0,412.0,374.0,4.0,291.0,85.0,36.0,182.0,160.0,223.0,3249.0
215,300,ic,3,90.0,393.0,378.0,2.0,317.0,24.0,52.0,191.0,175.0,199.0,3395.0
215,300,ic,3,95.0,464.0,446.0,2.0,375.0,55.0,34.0,227.0,204.0,224.0,3342.0
215,300,ic,3,100.0,550.0,484.0,6.0,402.0,67.0,81.0,231.0,217.0,209.0,3356.0
215,300,ic,3,105.0,535.0,513.0,2.0,425.0,51.0,59.0,254.0,226.0,194.0,3346.0
215,300,ic,3,110.0,589.0,565.0,3.0,376.0,139.0,74.0,256.0,222.0,235.0,3375.0
215,300,ic,3,115.0,482.0,470.0,2.0,384.0,67.0,31.0,232.0,212.0,221.0,3482.0
215,300,ic,3,120.0,485.0,485.0,1.0,355.0,80.0,50.0,240.0,213.0,214.0,3387.0
215,300,ic,3,125.0,451.0,439.0,2.0,350.0,71.0,30.0,234.0,214.0,198.0,3243.0
215,300,ic,3,130.0,562.0,538.0,3.0,373.0,124.0,65.0,259.0,236.0,184.0,3452.0
215,300,ic,3,135.0,604.0,559.0,4.0,394.0,154.0,56.0,263.0,236.0,218.0,3401.0
215,300,ic,3,140.0,536.0,536.0,1.0,396.0,92.0,48.0,280.0,260.0,192.0,3314.0
215,300,ic,3,145.0,612.0,542.0,5.0,351.0,166.0,95.0,271.0,240.0,255.0,3380.0
215,300,ic,3,150.0,595.0,595.0,1.0,376.0,130.0,89.0,298.0,276.0,236.0,3373.0
215,300,ic,3,155.0,538.0,525.0,2.0,379.0,76.0,83.0,292.0,272.0,210.0,3440.0
215,300,ic,3,160.0,633.0,619.0,2.0,358.0,164.0,111.0,298.0,281.0,222.0,3437.0
215,300,ic,4,0.0,342.0,329.0,2.0,317.0,25.0,0.0,173.0,162.0,128.0,3111.0
215,300,ic,4,5.0,330.0,284.0,4.0,266.0,48.0,16.0,127.0,112.0,141.0,3280.0
215,300,ic,4,10.0,328.0,294.0,3.0,313.0,15.0,0.0,121.0,113.0,121.0,3216.0
215,300,ic,4,15.0,333.0,321.0,2.0,321.0,12.0,0.0,163.0,139.0,160.0,3263.0
215,300,ic,4,20.0,348.0,298.0,4.0,286.0,60.0,2.0,143.0,129.0,142.0,3185.0
215,300,ic,4,25.0,318.0,294.0,3.0,263.0,48.0,7.0,130.0,108.0,172.0,3216.0
215,300,ic,4,30.0,299.0,286.0,2.0,260.0,27.0,12.0,130.0,107.0,163.0,3226.0
215,300,ic,4,35.0,342.0,330.0,2.0,318.0,21.0,3.0,129.0,106.0,155.0,3298.0
215,300,ic,4,40.0,303.0,303.0,1.0,266.0,26.0,11.0,122.0,106.0,152.0,3220.0
215,300,ic,4,45.0,319.0,268.0,4.0,282.0,37.0,0.0,130.0,109.0,176.0,3283.0
215,300,ic,4,50.0,277.0,265.0,2.0,265.0,12.0,0.0,116.0,105.0,138.0,3288.0
215,300,ic,4,55.0,317.0,293.0,3.0,281.0,30.0,6.0,122.0,105.0,163.0,3293.0
215,300,ic,4,60.0,379.0,311.0,6.0,325.0,54.0,0.0,158.0,133.0,162.0,3241.0
215,300,ic,4,65.0,385.0,324.0,5.0,290.0,60.0,35.0,146.0,131.0,196.0,3158.0
215,300,ic,4,70.0,386.0,330.0,5.0,306.0,57.0,23.0,180.0,147.0,162.0,3195.0
215,300,ic,4,75.0,405.0,316.0,6.0,321.0,60.0,24.0,171.0,134.0,206.0,3218.0
215,300,ic,4,80.0,389.0,347.0,3.0,352.0,25.0,12.0,180.0,160.0,179.0,3235.0
215,300,ic,4,85.0,376.0,326.0,5.0,328.0,42.0,6.0,178.0,155.0,178.0,3283.0
215,300,ic,4,90.0,383.0,365.0,2.0,323.0,41.0,19.0,179.0,156.0,180.0,3304.0
215,300,ic,4,95.0,432.0,396.0,4.0,352.0,70.0,10.0,182.0,150.0,197.0,3356.0
215,300,ic,4,100.0,390.0,354.0,4.0,334.0,46.0,10.0,165.0,146.0,193.0,3251.0
215,300,ic,4,105.0,439.0,412.0,3.0,427.0,12.0,0.0,174.0,156.0,191.0,3228.0
215,300,ic,4,110.0,458.0,407.0,5.0,410.0,42.0,6.0,200.0,177.0,187.0,3250.0
215,300,ic,4,115.0,393.0,360.0,3.0,360.0,33.0,0.0,204.0,177.0,195.0,3263.0
215,300,ic,4,120.0,453.0,441.0,2.0,396.0,36.0,21.0,236.0,211.0,177.0,3243.0
215,300,ic,4,125.0,495.0,446.0,4.0,434.0,55.0,6.0,208.0,197.0,166.0,3384.0
215,300,ic,4,130.0,501.0,483.0,2.0,483.0,18.0,0.0,240.0,229.0,183.0,3302.0
215,300,ic,4,135.0,449.0,449.0,1.0,449.0,0.0,0.0,242.0,225.0,189.0,3293.0
215,300,ic,4,140.0,497.0,497.0,1.0,399.0,51.0,47.0,247.0,225.0,198.0,3271.0
215,300,ic,4,145.0,531.0,517.0,2.0,469.0,37.0,25.0,281.0,262.0,197.0,3472.0
215,300,ic,4,150.0,517.0,493.0,2.0,460.0,46.0,11.0,265.0,244.0,212.0,3374.0
215,300,ic,4,155.0,561.0,561.0,1.0,519.0,18.0,24.0,269.0,250.0,208.0,3334.0
215,300,ic,4,160.0,573.0,573.0,1.0,505.0,29.0,39.0,276.0,254.0,214.0,3427.0
215,300,ic,4,165.0,567.0,541.0,3.0,523.0,32.0,12.0,285.0,263.0,214.0,3423.0
215,300,ic,4,170.0,533.0,489.0,3.0,443.0,57.0,33.0,285.0,259.0,194.0,3402.0
215,300,ic,4,175.0,529.0,505.0,3.0,455.0,51.0,23.0,302.0,266.0,247.0,3398.0
215,300,ic,4,180.0,619.0,593.0,3.0,507.0,78.0,34.0,289.0,272.0,234.0,3443.0
215,300,ic,4,185.0,551.0,539.0,2.0,465.0,59.0,27.0,304.0,288.0,204.0,3403.0
215,300,ic,4,190.0,605.0,557.0,4.0,478.0,106.0,21.0,281.0,266.0,215.0,3395.0
215,300,ic,4,195.0,539.0,539.0,1.0,486.0,43.0,10.0,298.0,270.0,204.0,3354.0
215,300,ic,4,200.0,576.0,553.0,2.0,523.0,43.0,10.0,321.0,300.0,231.0,3376.0
215,300,ic,4,205.0,609.0,583.0,3.0,555.0,38.0,16.0,321.0,294.0,247.0,3530.0
215,300,ic,4,210.0,625.0,600.0,3.0,483.0,89.0,53.0,313.0,292.0,209.0,3670.0
215,300,ic,4,215.0,662.0,636.0,3.0,540.0,67.0,55.0,332.0,306.0,235.0,3431.0
215,300,ic,5,0.0,342.0,329.0,2.0,317.0,25.0,0.0,173.0,162.0,128.0,3111.0
215,300,ic,5,5.0,290.0,242.0,4.0,242.0,48.0,0.0,128.0,93.0,158.0,3186.0
215,300,ic,5,10.0,314.0,290.0,3.0,249.0,57.0,8.0,101.0,82.0,147.0,3117.0
215,300,ic,5,15.0,262.0,223.0,3.0,193.0,59.0,10.0,110.0,79.0,168.0,3062.0
215,300,ic,5,20.0,304.0,232.0,5.0,200.0,98.0,6.0,107.0,75.0,187.0,3122.0
215,300,ic,5,25.0,236.0,224.0,2.0,175.0,37.0,24.0,113.0,88.0,157.0,3105.0
215,300,ic,5,30.0,215.0,215.0,1.0,195.0,10.0,10.0,110.0,82.0,155.0,3177.0
215,300,ic,5,35.0,248.0,212.0,4.0,184.0,50.0,14.0,123.0,87.0,194.0,3130.0
215,300,ic,5,40.0,290.0,234.0,4.0,226.0,44.0,20.0,125.0,96.0,161.0,3087.0
215,300,ic,5,45.0,271.0,239.0,3.0,219.0,42.0,10.0,109.0,87.0,161.0,3239.0
215,300,ic,5,50.0,265.0,253.0,2.0,195.0,47.0,23.0,104.0,85.0,169.0,3155.0
215,300,ic,5,55.0,285.0,247.0,4.0,228.0,41.0,16.0,118.0,97.0,152.0,3164.0
215,300,ic,5,60.0,256.0,243.0,2.0,197.0,36.0,23.0,121.0,100.0,133.0,3184.0
215,300,ic,5,65.0,287.0,265.0,2.0,219.0,47.0,21.0,136.0,109.0,155.0,3173.0
215,300,ic,5,70.0,286.0,274.0,2.0,215.0,39.0,32.0,125.0,105.0,166.0,3219.0
215,300,ic,5,75.0,313.0,261.0,4.0,206.0,73.0,34.0,134.0,114.0,150.0,3122.0
215,300,ic,5,80.0,236.0,236.0,1.0,191.0,26.0,19.0,108.0,91.0,127.0,3090.0
215,300,ic,5,85.0,267.0,237.0,2.0,201.0,34.0,32.0,116.0,96.0,157.0,3225.0
215,300,ic,5,90.0,230.0,230.0,1.0,196.0,17.0,17.0,107.0,86.0,163.0,3156.0
215,300,ic,5,95.0,284.0,260.0,3.0,197.0,55.0,32.0,118.0,97.0,136.0,3145.0
215,300,ic,5,100.0,257.0,243.0,2.0,206.0,26.0,25.0,121.0,102.0,151.0,3169.0
215,300,ic,5,105.0,275.0,275.0,1.0,188.0,55.0,32.0,120.0,99.0,178.0,3149.0
215,300,ic,5,110.0,276.0,246.0,3.0,189.0,50.0,37.0,101.0,85.0,161.0,3197.0
215,300,ic,5,115.0,252.0,214.0,4.0,194.0,41.0,17.0,120.0,93.0,155.0,3194.0
215,300,ic,5,120.0,247.0,210.0,3.0,203.0,32.0,12.0,113.0,95.0,146.0,3250.0
215,300,ic,5,125.0,254.0,241.0,2.0,174.0,46.0,34.0,101.0,71.0,166.0,3141.0
215,300,ic,5,130.0,227.0,227.0,1.0,191.0,18.0,18.0,103.0,76.0,138.0,3140.0
215,300,ic,5,135.0,234.0,220.0,2.0,174.0,36.0,24.0,118.0,91.0,146.0,3155.0
215,300,ic,5,140.0,252.0,225.0,3.0,194.0,34.0,24.0,83.0,59.0,159.0,3131.0
215,300,ic,5,145.0,235.0,215.0,2.0,183.0,26.0,26.0,94.0,77.0,110.0,3060.0
215,300,ic,5,150.0,194.0,170.0,3.0,158.0,30.0,6.0,82.0,65.0,133.0,3093.0
215,300,ic,5,155.0,237.0,191.0,3.0,187.0,38.0,12.0,88.0,70.0,134.0,3140.0
215,300,ic,5,160.0,264.0,165.0,6.0,192.0,72.0,0.0,87.0,63.0,161.0,3226.0
215,300,ic,5,165.0,242.0,155.0,6.0,171.0,59.0,12.0,89.0,58.0,143.0,3116.0
215,300,ic,5,170.0,206.0,185.0,2.0,168.0,20.0,18.0,70.0,43.0,146.0,3161.0
215,300,ic,5,175.0,182.0,182.0,1.0,133.0,32.0,17.0,75.0,49.0,152.0,3101.0
215,300,ic,5,180.0,180.0,142.0,4.0,143.0,37.0,0.0,63.0,44.0,145.0,3012.0
215,300,ic,5,185.0,203.0,149.0,5.0,166.0,31.0,6.0,84.0,48.0,160.0,3164.0
215,300,ic,5,190.0,201.0,176.0,2.0,176.0,25.0,0.0,65.0,43.0,149.0,3103.0
215,300,ic,5,195.0,255.0,158.0,5.0,228.0,27.0,0.0,64.0,48.0,169.0,3126.0
215,300,ic,5,200.0,259.0,191.0,5.0,181.0,59.0,19.0,84.0,56.0,153.0,3119.0
215,300,ic,5,205.0,209.0,171.0,4.0,154.0,41.0,14.0,80.0,56.0,121.0,3143.0
215,300,ic,5,210.0,200.0,151.0,5.0,127.0,61.0,12.0,67.0,48.0,128.0,3139.0
215,300,ic,5,215.0,187.0,163.0,3.0,138.0,43.0,6.0,76.0,51.0,133.0,3119.0
215,300,ic,5,220.0,184.0,148.0,4.0,148.0,36.0,0.0,64.0,37.0,149.0,3166.0
215,300,ic,5,225.0,169.0,143.0,3.0,143.0,26.0,0.0,85.0,58.0,115.0,3189.0
215,300,ic,5,230.0,162.0,125.0,3.0,125.0,37.0,0.0,56.0,41.0,94.0,3022.0
215,300,ic,5,235.0,140.0,140.0,1.0,140.0,0.0,0.0,61.0,48.0,121.0,3004.0
215,300,ic,5,240.0,179.0,155.0,2.0,155.0,24.0,0.0,73.0,50.0,136.0,3203.0
215,300,ic,5,245.0,215.0,183.0,3.0,215.0,0.0,0.0,87.0,67.0,140.0,3121.0
215,300,ic,5,250.0,233.0,150.0,6.0,208.0,25.0,0.0,84.0,59.0,117.0,3063.0
215,300,ic,5,255.0,251.0,213.0,3.0,201.0,44.0,6.0,88.0,69.0,119.0,3139.0
215,300,ic,5,260.0,225.0,199.0,2.0,206.0,13.0,6.0,106.0,70.0,159.0,3113.0
215,300,ic,5,265.0,264.0,220.0,4.0,203.0,55.0,6.0,103.0,78.0,155.0,3246.0
215,300,ic,5,270.0,248.0,196.0,5.0,146.0,73.0,29.0,83.0,65.0,123.0,3076.0
215,300,ic,5,275.0,232.0,171.0,5.0,133.0,80.0,19.0,93.0,73.0,130.0,3161.0
215,300,ic,5,280.0,254.0,228.0,3.0,230.0,12.0,12.0,88.0,69.0,143.0,3197.0
215,300,ic,5,285.0,207.0,183.0,3.0,151.0,40.0,16.0,94.0,70.0,149.0,3098.0
215,300,ic,5,290.0,250.0,189.0,4.0,171.0,63.0,16.0,104.0,76.0,121.0,3131.0
215,300,ic,5,295.0,211.0,187.0,3.0,151.0,48.0,12.0,82.0,65.0,121.0,3223.0
215,300,ic,5,300.0,227.0,175.0,5.0,171.0,46.0,10.0,87.0,71.0,135.0,3172.0
215,300,ic,5,305.0,278.0,182.0,7.0,173.0,93.0,12.0,88.0,65.0,138.0,3235.0
215,300,ic,5,310.0,230.0,180.0,5.0,150.0,68.0,12.0,86.0,62.0,147.0,3222.0
215,300,ic,5,315.0,268.0,218.0,4.0,177.0,72.0,19.0,90.0,63.0,143.0,3094.0
215,300,ic,5,320.0,214.0,201.0,2.0,142.0,56.0,16.0,102.0,76.0,134.0,3185.0
215,300,ic,5,325.0,267.0,199.0,6.0,146.0,97.0,24.0,114.0,78.0,180.0,3177.0
215,300,ic,5,330.0,313.0,233.0,6.0,137.0,143.0,33.0,118.0,89.0,135.0,3144.0
215,300,ic,5,335.0,262.0,221.0,4.0,165.0,70.0,27.0,106.0,88.0,162.0,3157.0
215,300,ic,5,340.0,250.0,210.0,3.0,123.0,95.0,32.0,95.0,76.0,132.0,3082.0
215,300,ic,5,345.0,211.0,199.0,2.0,161.0,30.0,20.0,89.0,76.0,130.0,3030.0
215,300,ic,5,350.0,229.0,195.0,3.0,181.0,30.0,18.0,105.0,81.0,152.0,3190.0
215,300,ic,5,355.0,270.0,258.0,2.0,181.0,70.0,19.0,105.0,80.0,160.0,3241.0
215,300,ic,5,360.0,265.0,202.0,3.0,199.0,54.0,12.0,121.0,88.0,176.0,3156.0
215,300,ic,5,365.0,220.0,194.0,3.0,188.0,22.0,10.0,92.0,71.0,151.0,3255.0
215,300,ic,5,370.0,198.0,174.0,3.0,154.0,34.0,10.0,88.0,71.0,161.0,3203.0
215,300,ic,5,375.0,317.0,236.0,5.0,200.0,72.0,45.0,106.0,78.0,174.0,3171.0
215,300,ic,5,380.0,253.0,241.0,2.0,158.0,67.0,28.0,97.0,74.0,139.0,3136.0
215,300,ic,5,385.0,250.0,214.0,4.0,144.0,72.0,34.0,112.0,84.0,165.0,3126.0
215,300,ic,5,390.0,297.0,232.0,5.0,177.0,74.0,46.0,87.0,69.0,161.0,3167.0
215,300,ic,5,395.0,267.0,203.0,5.0,181.0,43.0,43.0,78.0,54.0,144.0,3167.0
215,300,ic,5,400.0,282.0,237.0,4.0,162.0,67.0,53.0,98.0,70.0,149.0,3109.0
215,300,ic,5,405.0,262.0,203.0,4.0,178.0,45.0,39.0,99.0,70.0,141.0,3230.0
215,300,ic,5,410.0,206.0,192.0,2.0,139.0,26.0,41.0,80.0,62.0,117.0,3072.0
215,300,ic,5,415.0,249.0,225.0,3.0,138.0,55.0,56.0,83.0,64.0,143.0,3139.0
215,300,ic,5,420.0,293.0,245.0,5.0,146.0,101.0,46.0,90.0,63.0,147.0,3021.0
215,300,ic,5,425.0,238.0,188.0,5.0,130.0,69.0,39.0,87.0,67.0,121.0,3252.0
215,300,ic,5,430.0,290.0,263.0,3.0,146.0,77.0,67.0,109.0,78.0,134.0,3157.0
215,300,ic,5,435.0,222.0,210.0,2.0,138.0,35.0,49.0,102.0,76.0,151.0,3063.0
215,300,ic,5,440.0,262.0,235.0,3.0,158.0,58.0,46.0,95.0,79.0,150.0,3119.0
215,300,ic,5,445.0,225.0,198.0,3.0,169.0,31.0,25.0,106.0,79.0,151.0,3183.0
215,300,ic,5,450.0,263.0,216.0,4.0,159.0,82.0,22.0,94.0,71.0,135.0,3129.0
215,300,ic,5,455.0,272.0,234.0,4.0,176.0,63.0,33.0,111.0,78.0,155.0,3199.0
215,300,ic,5,460.0,259.0,227.0,3.0,138.0,83.0,38.0,109.0,92.0,127.0,3124.0
215,300,ic,5,465.0,342.0,330.0,2.0,195.0,92.0,55.0,119.0,101.0,153.0,3142.0
215,300,ic,5,470.0,382.0,258.0,6.0,203.0,125.0,54.0,106.0,90.0,162.0,3207.0
215,300,ic,5,475.0,314.0,278.0,4.0,195.0,66.0,53.0,99.0,90.0,123.0,3125.0
215,300,ic,5,480.0,352.0,290.0,3.0,207.0,87.0,58.0,111.0,93.0,166.0,3244.0
215,300,ic,5,485.0,322.0,279.0,4.0,219.0,50.0,53.0,114.0,92.0,152.0,3179.0
215,300,ic,5,490.0,309.0,283.0,3.0,169.0,54.0,86.0,146.0,112.0,194.0,3165.0
215,300,ic,5,495.0,357.0,269.0,8.0,166.0,117.0,74.0,119.0,100.0,172.0,3311.0
215,300,ic,5,500.0,287.0,275.0,2.0,133.0,58.0,96.0,124.0,107.0,167.0,3235.0
215,300,ic,5,505.0,312.0,270.0,4.0,167.0,51.0,94.0,126.0,108.0,165.0,3212.0
215,300,ic,5,510.0,302.0,279.0,2.0,164.0,56.0,82.0,132.0,116.0,141.0,3345.0
215,300,ic,5,515.0,298.0,261.0,4.0,154.0,87.0,57.0,124.0,108.0,156.0,3259.0
215,300,ic,5,520.0,323.0,298.0,2.0,165.0,62.0,96.0,128.0,111.0,176.0,3028.0
215,300,ic,5,525.0,304.0,278.0,3.0,143.0,88.0,73.0,114.0,101.0,144.0,3202.0
215,300,ic,5,530.0,292.0,280.0,2.0,125.0,83.0,84.0,134.0,105.0,169.0,3170.0
215,300,ic,5,535.0,277.0,265.0,2.0,151.0,52.0,74.0,134.0,117.0,160.0,3211.0
215,300,ic,5,540.0,338.0,294.0,4.0,168.0,101.0,69.0,139.0,115.0,138.0,3243.0
215,300,ic,5,545.0,311.0,299.0,2.0,154.0,72.0,85.0,134.0,110.0,165.0,3200.0
215,300,ic,5,550.0,330.0,306.0,3.0,151.0,87.0,92.0,138.0,116.0,171.0,3283.0
215,300,ic,5,555.0,374.0,325.0,4.0,70.0,122.0,182.0,157.0,132.0,185.0,3287.0
215,300,ic,5,560.0,327.0,303.0,3.0,176.0,70.0,81.0,133.0,116.0,176.0,3253.0
215,300,ic,5,565.0,295.0,295.0,1.0,195.0,30.0,70.0,127.0,105.0,135.0,3197.0
215,300,ic,5,570.0,306.0,281.0,3.0,176.0,70.0,60.0,133.0,112.0,168.0,3310.0
215,300,ic,5,575.0,326.0,312.0,2.0,206.0,57.0,63.0,144.0,115.0,150.0,3197.0
215,300,ic,5,580.0,271.0,271.0,1.0,171.0,36.0,64.0,141.0,115.0,157.0,3175.0
215,300,ic,5,585.0,345.0,321.0,3.0,171.0,91.0,83.0,144.0,122.0,141.0,3121.0
215,300,ic,5,590.0,285.0,285.0,1.0,173.0,33.0,79.0,138.0,114.0,178.0,3223.0
215,300,ic,5,595.0,338.0,308.0,3.0,190.0,71.0,77.0,154.0,133.0,181.0,3203.0
215,300,ic,5,600.0,359.0,359.0,1.0,195.0,89.0,75.0,139.0,115.0,148.0,3158.0
215,300,ic,5,605.0,396.0,323.0,5.0,218.0,100.0,78.0,156.0,133.0,187.0,3277.0
215,300,ic,5,610.0,345.0,332.0,2.0,168.0,108.0,69.0,159.0,133.0,219.0,3135.0
215,300,ic,5,615.0,417.0,308.0,5.0,194.0,137.0,86.0,155.0,130.0,187.0,3273.0
215,300,ic,5,620.0,335.0,323.0,2.0,174.0,87.0,74.0,149.0,122.0,189.0,3201.0
215,300,ic,5,625.0,349.0,312.0,3.0,159.0,110.0,80.0,142.0,124.0,182.0,3154.0
215,300,ic,5,630.0,346.0,322.0,3.0,154.0,94.0,98.0,150.0,123.0,188.0,3320.0
215,300,ic,5,635.0,355.0,343.0,2.0,182.0,84.0,89.0,152.0,130.0,195.0,3282.0
215,300,ic,5,640.0,388.0,376.0,2.0,170.0,117.0,101.0,164.0,139.0,194.0,3392.0
215,300,ic,5,645.0,397.0,363.0,3.0,189.0,107.0,101.0,162.0,145.0,165.0,3284.0
215,300,ic,5,650.0,390.0,344.0,4.0,212.0,85.0,93.0,156.0,126.0,173.0,3222.0
215,300,ic,5,655.0,403.0,391.0,2.0,229.0,77.0,97.0,167.0,145.0,182.0,3202.0
215,300,ic,5,660.0,361.0,361.0,1.0,185.0,68.0,108.0,168.0,148.0,239.0,3192.0
215,300,ic,5,665.0,381.0,357.0,3.0,155.0,109.0,117.0,173.0,147.0,192.0,3321.0
215,300,ic,5,670.0,436.0,391.0,2.0,213.0,75.0,148.0,181.0,154.0,189.0,3236.0
215,300,ic,5,675.0,513.0,421.0,5.0,235.0,165.0,113.0,193.0,179.0,212.0,3366.0
215,300,ic,5,680.0,389.0,389.0,1.0,197.0,88.0,104.0,185.0,165.0,195.0,3292.0
215,300,ic,5,685.0,446.0,408.0,4.0,178.0,137.0,131.0,180.0,164.0,179.0,3338.0
215,300,ic,5,690.0,512.0,456.0,5.0,187.0,218.0,107.0,186.0,159.0,186.0,3301.0
215,300,ic,5,695.0,496.0,393.0,5.0,232.0,156.0,108.0,205.0,185.0,214.0,3359.0
215,300,ic,5,700.0,427.0,371.0,4.0,184.0,134.0,109.0,208.0,166.0,220.0,3381.0
215,300,ic,5,705.0,440.0,440.0,1.0,183.0,127.0,130.0,186.0,165.0,194.0,3269.0
215,300,ic,5,710.0,380.0,355.0,3.0,190.0,92.0,98.0,174.0,155.0,187.0,3241.0
215,300,ic,5,715.0,386.0,354.0,3.0,224.0,69.0,93.0,171.0,149.0,173.0,3253.0
215,300,ic,5,720.0,420.0,392.0,3.0,201.0,112.0,107.0,195.0,161.0,172.0,3231.0
215,300,ic,5,725.0,381.0,381.0,1.0,209.0,67.0,105.0,179.0,168.0,160.0,3277.0
215,300,ic,5,730.0,385.0,385.0,1.0,172.0,94.0,119.0,166.0,152.0,161.0,3258.0
215,300,ic,5,735.0,394.0,376.0,2.0,225.0,58.0,111.0,174.0,150.0,182.0,3239.0
215,300,ic,5,740.0,402.0,390.0,2.0,206.0,97.0,99.0,200.0,175.0,172.0,3230.0
215,300,ic,5,745.0,380.0,368.0,2.0,194.0,83.0,103.0,192.0,173.0,182.0,3290.0
215,300,ic,5,750.0,460.0,431.0,2.0,257.0,82.0,121.0,220.0,194.0,192.0,3479.0
215,300,ic,5,755.0,483.0,447.0,3.0,234.0,117.0,132.0,237.0,210.0,200.0,3285.0
215,300,ic,5,760.0,582.0,538.0,4.0,279.0,150.0,153.0,253.0,235.0,190.0,3427.0
215,300,ic,5,765.0,577.0,577.0,1.0,263.0,154.0,160.0,282.0,257.0,229.0,3587.0
215,300,ic,5,770.0,651.0,639.0,2.0,312.0,143.0,196.0,275.0,251.0,223.0,3537.0
215,300,ic,6,0.0,342.0,329.0,2.0,317.0,25.0,0.0,173.0,162.0,128.0,3111.0
215,300,ic,6,5.0,276.0,276.0,1.0,276.0,0.0,0.0,125.0,114.0,127.0,3123.0
215,300,ic,6,10.0,293.0,267.0,2.0,281.0,12.0,0.0,111.0,91.0,147.0,3267.0
215,300,ic,6,15.0,227.0,227.0,1.0,227.0,0.0,0.0,104.0,74.0,134.0,3127.0
215,300,ic,6,20.0,237.0,224.0,2.0,200.0,31.0,6.0,97.0,80.0,133.0,3205.0
215,300,ic,6,25.0,220.0,220.0,1.0,208.0,6.0,6.0,112.0,87.0,153.0,3232.0
215,300,ic,6,30.0,224.0,212.0,2.0,200.0,18.0,6.0,85.0,58.0,148.0,3155.0
215,300,ic,6,35.0,249.0,219.0,3.0,217.0,12.0,20.0,115.0,84.0,132.0,3066.0
215,300,ic,6,40.0,220.0,207.0,2.0,195.0,21.0,4.0,102.0,82.0,149.0,3157.0
215,300,ic,6,45.0,229.0,205.0,3.0,205.0,24.0,0.0,96.0,71.0,161.0,3188.0
215,300,ic,6,50.0,253.0,202.0,4.0,220.0,33.0,0.0,105.0,80.0,147.0,3198.0
215,300,ic,6,55.0,261.0,225.0,4.0,201.0,50.0,10.0,125.0,95.0,144.0,3201.0
215,300,ic,6,60.0,299.0,256.0,4.0,218.0,59.0,22.0,117.0,89.0,157.0,3181.0
215,300,ic,6,65.0,308.0,269.0,3.0,218.0,63.0,27.0,127.0,95.0,175.0,3197.0
215,300,ic,6,70.0,333.0,294.0,3.0,277.0,27.0,29.0,137.0,110.0,165.0,3387.0
215,300,ic,6,75.0,395.0,341.0,5.0,323.0,60.0,12.0,138.0,111.0,180.0,3152.0
215,300,ic,6,80.0,303.0,278.0,3.0,254.0,37.0,12.0,150.0,127.0,152.0,3263.0
215,300,ic,6,85.0,360.0,310.0,4.0,286.0,54.0,20.0,135.0,118.0,185.0,3295.0
215,300,ic,6,90.0,426.0,360.0,3.0,321.0,73.0,32.0,169.0,143.0,168.0,3353.0
215,300,ic,6,95.0,431.0,401.0,3.0,324.0,70.0,37.0,189.0,162.0,185.0,3306.0
215,300,ic,6,100.0,376.0,364.0,2.0,298.0,43.0,35.0,175.0,159.0,157.0,3373.0
215,300,ic,6,105.0,380.0,354.0,3.0,300.0,39.0,41.0,168.0,158.0,159.0,3157.0
215,300,ic,6,110.0,374.0,334.0,4.0,294.0,60.0,20.0,163.0,138.0,192.0,3277.0
215,300,ic,6,115.0,380.0,338.0,4.0,302.0,52.0,26.0,177.0,150.0,202.0,3237.0
215,300,ic,6,120.0,361.0,337.0,2.0,293.0,49.0,19.0,152.0,123.0,173.0,3205.0
215,300,ic,6,125.0,409.0,378.0,3.0,331.0,50.0,28.0,164.0,147.0,169.0,3243.0
215,300,ic,6,130.0,375.0,360.0,2.0,305.0,27.0,43.0,168.0,152.0,158.0,3325.0
215,300,ic,6,135.0,400.0,388.0,2.0,279.0,73.0,48.0,176.0,155.0,161.0,3295.0
215,300,ic,6,140.0,428.0,390.0,4.0,295.0,91.0,42.0,190.0,165.0,172.0,3296.0
215,300,ic,6,145.0,370.0,370.0,1.0,262.0,67.0,41.0,173.0,156.0,177.0,3314.0
215,300,ic,6,150.0,383.0,347.0,3.0,271.0,73.0,39.0,174.0,157.0,169.0,3251.0
215,300,ic,6,155.0,437.0,393.0,4.0,344.0,28.0,65.0,191.0,176.0,178.0,3233.0
215,300,ic,6,160.0,469.0,443.0,3.0,361.0,35.0,73.0,213.0,192.0,171.0,3299.0
215,300,ic,6,165.0,535.0,450.0,6.0,368.0,93.0,74.0,226.0,208.0,193.0,3282.0
215,300,ic,6,170.0,435.0,422.0,2.0,330.0,37.0,68.0,210.0,185.0,193.0,3248.0
215,300,ic,6,175.0,456.0,431.0,3.0,351.0,42.0,63.0,214.0,190.0,183.0,3286.0
215,300,ic,6,180.0,437.0,425.0,2.0,286.0,70.0,81.0,215.0,195.0,188.0,3339.0
215,300,ic,6,185.0,446.0,446.0,1.0,309.0,44.0,93.0,218.0,202.0,176.0,3296.0
215,300,ic,6,190.0,493.0,456.0,3.0,315.0,87.0,91.0,246.0,219.0,199.0,3231.0
215,300,ic,6,195.0,480.0,454.0,3.0,344.0,45.0,91.0,246.0,230.0,203.0,3343.0
215,300,ic,6,200.0,445.0,433.0,2.0,321.0,47.0,77.0,236.0,211.0,166.0,3333.0
215,300,ic,6,205.0,475.0,462.0,2.0,355.0,41.0,79.0,225.0,202.0,203.0,3396.0
215,300,ic,6,210.0,576.0,515.0,5.0,389.0,84.0,103.0,249.0,223.0,226.0,3425.0
215,300,ic,6,215.0,575.0,544.0,3.0,390.0,72.0,113.0,265.0,240.0,208.0,3278.0
215,300,ic,6,220.0,575.0,551.0,3.0,383.0,78.0,114.0,264.0,242.0,257.0,3381.0
215,300,ic,6,225.0,575.0,551.0,3.0,336.0,117.0,122.0,288.0,269.0,201.0,3362.0
215,300,ic,6,230.0,593.0,556.0,4.0,347.0,101.0,145.0,291.0,258.0,249.0,3408.0
215,300,ic,6,235.0,605.0,578.0,3.0,403.0,80.0,122.0,268.0,245.0,241.0,3456.0
215,300,ic,6,240.0,577.0,577.0,1.0,421.0,47.0,109.0,287.0,256.0,209.0,3470.0
215,300,ic,6,245.0,640.0,602.0,4.0,437.0,77.0,126.0,308.0,281.0,265.0,3544.0
215,300,ic,7,0.0,342.0,329.0,2.0,317.0,25.0,0.0,173.0,162.0,128.0,3111.0
215,300,ic,7,5.0,267.0,243.0,3.0,243.0,24.0,0.0,129.0,114.0,126.0,3288.0
215,300,ic,7,10.0,312.0,275.0,4.0,251.0,51.0,10.0,121.0,102.0,138.0,3091.0
215,300,ic,7,15.0,317.0,278.0,4.0,268.0,38.0,11.0,136.0,118.0,156.0,3151.0
215,300,ic,7,20.0,306.0,270.0,2.0,250.0,41.0,15.0,136.0,116.0,152.0,3221.0
215,300,ic,7,25.0,296.0,284.0,2.0,244.0,29.0,23.0,148.0,126.0,145.0,3210.0
215,300,ic,7,30.0,295.0,295.0,1.0,241.0,31.0,23.0,147.0,129.0,168.0,3313.0
215,300,ic,7,35.0,285.0,261.0,3.0,227.0,41.0,17.0,141.0,122.0,154.0,3136.0
215,300,ic,7,40.0,350.0,302.0,5.0,194.0,103.0,53.0,149.0,122.0,156.0,3106.0
215,300,ic,7,45.0,331.0,319.0,2.0,216.0,61.0,54.0,158.0,131.0,185.0,3200.0
215,300,ic,7,50.0,374.0,321.0,5.0,235.0,75.0,64.0,139.0,118.0,164.0,3180.0
215,300,ic,7,55.0,312.0,297.0,2.0,223.0,51.0,38.0,150.0,128.0,162.0,3218.0
215,300,ic,7,60.0,378.0,303.0,4.0,278.0,62.0,38.0,154.0,141.0,152.0,3223.0
215,300,ic,7,65.0,385.0,360.0,3.0,231.0,100.0,54.0,180.0,158.0,181.0,3411.0
215,300,ic,7,70.0,334.0,322.0,2.0,230.0,52.0,52.0,160.0,139.0,195.0,3306.0
215,300,ic,7,75.0,365.0,327.0,4.0,238.0,51.0,76.0,152.0,126.0,194.0,3227.0
215,300,ic,7,80.0,341.0,317.0,3.0,203.0,68.0,70.0,160.0,138.0,151.0,3246.0
215,300,ic,7,85.0,374.0,374.0,1.0,219.0,72.0,83.0,184.0,163.0,168.0,3308.0
215,300,ic,7,90.0,367.0,355.0,2.0,172.0,81.0,114.0,173.0,154.0,187.0,3378.0
215,300,ic,7,95.0,412.0,400.0,2.0,201.0,108.0,103.0,181.0,157.0,189.0,3429.0
215,300,ic,7,100.0,414.0,390.0,3.0,210.0,85.0,119.0,193.0,161.0,178.0,3309.0
215,300,ic,7,105.0,372.0,342.0,3.0,232.0,67.0,73.0,180.0,158.0,190.0,3317.0
215,300,ic,7,110.0,397.0,366.0,3.0,215.0,86.0,96.0,192.0,151.0,222.0,3299.0
215,300,ic,7,115.0,410.0,358.0,3.0,215.0,96.0,99.0,173.0,149.0,195.0,3167.0
215,300,ic,7,120.0,481.0,443.0,4.0,288.0,65.0,128.0,185.0,169.0,172.0,3411.0
215,300,ic,7,125.0,460.0,421.0,4.0,280.0,56.0,124.0,207.0,190.0,180.0,3307.0
215,300,ic,7,130.0,461.0,424.0,4.0,219.0,78.0,164.0,203.0,180.0,198.0,3445.0
215,300,ic,7,135.0,458.0,433.0,2.0,279.0,43.0,136.0,236.0,210.0,198.0,3364.0
215,300,ic,7,140.0,550.0,487.0,5.0,265.0,132.0,153.0,218.0,202.0,199.0,3413.0
215,300,ic,7,145.0,531.0,479.0,5.0,306.0,62.0,163.0,261.0,237.0,195.0,3402.0
215,300,ic,7,150.0,566.0,554.0,2.0,280.0,76.0,210.0,265.0,243.0,196.0,3547.0
215,300,ic,7,155.0,529.0,505.0,3.0,262.0,61.0,206.0,267.0,241.0,221.0,3481.0
215,300,ic,7,160.0,563.0,538.0,3.0,241.0,73.0,249.0,273.0,243.0,246.0,3387.0
215,300,ic,7,165.0,555.0,555.0,1.0,262.0,53.0,240.0,283.0,265.0,239.0,3509.0
215,300,ic,7,170.0,632.0,600.0,3.0,339.0,80.0,213.0,317.0,301.0,227.0,3368.0
215,300,ic,7,175.0,629.0,605.0,3.0,257.0,101.0,271.0,299.0,279.0,204.0,3503.0
215,300,ic,8,0.0,342.0,329.0,2.0,317.0,25.0,0.0,173.0,162.0,128.0,3111.0
215,300,ic,8,5.0,310.0,286.0,3.0,286.0,24.0,0.0,136.0,110.0,165.0,3194.0
215,300,ic,8,10.0,312.0,273.0,4.0,288.0,24.0,0.0,105.0,90.0,163.0,3173.0
215,300,ic,8,15.0,332.0,276.0,3.0,252.0,62.0,18.0,107.0,81.0,168.0,3043.0
215,300,ic,8,20.0,299.0,269.0,3.0,257.0,40.0,2.0,107.0,93.0,141.0,3260.0
215,300,ic,8,25.0,290.0,266.0,3.0,266.0,24.0,0.0,113.0,93.0,152.0,3293.0
215,300,ic,8,30.0,293.0,267.0,3.0,255.0,32.0,6.0,132.0,110.0,159.0,3308.0
215,300,ic,8,35.0,292.0,280.0,2.0,228.0,50.0,14.0,129.0,111.0,152.0,3179.0
215,300,ic,8,40.0,322.0,270.0,4.0,270.0,52.0,0.0,136.0,107.0,171.0,3193.0
215,300,ic,8,45.0,271.0,234.0,4.0,234.0,37.0,0.0,121.0,105.0,153.0,3220.0
215,300,ic,8,50.0,275.0,239.0,4.0,239.0,36.0,0.0,137.0,109.0,189.0,3199.0
215,300,ic,8,55.0,331.0,290.0,4.0,283.0,36.0,12.0,131.0,101.0,196.0,3291.0
215,300,ic,8,60.0,308.0,261.0,4.0,284.0,24.0,0.0,148.0,126.0,178.0,3111.0
215,300,ic,8,65.0,342.0,330.0,2.0,264.0,59.0,19.0,152.0,128.0,166.0,3277.0
215,300,ic,8,70.0,321.0,295.0,3.0,259.0,44.0,18.0,149.0,126.0,154.0,3234.0
215,300,ic,8,75.0,285.0,259.0,3.0,253.0,22.0,10.0,145.0,120.0,175.0,3205.0
215,300,ic,8,80.0,325.0,299.0,2.0,247.0,51.0,27.0,161.0,144.0,174.0,3245.0
215,300,ic,8,85.0,316.0,316.0,1.0,238.0,24.0,54.0,163.0,144.0,186.0,3208.0
215,300,ic,8,90.0,368.0,342.0,3.0,290.0,33.0,45.0,169.0,148.0,188.0,3219.0
215,300,ic,8,95.0,319.0,319.0,1.0,241.0,44.0,34.0,175.0,148.0,191.0,3271.0
215,300,ic,8,100.0,341.0,320.0,2.0,225.0,69.0,47.0,184.0,151.0,176.0,3221.0
215,300,ic,8,105.0,410.0,356.0,4.0,209.0,107.0,94.0,201.0,178.0,197.0,3190.0
215,300,ic,8,110.0,385.0,371.0,2.0,208.0,82.0,95.0,214.0,191.0,184.0,3237.0
215,300,ic,8,115.0,398.0,384.0,2.0,208.0,111.0,79.0,197.0,176.0,182.0,3343.0
215,300,ic,8,120.0,434.0,408.0,3.0,200.0,150.0,84.0,206.0,178.0,196.0,3304.0
215,300,ic,8,125.0,430.0,430.0,1.0,195.0,125.0,110.0,185.0,172.0,181.0,3351.0
215,300,ic,8,130.0,460.0,442.0,2.0,135.0,127.0,198.0,210.0,186.0,185.0,3261.0
215,300,ic,8,135.0,495.0,453.0,4.0,149.0,108.0,238.0,232.0,200.0,190.0,3428.0
215,300,ic,8,140.0,531.0,480.0,4.0,209.0,94.0,228.0,235.0,207.0,211.0,3342.0
215,300,ic,8,145.0,522.0,488.0,3.0,145.0,125.0,252.0,213.0,189.0,246.0,3291.0
215,300,ic,8,150.0,486.0,446.0,3.0,219.0,93.0,174.0,223.0,188.0,211.0,3374.0
215,300,ic,8,155.0,459.0,419.0,4.0,228.0,73.0,158.0,215.0,187.0,216.0,3270.0
215,300,ic,8,160.0,490.0,438.0,3.0,174.0,150.0,166.0,200.0,174.0,210.0,3313.0
215,300,ic,8,165.0,406.0,406.0,1.0,159.0,110.0,137.0,212.0,185.0,177.0,3334.0
215,300,ic,8,170.0,438.0,426.0,2.0,143.0,141.0,154.0,219.0,196.0,233.0,3322.0
215,300,ic,8,175.0,458.0,458.0,1.0,155.0,141.0,162.0,234.0,219.0,174.0,3306.0
215,300,ic,8,180.0,510.0,491.0,2.0,159.0,138.0,213.0,242.0,225.0,192.0,3297.0
215,300,ic,8,185.0,520.0,496.0,3.0,107.0,213.0,200.0,249.0,222.0,197.0,3347.0
215,300,ic,8,190.0,514.0,489.0,3.0,117.0,216.0,181.0,253.0,233.0,189.0,3413.0
215,300,ic,8,195.0,461.0,449.0,2.0,71.0,165.0,225.0,260.0,237.0,195.0,3374.0
215,300,ic,8,200.0,470.0,470.0,1.0,90.0,161.0,219.0,251.0,225.0,219.0,3274.0
215,300,ic,8,205.0,521.0,521.0,1.0,73.0,172.0,276.0,267.0,244.0,229.0,3307.0
215,300,ic,8,210.0,600.0,564.0,4.0,96.0,208.0,296.0,284.0,260.0,241.0,3430.0
215,300,ic,8,215.0,610.0,610.0,1.0,97.0,201.0,312.0,302.0,276.0,220.0,3508.0
215,300,ic,9,0.0,342.0,329.0,2.0,317.0,25.0,0.0,173.0,162.0,128.0,3111.0
215,300,ic,9,5.0,337.0,313.0,3.0,313.0,24.0,0.0,130.0,114.0,134.0,3249.0
215,300,ic,9,10.0,319.0,281.0,3.0,281.0,38.0,0.0,144.0,114.0,153.0,3212.0
215,300,ic,9,15.0,301.0,261.0,2.0,256.0,32.0,13.0,124.0,105.0,151.0,3189.0
215,300,ic,9,20.0,297.0,297.0,1.0,285.0,12.0,0.0,139.0,118.0,196.0,3217.0
215,300,ic,9,25.0,355.0,298.0,4.0,343.0,12.0,0.0,129.0,105.0,164.0,3237.0
215,300,ic,9,30.0,320.0,288.0,3.0,276.0,41.0,3.0,125.0,106.0,183.0,3258.0
215,300,ic,9,35.0,329.0,305.0,3.0,255.0,74.0,0.0,126.0,101.0,187.0,3285.0
215,300,ic,9,40.0,300.0,263.0,4.0,238.0,50.0,12.0,125.0,90.0,203.0,3177.0
215,300,ic,9,45.0,342.0,318.0,3.0,306.0,33.0,3.0,149.0,110.0,223.0,3302.0
215,300,ic,9,50.0,351.0,322.0,2.0,308.0,37.0,6.0,152.0,129.0,190.0,3160.0
215,300,ic,9,55.0,356.0,326.0,3.0,320.0,24.0,12.0,155.0,134.0,172.0,3089.0
215,300,ic,9,60.0,343.0,304.0,4.0,280.0,51.0,12.0,153.0,127.0,160.0,3238.0
215,300,ic,9,65.0,349.0,311.0,4.0,258.0,61.0,30.0,145.0,110.0,172.0,3240.0
215,300,ic,9,70.0,278.0,278.0,1.0,234.0,22.0,22.0,138.0,117.0,162.0,3220.0
215,300,ic,9,75.0,382.0,340.0,4.0,261.0,79.0,42.0,147.0,123.0,168.0,3186.0
215,300,ic,9,80.0,351.0,339.0,2.0,259.0,65.0,27.0,147.0,126.0,173.0,3341.0
215,300,ic,9,85.0,330.0,282.0,5.0,270.0,54.0,6.0,146.0,121.0,183.0,3142.0
215,300,ic,9,90.0,345.0,294.0,4.0,284.0,49.0,12.0,152.0,129.0,166.0,3288.0
215,300,ic,9,95.0,399.0,323.0,6.0,317.0,70.0,12.0,162.0,129.0,210.0,3251.0
215,300,ic,9,100.0,368.0,331.0,4.0,287.0,61.0,20.0,162.0,136.0,197.0,3203.0
215,300,ic,9,105.0,377.0,335.0,4.0,365.0,12.0,0.0,153.0,124.0,181.0,3171.0
215,300,ic,9,110.0,393.0,393.0,1.0,357.0,9.0,27.0,175.0,145.0,179.0,3342.0
215,300,ic,9,115.0,433.0,382.0,4.0,358.0,57.0,18.0,168.0,140.0,184.0,3285.0
215,300,ic,9,120.0,458.0,396.0,5.0,374.0,57.0,27.0,173.0,141.0,232.0,3241.0
215,300,ic,9,125.0,452.0,428.0,3.0,335.0,83.0,34.0,181.0,167.0,207.0,3280.0
215,300,ic,9,130.0,408.0,396.0,2.0,344.0,35.0,29.0,190.0,161.0,218.0,3403.0
215,300,ic,9,135.0,399.0,373.0,3.0,321.0,51.0,27.0,191.0,157.0,208.0,3316.0
215,300,ic,9,140.0,444.0,408.0,3.0,337.0,90.0,17.0,180.0,156.0,189.0,3382.0
215,300,ic,9,145.0,415.0,390.0,3.0,338.0,60.0,17.0,204.0,168.0,245.0,3299.0
215,300,ic,9,150.0,428.0,404.0,3.0,368.0,48.0,12.0,202.0,166.0,215.0,3283.0
215,300,ic,9,155.0,427.0,378.0,4.0,350.0,63.0,14.0,220.0,188.0,206.0,3368.0
215,300,ic,9,160.0,476.0,402.0,7.0,329.0,115.0,32.0,228.0,196.0,220.0,3430.0
215,300,ic,9,165.0,432.0,398.0,3.0,346.0,64.0,22.0,201.0,184.0,207.0,3290.0
215,300,ic,9,170.0,473.0,435.0,4.0,375.0,70.0,28.0,218.0,194.0,191.0,3298.0
215,300,ic,9,175.0,487.0,451.0,4.0,378.0,63.0,46.0,228.0,201.0,199.0,3328.0
215,300,ic,9,180.0,444.0,423.0,2.0,403.0,21.0,20.0,228.0,202.0,205.0,3292.0
215,300,ic,9,185.0,519.0,507.0,2.0,382.0,77.0,60.0,235.0,212.0,192.0,3333.0
215,300,ic,9,190.0,474.0,462.0,2.0,366.0,92.0,16.0,219.0,196.0,209.0,3400.0
215,300,ic,9,195.0,517.0,468.0,5.0,415.0,65.0,37.0,227.0,208.0,204.0,3373.0
215,300,ic,9,200.0,492.0,480.0,2.0,410.0,52.0,30.0,220.0,201.0,182.0,3328.0
215,300,ic,9,205.0,476.0,476.0,1.0,420.0,31.0,25.0,226.0,207.0,211.0,3349.0
215,300,ic,9,210.0,465.0,465.0,1.0,416.0,31.0,18.0,217.0,198.0,194.0,3327.0
215,300,ic,9,215.0,582.0,533.0,4.0,401.0,128.0,53.0,227.0,207.0,202.0,3286.0
215,300,ic,9,220.0,549.0,513.0,4.0,447.0,72.0,30.0,246.0,223.0,230.0,3326.0
215,300,ic,9,225.0,479.0,446.0,3.0,366.0,72.0,41.0,234.0,210.0,210.0,3421.0
215,300,ic,9,230.0,513.0,475.0,4.0,359.0,89.0,65.0,236.0,219.0,184.0,3356.0
215,300,ic,9,235.0,521.0,483.0,4.0,385.0,80.0,56.0,264.0,230.0,237.0,3449.0
215,300,ic,9,240.0,556.0,515.0,3.0,412.0,86.0,58.0,263.0,241.0,227.0,3255.0
215,300,ic,9,245.0,557.0,544.0,2.0,409.0,83.0,65.0,256.0,237.0,220.0,3395.0
215,300,ic,9,250.0,574.0,536.0,4.0,428.0,82.0,64.0,276.0,250.0,260.0,3371.0
215,300,ic,9,255.0,553.0,517.0,4.0,404.0,85.0,64.0,250.0,232.0,219.0,3410.0
215,300,ic,9,260.0,617.0,567.0,5.0,434.0,125.0,58.0,285.0,258.0,247.0,3384.0
215,300,ic,9,265.0,590.0,544.0,4.0,419.0,130.0,41.0,294.0,261.0,231.0,3421.0
215,300,ic,9,270.0,564.0,564.0,1.0,422.0,73.0,69.0,290.0,267.0,183.0,3386.0
215,300,ic,9,275.0,572.0,547.0,3.0,418.0,76.0,78.0,260.0,245.0,208.0,3349.0
215,300,ic,9,280.0,568.0,568.0,1.0,453.0,56.0,59.0,287.0,275.0,179.0,3454.0
215,300,ic,9,285.0,623.0,611.0,2.0,402.0,135.0,86.0,290.0,277.0,228.0,3500.0
215,450,ic,0,0.0,480.0,480.0,1.0,444.0,30.0,6.0,265.0,251.0,144.0,3177.0
215,450,ic,0,5.0,392.0,392.0,1.0,365.0,12.0,15.0,185.0,175.0,166.0,3259.0
215,450,ic,0,10.0,424.0,412.0,2.0,364.0,36.0,24.0,209.0,190.0,167.0,3259.0
215,450,ic,0,15.0,445.0,409.0,4.0,389.0,46.0,10.0,232.0,203.0,177.0,3276.0
215,450,ic,0,20.0,486.0,447.0,4.0,429.0,40.0,17.0,233.0,203.0,172.0,3291.0
215,450,ic,0,25.0,451.0,439.0,2.0,385.0,46.0,20.0,234.0,217.0,188.0,3231.0
215,450,ic,0,30.0,481.0,457.0,3.0,405.0,56.0,20.0,230.0,208.0,196.0,3410.0
215,450,ic,0,35.0,463.0,451.0,2.0,351.0,66.0,46.0,250.0,228.0,183.0,3381.0
215,450,ic,0,40.0,451.0,451.0,1.0,389.0,33.0,29.0,257.0,228.0,213.0,3404.0
215,450,ic,0,45.0,571.0,469.0,7.0,438.0,97.0,36.0,253.0,231.0,223.0,3374.0
215,450,ic,0,50.0,569.0,485.0,7.0,422.0,96.0,51.0,264.0,242.0,202.0,3316.0
215,450,ic,0,55.0,589.0,550.0,3.0,417.0,83.0,89.0,272.0,250.0,216.0,3467.0
215,450,ic,0,60.0,570.0,525.0,3.0,420.0,72.0,78.0,254.0,242.0,208.0,3400.0
215,450,ic,0,65.0,596.0,552.0,4.0,453.0,63.0,80.0,291.0,265.0,209.0,3405.0
215,450,ic,0,70.0,553.0,541.0,2.0,438.0,47.0,68.0,278.0,259.0,209.0,3576.0
215,450,ic,0,75.0,563.0,527.0,4.0,395.0,116.0,52.0,280.0,259.0,226.0,3466.0
215,450,ic,0,80.0,628.0,603.0,2.0,480.0,77.0,71.0,309.0,281.0,242.0,3504.0
215,450,ic,0,85.0,684.0,627.0,5.0,435.0,161.0,88.0,322.0,294.0,264.0,3497.0
215,450,ic,0,90.0,661.0,661.0,1.0,431.0,126.0,104.0,322.0,302.0,223.0,3408.0
215,450,ic,0,95.0,718.0,684.0,3.0,382.0,186.0,150.0,337.0,313.0,221.0,3489.0
215,450,ic,0,100.0,629.0,629.0,1.0,339.0,121.0,169.0,355.0,328.0,232.0,3450.0
215,450,ic,0,105.0,788.0,758.0,3.0,348.0,193.0,247.0,368.0,347.0,237.0,3542.0
215,450,ic,0,110.0,735.0,735.0,1.0,310.0,174.0,251.0,368.0,344.0,234.0,3557.0
215,450,ic,0,115.0,760.0,724.0,4.0,381.0,178.0,201.0,370.0,351.0,259.0,3501.0
215,450,ic,0,120.0,792.0,756.0,3.0,322.0,226.0,244.0,405.0,375.0,282.0,3585.0
215,450,ic,0,125.0,762.0,732.0,3.0,318.0,187.0,257.0,414.0,378.0,273.0,3568.0
215,450,ic,0,130.0,784.0,772.0,2.0,380.0,188.0,216.0,395.0,370.0,283.0,3614.0
215,450,ic,0,135.0,855.0,821.0,2.0,360.0,236.0,259.0,410.0,386.0,264.0,3675.0
215,450,ic,0,140.0,872.0,845.0,3.0,393.0,261.0,218.0,440.0,420.0,271.0,3690.0
215,450,ic,0,145.0,865.0,839.0,3.0,369.0,256.0,240.0,435.0,408.0,288.0,3679.0
215,450,ic,0,150.0,900.0,874.0,3.0,346.0,223.0,331.0,459.0,442.0,269.0,3750.0
215,450,ic,0,155.0,821.0,797.0,3.0,276.0,240.0,305.0,442.0,417.0,293.0,3672.0
215,450,ic,0,160.0,902.0,877.0,3.0,254.0,294.0,354.0,487.0,467.0,255.0,3650.0
215,450,ic,0,165.0,880.0,880.0,1.0,274.0,228.0,378.0,518.0,493.0,258.0,3589.0
215,450,ic,0,170.0,914.0,889.0,3.0,401.0,248.0,265.0,519.0,495.0,266.0,3674.0
215,450,ic,0,175.0,939.0,939.0,1.0,224.0,229.0,486.0,515.0,490.0,269.0,3744.0
215,450,ic,1,0.0,480.0,480.0,1.0,444.0,30.0,6.0,265.0,251.0,144.0,3177.0
215,450,ic,1,5.0,421.0,421.0,1.0,409.0,6.0,6.0,219.0,203.0,155.0,3235.0
215,450,ic,1,10.0,442.0,442.0,1.0,406.0,18.0,18.0,222.0,208.0,192.0,3302.0
215,450,ic,1,15.0,517.0,469.0,5.0,400.0,84.0,33.0,237.0,220.0,189.0,3202.0
215,450,ic,1,20.0,542.0,542.0,1.0,421.0,75.0,46.0,251.0,229.0,224.0,3332.0
215,450,ic,1,25.0,544.0,495.0,5.0,381.0,120.0,43.0,231.0,210.0,194.0,3309.0
215,450,ic,1,30.0,449.0,437.0,2.0,369.0,45.0,35.0,238.0,218.0,192.0,3283.0
215,450,ic,1,35.0,494.0,482.0,2.0,371.0,76.0,47.0,258.0,225.0,233.0,3407.0
215,450,ic,1,40.0,466.0,466.0,1.0,388.0,39.0,39.0,282.0,256.0,206.0,3509.0
215,450,ic,1,45.0,484.0,470.0,2.0,389.0,52.0,43.0,257.0,235.0,220.0,3395.0
215,450,ic,1,50.0,552.0,540.0,2.0,419.0,88.0,45.0,295.0,278.0,209.0,3480.0
215,450,ic,1,55.0,547.0,509.0,3.0,398.0,105.0,44.0,283.0,265.0,237.0,3425.0
215,450,ic,1,60.0,580.0,568.0,2.0,411.0,105.0,64.0,314.0,295.0,229.0,3387.0
215,450,ic,1,65.0,652.0,626.0,3.0,400.0,155.0,97.0,326.0,302.0,217.0,3490.0
215,450,ic,1,70.0,630.0,600.0,2.0,428.0,135.0,67.0,334.0,314.0,203.0,3398.0
215,450,ic,1,75.0,650.0,636.0,2.0,425.0,109.0,116.0,342.0,320.0,222.0,3502.0
215,450,ic,1,80.0,617.0,579.0,4.0,425.0,102.0,90.0,339.0,321.0,219.0,3568.0
215,450,ic,1,85.0,680.0,656.0,3.0,445.0,145.0,90.0,348.0,325.0,244.0,3380.0
215,450,ic,1,90.0,602.0,602.0,1.0,436.0,82.0,84.0,353.0,334.0,198.0,3496.0
215,450,ic,1,95.0,747.0,734.0,2.0,469.0,106.0,172.0,361.0,350.0,236.0,3515.0
215,450,ic,1,100.0,774.0,740.0,2.0,521.0,106.0,147.0,406.0,385.0,238.0,3512.0
215,450,ic,1,105.0,755.0,742.0,2.0,480.0,148.0,127.0,390.0,368.0,245.0,3552.0
215,450,ic,1,110.0,782.0,767.0,2.0,556.0,89.0,137.0,425.0,399.0,256.0,3514.0
215,450,ic,1,115.0,805.0,767.0,3.0,534.0,166.0,105.0,407.0,382.0,275.0,3708.0
215,450,ic,1,120.0,754.0,742.0,2.0,576.0,105.0,73.0,432.0,411.0,255.0,3564.0
215,450,ic,1,125.0,814.0,761.0,4.0,602.0,128.0,84.0,449.0,423.0,258.0,3692.0
215,450,ic,1,130.0,789.0,789.0,1.0,622.0,91.0,76.0,458.0,432.0,260.0,3679.0
215,450,ic,1,135.0,795.0,795.0,1.0,597.0,99.0,99.0,466.0,441.0,278.0,3703.0
215,450,ic,1,140.0,885.0,833.0,4.0,626.0,114.0,145.0,487.0,470.0,270.0,3582.0
215,450,ic,1,145.0,884.0,848.0,4.0,635.0,114.0,135.0,496.0,471.0,264.0,3693.0
215,450,ic,1,150.0,896.0,896.0,1.0,676.0,74.0,146.0,491.0,465.0,281.0,3632.0
215,450,ic,1,155.0,880.0,880.0,1.0,695.0,36.0,149.0,492.0,472.0,266.0,3701.0
215,450,ic,1,160.0,875.0,838.0,3.0,690.0,57.0,128.0,514.0,486.0,261.0,3591.0
215,450,ic,1,165.0,932.0,920.0,2.0,735.0,47.0,150.0,506.0,487.0,268.0,3639.0
215,450,ic,10,0.0,480.0,480.0,1.0,444.0,30.0,6.0,265.0,251.0,144.0,3177.0
215,450,ic,10,5.0,402.0,402.0,1.0,390.0,6.0,6.0,187.0,169.0,157.0,3212.0
215,450,ic,10,10.0,443.0,395.0,3.0,407.0,30.0,6.0,203.0,186.0,196.0,3231.0
215,450,ic,10,15.0,465.0,415.0,5.0,405.0,48.0,12.0,224.0,199.0,173.0,3235.0
215,450,ic,10,20.0,459.0,435.0,2.0,423.0,30.0,6.0,211.0,187.0,202.0,3409.0
215,450,ic,10,25.0,485.0,449.0,2.0,411.0,67.0,7.0,221.0,205.0,180.0,3280.0
215,450,ic,10,30.0,458.0,423.0,2.0,387.0,58.0,13.0,227.0,208.0,165.0,3332.0
215,450,ic,10,35.0,440.0,428.0,2.0,391.0,36.0,13.0,221.0,210.0,192.0,3353.0
215,450,ic,10,40.0,491.0,428.0,5.0,402.0,70.0,19.0,219.0,199.0,216.0,3344.0
215,450,ic,10,45.0,516.0,480.0,4.0,412.0,73.0,31.0,249.0,230.0,196.0,3302.0
215,450,ic,10,50.0,570.0,545.0,3.0,451.0,83.0,36.0,276.0,247.0,243.0,3425.0
215,450,ic,10,55.0,593.0,526.0,4.0,490.0,62.0,41.0,283.0,255.0,240.0,3415.0
215,450,ic,10,60.0,640.0,616.0,3.0,461.0,76.0,103.0,300.0,272.0,225.0,3440.0
215,450,ic,10,65.0,578.0,557.0,2.0,425.0,75.0,78.0,313.0,292.0,224.0,3423.0
215,450,ic,10,70.0,585.0,573.0,2.0,433.0,82.0,70.0,295.0,282.0,193.0,3331.0
215,450,ic,10,75.0,579.0,567.0,2.0,425.0,80.0,74.0,295.0,281.0,200.0,3518.0
215,450,ic,10,80.0,611.0,611.0,1.0,432.0,68.0,111.0,304.0,282.0,224.0,3485.0
215,450,ic,10,85.0,712.0,674.0,3.0,509.0,78.0,125.0,331.0,306.0,245.0,3495.0
215,450,ic,10,90.0,712.0,674.0,3.0,485.0,103.0,124.0,352.0,332.0,265.0,3533.0
215,450,ic,10,95.0,671.0,647.0,3.0,441.0,97.0,133.0,353.0,334.0,231.0,3372.0
215,450,ic,10,100.0,668.0,668.0,1.0,402.0,93.0,173.0,368.0,345.0,222.0,3441.0
215,450,ic,10,105.0,718.0,718.0,1.0,466.0,78.0,174.0,366.0,349.0,231.0,3556.0
215,450,ic,10,110.0,686.0,674.0,2.0,478.0,72.0,136.0,363.0,348.0,239.0,3428.0
215,450,ic,10,115.0,727.0,691.0,3.0,508.0,80.0,139.0,376.0,354.0,207.0,3584.0
215,450,ic,10,120.0,749.0,749.0,1.0,538.0,61.0,150.0,400.0,376.0,255.0,3449.0
215,450,ic,10,125.0,837.0,781.0,4.0,573.0,105.0,159.0,440.0,423.0,285.0,3607.0
215,450,ic,10,130.0,847.0,835.0,2.0,591.0,86.0,170.0,440.0,422.0,272.0,3672.0
215,450,ic,10,135.0,900.0,900.0,1.0,622.0,99.0,179.0,453.0,430.0,292.0,3673.0
215,450,ic,10,140.0,944.0,932.0,2.0,647.0,107.0,190.0,489.0,471.0,269.0,3773.0
215,450,ic,11,0.0,480.0,480.0,1.0,444.0,30.0,6.0,265.0,251.0,144.0,3177.0
215,450,ic,11,5.0,413.0,384.0,3.0,389.0,19.0,5.0,197.0,177.0,158.0,3285.0
215,450,ic,11,10.0,423.0,411.0,2.0,387.0,30.0,6.0,216.0,197.0,167.0,3288.0
215,450,ic,11,15.0,393.0,393.0,1.0,393.0,0.0,0.0,209.0,198.0,166.0,3263.0
215,450,ic,11,20.0,433.0,433.0,1.0,409.0,12.0,12.0,218.0,202.0,165.0,3255.0
215,450,ic,11,25.0,432.0,418.0,2.0,409.0,17.0,6.0,223.0,203.0,165.0,3319.0
215,450,ic,11,30.0,437.0,437.0,1.0,425.0,9.0,3.0,225.0,205.0,173.0,3201.0
215,450,ic,11,35.0,507.0,507.0,1.0,447.0,34.0,26.0,229.0,215.0,185.0,3316.0
215,450,ic,11,40.0,454.0,416.0,4.0,418.0,30.0,6.0,233.0,210.0,194.0,3397.0
215,450,ic,11,45.0,510.0,472.0,3.0,441.0,47.0,22.0,239.0,222.0,207.0,3414.0
215,450,ic,11,50.0,491.0,491.0,1.0,372.0,61.0,58.0,268.0,244.0,189.0,3264.0
215,450,ic,11,55.0,526.0,496.0,3.0,385.0,76.0,65.0,237.0,220.0,218.0,3336.0
215,450,ic,11,60.0,549.0,497.0,4.0,417.0,91.0,41.0,291.0,268.0,214.0,3466.0
215,450,ic,11,65.0,580.0,541.0,4.0,420.0,109.0,51.0,290.0,267.0,201.0,3395.0
215,450,ic,11,70.0,557.0,533.0,3.0,409.0,98.0,50.0,281.0,261.0,210.0,3353.0
215,450,ic,11,75.0,554.0,541.0,2.0,398.0,91.0,65.0,294.0,273.0,188.0,3467.0
215,450,ic,11,80.0,570.0,516.0,4.0,413.0,111.0,46.0,285.0,258.0,221.0,3460.0
215,450,ic,11,85.0,645.0,541.0,4.0,473.0,110.0,62.0,308.0,276.0,231.0,3443.0
215,450,ic,11,90.0,634.0,551.0,4.0,491.0,91.0,52.0,314.0,283.0,240.0,3502.0
215,450,ic,11,95.0,662.0,608.0,4.0,480.0,116.0,66.0,338.0,307.0,247.0,3369.0
215,450,ic,11,100.0,626.0,600.0,3.0,424.0,116.0,86.0,328.0,298.0,245.0,3444.0
215,450,ic,11,105.0,696.0,652.0,4.0,466.0,139.0,91.0,331.0,307.0,212.0,3465.0
215,450,ic,11,110.0,685.0,650.0,3.0,468.0,139.0,78.0,349.0,322.0,234.0,3471.0
215,450,ic,11,115.0,736.0,694.0,4.0,452.0,188.0,96.0,349.0,333.0,224.0,3482.0
215,450,ic,11,120.0,681.0,649.0,2.0,436.0,148.0,97.0,365.0,342.0,232.0,3443.0
215,450,ic,11,125.0,719.0,693.0,3.0,485.0,141.0,93.0,361.0,335.0,240.0,3556.0
215,450,ic,11,130.0,756.0,708.0,3.0,497.0,117.0,142.0,409.0,374.0,274.0,3566.0
215,450,ic,11,135.0,761.0,724.0,3.0,466.0,151.0,144.0,421.0,398.0,263.0,3681.0
215,450,ic,11,140.0,886.0,824.0,6.0,513.0,173.0,200.0,449.0,420.0,302.0,3668.0
215,450,ic,11,145.0,798.0,786.0,2.0,487.0,138.0,173.0,467.0,452.0,270.0,3611.0
215,450,ic,11,150.0,846.0,846.0,1.0,531.0,95.0,220.0,485.0,466.0,241.0,3700.0
215,450,ic,11,155.0,912.0,898.0,2.0,566.0,115.0,231.0,498.0,474.0,282.0,3644.0
215,450,ic,11,160.0,931.0,894.0,4.0,470.0,166.0,295.0,503.0,485.0,292.0,3597.0
215,450,ic,11,165.0,998.0,985.0,2.0,516.0,213.0,269.0,539.0,512.0,273.0,3724.0
215,450,ic,2,0.0,480.0,480.0,1.0,444.0,30.0,6.0,265.0,251.0,144.0,3177.0
215,450,ic,2,5.0,475.0,449.0,3.0,439.0,24.0,12.0,207.0,185.0,198.0,3253.0
215,450,ic,2,10.0,499.0,473.0,3.0,438.0,55.0,6.0,202.0,177.0,183.0,3244.0
215,450,ic,2,15.0,430.0,418.0,2.0,406.0,18.0,6.0,219.0,187.0,192.0,3235.0
215,450,ic,2,20.0,458.0,458.0,1.0,402.0,38.0,18.0,234.0,211.0,193.0,3237.0
215,450,ic,2,25.0,483.0,457.0,3.0,413.0,45.0,25.0,240.0,217.0,247.0,3269.0
215,450,ic,2,30.0,622.0,556.0,6.0,492.0,95.0,35.0,258.0,242.0,196.0,3425.0
215,450,ic,2,35.0,553.0,540.0,2.0,478.0,51.0,24.0,278.0,252.0,207.0,3328.0
215,450,ic,2,40.0,550.0,538.0,2.0,484.0,49.0,17.0,270.0,249.0,179.0,3380.0
215,450,ic,2,45.0,538.0,501.0,3.0,427.0,66.0,45.0,266.0,255.0,190.0,3334.0
215,450,ic,2,50.0,543.0,528.0,2.0,485.0,11.0,47.0,253.0,236.0,205.0,3377.0
215,450,ic,2,55.0,518.0,506.0,2.0,466.0,19.0,33.0,278.0,260.0,210.0,3414.0
215,450,ic,2,60.0,547.0,547.0,1.0,457.0,46.0,44.0,292.0,275.0,195.0,3293.0
215,450,ic,2,65.0,562.0,537.0,3.0,453.0,76.0,33.0,298.0,273.0,187.0,3383.0
215,450,ic,2,70.0,607.0,593.0,2.0,474.0,72.0,61.0,312.0,286.0,212.0,3473.0
215,450,ic,2,75.0,627.0,627.0,1.0,493.0,59.0,75.0,317.0,289.0,232.0,3395.0
215,450,ic,2,80.0,639.0,627.0,2.0,455.0,87.0,97.0,336.0,324.0,204.0,3530.0
215,450,ic,2,85.0,621.0,607.0,2.0,536.0,14.0,71.0,323.0,306.0,242.0,3393.0
215,450,ic,2,90.0,675.0,620.0,4.0,497.0,90.0,88.0,340.0,311.0,250.0,3519.0
215,450,ic,2,95.0,698.0,698.0,1.0,486.0,86.0,126.0,332.0,315.0,239.0,3584.0
215,450,ic,2,100.0,700.0,624.0,6.0,513.0,87.0,100.0,331.0,307.0,239.0,3474.0
215,450,ic,2,105.0,678.0,645.0,3.0,502.0,55.0,121.0,358.0,335.0,231.0,3370.0
215,450,ic,2,110.0,670.0,670.0,1.0,477.0,68.0,125.0,343.0,323.0,217.0,3507.0
215,450,ic,2,115.0,717.0,692.0,2.0,550.0,60.0,107.0,347.0,320.0,224.0,3397.0
215,450,ic,2,120.0,743.0,728.0,2.0,550.0,41.0,152.0,365.0,338.0,244.0,3491.0
215,450,ic,2,125.0,656.0,644.0,2.0,515.0,31.0,110.0,348.0,327.0,208.0,3436.0
215,450,ic,2,130.0,762.0,762.0,1.0,525.0,80.0,157.0,375.0,353.0,240.0,3454.0
215,450,ic,2,135.0,822.0,757.0,4.0,524.0,122.0,176.0,391.0,361.0,260.0,3493.0
215,450,ic,2,140.0,746.0,732.0,2.0,527.0,57.0,162.0,373.0,358.0,221.0,3496.0
215,450,ic,2,145.0,716.0,704.0,2.0,502.0,59.0,155.0,372.0,349.0,250.0,3507.0
215,450,ic,2,150.0,734.0,734.0,1.0,538.0,44.0,152.0,396.0,380.0,238.0,3672.0
215,450,ic,2,155.0,749.0,749.0,1.0,539.0,64.0,146.0,376.0,358.0,233.0,3551.0
215,450,ic,2,160.0,782.0,758.0,3.0,563.0,73.0,146.0,403.0,382.0,242.0,3585.0
215,450,ic,2,165.0,757.0,757.0,1.0,508.0,77.0,172.0,394.0,375.0,260.0,3617.0
215,450,ic,2,170.0,823.0,811.0,2.0,536.0,98.0,189.0,421.0,404.0,247.0,3641.0
215,450,ic,2,175.0,902.0,819.0,4.0,602.0,106.0,194.0,430.0,403.0,272.0,3720.0
215,450,ic,2,180.0,864.0,864.0,1.0,585.0,87.0,192.0,454.0,431.0,267.0,3731.0
215,450,ic,2,185.0,873.0,873.0,1.0,593.0,72.0,208.0,463.0,436.0,295.0,3608.0
215,450,ic,2,190.0,857.0,843.0,2.0,569.0,96.0,192.0,482.0,448.0,290.0,3618.0
215,450,ic,2,195.0,946.0,909.0,4.0,590.0,119.0,237.0,499.0,475.0,262.0,3682.0
215,450,ic,3,0.0,480.0,480.0,1.0,444.0,30.0,6.0,265.0,251.0,144.0,3177.0
215,450,ic,3,5.0,471.0,459.0,2.0,423.0,30.0,18.0,235.0,209.0,153.0,3223.0
215,450,ic,3,10.0,526.0,451.0,5.0,453.0,67.0,6.0,246.0,231.0,191.0,3348.0
215,450,ic,3,15.0,490.0,478.0,2.0,422.0,39.0,29.0,253.0,240.0,164.0,3282.0
215,450,ic,3,20.0,569.0,504.0,4.0,472.0,71.0,26.0,283.0,256.0,201.0,3391.0
215,450,ic,3,25.0,597.0,553.0,3.0,462.0,92.0,43.0,284.0,268.0,190.0,3368.0
215,450,ic,3,30.0,540.0,540.0,1.0,432.0,71.0,37.0,288.0,264.0,217.0,3234.0
215,450,ic,3,35.0,600.0,563.0,3.0,479.0,64.0,57.0,298.0,279.0,194.0,3441.0
215,450,ic,3,40.0,606.0,594.0,2.0,473.0,52.0,81.0,338.0,307.0,214.0,3563.0
215,450,ic,3,45.0,564.0,564.0,1.0,428.0,56.0,80.0,351.0,328.0,243.0,3507.0
215,450,ic,3,50.0,716.0,675.0,3.0,460.0,126.0,130.0,364.0,341.0,199.0,3546.0
215,450,ic,3,55.0,687.0,661.0,3.0,406.0,157.0,124.0,370.0,347.0,220.0,3535.0
215,450,ic,3,60.0,689.0,663.0,3.0,427.0,149.0,113.0,378.0,356.0,224.0,3512.0
215,450,ic,3,65.0,664.0,652.0,2.0,422.0,116.0,126.0,366.0,342.0,243.0,3530.0
215,450,ic,3,70.0,749.0,700.0,4.0,429.0,184.0,136.0,369.0,343.0,223.0,3499.0
215,450,ic,3,75.0,762.0,714.0,5.0,501.0,138.0,123.0,360.0,342.0,229.0,3510.0
215,450,ic,3,80.0,713.0,699.0,2.0,486.0,92.0,135.0,391.0,369.0,269.0,3543.0
215,450,ic,3,85.0,729.0,704.0,3.0,485.0,128.0,116.0,365.0,351.0,216.0,3550.0
215,450,ic,3,90.0,828.0,790.0,4.0,493.0,193.0,142.0,413.0,389.0,245.0,3606.0
215,450,ic,3,95.0,814.0,776.0,3.0,454.0,202.0,158.0,428.0,402.0,254.0,3657.0
215,450,ic,3,100.0,813.0,769.0,4.0,409.0,212.0,192.0,407.0,386.0,231.0,3648.0
215,450,ic,3,105.0,786.0,786.0,1.0,484.0,142.0,160.0,416.0,390.0,227.0,3637.0
215,450,ic,3,110.0,789.0,775.0,2.0,517.0,114.0,158.0,416.0,398.0,263.0,3538.0
215,450,ic,3,115.0,885.0,873.0,2.0,489.0,170.0,226.0,459.0,431.0,243.0,3535.0
215,450,ic,3,120.0,939.0,939.0,1.0,369.0,247.0,323.0,504.0,475.0,265.0,3712.0
215,450,ic,4,0.0,480.0,480.0,1.0,444.0,30.0,6.0,265.0,251.0,144.0,3177.0
215,450,ic,4,5.0,391.0,377.0,2.0,378.0,7.0,6.0,192.0,177.0,159.0,3279.0
215,450,ic,4,10.0,415.0,381.0,2.0,369.0,40.0,6.0,212.0,194.0,184.0,3324.0
215,450,ic,4,15.0,497.0,458.0,4.0,416.0,75.0,6.0,209.0,189.0,202.0,3295.0
215,450,ic,4,20.0,492.0,492.0,1.0,456.0,21.0,15.0,240.0,223.0,174.0,3295.0
215,450,ic,4,25.0,483.0,451.0,3.0,471.0,10.0,2.0,217.0,201.0,189.0,3289.0
215,450,ic,4,30.0,515.0,471.0,4.0,451.0,54.0,10.0,250.0,227.0,204.0,3272.0
215,450,ic,4,35.0,501.0,501.0,1.0,428.0,50.0,23.0,236.0,213.0,202.0,3403.0
215,450,ic,4,40.0,615.0,587.0,3.0,480.0,86.0,49.0,258.0,242.0,238.0,3418.0
215,450,ic,4,45.0,562.0,526.0,4.0,482.0,61.0,19.0,253.0,234.0,234.0,3358.0
215,450,ic,4,50.0,548.0,505.0,3.0,457.0,61.0,30.0,267.0,243.0,246.0,3321.0
215,450,ic,4,55.0,607.0,593.0,2.0,497.0,74.0,36.0,288.0,263.0,263.0,3475.0
215,450,ic,4,60.0,636.0,605.0,3.0,498.0,97.0,41.0,292.0,264.0,233.0,3379.0
215,450,ic,4,65.0,600.0,600.0,1.0,503.0,36.0,61.0,310.0,285.0,224.0,3322.0
215,450,ic,4,70.0,562.0,562.0,1.0,454.0,53.0,55.0,293.0,270.0,226.0,3410.0
215,450,ic,4,75.0,591.0,564.0,3.0,457.0,74.0,60.0,288.0,271.0,221.0,3339.0
215,450,ic,4,80.0,572.0,554.0,2.0,472.0,50.0,50.0,324.0,297.0,196.0,3504.0
215,450,ic,4,85.0,685.0,609.0,4.0,571.0,73.0,41.0,292.0,274.0,244.0,3448.0
215,450,ic,4,90.0,605.0,593.0,2.0,503.0,56.0,46.0,318.0,293.0,240.0,3475.0
215,450,ic,4,95.0,751.0,637.0,8.0,561.0,136.0,54.0,335.0,303.0,272.0,3687.0
215,450,ic,4,100.0,655.0,631.0,3.0,530.0,77.0,48.0,326.0,306.0,222.0,3635.0
215,450,ic,4,105.0,690.0,666.0,3.0,518.0,105.0,67.0,345.0,321.0,216.0,3415.0
215,450,ic,4,110.0,696.0,682.0,2.0,483.0,91.0,122.0,364.0,327.0,263.0,3439.0
215,450,ic,4,115.0,667.0,653.0,2.0,532.0,68.0,67.0,359.0,335.0,274.0,3617.0
215,450,ic,4,120.0,675.0,675.0,1.0,501.0,78.0,96.0,361.0,335.0,253.0,3544.0
215,450,ic,4,125.0,723.0,709.0,2.0,539.0,103.0,81.0,350.0,329.0,256.0,3465.0
215,450,ic,4,130.0,724.0,698.0,3.0,560.0,78.0,86.0,369.0,355.0,242.0,3505.0
215,450,ic,4,135.0,742.0,742.0,1.0,550.0,98.0,94.0,381.0,358.0,244.0,3600.0
215,450,ic,4,140.0,719.0,719.0,1.0,591.0,76.0,52.0,376.0,352.0,261.0,3557.0
215,450,ic,4,145.0,736.0,712.0,3.0,551.0,119.0,66.0,390.0,372.0,214.0,3501.0
215,450,ic,4,150.0,766.0,766.0,1.0,575.0,83.0,108.0,410.0,393.0,268.0,3576.0
215,450,ic,4,155.0,740.0,740.0,1.0,534.0,79.0,127.0,425.0,396.0,271.0,3681.0
215,450,ic,4,160.0,781.0,766.0,2.0,540.0,143.0,98.0,419.0,401.0,263.0,3650.0
215,450,ic,4,165.0,847.0,835.0,2.0,582.0,150.0,115.0,433.0,405.0,254.0,3644.0
215,450,ic,4,170.0,851.0,851.0,1.0,519.0,161.0,171.0,438.0,416.0,264.0,3667.0
215,450,ic,4,175.0,825.0,813.0,2.0,512.0,177.0,136.0,447.0,423.0,266.0,3638.0
215,450,ic,4,180.0,786.0,760.0,3.0,541.0,136.0,109.0,435.0,401.0,271.0,3647.0
215,450,ic,4,185.0,811.0,811.0,1.0,500.0,171.0,140.0,450.0,431.0,273.0,3653.0
215,450,ic,4,190.0,800.0,788.0,2.0,515.0,158.0,127.0,439.0,408.0,277.0,3625.0
215,450,ic,4,195.0,825.0,825.0,1.0,518.0,144.0,163.0,434.0,400.0,278.0,3584.0
215,450,ic,4,200.0,839.0,805.0,3.0,554.0,168.0,117.0,450.0,423.0,276.0,3471.0
215,450,ic,4,205.0,918.0,906.0,2.0,558.0,172.0,188.0,484.0,452.0,303.0,3668.0
215,450,ic,5,0.0,480.0,480.0,1.0,444.0,30.0,6.0,265.0,251.0,144.0,3177.0
215,450,ic,5,5.0,392.0,392.0,1.0,380.0,6.0,6.0,200.0,174.0,174.0,3235.0
215,450,ic,5,10.0,405.0,369.0,4.0,369.0,36.0,0.0,197.0,172.0,183.0,3199.0
215,450,ic,5,15.0,427.0,415.0,2.0,403.0,20.0,4.0,199.0,178.0,174.0,3324.0
215,450,ic,5,20.0,393.0,355.0,4.0,369.0,24.0,0.0,197.0,171.0,211.0,3310.0
215,450,ic,5,25.0,430.0,382.0,5.0,370.0,54.0,6.0,221.0,188.0,188.0,3257.0
215,450,ic,5,30.0,485.0,467.0,2.0,394.0,75.0,16.0,227.0,207.0,205.0,3263.0
215,450,ic,5,35.0,515.0,472.0,4.0,459.0,40.0,16.0,257.0,223.0,212.0,3406.0
215,450,ic,5,40.0,518.0,467.0,5.0,429.0,63.0,26.0,242.0,223.0,195.0,3199.0
215,450,ic,5,45.0,520.0,442.0,5.0,440.0,56.0,24.0,253.0,226.0,191.0,3335.0
215,450,ic,5,50.0,522.0,496.0,3.0,438.0,47.0,37.0,279.0,248.0,216.0,3383.0
215,450,ic,5,55.0,556.0,507.0,4.0,412.0,92.0,52.0,271.0,254.0,232.0,3338.0
215,450,ic,5,60.0,539.0,513.0,3.0,423.0,66.0,50.0,280.0,262.0,190.0,3337.0
215,450,ic,5,65.0,589.0,577.0,2.0,452.0,91.0,46.0,301.0,287.0,195.0,3369.0
215,450,ic,5,70.0,587.0,565.0,2.0,465.0,65.0,57.0,291.0,282.0,195.0,3378.0
215,450,ic,5,75.0,603.0,589.0,2.0,485.0,51.0,67.0,320.0,297.0,207.0,3437.0
215,450,ic,5,80.0,619.0,581.0,4.0,497.0,38.0,84.0,330.0,309.0,222.0,3440.0
215,450,ic,5,85.0,630.0,590.0,4.0,530.0,31.0,69.0,336.0,314.0,215.0,3393.0
215,450,ic,5,90.0,606.0,594.0,2.0,471.0,55.0,80.0,358.0,328.0,207.0,3486.0
215,450,ic,5,95.0,622.0,622.0,1.0,459.0,98.0,65.0,353.0,324.0,199.0,3527.0
215,450,ic,5,100.0,651.0,633.0,2.0,474.0,94.0,83.0,349.0,328.0,237.0,3398.0
215,450,ic,5,105.0,634.0,621.0,2.0,469.0,88.0,77.0,339.0,321.0,213.0,3431.0
215,450,ic,5,110.0,692.0,656.0,4.0,466.0,130.0,96.0,369.0,343.0,206.0,3404.0
215,450,ic,5,115.0,665.0,641.0,3.0,467.0,108.0,90.0,363.0,334.0,231.0,3525.0
215,450,ic,5,120.0,708.0,694.0,2.0,479.0,105.0,124.0,377.0,361.0,223.0,3508.0
215,450,ic,5,125.0,701.0,689.0,2.0,493.0,112.0,96.0,368.0,336.0,249.0,3530.0
215,450,ic,5,130.0,721.0,697.0,3.0,455.0,143.0,123.0,380.0,353.0,278.0,3659.0
215,450,ic,5,135.0,749.0,716.0,3.0,481.0,140.0,128.0,401.0,371.0,263.0,3641.0
215,450,ic,5,140.0,778.0,754.0,3.0,421.0,187.0,170.0,435.0,406.0,281.0,3656.0
215,450,ic,5,145.0,750.0,734.0,2.0,485.0,122.0,143.0,410.0,389.0,241.0,3624.0
215,450,ic,5,150.0,790.0,776.0,2.0,465.0,132.0,193.0,457.0,437.0,257.0,3593.0
215,450,ic,5,155.0,880.0,831.0,4.0,498.0,189.0,193.0,464.0,448.0,262.0,3686.0
215,450,ic,5,160.0,915.0,822.0,6.0,458.0,221.0,236.0,481.0,452.0,297.0,3686.0
215,450,ic,5,165.0,829.0,829.0,1.0,304.0,170.0,355.0,474.0,457.0,247.0,3620.0
215,450,ic,5,170.0,882.0,870.0,2.0,353.0,185.0,344.0,483.0,464.0,284.0,3632.0
215,450,ic,5,175.0,890.0,876.0,2.0,422.0,193.0,275.0,463.0,447.0,259.0,3733.0
215,450,ic,5,180.0,893.0,871.0,2.0,206.0,141.0,546.0,507.0,485.0,257.0,3690.0
215,450,ic,5,185.0,945.0,932.0,2.0,421.0,160.0,364.0,504.0,484.0,269.0,3718.0
215,450,ic,6,0.0,480.0,480.0,1.0,444.0,30.0,6.0,265.0,251.0,144.0,3177.0
215,450,ic,6,5.0,463.0,427.0,4.0,415.0,42.0,6.0,168.0,157.0,165.0,3260.0
215,450,ic,6,10.0,424.0,394.0,3.0,400.0,18.0,6.0,212.0,182.0,192.0,3246.0
215,450,ic,6,15.0,453.0,429.0,3.0,429.0,24.0,0.0,212.0,193.0,207.0,3242.0
215,450,ic,6,20.0,478.0,452.0,3.0,422.0,34.0,22.0,240.0,216.0,188.0,3392.0
215,450,ic,6,25.0,495.0,441.0,3.0,422.0,54.0,19.0,217.0,193.0,198.0,3372.0
215,450,ic,6,30.0,476.0,461.0,2.0,416.0,30.0,30.0,238.0,219.0,184.0,3328.0
215,450,ic,6,35.0,471.0,471.0,1.0,403.0,26.0,42.0,250.0,232.0,202.0,3323.0
215,450,ic,6,40.0,485.0,485.0,1.0,385.0,47.0,53.0,243.0,228.0,192.0,3306.0
215,450,ic,6,45.0,580.0,568.0,2.0,424.0,79.0,77.0,255.0,232.0,213.0,3249.0
215,450,ic,6,50.0,570.0,558.0,2.0,437.0,70.0,63.0,273.0,239.0,221.0,3346.0
215,450,ic,6,55.0,546.0,518.0,3.0,439.0,70.0,37.0,252.0,233.0,214.0,3446.0
215,450,ic,6,60.0,557.0,518.0,4.0,441.0,64.0,52.0,281.0,254.0,249.0,3330.0
215,450,ic,6,65.0,579.0,555.0,3.0,491.0,49.0,39.0,286.0,262.0,240.0,3414.0
215,450,ic,6,70.0,592.0,568.0,3.0,472.0,64.0,56.0,316.0,292.0,220.0,3381.0
215,450,ic,6,75.0,590.0,590.0,1.0,480.0,63.0,47.0,308.0,285.0,231.0,3410.0
215,450,ic,6,80.0,628.0,604.0,3.0,516.0,60.0,52.0,314.0,300.0,245.0,3357.0
215,450,ic,6,85.0,690.0,690.0,1.0,520.0,86.0,84.0,373.0,346.0,239.0,3427.0
215,450,ic,6,90.0,750.0,713.0,4.0,561.0,117.0,72.0,383.0,365.0,231.0,3577.0
215,450,ic,6,95.0,764.0,738.0,3.0,587.0,106.0,71.0,416.0,391.0,267.0,3568.0
215,450,ic,6,100.0,834.0,777.0,4.0,621.0,134.0,79.0,418.0,400.0,255.0,3606.0
215,450,ic,6,105.0,828.0,814.0,2.0,648.0,95.0,85.0,430.0,408.0,262.0,3575.0
215,450,ic,6,110.0,873.0,833.0,4.0,655.0,104.0,114.0,434.0,408.0,266.0,3547.0
215,450,ic,6,115.0,923.0,871.0,4.0,710.0,141.0,72.0,463.0,444.0,309.0,3652.0
215,450,ic,6,120.0,874.0,851.0,2.0,669.0,107.0,98.0,473.0,447.0,272.0,3639.0
215,450,ic,6,125.0,887.0,858.0,2.0,672.0,115.0,100.0,493.0,470.0,303.0,3688.0
215,450,ic,6,130.0,923.0,883.0,4.0,690.0,111.0,122.0,520.0,494.0,296.0,3696.0
215,450,ic,6,135.0,922.0,888.0,3.0,710.0,118.0,94.0,530.0,513.0,307.0,3810.0
215,450,ic,6,140.0,968.0,954.0,2.0,763.0,113.0,92.0,530.0,503.0,299.0,3839.0
215,450,ic,7,0.0,480.0,480.0,1.0,444.0,30.0,6.0,265.0,251.0,144.0,3177.0
215,450,ic,7,5.0,436.0,424.0,2.0,424.0,12.0,0.0,232.0,211.0,165.0,3272.0
215,450,ic,7,10.0,446.0,446.0,1.0,446.0,0.0,0.0,226.0,198.0,192.0,3382.0
215,450,ic,7,15.0,436.0,436.0,1.0,436.0,0.0,0.0,242.0,214.0,187.0,3343.0
215,450,ic,7,20.0,491.0,463.0,3.0,467.0,18.0,6.0,247.0,230.0,197.0,3303.0
215,450,ic,7,25.0,504.0,492.0,2.0,460.0,28.0,16.0,260.0,232.0,205.0,3330.0
215,450,ic,7,30.0,576.0,564.0,2.0,485.0,62.0,29.0,274.0,247.0,216.0,3477.0
215,450,ic,7,35.0,607.0,563.0,4.0,530.0,51.0,26.0,298.0,273.0,244.0,3397.0
215,450,ic,7,40.0,608.0,576.0,3.0,544.0,48.0,16.0,316.0,299.0,215.0,3397.0
215,450,ic,7,45.0,629.0,583.0,4.0,558.0,42.0,29.0,320.0,301.0,231.0,3440.0
215,450,ic,7,50.0,594.0,582.0,2.0,534.0,36.0,24.0,335.0,314.0,219.0,3413.0
215,450,ic,7,55.0,636.0,624.0,2.0,542.0,60.0,34.0,360.0,334.0,241.0,3462.0
215,450,ic,7,60.0,727.0,676.0,4.0,548.0,130.0,49.0,347.0,331.0,231.0,3565.0
215,450,ic,7,65.0,664.0,652.0,2.0,556.0,68.0,40.0,383.0,363.0,242.0,3587.0
215,450,ic,7,70.0,676.0,663.0,2.0,573.0,62.0,41.0,376.0,355.0,218.0,3549.0
215,450,ic,7,75.0,677.0,677.0,1.0,571.0,53.0,53.0,383.0,366.0,222.0,3532.0
215,450,ic,7,80.0,755.0,743.0,2.0,574.0,93.0,88.0,411.0,389.0,239.0,3576.0
215,450,ic,7,85.0,760.0,748.0,2.0,580.0,99.0,81.0,432.0,416.0,235.0,3639.0
215,450,ic,7,90.0,799.0,771.0,2.0,619.0,99.0,81.0,446.0,424.0,253.0,3555.0
215,450,ic,7,95.0,804.0,790.0,2.0,618.0,90.0,96.0,425.0,399.0,283.0,3646.0
215,450,ic,7,100.0,816.0,790.0,2.0,640.0,102.0,74.0,445.0,425.0,263.0,3475.0
215,450,ic,7,105.0,911.0,886.0,2.0,705.0,114.0,92.0,443.0,425.0,302.0,3671.0
215,450,ic,7,110.0,883.0,883.0,1.0,731.0,77.0,75.0,465.0,440.0,275.0,3676.0
215,450,ic,7,115.0,860.0,848.0,2.0,693.0,90.0,77.0,477.0,454.0,294.0,3657.0
215,450,ic,7,120.0,925.0,859.0,4.0,700.0,147.0,78.0,492.0,461.0,312.0,3586.0
215,450,ic,7,125.0,861.0,861.0,1.0,732.0,46.0,83.0,480.0,452.0,305.0,3620.0
215,450,ic,7,130.0,935.0,911.0,2.0,759.0,57.0,119.0,529.0,511.0,292.0,3660.0
215,450,ic,8,0.0,480.0,480.0,1.0,444.0,30.0,6.0,265.0,251.0,144.0,3177.0
215,450,ic,8,5.0,379.0,343.0,3.0,343.0,36.0,0.0,172.0,153.0,162.0,3131.0
215,450,ic,8,10.0,425.0,393.0,3.0,369.0,45.0,11.0,178.0,163.0,169.0,3324.0
215,450,ic,8,15.0,469.0,455.0,2.0,432.0,37.0,0.0,194.0,171.0,158.0,3316.0
215,450,ic,8,20.0,423.0,365.0,5.0,386.0,25.0,12.0,184.0,163.0,155.0,3345.0
215,450,ic,8,25.0,398.0,371.0,3.0,355.0,33.0,10.0,192.0,170.0,168.0,3299.0
215,450,ic,8,30.0,451.0,451.0,1.0,360.0,69.0,22.0,201.0,178.0,190.0,3247.0
215,450,ic,8,35.0,430.0,417.0,2.0,332.0,67.0,31.0,202.0,183.0,180.0,3370.0
215,450,ic,8,40.0,414.0,414.0,1.0,370.0,22.0,22.0,216.0,192.0,184.0,3279.0
215,450,ic,8,45.0,475.0,475.0,1.0,357.0,67.0,51.0,220.0,205.0,155.0,3280.0
215,450,ic,8,50.0,456.0,432.0,3.0,345.0,73.0,38.0,222.0,201.0,176.0,3255.0
215,450,ic,8,55.0,466.0,466.0,1.0,410.0,34.0,22.0,218.0,189.0,188.0,3351.0
215,450,ic,8,60.0,569.0,533.0,4.0,416.0,124.0,29.0,219.0,193.0,178.0,3398.0
215,450,ic,8,65.0,466.0,454.0,2.0,369.0,55.0,42.0,246.0,221.0,190.0,3346.0
215,450,ic,8,70.0,514.0,514.0,1.0,366.0,90.0,58.0,260.0,244.0,183.0,3395.0
215,450,ic,8,75.0,504.0,504.0,1.0,393.0,65.0,46.0,246.0,221.0,238.0,3323.0
215,450,ic,8,80.0,500.0,464.0,4.0,444.0,36.0,20.0,251.0,235.0,190.0,3275.0
215,450,ic,8,85.0,581.0,566.0,2.0,489.0,25.0,67.0,274.0,251.0,187.0,3403.0
215,450,ic,8,90.0,510.0,510.0,1.0,396.0,65.0,49.0,251.0,231.0,219.0,3400.0
215,450,ic,8,95.0,536.0,500.0,4.0,402.0,88.0,46.0,253.0,230.0,178.0,3327.0
215,450,ic,8,100.0,518.0,506.0,2.0,422.0,44.0,52.0,263.0,233.0,203.0,3263.0
215,450,ic,8,105.0,497.0,485.0,2.0,362.0,82.0,53.0,268.0,242.0,221.0,3360.0
215,450,ic,8,110.0,528.0,490.0,3.0,440.0,47.0,41.0,262.0,232.0,221.0,3331.0
215,450,ic,8,115.0,511.0,497.0,2.0,363.0,83.0,65.0,248.0,227.0,216.0,3369.0
215,450,ic,8,120.0,547.0,513.0,3.0,380.0,91.0,76.0,273.0,254.0,186.0,3284.0
215,450,ic,8,125.0,515.0,483.0,3.0,373.0,65.0,77.0,252.0,237.0,187.0,3378.0
215,450,ic,8,130.0,507.0,483.0,3.0,365.0,75.0,67.0,267.0,249.0,181.0,3249.0
215,450,ic,8,135.0,552.0,507.0,4.0,356.0,112.0,84.0,273.0,244.0,235.0,3328.0
215,450,ic,8,140.0,502.0,487.0,2.0,374.0,72.0,56.0,262.0,242.0,188.0,3261.0
215,450,ic,8,145.0,518.0,518.0,1.0,341.0,66.0,111.0,274.0,251.0,196.0,3308.0
215,450,ic,8,150.0,632.0,564.0,5.0,384.0,107.0,141.0,304.0,282.0,219.0,3490.0
215,450,ic,8,155.0,592.0,592.0,1.0,382.0,104.0,106.0,313.0,285.0,218.0,3427.0
215,450,ic,8,160.0,620.0,586.0,3.0,413.0,89.0,118.0,317.0,292.0,210.0,3353.0
215,450,ic,8,165.0,690.0,666.0,3.0,371.0,153.0,166.0,340.0,311.0,237.0,3538.0
215,450,ic,8,170.0,640.0,640.0,1.0,380.0,131.0,129.0,307.0,287.0,236.0,3420.0
215,450,ic,8,175.0,658.0,658.0,1.0,377.0,99.0,182.0,349.0,332.0,220.0,3452.0
215,450,ic,8,180.0,699.0,666.0,3.0,359.0,157.0,183.0,353.0,331.0,237.0,3565.0
215,450,ic,8,185.0,696.0,684.0,2.0,375.0,178.0,143.0,378.0,346.0,258.0,3445.0
215,450,ic,8,190.0,758.0,708.0,4.0,373.0,235.0,150.0,377.0,339.0,267.0,3562.0
215,450,ic,8,195.0,707.0,673.0,3.0,346.0,218.0,143.0,409.0,385.0,255.0,3485.0
215,450,ic,8,200.0,744.0,696.0,4.0,361.0,232.0,151.0,405.0,376.0,252.0,3660.0
215,450,ic,8,205.0,738.0,714.0,3.0,151.0,248.0,339.0,400.0,381.0,236.0,3547.0
215,450,ic,8,210.0,774.0,761.0,2.0,144.0,203.0,427.0,397.0,372.0,255.0,3586.0
215,450,ic,8,215.0,792.0,729.0,5.0,164.0,262.0,366.0,420.0,391.0,275.0,3678.0
215,450,ic,8,220.0,801.0,753.0,3.0,258.0,255.0,288.0,421.0,386.0,282.0,3709.0
215,450,ic,8,225.0,859.0,835.0,3.0,251.0,313.0,295.0,452.0,420.0,269.0,3716.0
215,450,ic,8,230.0,789.0,764.0,3.0,261.0,266.0,262.0,452.0,433.0,274.0,3620.0
215,450,ic,8,235.0,830.0,830.0,1.0,111.0,263.0,456.0,460.0,429.0,277.0,3638.0
215,450,ic,8,240.0,822.0,822.0,1.0,157.0,222.0,443.0,462.0,448.0,243.0,3641.0
215,450,ic,8,245.0,852.0,838.0,2.0,162.0,249.0,441.0,463.0,449.0,235.0,3685.0
215,450,ic,8,250.0,849.0,849.0,1.0,158.0,230.0,461.0,491.0,471.0,251.0,3608.0
215,450,ic,8,255.0,852.0,852.0,1.0,167.0,252.0,433.0,504.0,483.0,265.0,3591.0
215,450,ic,8,260.0,914.0,887.0,3.0,123.0,291.0,500.0,508.0,493.0,276.0,3736.0
215,450,ic,8,265.0,989.0,952.0,4.0,140.0,365.0,484.0,523.0,502.0,293.0,3772.0
215,450,ic,9,0.0,480.0,480.0,1.0,444.0,30.0,6.0,265.0,251.0,144.0,3177.0
215,450,ic,9,5.0,408.0,408.0,1.0,384.0,12.0,12.0,196.0,184.0,151.0,3239.0
215,450,ic,9,10.0,426.0,426.0,1.0,414.0,0.0,12.0,226.0,198.0,162.0,3280.0
215,450,ic,9,15.0,456.0,456.0,1.0,431.0,10.0,15.0,236.0,220.0,193.0,3353.0
215,450,ic,9,20.0,458.0,434.0,2.0,374.0,54.0,30.0,227.0,214.0,174.0,3266.0
215,450,ic,9,25.0,461.0,449.0,2.0,391.0,41.0,29.0,242.0,221.0,202.0,3277.0
215,450,ic,9,30.0,515.0,490.0,3.0,361.0,98.0,56.0,246.0,226.0,227.0,3350.0
215,450,ic,9,35.0,556.0,518.0,4.0,391.0,84.0,81.0,269.0,247.0,189.0,3351.0
215,450,ic,9,40.0,489.0,489.0,1.0,382.0,62.0,45.0,250.0,228.0,212.0,3377.0
215,450,ic,9,45.0,526.0,512.0,2.0,387.0,75.0,64.0,274.0,255.0,209.0,3365.0
215,450,ic,9,50.0,542.0,528.0,2.0,380.0,88.0,74.0,279.0,258.0,199.0,3407.0
215,450,ic,9,55.0,551.0,519.0,3.0,396.0,93.0,62.0,261.0,239.0,211.0,3411.0
215,450,ic,9,60.0,580.0,580.0,1.0,463.0,72.0,45.0,302.0,279.0,210.0,3358.0
215,450,ic,9,65.0,621.0,579.0,4.0,472.0,96.0,53.0,320.0,288.0,211.0,3467.0
215,450,ic,9,70.0,586.0,574.0,2.0,460.0,49.0,77.0,309.0,290.0,215.0,3457.0
215,450,ic,9,75.0,626.0,614.0,2.0,457.0,103.0,66.0,312.0,289.0,201.0,3363.0
215,450,ic,9,80.0,679.0,655.0,3.0,462.0,120.0,97.0,316.0,290.0,252.0,3437.0
215,450,ic,9,85.0,702.0,666.0,4.0,413.0,172.0,117.0,362.0,338.0,241.0,3531.0
215,450,ic,9,90.0,648.0,612.0,4.0,439.0,128.0,81.0,360.0,338.0,217.0,3498.0
215,450,ic,9,95.0,724.0,688.0,4.0,435.0,162.0,127.0,351.0,329.0,220.0,3504.0
215,450,ic,9,100.0,702.0,665.0,3.0,449.0,113.0,140.0,374.0,345.0,260.0,3526.0
215,450,ic,9,105.0,688.0,688.0,1.0,453.0,70.0,165.0,378.0,354.0,249.0,3446.0
215,450,ic,9,110.0,736.0,736.0,1.0,494.0,81.0,161.0,395.0,370.0,257.0,3538.0
215,450,ic,9,115.0,825.0,789.0,4.0,430.0,144.0,251.0,408.0,391.0,248.0,3632.0
215,450,ic,9,120.0,872.0,799.0,5.0,424.0,161.0,287.0,436.0,411.0,280.0,3666.0
215,450,ic,9,125.0,928.0,882.0,3.0,412.0,180.0,336.0,450.0,426.0,292.0,3624.0
215,450,ic,9,130.0,939.0,911.0,2.0,485.0,154.0,300.0,465.0,434.0,294.0,3631.0
215,50,ic,0,0.0,61.0,36.0,3.0,36.0,25.0,0.0,25.0,12.0,83.0,2980.0
215,50,ic,0,5.0,26.0,14.0,2.0,14.0,12.0,0.0,12.0,1.0,66.0,3047.0
215,50,ic,1,0.0,61.0,36.0,3.0,36.0,25.0,0.0,25.0,12.0,83.0,2980.0
215,50,ic,1,5.0,24.0,24.0,1.0,12.0,10.0,2.0,15.0,2.0,90.0,3112.0
215,50,ic,1,10.0,15.0,15.0,1.0,15.0,0.0,0.0,21.0,2.0,88.0,3118.0
215,50,ic,10,0.0,61.0,36.0,3.0,36.0,25.0,0.0,25.0,12.0,83.0,2980.0
215,50,ic,10,5.0,36.0,12.0,3.0,0.0,36.0,0.0,15.0,1.0,82.0,2973.0
215,50,ic,11,0.0,61.0,36.0,3.0,36.0,25.0,0.0,25.0,12.0,83.0,2980.0
215,50,ic,11,5.0,57.0,39.0,2.0,18.0,39.0,0.0,16.0,2.0,64.0,2997.0
215,50,ic,11,10.0,54.0,18.0,4.0,18.0,36.0,0.0,21.0,2.0,70.0,3017.0
215,50,ic,2,0.0,61.0,36.0,3.0,36.0,25.0,0.0,25.0,12.0,83.0,2980.0
215,50,ic,2,5.0,24.0,12.0,2.0,0.0,24.0,0.0,16.0,2.0,57.0,3043.0
215,50,ic,3,0.0,61.0,36.0,3.0,36.0,25.0,0.0,25.0,12.0,83.0,2980.0
215,50,ic,3,5.0,75.0,14.0,6.0,14.0,61.0,0.0,18.0,2.0,84.0,3035.0
215,50,ic,4,0.0,61.0,36.0,3.0,36.0,25.0,0.0,25.0,12.0,83.0,2980.0
215,50,ic,4,5.0,48.0,12.0,4.0,0.0,48.0,0.0,14.0,2.0,71.0,3096.0
215,50,ic,5,0.0,61.0,36.0,3.0,36.0,25.0,0.0,25.0,12.0,83.0,2980.0
215,50,ic,5,5.0,13.0,13.0,1.0,0.0,13.0,0.0,14.0,2.0,63.0,3021.0
215,50,ic,6,0.0,61.0,36.0,3.0,36.0,25.0,0.0,25.0,12.0,83.0,2980.0
215,50,ic,6,5.0,41.0,16.0,3.0,16.0,25.0,0.0,20.0,2.0,56.0,3143.0
215,50,ic,7,0.0,61.0,36.0,3.0,36.0,25.0,0.0,25.0,12.0,83.0,2980.0
215,50,ic,7,5.0,25.0,25.0,1.0,0.0,25.0,0.0,25.0,2.0,83.0,3060.0
215,50,ic,7,10.0,12.0,12.0,1.0,0.0,12.0,0.0,25.0,2.0,60.0,3083.0
215,50,ic,8,0.0,61.0,36.0,3.0,36.0,25.0,0.0,25.0,12.0,83.0,2980.0
215,50,ic,8,5.0,38.0,26.0,2.0,0.0,38.0,0.0,22.0,1.0,82.0,3069.0
215,50,ic,8,10.0,26.0,14.0,2.0,14.0,12.0,0.0,26.0,3.0,120.0,3080.0
215,50,ic,9,0.0,61.0,36.0,3.0,36.0,25.0,0.0,25.0,12.0,83.0,2980.0
215,50,ic,9,5.0,12.0,12.0,1.0,0.0,12.0,0.0,16.0,1.0,61.0,2946.0
215,700,ic,0,0.0,723.0,710.0,2.0,710.0,13.0,0.0,438.0,431.0,158.0,3361.0
215,700,ic,0,5.0,683.0,671.0,2.0,671.0,12.0,0.0,364.0,351.0,206.0,3397.0
215,700,ic,0,10.0,697.0,697.0,1.0,697.0,0.0,0.0,350.0,336.0,236.0,3498.0
215,700,ic,0,15.0,735.0,723.0,2.0,643.0,55.0,37.0,385.0,369.0,241.0,3478.0
215,700,ic,0,20.0,828.0,828.0,1.0,667.0,98.0,63.0,438.0,422.0,239.0,3603.0
215,700,ic,0,25.0,846.0,819.0,3.0,753.0,45.0,48.0,446.0,427.0,251.0,3544.0
215,700,ic,0,30.0,851.0,839.0,2.0,693.0,81.0,77.0,474.0,453.0,279.0,3569.0
215,700,ic,0,35.0,854.0,854.0,1.0,737.0,69.0,48.0,486.0,468.0,278.0,3611.0
215,700,ic,0,40.0,906.0,880.0,3.0,784.0,66.0,56.0,507.0,481.0,273.0,3675.0
215,700,ic,0,45.0,913.0,901.0,2.0,717.0,127.0,69.0,483.0,470.0,292.0,3649.0
215,700,ic,0,50.0,878.0,878.0,1.0,749.0,67.0,62.0,509.0,482.0,283.0,3624.0
215,700,ic,0,55.0,901.0,887.0,2.0,775.0,64.0,62.0,520.0,500.0,297.0,3696.0
215,700,ic,0,60.0,962.0,949.0,2.0,801.0,95.0,66.0,550.0,534.0,284.0,3697.0
215,700,ic,0,65.0,969.0,946.0,2.0,869.0,47.0,53.0,574.0,552.0,280.0,3671.0
215,700,ic,0,70.0,973.0,949.0,3.0,777.0,129.0,67.0,559.0,538.0,273.0,3730.0
215,700,ic,0,75.0,964.0,951.0,2.0,782.0,118.0,64.0,561.0,535.0,300.0,3834.0
215,700,ic,0,80.0,966.0,954.0,2.0,781.0,111.0,74.0,593.0,564.0,296.0,3834.0
215,700,ic,0,85.0,994.0,982.0,2.0,772.0,135.0,87.0,570.0,546.0,311.0,3702.0
215,700,ic,0,90.0,1050.0,1050.0,1.0,731.0,175.0,144.0,630.0,608.0,278.0,3813.0
215,700,ic,0,95.0,1004.0,1004.0,1.0,748.0,120.0,136.0,596.0,573.0,331.0,3797.0
215,700,ic,0,100.0,1041.0,1041.0,1.0,796.0,119.0,126.0,590.0,572.0,299.0,3786.0
215,700,ic,0,105.0,1023.0,987.0,4.0,728.0,153.0,142.0,574.0,550.0,308.0,3791.0
215,700,ic,0,110.0,1084.0,1084.0,1.0,822.0,97.0,165.0,614.0,588.0,311.0,3743.0
215,700,ic,0,115.0,1116.0,1078.0,2.0,797.0,167.0,152.0,636.0,612.0,300.0,3813.0
215,700,ic,0,120.0,1097.0,1085.0,2.0,814.0,116.0,167.0,622.0,603.0,315.0,3804.0
215,700,ic,0,125.0,1070.0,1058.0,2.0,813.0,113.0,144.0,637.0,614.0,327.0,3791.0
215,700,ic,0,130.0,1259.0,1204.0,4.0,849.0,227.0,183.0,667.0,644.0,336.0,3931.0
215,700,ic,0,135.0,1170.0,1170.0,1.0,841.0,130.0,199.0,702.0,675.0,321.0,4023.0
215,700,ic,0,140.0,1223.0,1169.0,3.0,874.0,187.0,162.0,718.0,693.0,332.0,3937.0
215,700,ic,0,145.0,1233.0,1215.0,2.0,946.0,124.0,163.0,735.0,721.0,330.0,4041.0
215,700,ic,0,150.0,1266.0,1254.0,2.0,911.0,161.0,194.0,736.0,723.0,348.0,3998.0
215,700,ic,0,155.0,1290.0,1278.0,2.0,951.0,160.0,179.0,777.0,752.0,354.0,4062.0
215,700,ic,0,160.0,1391.0,1379.0,2.0,1021.0,173.0,197.0,816.0,790.0,346.0,4184.0
215,700,ic,0,165.0,1376.0,1376.0,1.0,1025.0,138.0,213.0,837.0,816.0,369.0,4132.0
215,700,ic,0,170.0,1467.0,1467.0,1.0,1109.0,125.0,233.0,841.0,819.0,370.0,4168.0
215,700,ic,1,0.0,723.0,710.0,2.0,710.0,13.0,0.0,438.0,431.0,158.0,3361.0
215,700,ic,1,5.0,697.0,673.0,3.0,660.0,37.0,0.0,372.0,354.0,214.0,3411.0
215,700,ic,1,10.0,712.0,674.0,4.0,661.0,51.0,0.0,367.0,352.0,196.0,3344.0
215,700,ic,1,15.0,716.0,716.0,1.0,654.0,18.0,44.0,391.0,374.0,238.0,3533.0
215,700,ic,1,20.0,759.0,745.0,2.0,701.0,20.0,38.0,413.0,400.0,235.0,3444.0
215,700,ic,1,25.0,793.0,793.0,1.0,683.0,35.0,75.0,440.0,424.0,248.0,3455.0
215,700,ic,1,30.0,866.0,817.0,3.0,726.0,77.0,63.0,464.0,444.0,272.0,3569.0
215,700,ic,1,35.0,910.0,910.0,1.0,783.0,48.0,79.0,515.0,494.0,249.0,3630.0
215,700,ic,1,40.0,916.0,916.0,1.0,780.0,53.0,83.0,532.0,509.0,278.0,3691.0
215,700,ic,1,45.0,972.0,960.0,2.0,835.0,41.0,96.0,541.0,518.0,279.0,3620.0
215,700,ic,1,50.0,1101.0,1089.0,2.0,847.0,120.0,134.0,582.0,557.0,302.0,3675.0
215,700,ic,1,55.0,1075.0,1062.0,2.0,883.0,76.0,116.0,602.0,584.0,307.0,3708.0
215,700,ic,1,60.0,1175.0,1125.0,3.0,908.0,135.0,132.0,657.0,635.0,285.0,3770.0
215,700,ic,1,65.0,1201.0,1189.0,2.0,931.0,147.0,123.0,671.0,648.0,314.0,3855.0
215,700,ic,1,70.0,1208.0,1184.0,3.0,951.0,117.0,140.0,689.0,679.0,296.0,3877.0
215,700,ic,1,75.0,1272.0,1251.0,2.0,962.0,103.0,207.0,767.0,741.0,312.0,4013.0
215,700,ic,1,80.0,1282.0,1282.0,1.0,954.0,92.0,236.0,748.0,721.0,343.0,3969.0
215,700,ic,1,85.0,1340.0,1326.0,2.0,991.0,102.0,247.0,806.0,792.0,356.0,4070.0
215,700,ic,1,90.0,1393.0,1393.0,1.0,1039.0,97.0,257.0,844.0,816.0,357.0,4065.0
215,700,ic,1,95.0,1384.0,1384.0,1.0,1053.0,68.0,263.0,835.0,818.0,353.0,4044.0
215,700,ic,1,100.0,1440.0,1440.0,1.0,1041.0,115.0,284.0,877.0,859.0,356.0,4130.0
215,700,ic,10,0.0,723.0,710.0,2.0,710.0,13.0,0.0,438.0,431.0,158.0,3361.0
215,700,ic,10,5.0,655.0,622.0,3.0,622.0,33.0,0.0,334.0,317.0,221.0,3377.0
215,700,ic,10,10.0,768.0,750.0,2.0,670.0,85.0,13.0,375.0,354.0,231.0,3453.0
215,700,ic,10,15.0,698.0,698.0,1.0,666.0,22.0,10.0,389.0,365.0,238.0,3600.0
215,700,ic,10,20.0,782.0,746.0,3.0,675.0,69.0,38.0,410.0,386.0,255.0,3509.0
215,700,ic,10,25.0,792.0,756.0,4.0,711.0,59.0,22.0,426.0,411.0,221.0,3576.0
215,700,ic,10,30.0,920.0,893.0,3.0,652.0,146.0,122.0,471.0,448.0,254.0,3637.0
215,700,ic,10,35.0,901.0,877.0,3.0,691.0,132.0,78.0,485.0,470.0,275.0,3585.0
215,700,ic,10,40.0,915.0,879.0,4.0,683.0,147.0,85.0,502.0,482.0,263.0,3636.0
215,700,ic,10,45.0,896.0,872.0,2.0,691.0,106.0,99.0,509.0,494.0,272.0,3697.0
215,700,ic,10,50.0,878.0,878.0,1.0,700.0,50.0,128.0,492.0,477.0,299.0,3626.0
215,700,ic,10,55.0,972.0,960.0,2.0,737.0,111.0,124.0,520.0,493.0,287.0,3597.0
215,700,ic,10,60.0,943.0,930.0,2.0,729.0,91.0,123.0,558.0,529.0,275.0,3722.0
215,700,ic,10,65.0,960.0,948.0,2.0,745.0,91.0,124.0,537.0,522.0,253.0,3785.0
215,700,ic,10,70.0,954.0,954.0,1.0,727.0,131.0,96.0,528.0,507.0,296.0,3681.0
215,700,ic,10,75.0,1029.0,1029.0,1.0,753.0,132.0,144.0,575.0,548.0,281.0,3722.0
215,700,ic,10,80.0,976.0,964.0,2.0,750.0,120.0,106.0,560.0,535.0,323.0,3731.0
215,700,ic,10,85.0,1025.0,1011.0,2.0,778.0,109.0,138.0,556.0,526.0,318.0,3799.0
215,700,ic,10,90.0,1073.0,1058.0,2.0,683.0,236.0,154.0,604.0,578.0,274.0,3813.0
215,700,ic,10,95.0,1053.0,1053.0,1.0,696.0,192.0,165.0,603.0,584.0,297.0,3814.0
215,700,ic,10,100.0,1145.0,1145.0,1.0,730.0,204.0,211.0,655.0,626.0,312.0,3783.0
215,700,ic,10,105.0,1213.0,1187.0,3.0,720.0,266.0,227.0,647.0,624.0,315.0,3855.0
215,700,ic,10,110.0,1132.0,1132.0,1.0,721.0,211.0,200.0,647.0,632.0,325.0,3898.0
215,700,ic,10,115.0,1172.0,1146.0,2.0,737.0,226.0,209.0,673.0,647.0,333.0,3867.0
215,700,ic,10,120.0,1242.0,1242.0,1.0,717.0,255.0,270.0,691.0,664.0,351.0,3875.0
215,700,ic,10,125.0,1182.0,1182.0,1.0,728.0,187.0,267.0,720.0,692.0,318.0,4022.0
215,700,ic,10,130.0,1255.0,1209.0,4.0,750.0,257.0,248.0,743.0,714.0,342.0,4012.0
215,700,ic,10,135.0,1263.0,1263.0,1.0,809.0,223.0,231.0,755.0,725.0,343.0,4087.0
215,700,ic,10,140.0,1302.0,1278.0,3.0,810.0,227.0,265.0,780.0,761.0,334.0,4069.0
215,700,ic,10,145.0,1314.0,1302.0,2.0,852.0,161.0,301.0,784.0,769.0,323.0,4089.0
215,700,ic,10,150.0,1346.0,1334.0,2.0,819.0,188.0,339.0,812.0,794.0,348.0,4171.0
215,700,ic,10,155.0,1421.0,1421.0,1.0,821.0,219.0,381.0,850.0,829.0,360.0,4180.0
215,700,ic,11,0.0,723.0,710.0,2.0,710.0,13.0,0.0,438.0,431.0,158.0,3361.0
215,700,ic,11,5.0,709.0,683.0,3.0,697.0,12.0,0.0,378.0,357.0,241.0,3468.0
215,700,ic,11,10.0,763.0,763.0,1.0,763.0,0.0,0.0,404.0,394.0,254.0,3476.0
215,700,ic,11,15.0,756.0,744.0,2.0,732.0,17.0,7.0,426.0,402.0,256.0,3498.0
215,700,ic,11,20.0,774.0,762.0,2.0,738.0,23.0,13.0,445.0,429.0,236.0,3598.0
215,700,ic,11,25.0,923.0,885.0,3.0,759.0,99.0,65.0,488.0,463.0,279.0,3642.0
215,700,ic,11,30.0,874.0,874.0,1.0,787.0,41.0,46.0,508.0,482.0,269.0,3642.0
215,700,ic,11,35.0,946.0,920.0,2.0,831.0,83.0,32.0,529.0,503.0,279.0,3701.0
215,700,ic,11,40.0,966.0,942.0,3.0,825.0,104.0,37.0,518.0,503.0,264.0,3612.0
215,700,ic,11,45.0,935.0,921.0,2.0,874.0,31.0,30.0,536.0,514.0,306.0,3723.0
215,700,ic,11,50.0,991.0,953.0,3.0,864.0,84.0,43.0,567.0,542.0,312.0,3784.0
215,700,ic,11,55.0,1009.0,979.0,3.0,858.0,97.0,54.0,577.0,549.0,285.0,3760.0
215,700,ic,11,60.0,1035.0,997.0,3.0,863.0,105.0,67.0,612.0,591.0,312.0,3693.0
215,700,ic,11,65.0,1012.0,1012.0,1.0,865.0,76.0,71.0,588.0,563.0,312.0,3773.0
215,700,ic,11,70.0,1044.0,1008.0,3.0,912.0,71.0,61.0,638.0,617.0,293.0,3814.0
215,700,ic,11,75.0,1109.0,1085.0,3.0,942.0,123.0,44.0,630.0,606.0,300.0,3837.0
215,700,ic,11,80.0,1074.0,1062.0,2.0,926.0,50.0,98.0,627.0,615.0,296.0,3743.0
215,700,ic,11,85.0,1076.0,1063.0,2.0,950.0,69.0,57.0,620.0,593.0,316.0,3753.0
215,700,ic,11,90.0,1097.0,1097.0,1.0,1005.0,44.0,48.0,620.0,607.0,324.0,3822.0
215,700,ic,11,95.0,1088.0,1088.0,1.0,928.0,84.0,76.0,655.0,635.0,305.0,3816.0
215,700,ic,11,100.0,1139.0,1139.0,1.0,959.0,102.0,78.0,680.0,660.0,304.0,3863.0
215,700,ic,11,105.0,1227.0,1189.0,4.0,998.0,134.0,95.0,681.0,658.0,308.0,3930.0
215,700,ic,11,110.0,1262.0,1240.0,2.0,1007.0,141.0,114.0,722.0,698.0,348.0,4002.0
215,700,ic,11,115.0,1302.0,1223.0,6.0,994.0,181.0,127.0,748.0,725.0,323.0,4093.0
215,700,ic,11,120.0,1338.0,1308.0,3.0,1031.0,145.0,162.0,812.0,792.0,314.0,4059.0
215,700,ic,11,125.0,1322.0,1322.0,1.0,1027.0,120.0,175.0,810.0,796.0,344.0,4081.0
215,700,ic,11,130.0,1319.0,1319.0,1.0,1070.0,88.0,161.0,811.0,794.0,336.0,4093.0
215,700,ic,11,135.0,1452.0,1407.0,4.0,1054.0,175.0,223.0,854.0,837.0,369.0,4221.0
215,700,ic,2,0.0,723.0,710.0,2.0,710.0,13.0,0.0,438.0,431.0,158.0,3361.0
215,700,ic,2,5.0,659.0,659.0,1.0,659.0,0.0,0.0,367.0,351.0,208.0,3312.0
215,700,ic,2,10.0,752.0,706.0,4.0,628.0,104.0,20.0,386.0,369.0,214.0,3468.0
215,700,ic,2,15.0,688.0,688.0,1.0,676.0,6.0,6.0,398.0,368.0,240.0,3568.0
215,700,ic,2,20.0,791.0,765.0,3.0,722.0,46.0,23.0,402.0,383.0,246.0,3496.0
215,700,ic,2,25.0,839.0,797.0,4.0,782.0,41.0,16.0,424.0,405.0,242.0,3564.0
215,700,ic,2,30.0,857.0,811.0,3.0,739.0,80.0,38.0,451.0,431.0,261.0,3692.0
215,700,ic,2,35.0,874.0,849.0,3.0,789.0,46.0,39.0,496.0,486.0,232.0,3587.0
215,700,ic,2,40.0,884.0,870.0,2.0,824.0,39.0,21.0,479.0,463.0,291.0,3576.0
215,700,ic,2,45.0,964.0,924.0,3.0,862.0,68.0,34.0,536.0,518.0,262.0,3623.0
215,700,ic,2,50.0,944.0,916.0,3.0,878.0,33.0,33.0,536.0,518.0,281.0,3648.0
215,700,ic,2,55.0,1019.0,1005.0,2.0,939.0,23.0,57.0,590.0,572.0,286.0,3854.0
215,700,ic,2,60.0,992.0,992.0,1.0,841.0,76.0,75.0,585.0,560.0,291.0,3714.0
215,700,ic,2,65.0,1048.0,1015.0,2.0,848.0,105.0,95.0,629.0,599.0,302.0,3798.0
215,700,ic,2,70.0,1111.0,1111.0,1.0,850.0,79.0,182.0,637.0,624.0,285.0,3731.0
215,700,ic,2,75.0,1155.0,1122.0,2.0,825.0,174.0,156.0,657.0,637.0,310.0,3848.0
215,700,ic,2,80.0,1127.0,1127.0,1.0,824.0,145.0,158.0,659.0,638.0,323.0,3805.0
215,700,ic,2,85.0,1255.0,1228.0,3.0,858.0,205.0,192.0,677.0,653.0,319.0,3918.0
215,700,ic,2,90.0,1289.0,1251.0,3.0,891.0,196.0,202.0,704.0,671.0,374.0,4085.0
215,700,ic,2,95.0,1277.0,1265.0,2.0,931.0,161.0,185.0,743.0,724.0,364.0,4061.0
215,700,ic,2,100.0,1364.0,1334.0,3.0,990.0,138.0,236.0,772.0,753.0,341.0,4079.0
215,700,ic,2,105.0,1334.0,1316.0,2.0,968.0,142.0,224.0,771.0,749.0,363.0,4036.0
215,700,ic,2,110.0,1349.0,1337.0,2.0,983.0,159.0,207.0,833.0,813.0,324.0,4089.0
215,700,ic,2,115.0,1391.0,1373.0,2.0,977.0,170.0,244.0,825.0,807.0,361.0,4277.0
215,700,ic,2,120.0,1394.0,1394.0,1.0,982.0,221.0,191.0,841.0,827.0,314.0,4057.0
215,700,ic,2,125.0,1350.0,1350.0,1.0,937.0,240.0,173.0,852.0,830.0,327.0,4074.0
215,700,ic,2,130.0,1413.0,1413.0,1.0,978.0,161.0,274.0,868.0,853.0,359.0,4125.0
215,700,ic,3,0.0,723.0,710.0,2.0,710.0,13.0,0.0,438.0,431.0,158.0,3361.0
215,700,ic,3,5.0,687.0,663.0,2.0,663.0,24.0,0.0,358.0,340.0,210.0,3391.0
215,700,ic,3,10.0,705.0,705.0,1.0,665.0,24.0,16.0,405.0,382.0,223.0,3486.0
215,700,ic,3,15.0,739.0,739.0,1.0,627.0,63.0,49.0,399.0,386.0,236.0,3549.0
215,700,ic,3,20.0,857.0,833.0,3.0,773.0,42.0,42.0,450.0,425.0,255.0,3599.0
215,700,ic,3,25.0,870.0,846.0,3.0,768.0,48.0,54.0,462.0,437.0,237.0,3512.0
215,700,ic,3,30.0,862.0,850.0,2.0,750.0,53.0,59.0,465.0,445.0,248.0,3587.0
215,700,ic,3,35.0,893.0,856.0,3.0,778.0,58.0,57.0,497.0,478.0,254.0,3587.0
215,700,ic,3,40.0,894.0,869.0,3.0,749.0,87.0,58.0,499.0,479.0,278.0,3647.0
215,700,ic,3,45.0,924.0,924.0,1.0,816.0,49.0,59.0,520.0,496.0,296.0,3747.0
215,700,ic,3,50.0,982.0,958.0,3.0,864.0,48.0,70.0,562.0,537.0,310.0,3756.0
215,700,ic,3,55.0,1079.0,1079.0,1.0,913.0,65.0,101.0,604.0,580.0,297.0,3893.0
215,700,ic,3,60.0,1111.0,1086.0,2.0,926.0,90.0,95.0,623.0,600.0,307.0,3769.0
215,700,ic,3,65.0,1154.0,1142.0,2.0,934.0,102.0,118.0,662.0,630.0,325.0,3857.0
215,700,ic,3,70.0,1168.0,1168.0,1.0,915.0,108.0,145.0,650.0,623.0,347.0,3914.0
215,700,ic,3,75.0,1212.0,1212.0,1.0,924.0,128.0,160.0,725.0,712.0,327.0,3992.0
215,700,ic,3,80.0,1282.0,1250.0,3.0,960.0,150.0,172.0,726.0,713.0,339.0,4039.0
215,700,ic,3,85.0,1232.0,1220.0,2.0,935.0,141.0,156.0,765.0,753.0,326.0,3940.0
215,700,ic,3,90.0,1264.0,1264.0,1.0,977.0,120.0,167.0,768.0,755.0,321.0,3963.0
215,700,ic,3,95.0,1312.0,1298.0,2.0,1027.0,117.0,168.0,797.0,776.0,324.0,4088.0
215,700,ic,3,100.0,1310.0,1285.0,3.0,992.0,158.0,160.0,810.0,792.0,364.0,4065.0
215,700,ic,3,105.0,1328.0,1316.0,2.0,1051.0,131.0,146.0,843.0,813.0,358.0,4059.0
215,700,ic,3,110.0,1334.0,1334.0,1.0,1048.0,136.0,150.0,819.0,799.0,343.0,4064.0
215,700,ic,3,115.0,1466.0,1441.0,3.0,1118.0,192.0,156.0,836.0,800.0,399.0,4181.0
215,700,ic,4,0.0,723.0,710.0,2.0,710.0,13.0,0.0,438.0,431.0,158.0,3361.0
215,700,ic,4,5.0,627.0,614.0,2.0,614.0,13.0,0.0,372.0,354.0,208.0,3389.0
215,700,ic,4,10.0,645.0,631.0,2.0,625.0,10.0,10.0,362.0,345.0,206.0,3374.0
215,700,ic,4,15.0,715.0,715.0,1.0,629.0,46.0,40.0,371.0,363.0,222.0,3417.0
215,700,ic,4,20.0,758.0,734.0,3.0,626.0,88.0,44.0,380.0,358.0,255.0,3549.0
215,700,ic,4,25.0,731.0,689.0,3.0,660.0,42.0,29.0,375.0,363.0,231.0,3473.0
215,700,ic,4,30.0,812.0,800.0,2.0,754.0,31.0,27.0,459.0,429.0,263.0,3535.0
215,700,ic,4,35.0,821.0,809.0,2.0,723.0,65.0,33.0,448.0,435.0,241.0,3565.0
215,700,ic,4,40.0,892.0,864.0,3.0,780.0,74.0,38.0,476.0,444.0,285.0,3633.0
215,700,ic,4,45.0,917.0,905.0,2.0,730.0,128.0,59.0,478.0,453.0,305.0,3688.0
215,700,ic,4,50.0,896.0,884.0,2.0,703.0,110.0,83.0,512.0,491.0,290.0,3711.0
215,700,ic,4,55.0,983.0,942.0,3.0,749.0,144.0,90.0,545.0,517.0,289.0,3708.0
215,700,ic,4,60.0,957.0,957.0,1.0,763.0,109.0,85.0,561.0,543.0,279.0,3732.0
215,700,ic,4,65.0,1002.0,990.0,2.0,821.0,100.0,81.0,569.0,549.0,292.0,3808.0
215,700,ic,4,70.0,1065.0,1041.0,3.0,866.0,136.0,63.0,597.0,579.0,309.0,3798.0
215,700,ic,4,75.0,1151.0,1115.0,4.0,900.0,150.0,101.0,617.0,585.0,341.0,3976.0
215,700,ic,4,80.0,1163.0,1151.0,2.0,913.0,134.0,116.0,636.0,614.0,326.0,3907.0
215,700,ic,4,85.0,1094.0,1081.0,2.0,863.0,111.0,120.0,669.0,635.0,365.0,3900.0
215,700,ic,4,90.0,1131.0,1131.0,1.0,876.0,129.0,126.0,685.0,673.0,322.0,3941.0
215,700,ic,4,95.0,1162.0,1162.0,1.0,888.0,145.0,129.0,667.0,647.0,329.0,3845.0
215,700,ic,4,100.0,1248.0,1236.0,2.0,877.0,163.0,208.0,697.0,673.0,356.0,3999.0
215,700,ic,4,105.0,1269.0,1254.0,2.0,880.0,155.0,234.0,723.0,707.0,302.0,4016.0
215,700,ic,4,110.0,1292.0,1272.0,2.0,882.0,230.0,180.0,754.0,730.0,337.0,3968.0
215,700,ic,4,115.0,1329.0,1329.0,1.0,880.0,217.0,232.0,776.0,756.0,365.0,4024.0
215,700,ic,4,120.0,1371.0,1347.0,3.0,906.0,232.0,233.0,803.0,789.0,378.0,3995.0
215,700,ic,4,125.0,1401.0,1387.0,2.0,936.0,205.0,260.0,836.0,814.0,335.0,4013.0
215,700,ic,4,130.0,1354.0,1342.0,2.0,881.0,225.0,248.0,814.0,794.0,340.0,4009.0
215,700,ic,4,135.0,1355.0,1355.0,1.0,913.0,210.0,232.0,843.0,828.0,331.0,4111.0
215,700,ic,4,140.0,1437.0,1437.0,1.0,970.0,178.0,289.0,901.0,878.0,353.0,4132.0
215,700,ic,5,0.0,723.0,710.0,2.0,710.0,13.0,0.0,438.0,431.0,158.0,3361.0
215,700,ic,5,5.0,663.0,649.0,2.0,639.0,11.0,13.0,362.0,348.0,197.0,3355.0
215,700,ic,5,10.0,667.0,642.0,3.0,642.0,25.0,0.0,392.0,377.0,229.0,3500.0
215,700,ic,5,15.0,822.0,798.0,3.0,762.0,42.0,18.0,440.0,424.0,240.0,3492.0
215,700,ic,5,20.0,784.0,737.0,3.0,725.0,59.0,0.0,444.0,431.0,218.0,3546.0
215,700,ic,5,25.0,818.0,767.0,4.0,752.0,55.0,11.0,436.0,420.0,284.0,3580.0
215,700,ic,5,30.0,831.0,819.0,2.0,716.0,72.0,43.0,483.0,463.0,248.0,3533.0
215,700,ic,5,35.0,830.0,818.0,2.0,772.0,33.0,25.0,457.0,438.0,259.0,3521.0
215,700,ic,5,40.0,831.0,831.0,1.0,803.0,11.0,17.0,493.0,464.0,261.0,3574.0
215,700,ic,5,45.0,922.0,896.0,3.0,874.0,30.0,18.0,517.0,499.0,280.0,3630.0
215,700,ic,5,50.0,885.0,855.0,3.0,806.0,46.0,33.0,509.0,478.0,301.0,3741.0
215,700,ic,5,55.0,917.0,905.0,2.0,851.0,38.0,28.0,542.0,525.0,274.0,3654.0
215,700,ic,5,60.0,925.0,889.0,4.0,772.0,100.0,53.0,540.0,517.0,294.0,3746.0
215,700,ic,5,65.0,946.0,922.0,3.0,846.0,62.0,38.0,558.0,532.0,280.0,3767.0
215,700,ic,5,70.0,1007.0,995.0,2.0,911.0,46.0,50.0,576.0,558.0,304.0,3738.0
215,700,ic,5,75.0,1073.0,1061.0,2.0,936.0,72.0,65.0,594.0,575.0,285.0,3826.0
215,700,ic,5,80.0,1064.0,1052.0,2.0,921.0,79.0,64.0,597.0,578.0,306.0,3773.0
215,700,ic,5,85.0,1065.0,1065.0,1.0,940.0,64.0,61.0,618.0,593.0,318.0,3814.0
215,700,ic,5,90.0,1070.0,1045.0,3.0,929.0,85.0,56.0,605.0,582.0,334.0,3910.0
215,700,ic,5,95.0,1116.0,1104.0,2.0,946.0,84.0,86.0,667.0,640.0,349.0,3891.0
215,700,ic,5,100.0,1100.0,1072.0,3.0,957.0,89.0,54.0,661.0,635.0,334.0,3819.0
215,700,ic,5,105.0,1145.0,1108.0,4.0,944.0,125.0,76.0,696.0,673.0,356.0,3948.0
215,700,ic,5,110.0,1152.0,1152.0,1.0,958.0,109.0,85.0,691.0,668.0,354.0,3851.0
215,700,ic,5,115.0,1238.0,1226.0,2.0,969.0,130.0,139.0,695.0,674.0,344.0,4060.0
215,700,ic,5,120.0,1258.0,1231.0,3.0,957.0,159.0,142.0,751.0,726.0,347.0,4061.0
215,700,ic,5,125.0,1377.0,1347.0,3.0,1059.0,168.0,150.0,779.0,750.0,342.0,4078.0
215,700,ic,5,130.0,1353.0,1341.0,2.0,998.0,176.0,179.0,810.0,786.0,333.0,3917.0
215,700,ic,5,135.0,1388.0,1376.0,2.0,1016.0,177.0,195.0,838.0,821.0,354.0,4110.0
215,700,ic,5,140.0,1350.0,1350.0,1.0,957.0,209.0,184.0,842.0,828.0,319.0,4115.0
215,700,ic,5,145.0,1428.0,1401.0,3.0,1012.0,206.0,210.0,858.0,838.0,357.0,4034.0
215,700,ic,6,0.0,723.0,710.0,2.0,710.0,13.0,0.0,438.0,431.0,158.0,3361.0
215,700,ic,6,5.0,678.0,678.0,1.0,666.0,6.0,6.0,380.0,366.0,201.0,3329.0
215,700,ic,6,10.0,714.0,714.0,1.0,671.0,28.0,15.0,376.0,362.0,234.0,3450.0
215,700,ic,6,15.0,803.0,778.0,2.0,720.0,59.0,24.0,400.0,387.0,230.0,3590.0
215,700,ic,6,20.0,758.0,758.0,1.0,717.0,21.0,20.0,419.0,403.0,216.0,3480.0
215,700,ic,6,25.0,807.0,781.0,3.0,783.0,18.0,6.0,433.0,407.0,258.0,3544.0
215,700,ic,6,30.0,814.0,796.0,2.0,758.0,32.0,24.0,438.0,421.0,273.0,3581.0
215,700,ic,6,35.0,909.0,853.0,3.0,823.0,70.0,16.0,494.0,470.0,261.0,3614.0
215,700,ic,6,40.0,878.0,878.0,1.0,785.0,55.0,38.0,512.0,492.0,259.0,3696.0
215,700,ic,6,45.0,964.0,937.0,3.0,811.0,93.0,60.0,526.0,503.0,261.0,3640.0
215,700,ic,6,50.0,1028.0,1005.0,2.0,808.0,131.0,89.0,579.0,555.0,274.0,3851.0
215,700,ic,6,55.0,1031.0,1019.0,2.0,833.0,117.0,81.0,563.0,544.0,287.0,3875.0
215,700,ic,6,60.0,1016.0,1003.0,2.0,857.0,94.0,65.0,615.0,599.0,262.0,3810.0
215,700,ic,6,65.0,1043.0,1025.0,2.0,945.0,49.0,49.0,632.0,614.0,292.0,3833.0
215,700,ic,6,70.0,1134.0,1069.0,4.0,974.0,118.0,42.0,652.0,633.0,293.0,3806.0
215,700,ic,6,75.0,1156.0,1118.0,4.0,960.0,104.0,92.0,683.0,650.0,346.0,3964.0
215,700,ic,6,80.0,1215.0,1181.0,3.0,979.0,138.0,98.0,697.0,674.0,372.0,3890.0
215,700,ic,6,85.0,1209.0,1209.0,1.0,1031.0,78.0,100.0,683.0,666.0,322.0,3917.0
215,700,ic,6,90.0,1267.0,1255.0,2.0,1094.0,81.0,92.0,761.0,729.0,367.0,3971.0
215,700,ic,6,95.0,1314.0,1314.0,1.0,1136.0,81.0,97.0,780.0,752.0,399.0,4101.0
215,700,ic,6,100.0,1298.0,1298.0,1.0,1104.0,64.0,130.0,787.0,766.0,354.0,3982.0
215,700,ic,6,105.0,1413.0,1394.0,2.0,1200.0,60.0,153.0,809.0,788.0,368.0,4169.0
215,700,ic,6,110.0,1335.0,1308.0,3.0,1099.0,109.0,127.0,778.0,764.0,327.0,3977.0
215,700,ic,6,115.0,1339.0,1339.0,1.0,1151.0,63.0,125.0,805.0,785.0,352.0,3964.0
215,700,ic,6,120.0,1352.0,1352.0,1.0,1123.0,95.0,134.0,835.0,818.0,337.0,4091.0
215,700,ic,6,125.0,1390.0,1390.0,1.0,1151.0,100.0,139.0,837.0,819.0,334.0,4014.0
215,700,ic,6,130.0,1366.0,1354.0,2.0,1177.0,111.0,78.0,834.0,812.0,349.0,4020.0
215,700,ic,6,135.0,1411.0,1374.0,3.0,1194.0,112.0,105.0,858.0,845.0,339.0,4062.0
215,700,ic,6,140.0,1450.0,1450.0,1.0,1171.0,145.0,134.0,899.0,867.0,361.0,4169.0
215,700,ic,7,0.0,723.0,710.0,2.0,710.0,13.0,0.0,438.0,431.0,158.0,3361.0
215,700,ic,7,5.0,762.0,750.0,2.0,750.0,12.0,0.0,412.0,398.0,208.0,3394.0
215,700,ic,7,10.0,790.0,790.0,1.0,767.0,12.0,11.0,438.0,416.0,243.0,3534.0
215,700,ic,7,15.0,776.0,764.0,2.0,764.0,12.0,0.0,424.0,405.0,235.0,3425.0
215,700,ic,7,20.0,866.0,852.0,2.0,822.0,28.0,16.0,458.0,449.0,261.0,3573.0
215,700,ic,7,25.0,952.0,930.0,2.0,901.0,37.0,14.0,469.0,447.0,257.0,3641.0
215,700,ic,7,30.0,894.0,894.0,1.0,882.0,12.0,0.0,515.0,489.0,267.0,3585.0
215,700,ic,7,35.0,909.0,909.0,1.0,839.0,34.0,36.0,511.0,491.0,272.0,3726.0
215,700,ic,7,40.0,960.0,936.0,3.0,880.0,58.0,22.0,546.0,521.0,282.0,3599.0
215,700,ic,7,45.0,934.0,902.0,3.0,878.0,34.0,22.0,551.0,525.0,300.0,3773.0
215,700,ic,7,50.0,1021.0,997.0,3.0,932.0,38.0,51.0,563.0,537.0,332.0,3838.0
215,700,ic,7,55.0,987.0,987.0,1.0,923.0,31.0,33.0,576.0,544.0,344.0,3840.0
215,700,ic,7,60.0,1039.0,1007.0,3.0,943.0,47.0,49.0,581.0,554.0,321.0,3743.0
215,700,ic,7,65.0,1094.0,1082.0,2.0,983.0,56.0,55.0,637.0,619.0,308.0,3744.0
215,700,ic,7,70.0,1145.0,1114.0,3.0,1028.0,53.0,64.0,639.0,610.0,366.0,3821.0
215,700,ic,7,75.0,1216.0,1216.0,1.0,1060.0,41.0,115.0,687.0,667.0,301.0,3873.0
215,700,ic,7,80.0,1273.0,1273.0,1.0,1073.0,71.0,129.0,721.0,701.0,345.0,3885.0
215,700,ic,7,85.0,1315.0,1291.0,3.0,1095.0,106.0,114.0,724.0,698.0,364.0,4001.0
215,700,ic,7,90.0,1361.0,1348.0,2.0,1114.0,111.0,136.0,747.0,715.0,387.0,4105.0
215,700,ic,7,95.0,1361.0,1349.0,2.0,1107.0,92.0,162.0,751.0,729.0,362.0,4076.0
215,700,ic,7,100.0,1382.0,1370.0,2.0,1146.0,92.0,144.0,810.0,794.0,354.0,3999.0
215,700,ic,7,105.0,1404.0,1404.0,1.0,1135.0,92.0,177.0,809.0,783.0,368.0,4145.0
215,700,ic,8,0.0,723.0,710.0,2.0,710.0,13.0,0.0,438.0,431.0,158.0,3361.0
215,700,ic,8,5.0,676.0,664.0,2.0,664.0,12.0,0.0,362.0,352.0,185.0,3357.0
215,700,ic,8,10.0,743.0,719.0,3.0,695.0,36.0,12.0,405.0,390.0,230.0,3398.0
215,700,ic,8,15.0,782.0,756.0,3.0,750.0,15.0,17.0,401.0,387.0,206.0,3543.0
215,700,ic,8,20.0,801.0,801.0,1.0,764.0,31.0,6.0,455.0,435.0,229.0,3628.0
215,700,ic,8,25.0,882.0,858.0,2.0,799.0,58.0,25.0,468.0,451.0,262.0,3487.0
215,700,ic,8,30.0,938.0,879.0,3.0,782.0,88.0,68.0,523.0,507.0,252.0,3716.0
215,700,ic,8,35.0,943.0,931.0,2.0,762.0,99.0,82.0,550.0,533.0,252.0,3735.0
215,700,ic,8,40.0,994.0,982.0,2.0,862.0,88.0,44.0,570.0,539.0,325.0,3748.0
215,700,ic,8,45.0,1089.0,1041.0,5.0,932.0,113.0,44.0,597.0,573.0,329.0,3804.0
215,700,ic,8,50.0,1100.0,1076.0,3.0,947.0,101.0,52.0,665.0,636.0,320.0,3943.0
215,700,ic,8,55.0,1100.0,1076.0,3.0,937.0,106.0,57.0,677.0,659.0,294.0,3771.0
215,700,ic,8,60.0,1197.0,1197.0,1.0,1053.0,77.0,67.0,728.0,697.0,342.0,3941.0
215,700,ic,8,65.0,1210.0,1210.0,1.0,984.0,144.0,82.0,695.0,676.0,298.0,3957.0
215,700,ic,8,70.0,1252.0,1252.0,1.0,1039.0,109.0,104.0,726.0,705.0,341.0,3954.0
215,700,ic,8,75.0,1214.0,1214.0,1.0,1011.0,101.0,102.0,739.0,719.0,346.0,3970.0
215,700,ic,8,80.0,1265.0,1265.0,1.0,981.0,125.0,159.0,767.0,749.0,315.0,3985.0
215,700,ic,8,85.0,1335.0,1335.0,1.0,1017.0,155.0,163.0,797.0,777.0,347.0,3998.0
215,700,ic,8,90.0,1408.0,1396.0,2.0,1104.0,152.0,152.0,846.0,826.0,346.0,4025.0
215,700,ic,8,95.0,1373.0,1360.0,2.0,1085.0,135.0,153.0,823.0,799.0,369.0,4022.0
215,700,ic,8,100.0,1439.0,1439.0,1.0,1046.0,190.0,203.0,888.0,855.0,345.0,4143.0
215,700,ic,9,0.0,723.0,710.0,2.0,710.0,13.0,0.0,438.0,431.0,158.0,3361.0
215,700,ic,9,5.0,723.0,703.0,2.0,703.0,20.0,0.0,379.0,360.0,218.0,3451.0
215,700,ic,9,10.0,742.0,728.0,2.0,718.0,15.0,9.0,391.0,371.0,232.0,3500.0
215,700,ic,9,15.0,741.0,727.0,2.0,696.0,22.0,23.0,398.0,377.0,245.0,3543.0
215,700,ic,9,20.0,769.0,757.0,2.0,684.0,50.0,35.0,398.0,381.0,236.0,3504.0
215,700,ic,9,25.0,860.0,812.0,5.0,716.0,118.0,26.0,419.0,394.0,290.0,3571.0
215,700,ic,9,30.0,824.0,786.0,4.0,696.0,81.0,47.0,448.0,420.0,270.0,3573.0
215,700,ic,9,35.0,817.0,805.0,2.0,706.0,64.0,47.0,469.0,444.0,268.0,3603.0
215,700,ic,9,40.0,855.0,843.0,2.0,696.0,95.0,64.0,484.0,460.0,286.0,3587.0
215,700,ic,9,45.0,864.0,850.0,2.0,768.0,45.0,51.0,470.0,454.0,256.0,3587.0
215,700,ic,9,50.0,897.0,885.0,2.0,762.0,81.0,54.0,521.0,490.0,300.0,3627.0
215,700,ic,9,55.0,1021.0,1002.0,2.0,881.0,79.0,61.0,543.0,517.0,314.0,3675.0
215,700,ic,9,60.0,1143.0,1143.0,1.0,933.0,101.0,109.0,605.0,577.0,340.0,3857.0
215,700,ic,9,65.0,1094.0,1094.0,1.0,945.0,82.0,67.0,620.0,607.0,301.0,3846.0
215,700,ic,9,70.0,1113.0,1101.0,2.0,988.0,78.0,47.0,660.0,643.0,302.0,3840.0
215,700,ic,9,75.0,1165.0,1137.0,3.0,1033.0,82.0,50.0,670.0,648.0,322.0,3924.0
215,700,ic,9,80.0,1174.0,1174.0,1.0,1033.0,68.0,73.0,692.0,672.0,334.0,4013.0
215,700,ic,9,85.0,1183.0,1171.0,2.0,996.0,105.0,82.0,682.0,657.0,355.0,3856.0
215,700,ic,9,90.0,1250.0,1238.0,2.0,1015.0,133.0,102.0,688.0,661.0,359.0,3856.0
215,700,ic,9,95.0,1219.0,1219.0,1.0,1039.0,67.0,113.0,712.0,696.0,347.0,3924.0
215,700,ic,9,100.0,1348.0,1322.0,3.0,1111.0,71.0,166.0,787.0,751.0,368.0,4006.0
215,700,ic,9,105.0,1370.0,1370.0,1.0,1105.0,88.0,177.0,796.0,765.0,389.0,4067.0
215,700,ic,9,110.0,1387.0,1375.0,2.0,1124.0,111.0,152.0,813.0,785.0,375.0,4142.0
215,700,ic,9,115.0,1452.0,1452.0,1.0,1146.0,145.0,161.0,813.0,801.0,351.0,4067.0
225,100,ic,0,0.0,113.0,87.0,3.0,87.0,26.0,0.0,56.0,38.0,83.0,2884.0
225,100,ic,0,5.0,26.0,14.0,2.0,14.0,12.0,0.0,8.0,1.0,61.0,2976.0
225,100,ic,1,0.0,113.0,87.0,3.0,87.0,26.0,0.0,56.0,38.0,83.0,2884.0
225,100,ic,1,5.0,24.0,12.0,2.0,0.0,24.0,0.0,19.0,2.0,40.0,3005.0
225,100,ic,10,0.0,113.0,87.0,3.0,87.0,26.0,0.0,56.0,38.0,83.0,2884.0
225,100,ic,10,5.0,24.0,12.0,2.0,0.0,24.0,0.0,19.0,2.0,66.0,2983.0
225,100,ic,11,0.0,113.0,87.0,3.0,87.0,26.0,0.0,56.0,38.0,83.0,2884.0
225,100,ic,11,5.0,52.0,29.0,2.0,52.0,0.0,0.0,13.0,1.0,39.0,2922.0
225,100,ic,11,10.0,30.0,18.0,2.0,18.0,12.0,0.0,16.0,3.0,58.0,2904.0
225,100,ic,2,0.0,113.0,87.0,3.0,87.0,26.0,0.0,56.0,38.0,83.0,2884.0
225,100,ic,2,5.0,15.0,15.0,1.0,15.0,0.0,0.0,4.0,1.0,36.0,2881.0
225,100,ic,3,0.0,113.0,87.0,3.0,87.0,26.0,0.0,56.0,38.0,83.0,2884.0
225,100,ic,3,5.0,30.0,16.0,2.0,30.0,0.0,0.0,13.0,1.0,54.0,2901.0
225,100,ic,4,0.0,113.0,87.0,3.0,87.0,26.0,0.0,56.0,38.0,83.0,2884.0
225,100,ic,4,5.0,12.0,12.0,1.0,0.0,12.0,0.0,18.0,2.0,51.0,2974.0
225,100,ic,5,0.0,113.0,87.0,3.0,87.0,26.0,0.0,56.0,38.0,83.0,2884.0
225,100,ic,5,5.0,37.0,13.0,3.0,0.0,37.0,0.0,9.0,1.0,49.0,2976.0
225,100,ic,6,0.0,113.0,87.0,3.0,87.0,26.0,0.0,56.0,38.0,83.0,2884.0
225,100,ic,6,5.0,23.0,23.0,1.0,0.0,23.0,0.0,9.0,1.0,50.0,2917.0
225,100,ic,6,10.0,21.0,21.0,1.0,0.0,21.0,0.0,16.0,2.0,44.0,2990.0
225,100,ic,6,15.0,12.0,12.0,1.0,0.0,12.0,0.0,11.0,3.0,42.0,2971.0
225,100,ic,7,0.0,113.0,87.0,3.0,87.0,26.0,0.0,56.0,38.0,83.0,2884.0
225,100,ic,7,5.0,12.0,12.0,1.0,0.0,12.0,0.0,16.0,2.0,36.0,2928.0
225,100,ic,8,0.0,113.0,87.0,3.0,87.0,26.0,0.0,56.0,38.0,83.0,2884.0
225,100,ic,8,5.0,33.0,21.0,2.0,0.0,33.0,0.0,10.0,2.0,14.0,2994.0
225,100,ic,8,10.0,24.0,12.0,2.0,0.0,24.0,0.0,10.0,1.0,29.0,2870.0
225,100,ic,9,0.0,113.0,87.0,3.0,87.0,26.0,0.0,56.0,38.0,83.0,2884.0
225,100,ic,9,5.0,0.0,0.0,0.0,0.0,0.0,0.0,16.0,2.0,31.0,2928.0
225,100,ic,9,10.0,51.0,25.0,3.0,14.0,37.0,0.0,11.0,2.0,30.0,3033.0
225,100,ic,9,15.0,36.0,12.0,3.0,0.0,36.0,0.0,13.0,1.0,51.0,2882.0
225,200,ic,0,0.0,230.0,218.0,2.0,198.0,30.0,2.0,111.0,92.0,90.0,2918.0
225,200,ic,0,5.0,89.0,53.0,3.0,53.0,36.0,0.0,8.0,2.0,54.0,3043.0
225,200,ic,0,10.0,24.0,12.0,2.0,0.0,24.0,0.0,12.0,2.0,36.0,2855.0
225,200,ic,1,0.0,230.0,218.0,2.0,198.0,30.0,2.0,111.0,92.0,90.0,2918.0
225,200,ic,1,5.0,173.0,173.0,1.0,137.0,36.0,0.0,51.0,36.0,99.0,3049.0
225,200,ic,1,10.0,127.0,113.0,2.0,114.0,7.0,6.0,36.0,28.0,83.0,2987.0
225,200,ic,1,15.0,156.0,120.0,4.0,120.0,36.0,0.0,51.0,37.0,81.0,3002.0
225,200,ic,1,20.0,121.0,97.0,3.0,97.0,24.0,0.0,43.0,20.0,106.0,2943.0
225,200,ic,1,25.0,118.0,105.0,2.0,93.0,19.0,6.0,47.0,24.0,97.0,2902.0
225,200,ic,1,30.0,103.0,66.0,4.0,66.0,37.0,0.0,29.0,9.0,60.0,2932.0
225,200,ic,1,35.0,42.0,42.0,1.0,42.0,0.0,0.0,12.0,2.0,47.0,3090.0
225,200,ic,1,40.0,0.0,0.0,0.0,0.0,0.0,0.0,8.0,1.0,39.0,2878.0
225,200,ic,1,45.0,24.0,12.0,2.0,0.0,24.0,0.0,16.0,2.0,60.0,2973.0
225,200,ic,10,0.0,230.0,218.0,2.0,198.0,30.0,2.0,111.0,92.0,90.0,2918.0
225,200,ic,10,5.0,94.0,94.0,1.0,94.0,0.0,0.0,22.0,15.0,72.0,2889.0
225,200,ic,10,10.0,0.0,0.0,0.0,0.0,0.0,0.0,8.0,1.0,23.0,2928.0
225,200,ic,10,15.0,14.0,14.0,1.0,14.0,0.0,0.0,14.0,1.0,52.0,3050.0
225,200,ic,11,0.0,230.0,218.0,2.0,198.0,30.0,2.0,111.0,92.0,90.0,2918.0
225,200,ic,11,5.0,265.0,162.0,5.0,181.0,84.0,0.0,68.0,51.0,92.0,3096.0
225,200,ic,11,10.0,175.0,149.0,3.0,151.0,18.0,6.0,62.0,52.0,93.0,2974.0
225,200,ic,11,15.0,181.0,181.0,1.0,149.0,16.0,16.0,65.0,47.0,90.0,3023.0
225,200,ic,11,20.0,177.0,138.0,3.0,154.0,23.0,0.0,54.0,39.0,87.0,2954.0
225,200,ic,11,25.0,124.0,112.0,2.0,100.0,18.0,6.0,58.0,39.0,110.0,2934.0
225,200,ic,11,30.0,160.0,120.0,4.0,134.0,26.0,0.0,58.0,34.0,128.0,2994.0
225,200,ic,11,35.0,140.0,110.0,3.0,128.0,12.0,0.0,51.0,27.0,76.0,2959.0
225,200,ic,11,40.0,160.0,106.0,5.0,94.0,60.0,6.0,44.0,30.0,84.0,2955.0
225,200,ic,11,45.0,134.0,110.0,3.0,110.0,24.0,0.0,44.0,30.0,88.0,3041.0
225,200,ic,11,50.0,116.0,98.0,2.0,73.0,31.0,12.0,26.0,11.0,70.0,2908.0
225,200,ic,11,55.0,91.0,64.0,3.0,67.0,18.0,6.0,20.0,8.0,53.0,2921.0
225,200,ic,11,60.0,53.0,53.0,1.0,53.0,0.0,0.0,23.0,12.0,53.0,2931.0
225,200,ic,11,65.0,55.0,25.0,3.0,43.0,12.0,0.0,15.0,2.0,55.0,2939.0
225,200,ic,11,70.0,38.0,26.0,2.0,26.0,12.0,0.0,18.0,9.0,43.0,2930.0
225,200,ic,11,75.0,40.0,14.0,3.0,28.0,12.0,0.0,17.0,2.0,50.0,2949.0
225,200,ic,2,0.0,230.0,218.0,2.0,198.0,30.0,2.0,111.0,92.0,90.0,2918.0
225,200,ic,2,5.0,108.0,96.0,2.0,96.0,12.0,0.0,37.0,19.0,75.0,2967.0
225,200,ic,2,10.0,105.0,79.0,3.0,93.0,12.0,0.0,37.0,15.0,87.0,2848.0
225,200,ic,2,15.0,94.0,70.0,3.0,46.0,40.0,8.0,20.0,6.0,56.0,2957.0
225,200,ic,2,20.0,0.0,0.0,0.0,0.0,0.0,0.0,6.0,1.0,37.0,2901.0
225,200,ic,2,25.0,12.0,12.0,1.0,0.0,12.0,0.0,14.0,1.0,56.0,2762.0
225,200,ic,3,0.0,230.0,218.0,2.0,198.0,30.0,2.0,111.0,92.0,90.0,2918.0
225,200,ic,3,5.0,147.0,121.0,3.0,135.0,12.0,0.0,30.0,22.0,88.0,2947.0
225,200,ic,3,10.0,116.0,66.0,3.0,66.0,50.0,0.0,28.0,6.0,65.0,2926.0
225,200,ic,3,15.0,12.0,12.0,1.0,0.0,12.0,0.0,14.0,1.0,54.0,2947.0
225,200,ic,4,0.0,230.0,218.0,2.0,198.0,30.0,2.0,111.0,92.0,90.0,2918.0
225,200,ic,4,5.0,50.0,50.0,1.0,50.0,0.0,0.0,21.0,1.0,83.0,3002.0
225,200,ic,4,10.0,89.0,63.0,3.0,65.0,18.0,6.0,20.0,5.0,68.0,3013.0
225,200,ic,4,15.0,73.0,73.0,1.0,61.0,12.0,0.0,26.0,16.0,62.0,3043.0
225,200,ic,4,20.0,52.0,52.0,1.0,40.0,6.0,6.0,18.0,5.0,69.0,2915.0
225,200,ic,4,25.0,36.0,12.0,3.0,0.0,36.0,0.0,14.0,1.0,51.0,2969.0
225,200,ic,5,0.0,230.0,218.0,2.0,198.0,30.0,2.0,111.0,92.0,90.0,2918.0
225,200,ic,5,5.0,53.0,41.0,2.0,41.0,12.0,0.0,19.0,8.0,55.0,3020.0
225,200,ic,5,10.0,14.0,14.0,1.0,14.0,0.0,0.0,13.0,1.0,38.0,2793.0
225,200,ic,6,0.0,230.0,218.0,2.0,198.0,30.0,2.0,111.0,92.0,90.0,2918.0
225,200,ic,6,5.0,149.0,124.0,2.0,112.0,31.0,6.0,37.0,20.0,82.0,2992.0
225,200,ic,6,10.0,85.0,73.0,2.0,73.0,12.0,0.0,29.0,13.0,76.0,2897.0
225,200,ic,6,15.0,81.0,81.0,1.0,81.0,0.0,0.0,32.0,20.0,68.0,3043.0
225,200,ic,6,20.0,76.0,62.0,2.0,64.0,12.0,0.0,13.0,5.0,57.0,2988.0
225,200,ic,6,25.0,110.0,73.0,3.0,49.0,54.0,7.0,17.0,12.0,55.0,2933.0
225,200,ic,6,30.0,22.0,22.0,1.0,22.0,0.0,0.0,25.0,2.0,63.0,2919.0
225,200,ic,6,35.0,24.0,12.0,2.0,0.0,24.0,0.0,9.0,2.0,47.0,2972.0
225,200,ic,7,0.0,230.0,218.0,2.0,198.0,30.0,2.0,111.0,92.0,90.0,2918.0
225,200,ic,7,5.0,129.0,129.0,1.0,129.0,0.0,0.0,48.0,26.0,96.0,2985.0
225,200,ic,7,10.0,114.0,102.0,2.0,102.0,12.0,0.0,45.0,31.0,101.0,3105.0
225,200,ic,7,15.0,190.0,149.0,4.0,166.0,15.0,9.0,42.0,27.0,76.0,2897.0
225,200,ic,7,20.0,131.0,95.0,4.0,95.0,36.0,0.0,49.0,35.0,106.0,3030.0
225,200,ic,7,25.0,127.0,103.0,2.0,91.0,30.0,6.0,39.0,23.0,69.0,3008.0
225,200,ic,7,30.0,97.0,85.0,2.0,85.0,12.0,0.0,34.0,10.0,95.0,3096.0
225,200,ic,7,35.0,191.0,102.0,6.0,97.0,89.0,5.0,15.0,5.0,75.0,2983.0
225,200,ic,7,40.0,26.0,26.0,1.0,0.0,26.0,0.0,13.0,3.0,45.0,2989.0
225,200,ic,7,45.0,0.0,0.0,0.0,0.0,0.0,0.0,16.0,3.0,27.0,2859.0
225,200,ic,7,50.0,36.0,12.0,3.0,0.0,36.0,0.0,7.0,2.0,50.0,3067.0
225,200,ic,8,0.0,230.0,218.0,2.0,198.0,30.0,2.0,111.0,92.0,90.0,2918.0
225,200,ic,8,5.0,137.0,125.0,2.0,125.0,12.0,0.0,41.0,24.0,101.0,3038.0
225,200,ic,8,10.0,97.0,73.0,3.0,73.0,24.0,0.0,27.0,12.0,83.0,2945.0
225,200,ic,8,15.0,38.0,26.0,2.0,26.0,12.0,0.0,13.0,3.0,50.0,2939.0
225,200,ic,8,20.0,12.0,12.0,1.0,0.0,12.0,0.0,12.0,2.0,51.0,2914.0
225,200,ic,9,0.0,230.0,218.0,2.0,198.0,30.0,2.0,111.0,92.0,90.0,2918.0
225,200,ic,9,5.0,148.0,124.0,3.0,112.0,30.0,6.0,43.0,21.0,113.0,2959.0
225,200,ic,9,10.0,105.0,69.0,4.0,69.0,36.0,0.0,32.0,3.0,91.0,2891.0
225,200,ic,9,15.0,38.0,13.0,3.0,0.0,38.0,0.0,14.0,3.0,38.0,2949.0
225,300,ic,0,0.0,336.0,324.0,2.0,324.0,12.0,0.0,176.0,161.0,93.0,2962.0
225,300,ic,0,5.0,237.0,213.0,3.0,201.0,33.0,3.0,85.0,67.0,103.0,3027.0
225,300,ic,0,10.0,200.0,200.0,1.0,167.0,16.0,17.0,85.0,74.0,92.0,3053.0
225,300,ic,0,15.0,230.0,206.0,3.0,169.0,43.0,18.0,86.0,75.0,84.0,3104.0
225,300,ic,0,20.0,200.0,200.0,1.0,180.0,10.0,10.0,92.0,67.0,119.0,3011.0
225,300,ic,0,25.0,278.0,242.0,4.0,221.0,47.0,10.0,101.0,90.0,119.0,3005.0
225,300,ic,0,30.0,287.0,287.0,1.0,259.0,3.0,25.0,96.0,85.0,118.0,3050.0
225,300,ic,0,35.0,259.0,247.0,2.0,227.0,22.0,10.0,93.0,82.0,125.0,3017.0
225,300,ic,0,40.0,255.0,209.0,4.0,211.0,33.0,11.0,88.0,78.0,124.0,3093.0
225,300,ic,0,45.0,228.0,216.0,2.0,182.0,29.0,17.0,100.0,80.0,125.0,3032.0
225,300,ic,0,50.0,195.0,171.0,3.0,171.0,24.0,0.0,86.0,68.0,94.0,2976.0
225,300,ic,0,55.0,215.0,190.0,3.0,190.0,25.0,0.0,68.0,50.0,104.0,2941.0
225,300,ic,0,60.0,193.0,193.0,1.0,131.0,47.0,15.0,70.0,55.0,100.0,3065.0
225,300,ic,0,65.0,206.0,180.0,2.0,134.0,51.0,21.0,56.0,40.0,79.0,2886.0
225,300,ic,0,70.0,139.0,103.0,4.0,103.0,36.0,0.0,44.0,25.0,87.0,2988.0
225,300,ic,0,75.0,111.0,99.0,2.0,99.0,12.0,0.0,46.0,30.0,94.0,2904.0
225,300,ic,0,80.0,162.0,148.0,2.0,121.0,21.0,20.0,68.0,50.0,87.0,2962.0
225,300,ic,0,85.0,168.0,156.0,2.0,100.0,52.0,16.0,65.0,40.0,106.0,3020.0
225,300,ic,0,90.0,88.0,88.0,1.0,62.0,5.0,21.0,39.0,28.0,62.0,2990.0
225,300,ic,0,95.0,118.0,118.0,1.0,92.0,13.0,13.0,40.0,23.0,90.0,3041.0
225,300,ic,0,100.0,185.0,113.0,4.0,109.0,56.0,20.0,50.0,26.0,91.0,3067.0
225,300,ic,0,105.0,185.0,134.0,5.0,116.0,53.0,16.0,51.0,39.0,93.0,2908.0
225,300,ic,0,110.0,159.0,111.0,5.0,85.0,61.0,13.0,41.0,17.0,98.0,2996.0
225,300,ic,0,115.0,80.0,67.0,2.0,41.0,26.0,13.0,25.0,14.0,41.0,2916.0
225,300,ic,0,120.0,24.0,24.0,1.0,0.0,24.0,0.0,8.0,1.0,60.0,2987.0
225,300,ic,0,125.0,0.0,0.0,0.0,0.0,0.0,0.0,14.0,2.0,46.0,2971.0
225,300,ic,0,130.0,64.0,28.0,4.0,0.0,64.0,0.0,17.0,2.0,59.0,2997.0
225,300,ic,0,135.0,62.0,25.0,4.0,0.0,62.0,0.0,14.0,2.0,38.0,2893.0
225,300,ic,0,140.0,12.0,12.0,1.0,0.0,12.0,0.0,8.0,1.0,38.0,2874.0
225,300,ic,1,0.0,336.0,324.0,2.0,324.0,12.0,0.0,176.0,161.0,93.0,2962.0
225,300,ic,1,5.0,223.0,211.0,2.0,199.0,18.0,6.0,94.0,81.0,116.0,3087.0
225,300,ic,1,10.0,222.0,210.0,2.0,198.0,18.0,6.0,71.0,60.0,107.0,2973.0
225,300,ic,1,15.0,183.0,161.0,2.0,161.0,22.0,0.0,64.0,50.0,103.0,2996.0
225,300,ic,1,20.0,149.0,124.0,3.0,124.0,25.0,0.0,58.0,38.0,90.0,2948.0
225,300,ic,1,25.0,172.0,160.0,2.0,125.0,41.0,6.0,58.0,44.0,89.0,3005.0
225,300,ic,1,30.0,128.0,116.0,2.0,116.0,12.0,0.0,52.0,39.0,67.0,2953.0
225,300,ic,1,35.0,225.0,154.0,4.0,142.0,71.0,12.0,55.0,40.0,91.0,2972.0
225,300,ic,1,40.0,108.0,94.0,2.0,108.0,0.0,0.0,25.0,12.0,74.0,2927.0
225,300,ic,1,45.0,107.0,81.0,2.0,81.0,26.0,0.0,31.0,17.0,71.0,3070.0
225,300,ic,1,50.0,76.0,62.0,2.0,76.0,0.0,0.0,26.0,10.0,67.0,3017.0
225,300,ic,1,55.0,53.0,53.0,1.0,53.0,0.0,0.0,14.0,2.0,60.0,2897.0
225,300,ic,1,60.0,101.0,65.0,3.0,65.0,36.0,0.0,19.0,6.0,66.0,3010.0
225,300,ic,1,65.0,43.0,29.0,2.0,43.0,0.0,0.0,21.0,1.0,77.0,2943.0
225,300,ic,1,70.0,12.0,12.0,1.0,0.0,12.0,0.0,14.0,2.0,53.0,2923.0
225,300,ic,10,0.0,336.0,324.0,2.0,324.0,12.0,0.0,176.0,161.0,93.0,2962.0
225,300,ic,10,5.0,274.0,248.0,2.0,248.0,26.0,0.0,88.0,82.0,115.0,3118.0
225,300,ic,10,10.0,273.0,249.0,3.0,249.0,24.0,0.0,94.0,73.0,125.0,3030.0
225,300,ic,10,15.0,176.0,176.0,1.0,176.0,0.0,0.0,79.0,64.0,129.0,3092.0
225,300,ic,10,20.0,223.0,193.0,3.0,187.0,24.0,12.0,89.0,65.0,112.0,2945.0
225,300,ic,10,25.0,198.0,174.0,3.0,118.0,52.0,28.0,68.0,47.0,118.0,3058.0
225,300,ic,10,30.0,155.0,155.0,1.0,117.0,18.0,20.0,49.0,33.0,68.0,2917.0
225,300,ic,10,35.0,154.0,119.0,3.0,107.0,41.0,6.0,42.0,29.0,62.0,2915.0
225,300,ic,10,40.0,116.0,116.0,1.0,104.0,6.0,6.0,41.0,34.0,61.0,2907.0
225,300,ic,10,45.0,158.0,134.0,3.0,99.0,39.0,20.0,44.0,30.0,82.0,2926.0
225,300,ic,10,50.0,103.0,79.0,2.0,71.0,6.0,26.0,27.0,15.0,92.0,2901.0
225,300,ic,10,55.0,52.0,26.0,3.0,28.0,24.0,0.0,17.0,2.0,52.0,2997.0
225,300,ic,10,60.0,42.0,18.0,3.0,18.0,24.0,0.0,16.0,1.0,72.0,3123.0
225,300,ic,11,0.0,336.0,324.0,2.0,324.0,12.0,0.0,176.0,161.0,93.0,2962.0
225,300,ic,11,5.0,296.0,284.0,2.0,247.0,46.0,3.0,102.0,89.0,116.0,3190.0
225,300,ic,11,10.0,332.0,229.0,6.0,232.0,98.0,2.0,89.0,73.0,118.0,2947.0
225,300,ic,11,15.0,232.0,214.0,2.0,232.0,0.0,0.0,94.0,63.0,144.0,3045.0
225,300,ic,11,20.0,185.0,185.0,1.0,185.0,0.0,0.0,75.0,62.0,106.0,3017.0
225,300,ic,11,25.0,186.0,174.0,2.0,174.0,12.0,0.0,80.0,66.0,113.0,3180.0
225,300,ic,11,30.0,210.0,198.0,2.0,170.0,26.0,14.0,81.0,68.0,128.0,3041.0
225,300,ic,11,35.0,213.0,213.0,1.0,177.0,19.0,17.0,90.0,80.0,97.0,3114.0
225,300,ic,11,40.0,205.0,205.0,1.0,193.0,12.0,0.0,80.0,70.0,86.0,3082.0
225,300,ic,11,45.0,182.0,182.0,1.0,182.0,0.0,0.0,84.0,70.0,96.0,3018.0
225,300,ic,11,50.0,166.0,146.0,2.0,134.0,26.0,6.0,65.0,49.0,126.0,3066.0
225,300,ic,11,55.0,127.0,127.0,1.0,89.0,21.0,17.0,49.0,37.0,80.0,2991.0
225,300,ic,11,60.0,106.0,106.0,1.0,106.0,0.0,0.0,50.0,35.0,70.0,2965.0
225,300,ic,11,65.0,101.0,101.0,1.0,101.0,0.0,0.0,40.0,29.0,78.0,2982.0
225,300,ic,11,70.0,117.0,117.0,1.0,97.0,10.0,10.0,47.0,37.0,76.0,3023.0
225,300,ic,11,75.0,127.0,127.0,1.0,99.0,14.0,14.0,48.0,31.0,111.0,2963.0
225,300,ic,11,80.0,162.0,135.0,3.0,121.0,27.0,14.0,53.0,40.0,84.0,3023.0
225,300,ic,11,85.0,142.0,106.0,3.0,106.0,36.0,0.0,39.0,28.0,73.0,2987.0
225,300,ic,11,90.0,120.0,108.0,2.0,69.0,35.0,16.0,36.0,18.0,69.0,2988.0
225,300,ic,11,95.0,129.0,129.0,1.0,89.0,20.0,20.0,63.0,48.0,80.0,3074.0
225,300,ic,11,100.0,177.0,153.0,3.0,103.0,51.0,23.0,51.0,41.0,79.0,3055.0
225,300,ic,11,105.0,137.0,137.0,1.0,96.0,21.0,20.0,45.0,36.0,77.0,3032.0
225,300,ic,11,110.0,132.0,107.0,3.0,79.0,39.0,14.0,37.0,29.0,88.0,2942.0
225,300,ic,11,115.0,105.0,92.0,2.0,80.0,19.0,6.0,40.0,29.0,109.0,2960.0
225,300,ic,11,120.0,132.0,105.0,3.0,91.0,30.0,11.0,37.0,28.0,74.0,2917.0
225,300,ic,11,125.0,168.0,120.0,3.0,82.0,59.0,27.0,40.0,26.0,82.0,2946.0
225,300,ic,11,130.0,127.0,115.0,2.0,58.0,40.0,29.0,43.0,36.0,77.0,2941.0
225,300,ic,11,135.0,109.0,95.0,2.0,59.0,31.0,19.0,37.0,25.0,65.0,2946.0
225,300,ic,11,140.0,95.0,57.0,3.0,57.0,38.0,0.0,23.0,11.0,63.0,2948.0
225,300,ic,11,145.0,42.0,30.0,2.0,18.0,24.0,0.0,18.0,2.0,71.0,2863.0
225,300,ic,11,150.0,12.0,12.0,1.0,0.0,12.0,0.0,7.0,1.0,48.0,2836.0
225,300,ic,2,0.0,336.0,324.0,2.0,324.0,12.0,0.0,176.0,161.0,93.0,2962.0
225,300,ic,2,5.0,283.0,283.0,1.0,283.0,0.0,0.0,113.0,99.0,119.0,3061.0
225,300,ic,2,10.0,302.0,290.0,2.0,278.0,24.0,0.0,128.0,113.0,123.0,3107.0
225,300,ic,2,15.0,321.0,295.0,3.0,270.0,40.0,11.0,144.0,131.0,131.0,2894.0
225,300,ic,2,20.0,314.0,278.0,4.0,266.0,42.0,6.0,116.0,101.0,124.0,3178.0
225,300,ic,2,25.0,266.0,254.0,2.0,242.0,18.0,6.0,116.0,105.0,126.0,3126.0
225,300,ic,2,30.0,257.0,257.0,1.0,245.0,6.0,6.0,126.0,105.0,121.0,3132.0
225,300,ic,2,35.0,278.0,266.0,2.0,254.0,18.0,6.0,114.0,100.0,139.0,3114.0
225,300,ic,2,40.0,278.0,266.0,2.0,254.0,14.0,10.0,134.0,116.0,122.0,3121.0
225,300,ic,2,45.0,303.0,303.0,1.0,303.0,0.0,0.0,117.0,103.0,124.0,3025.0
225,300,ic,2,50.0,304.0,279.0,3.0,279.0,25.0,0.0,122.0,110.0,122.0,3068.0
225,300,ic,2,55.0,270.0,258.0,2.0,246.0,24.0,0.0,118.0,102.0,126.0,3061.0
225,300,ic,2,60.0,289.0,277.0,2.0,277.0,12.0,0.0,128.0,115.0,101.0,3114.0
225,300,ic,2,65.0,302.0,267.0,3.0,255.0,41.0,6.0,112.0,100.0,136.0,2966.0
225,300,ic,2,70.0,274.0,274.0,1.0,249.0,17.0,8.0,118.0,104.0,127.0,3022.0
225,300,ic,2,75.0,290.0,268.0,2.0,228.0,46.0,16.0,119.0,108.0,130.0,3099.0
225,300,ic,2,80.0,257.0,257.0,1.0,257.0,0.0,0.0,111.0,98.0,119.0,3111.0
225,300,ic,2,85.0,218.0,218.0,1.0,218.0,0.0,0.0,114.0,104.0,101.0,3079.0
225,300,ic,2,90.0,345.0,321.0,3.0,253.0,57.0,35.0,152.0,135.0,127.0,3098.0
225,300,ic,2,95.0,291.0,279.0,2.0,255.0,24.0,12.0,149.0,129.0,124.0,3084.0
225,300,ic,2,100.0,320.0,290.0,2.0,256.0,50.0,14.0,141.0,119.0,163.0,3230.0
225,300,ic,2,105.0,272.0,272.0,1.0,197.0,38.0,37.0,141.0,124.0,140.0,3197.0
225,300,ic,2,110.0,333.0,333.0,1.0,226.0,73.0,34.0,146.0,130.0,122.0,3091.0
225,300,ic,2,115.0,303.0,283.0,2.0,162.0,81.0,60.0,129.0,114.0,120.0,3094.0
225,300,ic,2,120.0,265.0,265.0,1.0,171.0,45.0,49.0,130.0,115.0,128.0,3021.0
225,300,ic,2,125.0,278.0,278.0,1.0,174.0,44.0,60.0,129.0,119.0,113.0,3011.0
225,300,ic,2,130.0,299.0,299.0,1.0,173.0,76.0,50.0,123.0,110.0,139.0,3089.0
225,300,ic,2,135.0,304.0,304.0,1.0,182.0,57.0,65.0,123.0,107.0,125.0,3156.0
225,300,ic,2,140.0,281.0,266.0,2.0,143.0,71.0,67.0,128.0,110.0,120.0,3154.0
225,300,ic,2,145.0,312.0,286.0,3.0,194.0,67.0,51.0,127.0,116.0,144.0,3158.0
225,300,ic,2,150.0,336.0,324.0,2.0,143.0,104.0,89.0,150.0,133.0,119.0,3232.0
225,300,ic,2,155.0,357.0,307.0,4.0,186.0,115.0,56.0,138.0,121.0,147.0,3177.0
225,300,ic,2,160.0,343.0,321.0,2.0,196.0,84.0,63.0,154.0,136.0,116.0,3016.0
225,300,ic,2,165.0,260.0,260.0,1.0,168.0,40.0,52.0,130.0,118.0,114.0,3186.0
225,300,ic,2,170.0,298.0,286.0,2.0,181.0,80.0,37.0,119.0,104.0,125.0,3063.0
225,300,ic,2,175.0,304.0,278.0,3.0,201.0,51.0,52.0,142.0,126.0,114.0,3208.0
225,300,ic,2,180.0,324.0,294.0,3.0,226.0,60.0,38.0,114.0,101.0,147.0,3160.0
225,300,ic,2,185.0,237.0,237.0,1.0,205.0,12.0,20.0,90.0,74.0,119.0,2966.0
225,300,ic,2,190.0,261.0,214.0,3.0,188.0,60.0,13.0,97.0,75.0,112.0,3128.0
225,300,ic,2,195.0,320.0,234.0,5.0,225.0,81.0,14.0,88.0,72.0,107.0,3028.0
225,300,ic,2,200.0,216.0,204.0,2.0,164.0,32.0,20.0,84.0,74.0,103.0,2985.0
225,300,ic,2,205.0,245.0,221.0,3.0,152.0,63.0,30.0,79.0,61.0,125.0,3021.0
225,300,ic,2,210.0,271.0,259.0,2.0,54.0,97.0,120.0,108.0,91.0,101.0,3085.0
225,300,ic,2,215.0,254.0,254.0,1.0,140.0,66.0,48.0,101.0,87.0,103.0,3066.0
225,300,ic,2,220.0,201.0,201.0,1.0,127.0,39.0,35.0,102.0,84.0,137.0,3121.0
225,300,ic,2,225.0,184.0,184.0,1.0,124.0,31.0,29.0,73.0,62.0,95.0,3072.0
225,300,ic,2,230.0,195.0,144.0,3.0,85.0,84.0,26.0,68.0,57.0,101.0,3010.0
225,300,ic,2,235.0,160.0,160.0,1.0,100.0,39.0,21.0,67.0,51.0,93.0,3078.0
225,300,ic,2,240.0,192.0,154.0,4.0,96.0,76.0,20.0,61.0,43.0,117.0,3060.0
225,300,ic,2,245.0,131.0,87.0,4.0,74.0,51.0,6.0,26.0,12.0,75.0,2997.0
225,300,ic,2,250.0,70.0,58.0,2.0,58.0,12.0,0.0,24.0,9.0,81.0,3091.0
225,300,ic,2,255.0,85.0,37.0,5.0,37.0,48.0,0.0,15.0,2.0,53.0,2834.0
225,300,ic,2,260.0,42.0,18.0,3.0,18.0,24.0,0.0,15.0,2.0,48.0,2919.0
225,300,ic,3,0.0,336.0,324.0,2.0,324.0,12.0,0.0,176.0,161.0,93.0,2962.0
225,300,ic,3,5.0,237.0,224.0,2.0,224.0,13.0,0.0,87.0,78.0,122.0,3058.0
225,300,ic,3,10.0,265.0,225.0,3.0,253.0,12.0,0.0,91.0,68.0,129.0,3178.0
225,300,ic,3,15.0,208.0,184.0,3.0,184.0,24.0,0.0,70.0,58.0,100.0,3035.0
225,300,ic,3,20.0,175.0,163.0,2.0,163.0,12.0,0.0,78.0,70.0,97.0,3033.0
225,300,ic,3,25.0,208.0,182.0,3.0,183.0,21.0,4.0,79.0,64.0,108.0,3106.0
225,300,ic,3,30.0,192.0,179.0,2.0,167.0,19.0,6.0,76.0,60.0,104.0,3028.0
225,300,ic,3,35.0,250.0,225.0,3.0,200.0,38.0,12.0,82.0,60.0,104.0,2987.0
225,300,ic,3,40.0,161.0,161.0,1.0,161.0,0.0,0.0,62.0,46.0,107.0,3088.0
225,300,ic,3,45.0,175.0,150.0,3.0,150.0,25.0,0.0,69.0,54.0,109.0,3027.0
225,300,ic,3,50.0,187.0,187.0,1.0,175.0,5.0,7.0,54.0,42.0,95.0,3011.0
225,300,ic,3,55.0,162.0,162.0,1.0,162.0,0.0,0.0,51.0,38.0,96.0,2851.0
225,300,ic,3,60.0,153.0,139.0,2.0,153.0,0.0,0.0,55.0,34.0,100.0,2904.0
225,300,ic,3,65.0,174.0,122.0,3.0,119.0,43.0,12.0,39.0,24.0,101.0,3013.0
225,300,ic,3,70.0,106.0,106.0,1.0,106.0,0.0,0.0,48.0,28.0,97.0,2887.0
225,300,ic,3,75.0,104.0,104.0,1.0,104.0,0.0,0.0,39.0,24.0,92.0,2905.0
225,300,ic,3,80.0,105.0,86.0,2.0,105.0,0.0,0.0,26.0,10.0,85.0,2974.0
225,300,ic,3,85.0,95.0,71.0,3.0,71.0,24.0,0.0,26.0,11.0,77.0,2975.0
225,300,ic,3,90.0,73.0,61.0,2.0,61.0,12.0,0.0,34.0,15.0,66.0,2949.0
225,300,ic,3,95.0,56.0,44.0,2.0,44.0,12.0,0.0,19.0,4.0,59.0,2883.0
225,300,ic,3,100.0,81.0,35.0,4.0,31.0,38.0,12.0,22.0,3.0,47.0,2920.0
225,300,ic,3,105.0,31.0,18.0,2.0,18.0,13.0,0.0,18.0,2.0,64.0,2924.0
225,300,ic,4,0.0,336.0,324.0,2.0,324.0,12.0,0.0,176.0,161.0,93.0,2962.0
225,300,ic,4,5.0,212.0,187.0,2.0,187.0,25.0,0.0,80.0,61.0,112.0,2859.0
225,300,ic,4,10.0,287.0,251.0,3.0,239.0,40.0,8.0,105.0,89.0,124.0,3122.0
225,300,ic,4,15.0,230.0,218.0,2.0,206.0,21.0,3.0,93.0,78.0,117.0,3114.0
225,300,ic,4,20.0,291.0,265.0,3.0,214.0,45.0,32.0,110.0,93.0,131.0,3157.0
225,300,ic,4,25.0,227.0,227.0,1.0,203.0,12.0,12.0,113.0,97.0,138.0,3153.0
225,300,ic,4,30.0,249.0,225.0,3.0,150.0,65.0,34.0,117.0,94.0,110.0,3328.0
225,300,ic,4,35.0,254.0,242.0,2.0,161.0,62.0,31.0,107.0,92.0,123.0,3153.0
225,300,ic,4,40.0,255.0,231.0,3.0,164.0,53.0,38.0,120.0,105.0,111.0,3077.0
225,300,ic,4,45.0,308.0,295.0,2.0,210.0,68.0,30.0,115.0,104.0,142.0,3101.0
225,300,ic,4,50.0,289.0,265.0,3.0,192.0,67.0,30.0,126.0,112.0,127.0,3067.0
225,300,ic,4,55.0,286.0,286.0,1.0,179.0,37.0,70.0,116.0,103.0,123.0,3141.0
225,300,ic,4,60.0,275.0,275.0,1.0,169.0,52.0,54.0,126.0,111.0,116.0,3184.0
225,300,ic,4,65.0,263.0,251.0,2.0,162.0,57.0,44.0,131.0,117.0,119.0,2991.0
225,300,ic,4,70.0,275.0,248.0,3.0,161.0,63.0,51.0,131.0,117.0,124.0,3098.0
225,300,ic,4,75.0,249.0,249.0,1.0,179.0,25.0,45.0,111.0,101.0,116.0,3140.0
225,300,ic,4,80.0,247.0,235.0,2.0,165.0,47.0,35.0,117.0,99.0,110.0,3144.0
225,300,ic,4,85.0,309.0,263.0,2.0,180.0,95.0,34.0,106.0,91.0,124.0,3053.0
225,300,ic,4,90.0,216.0,202.0,2.0,142.0,43.0,31.0,90.0,73.0,113.0,2952.0
225,300,ic,4,95.0,192.0,192.0,1.0,152.0,20.0,20.0,79.0,70.0,103.0,3008.0
225,300,ic,4,100.0,187.0,175.0,2.0,129.0,35.0,23.0,89.0,70.0,129.0,3087.0
225,300,ic,4,105.0,231.0,219.0,2.0,186.0,19.0,26.0,79.0,62.0,137.0,2999.0
225,300,ic,4,110.0,250.0,224.0,3.0,210.0,26.0,14.0,70.0,52.0,139.0,3073.0
225,300,ic,4,115.0,199.0,187.0,2.0,134.0,38.0,27.0,82.0,63.0,106.0,3031.0
225,300,ic,4,120.0,208.0,184.0,3.0,128.0,59.0,21.0,68.0,60.0,113.0,3055.0
225,300,ic,4,125.0,191.0,176.0,2.0,119.0,31.0,41.0,67.0,53.0,100.0,3021.0
225,300,ic,4,130.0,162.0,162.0,1.0,108.0,33.0,21.0,68.0,55.0,95.0,3149.0
225,300,ic,4,135.0,154.0,154.0,1.0,91.0,29.0,34.0,76.0,63.0,110.0,2986.0
225,300,ic,4,140.0,142.0,130.0,2.0,118.0,18.0,6.0,55.0,42.0,93.0,3002.0
225,300,ic,4,145.0,180.0,155.0,3.0,92.0,54.0,34.0,67.0,56.0,89.0,2962.0
225,300,ic,4,150.0,163.0,150.0,2.0,111.0,29.0,23.0,61.0,54.0,103.0,3117.0
225,300,ic,4,155.0,153.0,129.0,3.0,129.0,24.0,0.0,72.0,58.0,93.0,2997.0
225,300,ic,4,160.0,197.0,173.0,3.0,150.0,41.0,6.0,54.0,44.0,117.0,3002.0
225,300,ic,4,165.0,171.0,134.0,4.0,114.0,47.0,10.0,57.0,46.0,66.0,2990.0
225,300,ic,4,170.0,150.0,126.0,3.0,88.0,43.0,19.0,51.0,36.0,102.0,2932.0
225,300,ic,4,175.0,124.0,124.0,1.0,88.0,18.0,18.0,48.0,26.0,98.0,2939.0
225,300,ic,4,180.0,134.0,107.0,3.0,98.0,24.0,12.0,47.0,34.0,85.0,3038.0
225,300,ic,4,185.0,33.0,33.0,1.0,33.0,0.0,0.0,13.0,1.0,50.0,2947.0
225,300,ic,4,190.0,0.0,0.0,0.0,0.0,0.0,0.0,10.0,1.0,36.0,2913.0
225,300,ic,4,195.0,38.0,14.0,3.0,14.0,24.0,0.0,16.0,2.0,49.0,2920.0
225,300,ic,5,0.0,336.0,324.0,2.0,324.0,12.0,0.0,176.0,161.0,93.0,2962.0
225,300,ic,5,5.0,273.0,261.0,2.0,241.0,22.0,10.0,115.0,101.0,113.0,3086.0
225,300,ic,5,10.0,321.0,283.0,4.0,244.0,45.0,32.0,130.0,121.0,124.0,3108.0
225,300,ic,5,15.0,296.0,282.0,2.0,255.0,29.0,12.0,135.0,117.0,143.0,3313.0
225,300,ic,5,20.0,344.0,301.0,4.0,240.0,84.0,20.0,126.0,109.0,141.0,3120.0
225,300,ic,5,25.0,292.0,292.0,1.0,266.0,13.0,13.0,134.0,123.0,134.0,3122.0
225,300,ic,5,30.0,311.0,311.0,1.0,267.0,18.0,26.0,137.0,121.0,118.0,3177.0
225,300,ic,5,35.0,284.0,284.0,1.0,246.0,26.0,12.0,136.0,115.0,120.0,3166.0
225,300,ic,5,40.0,315.0,303.0,2.0,236.0,54.0,25.0,141.0,125.0,133.0,3055.0
225,300,ic,5,45.0,281.0,281.0,1.0,243.0,16.0,22.0,138.0,119.0,153.0,3116.0
225,300,ic,5,50.0,363.0,363.0,1.0,216.0,83.0,64.0,156.0,143.0,138.0,3190.0
225,300,ic,5,55.0,369.0,355.0,2.0,236.0,77.0,56.0,157.0,141.0,140.0,3043.0
225,300,ic,5,60.0,339.0,339.0,1.0,249.0,43.0,47.0,152.0,135.0,153.0,3081.0
225,300,ic,5,65.0,373.0,361.0,2.0,280.0,64.0,29.0,162.0,146.0,136.0,3300.0
225,300,ic,5,70.0,325.0,313.0,2.0,249.0,50.0,26.0,152.0,134.0,140.0,3130.0
225,300,ic,5,75.0,350.0,327.0,2.0,245.0,63.0,42.0,153.0,141.0,146.0,3157.0
225,300,ic,5,80.0,340.0,340.0,1.0,246.0,40.0,54.0,148.0,133.0,137.0,3214.0
225,300,ic,5,85.0,447.0,422.0,3.0,266.0,103.0,78.0,181.0,168.0,125.0,3165.0
225,300,ic,5,90.0,433.0,420.0,2.0,256.0,81.0,96.0,172.0,154.0,158.0,3181.0
225,300,ic,5,95.0,396.0,396.0,1.0,227.0,61.0,108.0,174.0,164.0,151.0,3265.0
225,300,ic,5,100.0,418.0,397.0,2.0,241.0,80.0,97.0,182.0,170.0,152.0,3221.0
225,300,ic,5,105.0,366.0,344.0,2.0,246.0,50.0,70.0,193.0,178.0,132.0,3295.0
225,300,ic,5,110.0,405.0,393.0,2.0,234.0,99.0,72.0,189.0,173.0,148.0,3280.0
225,300,ic,5,115.0,419.0,392.0,3.0,252.0,87.0,80.0,192.0,180.0,173.0,3245.0
225,300,ic,5,120.0,376.0,376.0,1.0,227.0,72.0,77.0,183.0,166.0,138.0,3348.0
225,300,ic,5,125.0,441.0,415.0,3.0,318.0,72.0,51.0,170.0,152.0,156.0,3337.0
225,300,ic,5,130.0,407.0,381.0,3.0,261.0,86.0,60.0,173.0,152.0,167.0,3222.0
225,300,ic,5,135.0,381.0,369.0,2.0,239.0,80.0,62.0,170.0,158.0,141.0,3211.0
225,300,ic,5,140.0,357.0,343.0,2.0,262.0,58.0,37.0,158.0,142.0,153.0,3206.0
225,300,ic,5,145.0,432.0,363.0,4.0,208.0,140.0,84.0,154.0,138.0,149.0,3211.0
225,300,ic,5,150.0,357.0,344.0,2.0,232.0,72.0,53.0,159.0,146.0,164.0,3295.0
225,300,ic,5,155.0,417.0,395.0,2.0,173.0,152.0,92.0,158.0,151.0,120.0,3194.0
225,300,ic,5,160.0,337.0,337.0,1.0,199.0,68.0,70.0,177.0,162.0,128.0,3176.0
225,300,ic,5,165.0,416.0,386.0,3.0,173.0,141.0,102.0,171.0,148.0,143.0,3087.0
225,300,ic,5,170.0,441.0,429.0,2.0,189.0,167.0,85.0,176.0,156.0,168.0,3302.0
225,300,ic,5,175.0,415.0,415.0,1.0,174.0,126.0,115.0,206.0,187.0,165.0,3272.0
225,300,ic,5,180.0,436.0,436.0,1.0,226.0,98.0,112.0,213.0,193.0,162.0,3315.0
225,300,ic,5,185.0,452.0,425.0,3.0,155.0,127.0,170.0,245.0,232.0,182.0,3201.0
225,300,ic,5,190.0,423.0,411.0,2.0,231.0,113.0,79.0,205.0,195.0,167.0,3216.0
225,300,ic,5,195.0,422.0,422.0,1.0,206.0,108.0,108.0,210.0,199.0,148.0,3282.0
225,300,ic,5,200.0,442.0,416.0,3.0,209.0,110.0,123.0,208.0,194.0,138.0,3244.0
225,300,ic,5,205.0,434.0,410.0,3.0,227.0,134.0,73.0,190.0,172.0,141.0,3199.0
225,300,ic,5,210.0,397.0,397.0,1.0,261.0,78.0,58.0,179.0,163.0,150.0,3261.0
225,300,ic,5,215.0,391.0,377.0,2.0,277.0,57.0,57.0,184.0,173.0,160.0,3146.0
225,300,ic,5,220.0,395.0,383.0,2.0,240.0,85.0,70.0,186.0,171.0,151.0,3303.0
225,300,ic,5,225.0,465.0,465.0,1.0,245.0,118.0,102.0,223.0,207.0,156.0,3314.0
225,300,ic,5,230.0,458.0,443.0,2.0,197.0,120.0,141.0,224.0,204.0,156.0,3294.0
225,300,ic,5,235.0,483.0,456.0,3.0,168.0,143.0,172.0,238.0,221.0,173.0,3237.0
225,300,ic,5,240.0,419.0,419.0,1.0,190.0,111.0,118.0,212.0,197.0,140.0,3205.0
225,300,ic,5,245.0,495.0,469.0,3.0,183.0,136.0,176.0,215.0,200.0,150.0,3290.0
225,300,ic,5,250.0,467.0,455.0,2.0,204.0,99.0,164.0,223.0,211.0,155.0,3368.0
225,300,ic,5,255.0,454.0,442.0,2.0,157.0,115.0,182.0,209.0,195.0,149.0,3286.0
225,300,ic,5,260.0,454.0,442.0,2.0,238.0,83.0,133.0,221.0,203.0,171.0,3270.0
225,300,ic,5,265.0,495.0,465.0,3.0,285.0,87.0,123.0,194.0,173.0,175.0,3337.0
225,300,ic,5,270.0,454.0,454.0,1.0,277.0,44.0,133.0,208.0,198.0,183.0,3243.0
225,300,ic,5,275.0,426.0,400.0,2.0,199.0,98.0,129.0,201.0,188.0,173.0,3248.0
225,300,ic,5,280.0,418.0,418.0,1.0,130.0,108.0,180.0,210.0,192.0,139.0,3324.0
225,300,ic,5,285.0,393.0,393.0,1.0,209.0,89.0,95.0,197.0,178.0,145.0,3215.0
225,300,ic,5,290.0,404.0,404.0,1.0,277.0,49.0,78.0,208.0,188.0,150.0,3322.0
225,300,ic,5,295.0,435.0,394.0,4.0,274.0,91.0,70.0,185.0,170.0,158.0,3134.0
225,300,ic,5,300.0,421.0,409.0,2.0,251.0,89.0,81.0,202.0,185.0,153.0,3213.0
225,300,ic,5,305.0,434.0,404.0,3.0,287.0,91.0,56.0,208.0,185.0,161.0,3137.0
225,300,ic,5,310.0,410.0,410.0,1.0,246.0,100.0,64.0,213.0,198.0,163.0,3159.0
225,300,ic,5,315.0,451.0,408.0,4.0,213.0,146.0,92.0,217.0,198.0,163.0,3280.0
225,300,ic,5,320.0,455.0,443.0,2.0,224.0,113.0,118.0,234.0,219.0,142.0,3234.0
225,300,ic,5,325.0,415.0,415.0,1.0,260.0,70.0,85.0,216.0,202.0,165.0,3251.0
225,300,ic,5,330.0,443.0,443.0,1.0,245.0,95.0,103.0,238.0,226.0,163.0,3284.0
225,300,ic,5,335.0,540.0,540.0,1.0,266.0,137.0,137.0,244.0,232.0,160.0,3222.0
225,300,ic,5,340.0,538.0,511.0,3.0,301.0,139.0,98.0,267.0,245.0,204.0,3356.0
225,300,ic,5,345.0,551.0,527.0,3.0,262.0,146.0,143.0,264.0,246.0,188.0,3451.0
225,300,ic,5,350.0,545.0,511.0,3.0,307.0,119.0,119.0,274.0,256.0,198.0,3354.0
225,300,ic,5,355.0,540.0,540.0,1.0,311.0,76.0,153.0,277.0,268.0,188.0,3340.0
225,300,ic,5,360.0,578.0,578.0,1.0,345.0,52.0,181.0,310.0,299.0,166.0,3368.0
225,300,ic,5,365.0,610.0,610.0,1.0,350.0,60.0,200.0,314.0,295.0,198.0,3400.0
225,300,ic,6,0.0,336.0,324.0,2.0,324.0,12.0,0.0,176.0,161.0,93.0,2962.0
225,300,ic,6,5.0,284.0,272.0,2.0,260.0,18.0,6.0,108.0,99.0,126.0,3081.0
225,300,ic,6,10.0,257.0,231.0,3.0,233.0,24.0,0.0,87.0,72.0,123.0,3105.0
225,300,ic,6,15.0,249.0,237.0,2.0,213.0,30.0,6.0,78.0,67.0,126.0,3054.0
225,300,ic,6,20.0,194.0,194.0,1.0,182.0,6.0,6.0,77.0,60.0,123.0,2988.0
225,300,ic,6,25.0,161.0,161.0,1.0,149.0,6.0,6.0,63.0,40.0,93.0,3102.0
225,300,ic,6,30.0,190.0,151.0,4.0,166.0,24.0,0.0,68.0,54.0,93.0,3060.0
225,300,ic,6,35.0,152.0,120.0,3.0,120.0,32.0,0.0,56.0,45.0,75.0,3032.0
225,300,ic,6,40.0,136.0,136.0,1.0,136.0,0.0,0.0,50.0,29.0,77.0,2977.0
225,300,ic,6,45.0,128.0,98.0,3.0,116.0,12.0,0.0,30.0,18.0,93.0,2956.0
225,300,ic,6,50.0,100.0,66.0,3.0,88.0,12.0,0.0,24.0,12.0,51.0,2956.0
225,300,ic,6,55.0,65.0,53.0,2.0,41.0,18.0,6.0,26.0,9.0,59.0,2956.0
225,300,ic,6,60.0,55.0,55.0,1.0,43.0,12.0,0.0,11.0,2.0,57.0,2897.0
225,300,ic,6,65.0,0.0,0.0,0.0,0.0,0.0,0.0,13.0,1.0,50.0,2940.0
225,300,ic,6,70.0,12.0,12.0,1.0,0.0,12.0,0.0,11.0,1.0,42.0,2954.0
225,300,ic,7,0.0,336.0,324.0,2.0,324.0,12.0,0.0,176.0,161.0,93.0,2962.0
225,300,ic,7,5.0,268.0,253.0,2.0,268.0,0.0,0.0,94.0,82.0,133.0,3025.0
225,300,ic,7,10.0,300.0,238.0,4.0,190.0,90.0,20.0,96.0,83.0,117.0,3154.0
225,300,ic,7,15.0,270.0,232.0,3.0,199.0,57.0,14.0,98.0,82.0,108.0,3166.0
225,300,ic,7,20.0,228.0,216.0,2.0,204.0,18.0,6.0,94.0,81.0,100.0,2966.0
225,300,ic,7,25.0,189.0,189.0,1.0,177.0,10.0,2.0,72.0,60.0,106.0,2988.0
225,300,ic,7,30.0,259.0,188.0,5.0,207.0,52.0,0.0,77.0,60.0,117.0,3073.0
225,300,ic,7,35.0,212.0,200.0,2.0,176.0,24.0,12.0,82.0,62.0,107.0,3191.0
225,300,ic,7,40.0,240.0,240.0,1.0,200.0,18.0,22.0,86.0,64.0,121.0,2976.0
225,300,ic,7,45.0,208.0,196.0,2.0,162.0,36.0,10.0,53.0,31.0,107.0,3084.0
225,300,ic,7,50.0,221.0,209.0,2.0,152.0,62.0,7.0,60.0,42.0,101.0,3016.0
225,300,ic,7,55.0,146.0,134.0,2.0,134.0,12.0,0.0,55.0,43.0,86.0,3034.0
225,300,ic,7,60.0,209.0,170.0,4.0,150.0,44.0,15.0,58.0,31.0,94.0,2993.0
225,300,ic,7,65.0,120.0,120.0,1.0,120.0,0.0,0.0,49.0,35.0,81.0,3100.0
225,300,ic,7,70.0,102.0,90.0,2.0,78.0,18.0,6.0,36.0,20.0,81.0,2940.0
225,300,ic,7,75.0,108.0,84.0,3.0,72.0,30.0,6.0,30.0,17.0,57.0,2953.0
225,300,ic,7,80.0,125.0,71.0,4.0,45.0,74.0,6.0,19.0,2.0,58.0,3076.0
225,300,ic,7,85.0,12.0,12.0,1.0,0.0,12.0,0.0,13.0,1.0,48.0,2940.0
225,300,ic,8,0.0,336.0,324.0,2.0,324.0,12.0,0.0,176.0,161.0,93.0,2962.0
225,300,ic,8,5.0,236.0,224.0,2.0,224.0,12.0,0.0,85.0,71.0,127.0,3032.0
225,300,ic,8,10.0,212.0,212.0,1.0,200.0,6.0,6.0,97.0,82.0,114.0,3171.0
225,300,ic,8,15.0,236.0,194.0,4.0,212.0,24.0,0.0,80.0,68.0,137.0,3050.0
225,300,ic,8,20.0,238.0,226.0,2.0,199.0,29.0,10.0,83.0,73.0,105.0,3067.0
225,300,ic,8,25.0,278.0,227.0,3.0,207.0,61.0,10.0,103.0,88.0,127.0,3049.0
225,300,ic,8,30.0,256.0,244.0,2.0,203.0,33.0,20.0,105.0,89.0,106.0,3111.0
225,300,ic,8,35.0,248.0,224.0,3.0,177.0,49.0,22.0,104.0,91.0,116.0,3080.0
225,300,ic,8,40.0,236.0,209.0,3.0,188.0,38.0,10.0,102.0,88.0,114.0,2976.0
225,300,ic,8,45.0,230.0,230.0,1.0,186.0,25.0,19.0,93.0,83.0,105.0,3059.0
225,300,ic,8,50.0,241.0,188.0,3.0,204.0,31.0,6.0,97.0,75.0,142.0,3067.0
225,300,ic,8,55.0,222.0,197.0,3.0,197.0,25.0,0.0,84.0,68.0,126.0,3116.0
225,300,ic,8,60.0,209.0,197.0,2.0,185.0,18.0,6.0,86.0,71.0,105.0,2956.0
225,300,ic,8,65.0,197.0,185.0,2.0,185.0,12.0,0.0,80.0,67.0,88.0,3040.0
225,300,ic,8,70.0,184.0,172.0,2.0,172.0,12.0,0.0,84.0,70.0,83.0,3020.0
225,300,ic,8,75.0,236.0,236.0,1.0,176.0,31.0,29.0,107.0,97.0,121.0,3033.0
225,300,ic,8,80.0,204.0,204.0,1.0,158.0,23.0,23.0,99.0,89.0,96.0,3051.0
225,300,ic,8,85.0,269.0,210.0,5.0,165.0,77.0,27.0,89.0,79.0,116.0,3119.0
225,300,ic,8,90.0,220.0,196.0,3.0,144.0,56.0,20.0,87.0,69.0,93.0,3024.0
225,300,ic,8,95.0,224.0,212.0,2.0,176.0,39.0,9.0,75.0,64.0,117.0,3097.0
225,300,ic,8,100.0,245.0,220.0,3.0,168.0,57.0,20.0,88.0,74.0,123.0,3028.0
225,300,ic,8,105.0,228.0,228.0,1.0,158.0,43.0,27.0,76.0,59.0,94.0,3021.0
225,300,ic,8,110.0,150.0,136.0,2.0,138.0,6.0,6.0,78.0,61.0,109.0,3088.0
225,300,ic,8,115.0,186.0,162.0,3.0,150.0,30.0,6.0,71.0,59.0,113.0,3091.0
225,300,ic,8,120.0,172.0,172.0,1.0,160.0,6.0,6.0,72.0,56.0,96.0,3120.0
225,300,ic,8,125.0,190.0,175.0,2.0,178.0,6.0,6.0,53.0,35.0,103.0,2978.0
225,300,ic,8,130.0,130.0,118.0,2.0,106.0,18.0,6.0,68.0,40.0,99.0,2940.0
225,300,ic,8,135.0,110.0,110.0,1.0,110.0,0.0,0.0,47.0,37.0,96.0,3001.0
225,300,ic,8,140.0,112.0,98.0,2.0,112.0,0.0,0.0,40.0,22.0,60.0,2949.0
225,300,ic,8,145.0,96.0,84.0,2.0,84.0,12.0,0.0,41.0,26.0,64.0,3032.0
225,300,ic,8,150.0,138.0,91.0,4.0,79.0,53.0,6.0,42.0,27.0,89.0,2961.0
225,300,ic,8,155.0,81.0,57.0,3.0,45.0,30.0,6.0,26.0,6.0,89.0,2949.0
225,300,ic,8,160.0,15.0,15.0,1.0,15.0,0.0,0.0,15.0,3.0,60.0,2977.0
225,300,ic,9,0.0,336.0,324.0,2.0,324.0,12.0,0.0,176.0,161.0,93.0,2962.0
225,300,ic,9,5.0,242.0,230.0,2.0,230.0,12.0,0.0,108.0,96.0,113.0,3064.0
225,300,ic,9,10.0,315.0,254.0,5.0,259.0,44.0,12.0,123.0,108.0,124.0,3165.0
225,300,ic,9,15.0,303.0,267.0,4.0,243.0,48.0,12.0,125.0,111.0,121.0,3085.0
225,300,ic,9,20.0,277.0,253.0,3.0,206.0,49.0,22.0,114.0,96.0,127.0,3099.0
225,300,ic,9,25.0,259.0,247.0,2.0,203.0,33.0,23.0,116.0,103.0,129.0,3093.0
225,300,ic,9,30.0,217.0,217.0,1.0,189.0,14.0,14.0,99.0,86.0,130.0,3029.0
225,300,ic,9,35.0,205.0,205.0,1.0,185.0,10.0,10.0,101.0,85.0,121.0,3071.0
225,300,ic,9,40.0,219.0,219.0,1.0,199.0,10.0,10.0,96.0,80.0,99.0,3102.0
225,300,ic,9,45.0,238.0,214.0,2.0,194.0,31.0,13.0,91.0,78.0,113.0,3013.0
225,300,ic,9,50.0,238.0,226.0,2.0,184.0,42.0,12.0,82.0,77.0,110.0,3155.0
225,300,ic,9,55.0,255.0,217.0,4.0,203.0,38.0,14.0,86.0,71.0,105.0,3045.0
225,300,ic,9,60.0,231.0,231.0,1.0,188.0,24.0,19.0,96.0,80.0,116.0,3094.0
225,300,ic,9,65.0,220.0,206.0,2.0,200.0,10.0,10.0,104.0,80.0,129.0,3122.0
225,300,ic,9,70.0,248.0,236.0,2.0,210.0,25.0,13.0,115.0,105.0,112.0,3006.0
225,300,ic,9,75.0,224.0,224.0,1.0,196.0,14.0,14.0,108.0,97.0,102.0,3037.0
225,300,ic,9,80.0,221.0,209.0,2.0,197.0,18.0,6.0,91.0,78.0,103.0,2993.0
225,300,ic,9,85.0,191.0,179.0,2.0,179.0,12.0,0.0,82.0,65.0,92.0,2987.0
225,300,ic,9,90.0,223.0,211.0,2.0,187.0,24.0,12.0,78.0,63.0,108.0,2989.0
225,300,ic,9,95.0,228.0,213.0,2.0,216.0,6.0,6.0,98.0,81.0,116.0,3073.0
225,300,ic,9,100.0,228.0,215.0,2.0,191.0,37.0,0.0,76.0,68.0,109.0,3066.0
225,300,ic,9,105.0,277.0,265.0,2.0,253.0,18.0,6.0,88.0,77.0,114.0,3118.0
225,300,ic,9,110.0,271.0,253.0,2.0,247.0,12.0,12.0,87.0,76.0,94.0,3112.0
225,300,ic,9,115.0,283.0,244.0,4.0,227.0,42.0,14.0,89.0,76.0,119.0,3041.0
225,300,ic,9,120.0,217.0,217.0,1.0,191.0,16.0,10.0,94.0,84.0,122.0,2948.0
225,300,ic,9,125.0,190.0,178.0,2.0,166.0,18.0,6.0,75.0,61.0,105.0,2993.0
225,300,ic,9,130.0,238.0,238.0,1.0,226.0,6.0,6.0,109.0,88.0,115.0,3056.0
225,300,ic,9,135.0,247.0,247.0,1.0,247.0,0.0,0.0,98.0,76.0,137.0,3139.0
225,300,ic,9,140.0,247.0,247.0,1.0,211.0,18.0,18.0,94.0,76.0,129.0,3075.0
225,300,ic,9,145.0,239.0,207.0,3.0,207.0,32.0,0.0,95.0,84.0,95.0,3002.0
225,300,ic,9,150.0,203.0,185.0,2.0,183.0,10.0,10.0,86.0,71.0,119.0,3010.0
225,300,ic,9,155.0,184.0,184.0,1.0,184.0,0.0,0.0,59.0,49.0,104.0,3124.0
225,300,ic,9,160.0,236.0,224.0,2.0,184.0,32.0,20.0,102.0,87.0,92.0,3002.0
225,300,ic,9,165.0,275.0,249.0,3.0,181.0,75.0,19.0,94.0,77.0,135.0,3100.0
225,300,ic,9,170.0,236.0,223.0,2.0,172.0,42.0,22.0,90.0,81.0,125.0,3027.0
225,300,ic,9,175.0,260.0,221.0,3.0,157.0,71.0,32.0,86.0,75.0,111.0,3112.0
225,300,ic,9,180.0,202.0,190.0,2.0,156.0,29.0,17.0,80.0,57.0,113.0,3037.0
225,300,ic,9,185.0,177.0,177.0,1.0,149.0,14.0,14.0,76.0,47.0,118.0,2984.0
225,300,ic,9,190.0,163.0,163.0,1.0,135.0,14.0,14.0,61.0,45.0,95.0,3031.0
225,300,ic,9,195.0,168.0,168.0,1.0,156.0,6.0,6.0,61.0,51.0,87.0,2898.0
225,300,ic,9,200.0,198.0,160.0,4.0,154.0,34.0,10.0,62.0,51.0,89.0,3036.0
225,300,ic,9,205.0,164.0,152.0,2.0,132.0,19.0,13.0,41.0,31.0,86.0,2949.0
225,300,ic,9,210.0,179.0,167.0,2.0,167.0,12.0,0.0,41.0,27.0,94.0,2955.0
225,300,ic,9,215.0,178.0,154.0,3.0,142.0,36.0,0.0,49.0,34.0,96.0,3044.0
225,300,ic,9,220.0,217.0,184.0,3.0,187.0,30.0,0.0,60.0,36.0,113.0,2947.0
225,300,ic,9,225.0,161.0,138.0,2.0,137.0,15.0,9.0,34.0,20.0,65.0,3025.0
225,300,ic,9,230.0,118.0,106.0,2.0,106.0,12.0,0.0,28.0,5.0,75.0,3065.0
225,300,ic,9,235.0,74.0,26.0,4.0,26.0,48.0,0.0,13.0,2.0,39.0,2868.0
225,300,ic,9,240.0,24.0,12.0,2.0,0.0,24.0,0.0,13.0,2.0,37.0,2867.0
225,450,ic,0,0.0,475.0,463.0,2.0,463.0,12.0,0.0,263.0,251.0,121.0,3059.0
225,450,ic,0,5.0,363.0,339.0,3.0,327.0,33.0,3.0,155.0,145.0,112.0,3006.0
225,450,ic,0,10.0,351.0,327.0,3.0,327.0,24.0,0.0,154.0,138.0,150.0,3072.0
225,450,ic,0,15.0,332.0,332.0,1.0,332.0,0.0,0.0,140.0,123.0,126.0,3124.0
225,450,ic,0,20.0,342.0,315.0,3.0,329.0,13.0,0.0,161.0,149.0,137.0,3234.0
225,450,ic,0,25.0,338.0,296.0,4.0,302.0,30.0,6.0,147.0,133.0,145.0,3072.0
225,450,ic,0,30.0,350.0,337.0,2.0,337.0,13.0,0.0,134.0,124.0,122.0,3165.0
225,450,ic,0,35.0,307.0,307.0,1.0,295.0,6.0,6.0,130.0,117.0,119.0,2974.0
225,450,ic,0,40.0,338.0,313.0,3.0,289.0,37.0,12.0,127.0,115.0,119.0,3165.0
225,450,ic,0,45.0,335.0,297.0,4.0,283.0,38.0,14.0,138.0,128.0,130.0,2969.0
225,450,ic,0,50.0,326.0,326.0,1.0,258.0,44.0,24.0,131.0,115.0,137.0,3240.0
225,450,ic,0,55.0,328.0,301.0,3.0,284.0,27.0,17.0,138.0,122.0,136.0,2948.0
225,450,ic,0,60.0,324.0,324.0,1.0,274.0,32.0,18.0,127.0,113.0,144.0,3130.0
225,450,ic,0,65.0,330.0,299.0,3.0,290.0,29.0,11.0,128.0,115.0,132.0,3074.0
225,450,ic,0,70.0,277.0,277.0,1.0,239.0,22.0,16.0,126.0,109.0,115.0,3059.0
225,450,ic,0,75.0,282.0,282.0,1.0,248.0,17.0,17.0,105.0,90.0,141.0,2996.0
225,450,ic,0,80.0,330.0,296.0,3.0,271.0,59.0,0.0,118.0,106.0,130.0,3074.0
225,450,ic,0,85.0,271.0,247.0,3.0,226.0,30.0,15.0,106.0,97.0,118.0,3083.0
225,450,ic,0,90.0,262.0,238.0,3.0,226.0,30.0,6.0,89.0,79.0,108.0,3062.0
225,450,ic,0,95.0,225.0,201.0,3.0,201.0,24.0,0.0,81.0,64.0,124.0,2876.0
225,450,ic,0,100.0,274.0,274.0,1.0,251.0,20.0,3.0,90.0,75.0,117.0,3034.0
225,450,ic,0,105.0,272.0,258.0,2.0,199.0,41.0,32.0,98.0,73.0,153.0,3184.0
225,450,ic,0,110.0,245.0,245.0,1.0,209.0,18.0,18.0,95.0,76.0,129.0,3116.0
225,450,ic,0,115.0,285.0,253.0,3.0,241.0,44.0,0.0,112.0,95.0,129.0,3185.0
225,450,ic,0,120.0,244.0,199.0,3.0,199.0,45.0,0.0,98.0,75.0,125.0,3133.0
225,450,ic,0,125.0,222.0,222.0,1.0,210.0,6.0,6.0,87.0,70.0,96.0,3094.0
225,450,ic,0,130.0,235.0,210.0,3.0,210.0,25.0,0.0,86.0,69.0,129.0,2878.0
225,450,ic,0,135.0,211.0,187.0,3.0,175.0,30.0,6.0,99.0,90.0,101.0,3034.0
225,450,ic,0,140.0,256.0,209.0,4.0,231.0,25.0,0.0,91.0,78.0,110.0,3078.0
225,450,ic,0,145.0,223.0,211.0,2.0,185.0,32.0,6.0,90.0,76.0,101.0,3085.0
225,450,ic,0,150.0,205.0,193.0,2.0,153.0,32.0,20.0,89.0,77.0,117.0,3058.0
225,450,ic,0,155.0,231.0,193.0,3.0,187.0,34.0,10.0,83.0,66.0,110.0,3111.0
225,450,ic,0,160.0,244.0,219.0,2.0,155.0,57.0,32.0,81.0,63.0,127.0,3079.0
225,450,ic,0,165.0,204.0,165.0,4.0,143.0,43.0,18.0,88.0,71.0,89.0,2956.0
225,450,ic,0,170.0,195.0,181.0,2.0,147.0,24.0,24.0,69.0,58.0,116.0,3001.0
225,450,ic,0,175.0,228.0,216.0,2.0,150.0,51.0,27.0,82.0,70.0,103.0,3173.0
225,450,ic,0,180.0,225.0,225.0,1.0,160.0,40.0,25.0,87.0,73.0,103.0,3022.0
225,450,ic,0,185.0,241.0,229.0,2.0,184.0,20.0,37.0,97.0,86.0,125.0,3127.0
225,450,ic,0,190.0,277.0,265.0,2.0,176.0,58.0,43.0,110.0,89.0,109.0,3094.0
225,450,ic,0,195.0,260.0,224.0,4.0,144.0,82.0,34.0,89.0,78.0,103.0,3022.0
225,450,ic,0,200.0,255.0,224.0,3.0,177.0,45.0,33.0,98.0,88.0,127.0,2976.0
225,450,ic,0,205.0,219.0,219.0,1.0,130.0,42.0,47.0,87.0,77.0,111.0,2903.0
225,450,ic,0,210.0,229.0,217.0,2.0,131.0,69.0,29.0,86.0,76.0,97.0,3006.0
225,450,ic,0,215.0,243.0,219.0,3.0,106.0,65.0,72.0,94.0,81.0,103.0,3023.0
225,450,ic,0,220.0,237.0,237.0,1.0,98.0,64.0,75.0,86.0,72.0,118.0,3094.0
225,450,ic,0,225.0,227.0,215.0,2.0,96.0,89.0,42.0,83.0,68.0,94.0,3034.0
225,450,ic,0,230.0,177.0,177.0,1.0,99.0,43.0,35.0,83.0,60.0,93.0,3052.0
225,450,ic,0,235.0,203.0,185.0,2.0,84.0,58.0,61.0,86.0,70.0,127.0,3062.0
225,450,ic,0,240.0,232.0,197.0,3.0,97.0,94.0,41.0,81.0,67.0,109.0,2922.0
225,450,ic,0,245.0,194.0,194.0,1.0,105.0,39.0,50.0,67.0,55.0,97.0,3061.0
225,450,ic,0,250.0,192.0,192.0,1.0,87.0,69.0,36.0,82.0,57.0,108.0,3011.0
225,450,ic,0,255.0,149.0,137.0,2.0,60.0,55.0,34.0,50.0,35.0,92.0,2991.0
225,450,ic,0,260.0,155.0,143.0,2.0,79.0,42.0,34.0,66.0,47.0,102.0,2970.0
225,450,ic,0,265.0,190.0,178.0,2.0,36.0,79.0,75.0,79.0,60.0,90.0,2985.0
225,450,ic,0,270.0,181.0,157.0,3.0,70.0,55.0,56.0,62.0,50.0,80.0,2880.0
225,450,ic,0,275.0,180.0,152.0,3.0,80.0,56.0,44.0,63.0,54.0,78.0,3055.0
225,450,ic,0,280.0,169.0,141.0,3.0,92.0,38.0,39.0,63.0,52.0,80.0,2952.0
225,450,ic,0,285.0,155.0,155.0,1.0,62.0,54.0,39.0,65.0,46.0,103.0,3010.0
225,450,ic,0,290.0,168.0,113.0,5.0,81.0,65.0,22.0,54.0,40.0,72.0,3079.0
225,450,ic,0,295.0,179.0,145.0,3.0,99.0,43.0,37.0,57.0,52.0,65.0,2980.0
225,450,ic,0,300.0,212.0,137.0,6.0,84.0,74.0,54.0,56.0,43.0,79.0,3046.0
225,450,ic,0,305.0,156.0,132.0,3.0,101.0,44.0,11.0,38.0,32.0,70.0,2764.0
225,450,ic,0,310.0,105.0,93.0,2.0,69.0,24.0,12.0,51.0,30.0,89.0,3044.0
225,450,ic,0,315.0,82.0,70.0,2.0,70.0,12.0,0.0,34.0,23.0,63.0,2870.0
225,450,ic,0,320.0,83.0,83.0,1.0,71.0,0.0,12.0,26.0,9.0,67.0,2870.0
225,450,ic,0,325.0,137.0,113.0,3.0,93.0,34.0,10.0,25.0,14.0,62.0,3000.0
225,450,ic,0,330.0,18.0,18.0,1.0,18.0,0.0,0.0,14.0,2.0,51.0,2871.0
225,450,ic,1,0.0,475.0,463.0,2.0,463.0,12.0,0.0,263.0,251.0,121.0,3059.0
225,450,ic,1,5.0,423.0,423.0,1.0,423.0,0.0,0.0,186.0,183.0,155.0,3159.0
225,450,ic,1,10.0,475.0,475.0,1.0,475.0,0.0,0.0,202.0,191.0,155.0,3172.0
225,450,ic,1,15.0,506.0,506.0,1.0,493.0,7.0,6.0,217.0,203.0,171.0,3205.0
225,450,ic,1,20.0,551.0,527.0,2.0,487.0,48.0,16.0,243.0,219.0,177.0,3285.0
225,450,ic,1,25.0,516.0,504.0,2.0,480.0,29.0,7.0,244.0,228.0,172.0,3276.0
225,450,ic,1,30.0,539.0,527.0,2.0,463.0,47.0,29.0,259.0,244.0,176.0,3303.0
225,450,ic,1,35.0,541.0,510.0,3.0,463.0,52.0,26.0,254.0,237.0,188.0,3218.0
225,450,ic,1,40.0,490.0,490.0,1.0,442.0,36.0,12.0,211.0,202.0,166.0,3207.0
225,450,ic,1,45.0,472.0,460.0,2.0,448.0,18.0,6.0,222.0,213.0,193.0,3268.0
225,450,ic,1,50.0,510.0,473.0,4.0,414.0,67.0,29.0,215.0,209.0,174.0,3196.0
225,450,ic,1,55.0,500.0,500.0,1.0,427.0,37.0,36.0,261.0,248.0,175.0,3310.0
225,450,ic,1,60.0,531.0,519.0,2.0,447.0,50.0,34.0,281.0,264.0,174.0,3271.0
225,450,ic,1,65.0,554.0,542.0,2.0,425.0,78.0,51.0,289.0,269.0,187.0,3266.0
225,450,ic,1,70.0,504.0,492.0,2.0,438.0,38.0,28.0,263.0,245.0,181.0,3181.0
225,450,ic,1,75.0,541.0,512.0,2.0,517.0,12.0,12.0,272.0,261.0,180.0,3242.0
225,450,ic,1,80.0,517.0,517.0,1.0,477.0,20.0,20.0,281.0,262.0,190.0,3240.0
225,450,ic,1,85.0,620.0,608.0,2.0,468.0,89.0,63.0,303.0,284.0,212.0,3358.0
225,450,ic,1,90.0,683.0,671.0,2.0,517.0,71.0,95.0,330.0,315.0,205.0,3382.0
225,450,ic,1,95.0,659.0,647.0,2.0,513.0,73.0,73.0,352.0,334.0,186.0,3364.0
225,450,ic,1,100.0,650.0,650.0,1.0,485.0,71.0,94.0,341.0,328.0,184.0,3359.0
225,450,ic,1,105.0,642.0,642.0,1.0,527.0,61.0,54.0,357.0,345.0,204.0,3398.0
225,450,ic,1,110.0,673.0,673.0,1.0,468.0,102.0,103.0,355.0,341.0,190.0,3404.0
225,450,ic,1,115.0,707.0,707.0,1.0,470.0,95.0,142.0,385.0,375.0,209.0,3350.0
225,450,ic,1,120.0,750.0,738.0,2.0,519.0,114.0,117.0,392.0,383.0,217.0,3559.0
225,450,ic,1,125.0,711.0,699.0,2.0,482.0,112.0,117.0,365.0,354.0,225.0,3517.0
225,450,ic,1,130.0,755.0,755.0,1.0,476.0,135.0,144.0,400.0,387.0,217.0,3488.0
225,450,ic,1,135.0,809.0,785.0,3.0,467.0,186.0,156.0,382.0,353.0,255.0,3401.0
225,450,ic,1,140.0,831.0,817.0,2.0,550.0,135.0,146.0,406.0,388.0,255.0,3562.0
225,450,ic,1,145.0,720.0,720.0,1.0,384.0,123.0,213.0,401.0,377.0,223.0,3480.0
225,450,ic,1,150.0,726.0,714.0,2.0,521.0,77.0,128.0,385.0,370.0,247.0,3401.0
225,450,ic,1,155.0,759.0,759.0,1.0,529.0,98.0,132.0,420.0,403.0,224.0,3567.0
225,450,ic,1,160.0,747.0,735.0,2.0,473.0,114.0,160.0,384.0,377.0,241.0,3375.0
225,450,ic,1,165.0,735.0,735.0,1.0,472.0,85.0,178.0,398.0,387.0,234.0,3408.0
225,450,ic,1,170.0,766.0,766.0,1.0,436.0,152.0,178.0,413.0,405.0,201.0,3595.0
225,450,ic,1,175.0,831.0,780.0,4.0,521.0,112.0,198.0,415.0,406.0,247.0,3621.0
225,450,ic,1,180.0,765.0,753.0,2.0,459.0,141.0,165.0,437.0,420.0,242.0,3535.0
225,450,ic,1,185.0,786.0,774.0,2.0,473.0,165.0,148.0,428.0,410.0,230.0,3564.0
225,450,ic,1,190.0,739.0,739.0,1.0,441.0,159.0,139.0,420.0,408.0,240.0,3511.0
225,450,ic,1,195.0,788.0,788.0,1.0,448.0,201.0,139.0,430.0,420.0,210.0,3357.0
225,450,ic,1,200.0,813.0,789.0,3.0,456.0,199.0,158.0,463.0,444.0,241.0,3580.0
225,450,ic,1,205.0,814.0,795.0,2.0,472.0,208.0,134.0,453.0,429.0,248.0,3506.0
225,450,ic,1,210.0,898.0,886.0,2.0,470.0,266.0,162.0,463.0,442.0,231.0,3547.0
225,450,ic,1,215.0,904.0,892.0,2.0,484.0,249.0,171.0,494.0,471.0,228.0,3645.0
225,450,ic,1,220.0,949.0,937.0,2.0,458.0,268.0,223.0,511.0,498.0,262.0,3677.0
225,450,ic,10,0.0,475.0,463.0,2.0,463.0,12.0,0.0,263.0,251.0,121.0,3059.0
225,450,ic,10,5.0,413.0,413.0,1.0,413.0,0.0,0.0,195.0,183.0,164.0,3181.0
225,450,ic,10,10.0,499.0,451.0,4.0,427.0,60.0,12.0,210.0,195.0,164.0,3226.0
225,450,ic,10,15.0,457.0,445.0,2.0,404.0,37.0,16.0,211.0,201.0,169.0,3221.0
225,450,ic,10,20.0,456.0,430.0,3.0,412.0,28.0,16.0,207.0,192.0,161.0,3225.0
225,450,ic,10,25.0,453.0,405.0,4.0,385.0,58.0,10.0,201.0,186.0,168.0,3211.0
225,450,ic,10,30.0,440.0,440.0,1.0,349.0,59.0,32.0,180.0,160.0,168.0,3151.0
225,450,ic,10,35.0,473.0,433.0,3.0,381.0,59.0,33.0,211.0,197.0,154.0,3071.0
225,450,ic,10,40.0,413.0,401.0,2.0,342.0,37.0,34.0,197.0,183.0,149.0,3279.0
225,450,ic,10,45.0,412.0,412.0,1.0,338.0,23.0,51.0,199.0,181.0,170.0,3243.0
225,450,ic,10,50.0,434.0,421.0,2.0,323.0,48.0,63.0,221.0,201.0,167.0,3171.0
225,450,ic,10,55.0,450.0,450.0,1.0,392.0,18.0,40.0,233.0,214.0,158.0,3271.0
225,450,ic,10,60.0,480.0,460.0,2.0,389.0,41.0,50.0,210.0,198.0,182.0,3248.0
225,450,ic,10,65.0,494.0,470.0,3.0,333.0,101.0,60.0,235.0,221.0,157.0,3216.0
225,450,ic,10,70.0,474.0,462.0,2.0,362.0,49.0,63.0,232.0,212.0,187.0,3301.0
225,450,ic,10,75.0,469.0,457.0,2.0,372.0,41.0,56.0,215.0,203.0,173.0,3254.0
225,450,ic,10,80.0,532.0,505.0,3.0,418.0,50.0,64.0,263.0,243.0,155.0,3245.0
225,450,ic,10,85.0,484.0,484.0,1.0,351.0,51.0,82.0,258.0,245.0,202.0,3315.0
225,450,ic,10,90.0,491.0,491.0,1.0,362.0,63.0,66.0,263.0,245.0,173.0,3192.0
225,450,ic,10,95.0,480.0,480.0,1.0,382.0,37.0,61.0,243.0,225.0,151.0,3283.0
225,450,ic,10,100.0,448.0,448.0,1.0,320.0,62.0,66.0,249.0,222.0,176.0,3212.0
225,450,ic,10,105.0,548.0,512.0,4.0,338.0,125.0,85.0,288.0,266.0,173.0,3272.0
225,450,ic,10,110.0,528.0,492.0,4.0,358.0,106.0,64.0,248.0,231.0,176.0,3269.0
225,450,ic,10,115.0,534.0,534.0,1.0,352.0,76.0,106.0,280.0,270.0,167.0,3259.0
225,450,ic,10,120.0,536.0,536.0,1.0,373.0,63.0,100.0,293.0,279.0,182.0,3254.0
225,450,ic,10,125.0,576.0,550.0,3.0,412.0,91.0,73.0,269.0,254.0,178.0,3242.0
225,450,ic,10,130.0,550.0,523.0,3.0,368.0,104.0,78.0,288.0,267.0,165.0,3370.0
225,450,ic,10,135.0,537.0,537.0,1.0,383.0,81.0,73.0,300.0,284.0,162.0,3296.0
225,450,ic,10,140.0,662.0,621.0,4.0,436.0,129.0,97.0,313.0,293.0,196.0,3376.0
225,450,ic,10,145.0,566.0,566.0,1.0,362.0,109.0,95.0,316.0,303.0,162.0,3348.0
225,450,ic,10,150.0,633.0,633.0,1.0,374.0,138.0,121.0,337.0,325.0,167.0,3373.0
225,450,ic,10,155.0,638.0,638.0,1.0,346.0,150.0,142.0,351.0,337.0,195.0,3413.0
225,450,ic,10,160.0,723.0,699.0,3.0,370.0,230.0,123.0,355.0,342.0,206.0,3539.0
225,450,ic,10,165.0,688.0,674.0,2.0,403.0,180.0,105.0,361.0,338.0,232.0,3445.0
225,450,ic,10,170.0,757.0,757.0,1.0,346.0,215.0,196.0,411.0,390.0,229.0,3465.0
225,450,ic,10,175.0,786.0,786.0,1.0,333.0,219.0,234.0,415.0,399.0,220.0,3572.0
225,450,ic,10,180.0,804.0,804.0,1.0,384.0,150.0,270.0,447.0,432.0,245.0,3392.0
225,450,ic,10,185.0,879.0,879.0,1.0,370.0,286.0,223.0,435.0,420.0,236.0,3605.0
225,450,ic,10,190.0,891.0,891.0,1.0,365.0,307.0,219.0,481.0,465.0,221.0,3601.0
225,450,ic,10,195.0,863.0,863.0,1.0,332.0,258.0,273.0,471.0,458.0,255.0,3563.0
225,450,ic,10,200.0,919.0,919.0,1.0,295.0,335.0,289.0,512.0,500.0,221.0,3651.0
225,450,ic,11,0.0,475.0,463.0,2.0,463.0,12.0,0.0,263.0,251.0,121.0,3059.0
225,450,ic,11,5.0,448.0,379.0,3.0,398.0,50.0,0.0,175.0,160.0,159.0,3075.0
225,450,ic,11,10.0,368.0,354.0,2.0,344.0,15.0,9.0,165.0,154.0,133.0,3128.0
225,450,ic,11,15.0,410.0,371.0,4.0,341.0,55.0,14.0,157.0,146.0,131.0,3138.0
225,450,ic,11,20.0,305.0,293.0,2.0,281.0,18.0,6.0,146.0,126.0,152.0,3105.0
225,450,ic,11,25.0,269.0,269.0,1.0,257.0,10.0,2.0,120.0,104.0,127.0,3011.0
225,450,ic,11,30.0,286.0,250.0,4.0,238.0,42.0,6.0,102.0,92.0,134.0,2986.0
225,450,ic,11,35.0,342.0,279.0,4.0,259.0,73.0,10.0,128.0,110.0,129.0,3118.0
225,450,ic,11,40.0,225.0,225.0,1.0,205.0,10.0,10.0,104.0,90.0,122.0,2920.0
225,450,ic,11,45.0,276.0,261.0,2.0,231.0,25.0,20.0,97.0,82.0,154.0,3144.0
225,450,ic,11,50.0,242.0,230.0,2.0,164.0,50.0,28.0,91.0,77.0,114.0,3032.0
225,450,ic,11,55.0,264.0,252.0,2.0,205.0,47.0,12.0,83.0,75.0,94.0,3033.0
225,450,ic,11,60.0,216.0,202.0,2.0,166.0,30.0,20.0,84.0,74.0,97.0,3079.0
225,450,ic,11,65.0,232.0,232.0,1.0,169.0,45.0,18.0,84.0,71.0,105.0,3041.0
225,450,ic,11,70.0,207.0,194.0,2.0,158.0,31.0,18.0,82.0,67.0,95.0,3028.0
225,450,ic,11,75.0,257.0,202.0,5.0,190.0,61.0,6.0,79.0,61.0,124.0,3095.0
225,450,ic,11,80.0,173.0,173.0,1.0,161.0,6.0,6.0,75.0,64.0,107.0,3035.0
225,450,ic,11,85.0,181.0,168.0,2.0,156.0,19.0,6.0,63.0,48.0,103.0,3013.0
225,450,ic,11,90.0,181.0,169.0,2.0,132.0,31.0,18.0,50.0,35.0,95.0,3051.0
225,450,ic,11,95.0,160.0,148.0,2.0,136.0,17.0,7.0,39.0,34.0,83.0,2945.0
225,450,ic,11,100.0,134.0,134.0,1.0,102.0,21.0,11.0,42.0,28.0,78.0,2987.0
225,450,ic,11,105.0,112.0,112.0,1.0,86.0,11.0,15.0,42.0,19.0,98.0,2908.0
225,450,ic,11,110.0,75.0,75.0,1.0,75.0,0.0,0.0,31.0,18.0,66.0,2872.0
225,450,ic,11,115.0,58.0,46.0,2.0,46.0,12.0,0.0,17.0,5.0,53.0,2788.0
225,450,ic,11,120.0,15.0,15.0,1.0,15.0,0.0,0.0,8.0,2.0,52.0,2847.0
225,450,ic,2,0.0,475.0,463.0,2.0,463.0,12.0,0.0,263.0,251.0,121.0,3059.0
225,450,ic,2,5.0,341.0,341.0,1.0,341.0,0.0,0.0,169.0,156.0,148.0,3163.0
225,450,ic,2,10.0,419.0,406.0,2.0,370.0,47.0,2.0,178.0,166.0,155.0,3091.0
225,450,ic,2,15.0,393.0,367.0,2.0,367.0,26.0,0.0,173.0,158.0,160.0,3113.0
225,450,ic,2,20.0,402.0,402.0,1.0,402.0,0.0,0.0,162.0,146.0,162.0,3164.0
225,450,ic,2,25.0,377.0,377.0,1.0,377.0,0.0,0.0,173.0,161.0,148.0,3080.0
225,450,ic,2,30.0,439.0,414.0,3.0,394.0,45.0,0.0,185.0,167.0,157.0,3214.0
225,450,ic,2,35.0,396.0,384.0,2.0,372.0,18.0,6.0,163.0,141.0,171.0,3142.0
225,450,ic,2,40.0,429.0,416.0,2.0,404.0,19.0,6.0,167.0,156.0,156.0,3130.0
225,450,ic,2,45.0,434.0,397.0,3.0,397.0,37.0,0.0,169.0,155.0,162.0,3198.0
225,450,ic,2,50.0,453.0,427.0,3.0,441.0,12.0,0.0,199.0,184.0,159.0,3231.0
225,450,ic,2,55.0,462.0,462.0,1.0,439.0,11.0,12.0,210.0,199.0,168.0,3215.0
225,450,ic,2,60.0,402.0,390.0,2.0,378.0,18.0,6.0,179.0,167.0,144.0,3138.0
225,450,ic,2,65.0,472.0,446.0,3.0,436.0,24.0,12.0,194.0,184.0,160.0,3203.0
225,450,ic,2,70.0,466.0,432.0,3.0,432.0,34.0,0.0,198.0,187.0,145.0,3148.0
225,450,ic,2,75.0,418.0,406.0,2.0,394.0,18.0,6.0,195.0,181.0,162.0,3216.0
225,450,ic,2,80.0,402.0,402.0,1.0,388.0,6.0,8.0,176.0,170.0,164.0,3092.0
225,450,ic,2,85.0,428.0,416.0,2.0,392.0,24.0,12.0,206.0,192.0,150.0,3227.0
225,450,ic,2,90.0,409.0,397.0,2.0,377.0,26.0,6.0,186.0,168.0,175.0,3105.0
225,450,ic,2,95.0,366.0,366.0,1.0,340.0,13.0,13.0,168.0,156.0,165.0,3147.0
225,450,ic,2,100.0,434.0,422.0,2.0,410.0,18.0,6.0,215.0,200.0,167.0,3209.0
225,450,ic,2,105.0,420.0,420.0,1.0,363.0,37.0,20.0,210.0,189.0,144.0,3238.0
225,450,ic,2,110.0,408.0,408.0,1.0,376.0,16.0,16.0,206.0,186.0,180.0,3211.0
225,450,ic,2,115.0,394.0,382.0,2.0,338.0,42.0,14.0,181.0,162.0,155.0,3159.0
225,450,ic,2,120.0,384.0,372.0,2.0,352.0,22.0,10.0,164.0,150.0,165.0,3246.0
225,450,ic,2,125.0,415.0,389.0,2.0,336.0,56.0,23.0,177.0,161.0,155.0,3038.0
225,450,ic,2,130.0,365.0,343.0,2.0,343.0,22.0,0.0,182.0,172.0,142.0,3118.0
225,450,ic,2,135.0,410.0,371.0,3.0,335.0,57.0,18.0,191.0,171.0,159.0,3161.0
225,450,ic,2,140.0,406.0,394.0,2.0,309.0,55.0,42.0,167.0,152.0,145.0,3216.0
225,450,ic,2,145.0,421.0,409.0,2.0,346.0,46.0,29.0,207.0,187.0,158.0,3178.0
225,450,ic,2,150.0,382.0,382.0,1.0,314.0,33.0,35.0,191.0,173.0,147.0,3258.0
225,450,ic,2,155.0,360.0,348.0,2.0,275.0,48.0,37.0,192.0,171.0,160.0,3150.0
225,450,ic,2,160.0,481.0,434.0,4.0,270.0,146.0,65.0,212.0,197.0,182.0,3217.0
225,450,ic,2,165.0,366.0,366.0,1.0,268.0,48.0,50.0,187.0,172.0,141.0,3160.0
225,450,ic,2,170.0,424.0,412.0,2.0,237.0,105.0,82.0,214.0,193.0,153.0,3107.0
225,450,ic,2,175.0,411.0,365.0,3.0,284.0,72.0,55.0,184.0,167.0,168.0,3131.0
225,450,ic,2,180.0,470.0,414.0,5.0,267.0,106.0,97.0,208.0,190.0,151.0,3201.0
225,450,ic,2,185.0,479.0,479.0,1.0,287.0,63.0,129.0,227.0,204.0,172.0,3304.0
225,450,ic,2,190.0,512.0,512.0,1.0,276.0,77.0,159.0,227.0,210.0,175.0,3292.0
225,450,ic,2,195.0,474.0,460.0,2.0,224.0,106.0,144.0,232.0,213.0,189.0,3299.0
225,450,ic,2,200.0,535.0,523.0,2.0,217.0,116.0,202.0,244.0,223.0,186.0,3349.0
225,450,ic,2,205.0,587.0,573.0,2.0,118.0,135.0,334.0,243.0,223.0,181.0,3326.0
225,450,ic,2,210.0,481.0,455.0,3.0,76.0,128.0,277.0,237.0,217.0,185.0,3181.0
225,450,ic,2,215.0,457.0,457.0,1.0,209.0,80.0,168.0,218.0,205.0,165.0,3189.0
225,450,ic,2,220.0,479.0,467.0,2.0,223.0,65.0,191.0,234.0,220.0,166.0,3239.0
225,450,ic,2,225.0,482.0,455.0,3.0,246.0,93.0,143.0,225.0,203.0,162.0,3274.0
225,450,ic,2,230.0,434.0,410.0,3.0,243.0,83.0,108.0,203.0,187.0,177.0,3268.0
225,450,ic,2,235.0,443.0,443.0,1.0,275.0,47.0,121.0,234.0,217.0,140.0,3203.0
225,450,ic,2,240.0,478.0,466.0,2.0,290.0,43.0,145.0,216.0,201.0,177.0,3260.0
225,450,ic,2,245.0,568.0,517.0,5.0,292.0,103.0,173.0,210.0,195.0,187.0,3341.0
225,450,ic,2,250.0,493.0,469.0,3.0,321.0,68.0,104.0,219.0,203.0,184.0,3206.0
225,450,ic,2,255.0,544.0,524.0,2.0,361.0,38.0,145.0,260.0,239.0,198.0,3288.0
225,450,ic,2,260.0,527.0,502.0,3.0,330.0,72.0,125.0,284.0,269.0,197.0,3225.0
225,450,ic,2,265.0,565.0,565.0,1.0,355.0,46.0,164.0,313.0,303.0,180.0,3458.0
225,450,ic,2,270.0,620.0,595.0,3.0,344.0,103.0,173.0,293.0,277.0,212.0,3404.0
225,450,ic,2,275.0,624.0,624.0,1.0,337.0,72.0,215.0,304.0,294.0,183.0,3284.0
225,450,ic,2,280.0,601.0,601.0,1.0,350.0,81.0,170.0,313.0,303.0,189.0,3462.0
225,450,ic,2,285.0,597.0,573.0,3.0,359.0,87.0,151.0,320.0,301.0,211.0,3275.0
225,450,ic,2,290.0,637.0,601.0,3.0,373.0,100.0,164.0,330.0,318.0,184.0,3369.0
225,450,ic,2,295.0,655.0,643.0,2.0,384.0,93.0,178.0,332.0,312.0,201.0,3462.0
225,450,ic,2,300.0,678.0,666.0,2.0,385.0,118.0,175.0,349.0,337.0,203.0,3486.0
225,450,ic,2,305.0,648.0,622.0,2.0,320.0,115.0,213.0,371.0,355.0,189.0,3434.0
225,450,ic,2,310.0,667.0,667.0,1.0,380.0,73.0,214.0,362.0,347.0,221.0,3566.0
225,450,ic,2,315.0,700.0,676.0,3.0,373.0,117.0,210.0,370.0,349.0,229.0,3465.0
225,450,ic,2,320.0,749.0,723.0,2.0,217.0,168.0,364.0,369.0,353.0,202.0,3559.0
225,450,ic,2,325.0,735.0,735.0,1.0,340.0,123.0,272.0,374.0,363.0,225.0,3397.0
225,450,ic,2,330.0,739.0,727.0,2.0,194.0,127.0,418.0,385.0,373.0,207.0,3446.0
225,450,ic,2,335.0,740.0,728.0,2.0,231.0,108.0,401.0,376.0,355.0,228.0,3499.0
225,450,ic,2,340.0,733.0,733.0,1.0,192.0,85.0,456.0,397.0,381.0,224.0,3538.0
225,450,ic,2,345.0,736.0,723.0,2.0,195.0,118.0,423.0,401.0,382.0,211.0,3448.0
225,450,ic,2,350.0,810.0,810.0,1.0,258.0,135.0,417.0,396.0,386.0,223.0,3489.0
225,450,ic,2,355.0,821.0,809.0,2.0,265.0,98.0,458.0,409.0,392.0,229.0,3634.0
225,450,ic,2,360.0,831.0,819.0,2.0,257.0,135.0,439.0,443.0,428.0,233.0,3686.0
225,450,ic,2,365.0,829.0,829.0,1.0,201.0,156.0,472.0,428.0,406.0,257.0,3679.0
225,450,ic,2,370.0,819.0,819.0,1.0,357.0,78.0,384.0,452.0,430.0,269.0,3688.0
225,450,ic,2,375.0,826.0,826.0,1.0,283.0,108.0,435.0,421.0,393.0,274.0,3552.0
225,450,ic,2,380.0,867.0,867.0,1.0,161.0,114.0,592.0,434.0,416.0,267.0,3612.0
225,450,ic,2,385.0,801.0,789.0,2.0,323.0,135.0,343.0,450.0,435.0,249.0,3563.0
225,450,ic,2,390.0,869.0,857.0,2.0,170.0,128.0,571.0,449.0,424.0,271.0,3531.0
225,450,ic,2,395.0,850.0,850.0,1.0,165.0,87.0,598.0,469.0,453.0,238.0,3672.0
225,450,ic,2,400.0,907.0,907.0,1.0,266.0,108.0,533.0,482.0,472.0,263.0,3665.0
225,450,ic,3,0.0,475.0,463.0,2.0,463.0,12.0,0.0,263.0,251.0,121.0,3059.0
225,450,ic,3,5.0,387.0,375.0,2.0,355.0,16.0,16.0,188.0,178.0,134.0,3150.0
225,450,ic,3,10.0,386.0,374.0,2.0,374.0,12.0,0.0,180.0,167.0,133.0,3181.0
225,450,ic,3,15.0,378.0,364.0,2.0,337.0,18.0,23.0,174.0,153.0,166.0,3128.0
225,450,ic,3,20.0,342.0,342.0,1.0,322.0,10.0,10.0,193.0,179.0,143.0,3162.0
225,450,ic,3,25.0,409.0,385.0,3.0,341.0,48.0,20.0,204.0,188.0,155.0,3155.0
225,450,ic,3,30.0,413.0,389.0,3.0,363.0,37.0,13.0,194.0,183.0,128.0,3151.0
225,450,ic,3,35.0,417.0,405.0,2.0,333.0,60.0,24.0,183.0,169.0,141.0,3165.0
225,450,ic,3,40.0,403.0,379.0,3.0,355.0,35.0,13.0,188.0,172.0,138.0,3216.0
225,450,ic,3,45.0,392.0,392.0,1.0,354.0,32.0,6.0,166.0,157.0,139.0,3131.0
225,450,ic,3,50.0,353.0,341.0,2.0,317.0,27.0,9.0,140.0,125.0,151.0,3193.0
225,450,ic,3,55.0,298.0,284.0,2.0,286.0,6.0,6.0,127.0,108.0,131.0,3057.0
225,450,ic,3,60.0,298.0,285.0,2.0,285.0,13.0,0.0,115.0,107.0,146.0,3113.0
225,450,ic,3,65.0,296.0,296.0,1.0,296.0,0.0,0.0,129.0,115.0,139.0,3081.0
225,450,ic,3,70.0,297.0,285.0,2.0,261.0,24.0,12.0,133.0,117.0,119.0,3066.0
225,450,ic,3,75.0,285.0,259.0,2.0,259.0,26.0,0.0,125.0,110.0,118.0,3092.0
225,450,ic,3,80.0,258.0,258.0,1.0,258.0,0.0,0.0,123.0,106.0,124.0,3023.0
225,450,ic,3,85.0,260.0,245.0,2.0,247.0,7.0,6.0,110.0,90.0,127.0,3051.0
225,450,ic,3,90.0,264.0,238.0,3.0,252.0,12.0,0.0,103.0,94.0,116.0,3029.0
225,450,ic,3,95.0,324.0,253.0,4.0,260.0,55.0,9.0,119.0,106.0,112.0,3032.0
225,450,ic,3,100.0,260.0,248.0,2.0,235.0,19.0,6.0,112.0,92.0,131.0,3136.0
225,450,ic,3,105.0,214.0,214.0,1.0,214.0,0.0,0.0,90.0,74.0,127.0,3041.0
225,450,ic,3,110.0,229.0,217.0,2.0,192.0,19.0,18.0,76.0,62.0,116.0,3073.0
225,450,ic,3,115.0,183.0,183.0,1.0,171.0,9.0,3.0,66.0,49.0,113.0,2932.0
225,450,ic,3,120.0,243.0,206.0,3.0,160.0,59.0,24.0,70.0,49.0,121.0,3047.0
225,450,ic,3,125.0,184.0,172.0,2.0,159.0,25.0,0.0,56.0,46.0,127.0,2978.0
225,450,ic,3,130.0,163.0,101.0,4.0,101.0,62.0,0.0,42.0,25.0,83.0,2892.0
225,450,ic,3,135.0,134.0,98.0,3.0,86.0,42.0,6.0,28.0,11.0,101.0,3011.0
225,450,ic,3,140.0,120.0,108.0,2.0,95.0,22.0,3.0,42.0,25.0,76.0,3025.0
225,450,ic,3,145.0,45.0,45.0,1.0,30.0,15.0,0.0,20.0,2.0,78.0,2780.0
225,450,ic,3,150.0,35.0,22.0,2.0,22.0,13.0,0.0,9.0,1.0,50.0,2841.0
225,450,ic,3,155.0,38.0,14.0,3.0,14.0,24.0,0.0,12.0,1.0,60.0,2911.0
225,450,ic,4,0.0,475.0,463.0,2.0,463.0,12.0,0.0,263.0,251.0,121.0,3059.0
225,450,ic,4,5.0,396.0,362.0,3.0,372.0,18.0,6.0,174.0,159.0,133.0,3197.0
225,450,ic,4,10.0,365.0,347.0,2.0,345.0,10.0,10.0,176.0,161.0,166.0,3245.0
225,450,ic,4,15.0,423.0,410.0,2.0,304.0,80.0,39.0,193.0,179.0,172.0,3204.0
225,450,ic,4,20.0,393.0,393.0,1.0,325.0,29.0,39.0,192.0,174.0,175.0,3156.0
225,450,ic,4,25.0,432.0,408.0,2.0,360.0,38.0,34.0,179.0,165.0,165.0,3215.0
225,450,ic,4,30.0,386.0,386.0,1.0,337.0,32.0,17.0,181.0,166.0,147.0,3248.0
225,450,ic,4,35.0,367.0,367.0,1.0,339.0,16.0,12.0,178.0,168.0,137.0,3263.0
225,450,ic,4,40.0,409.0,397.0,2.0,357.0,36.0,16.0,173.0,161.0,154.0,3197.0
225,450,ic,4,45.0,401.0,377.0,3.0,323.0,62.0,16.0,169.0,157.0,160.0,3172.0
225,450,ic,4,50.0,438.0,394.0,3.0,319.0,91.0,28.0,194.0,180.0,161.0,3232.0
225,450,ic,4,55.0,404.0,404.0,1.0,334.0,45.0,25.0,206.0,179.0,180.0,3297.0
225,450,ic,4,60.0,400.0,400.0,1.0,339.0,39.0,22.0,191.0,175.0,150.0,3289.0
225,450,ic,4,65.0,415.0,415.0,1.0,335.0,53.0,27.0,188.0,178.0,147.0,3209.0
225,450,ic,4,70.0,421.0,394.0,2.0,350.0,49.0,22.0,198.0,179.0,170.0,3100.0
225,450,ic,4,75.0,387.0,375.0,2.0,307.0,51.0,29.0,200.0,180.0,169.0,3127.0
225,450,ic,4,80.0,429.0,429.0,1.0,320.0,59.0,50.0,211.0,189.0,176.0,3317.0
225,450,ic,4,85.0,426.0,388.0,4.0,346.0,52.0,28.0,192.0,175.0,160.0,3132.0
225,450,ic,4,90.0,435.0,423.0,2.0,347.0,38.0,50.0,213.0,194.0,174.0,3413.0
225,450,ic,4,95.0,468.0,416.0,4.0,366.0,66.0,36.0,196.0,176.0,181.0,3219.0
225,450,ic,4,100.0,436.0,436.0,1.0,361.0,44.0,31.0,198.0,182.0,160.0,3237.0
225,450,ic,4,105.0,413.0,399.0,2.0,338.0,38.0,37.0,196.0,178.0,150.0,3312.0
225,450,ic,4,110.0,439.0,424.0,2.0,359.0,46.0,34.0,201.0,172.0,169.0,3147.0
225,450,ic,4,115.0,499.0,499.0,1.0,406.0,68.0,25.0,209.0,196.0,156.0,3166.0
225,450,ic,4,120.0,517.0,503.0,2.0,442.0,38.0,37.0,235.0,221.0,184.0,3210.0
225,450,ic,4,125.0,505.0,463.0,3.0,417.0,54.0,34.0,229.0,210.0,194.0,3330.0
225,450,ic,4,130.0,488.0,440.0,4.0,346.0,102.0,40.0,216.0,201.0,172.0,3238.0
225,450,ic,4,135.0,483.0,471.0,2.0,376.0,66.0,41.0,234.0,224.0,171.0,3298.0
225,450,ic,4,140.0,508.0,473.0,3.0,362.0,96.0,50.0,234.0,225.0,163.0,3238.0
225,450,ic,4,145.0,468.0,468.0,1.0,398.0,41.0,29.0,248.0,234.0,175.0,3198.0
225,450,ic,4,150.0,498.0,498.0,1.0,416.0,44.0,38.0,252.0,242.0,172.0,3240.0
225,450,ic,4,155.0,555.0,543.0,2.0,458.0,58.0,39.0,269.0,254.0,175.0,3292.0
225,450,ic,4,160.0,552.0,540.0,2.0,451.0,68.0,33.0,284.0,269.0,187.0,3361.0
225,450,ic,4,165.0,535.0,535.0,1.0,382.0,82.0,71.0,290.0,268.0,159.0,3315.0
225,450,ic,4,170.0,546.0,546.0,1.0,445.0,53.0,48.0,291.0,276.0,177.0,3252.0
225,450,ic,4,175.0,571.0,546.0,2.0,453.0,71.0,47.0,289.0,273.0,194.0,3275.0
225,450,ic,4,180.0,633.0,633.0,1.0,506.0,74.0,53.0,313.0,298.0,209.0,3436.0
225,450,ic,4,185.0,588.0,562.0,3.0,465.0,60.0,63.0,317.0,305.0,214.0,3439.0
225,450,ic,4,190.0,566.0,566.0,1.0,469.0,53.0,44.0,333.0,323.0,175.0,3412.0
225,450,ic,4,195.0,652.0,640.0,2.0,485.0,107.0,60.0,355.0,344.0,188.0,3348.0
225,450,ic,4,200.0,684.0,660.0,2.0,503.0,116.0,65.0,351.0,339.0,215.0,3318.0
225,450,ic,4,205.0,663.0,663.0,1.0,531.0,83.0,49.0,360.0,349.0,190.0,3420.0
225,450,ic,4,210.0,732.0,710.0,2.0,544.0,53.0,135.0,363.0,353.0,236.0,3493.0
225,450,ic,4,215.0,729.0,729.0,1.0,547.0,85.0,97.0,392.0,375.0,234.0,3492.0
225,450,ic,4,220.0,742.0,728.0,2.0,579.0,100.0,63.0,386.0,371.0,222.0,3501.0
225,450,ic,4,225.0,734.0,722.0,2.0,584.0,94.0,56.0,425.0,410.0,217.0,3497.0
225,450,ic,4,230.0,733.0,721.0,2.0,580.0,95.0,58.0,402.0,382.0,224.0,3390.0
225,450,ic,4,235.0,835.0,823.0,2.0,611.0,123.0,101.0,403.0,385.0,224.0,3581.0
225,450,ic,4,240.0,804.0,790.0,2.0,514.0,170.0,120.0,442.0,421.0,251.0,3603.0
225,450,ic,4,245.0,882.0,856.0,3.0,561.0,176.0,145.0,449.0,435.0,240.0,3658.0
225,450,ic,4,250.0,819.0,819.0,1.0,540.0,155.0,124.0,447.0,437.0,236.0,3546.0
225,450,ic,4,255.0,936.0,912.0,3.0,564.0,231.0,141.0,459.0,439.0,265.0,3701.0
225,450,ic,5,0.0,475.0,463.0,2.0,463.0,12.0,0.0,263.0,251.0,121.0,3059.0
225,450,ic,5,5.0,406.0,394.0,2.0,394.0,12.0,0.0,192.0,174.0,172.0,3070.0
225,450,ic,5,10.0,429.0,429.0,1.0,393.0,17.0,19.0,220.0,208.0,149.0,3298.0
225,450,ic,5,15.0,474.0,474.0,1.0,358.0,59.0,57.0,232.0,219.0,175.0,3212.0
225,450,ic,5,20.0,421.0,421.0,1.0,361.0,30.0,30.0,196.0,185.0,160.0,3182.0
225,450,ic,5,25.0,473.0,460.0,2.0,359.0,64.0,50.0,213.0,202.0,168.0,3225.0
225,450,ic,5,30.0,427.0,400.0,3.0,376.0,32.0,19.0,192.0,182.0,160.0,3230.0
225,450,ic,5,35.0,470.0,444.0,3.0,411.0,36.0,23.0,215.0,200.0,152.0,3270.0
225,450,ic,5,40.0,467.0,467.0,1.0,407.0,29.0,31.0,240.0,231.0,151.0,3237.0
225,450,ic,5,45.0,532.0,508.0,3.0,402.0,89.0,41.0,232.0,211.0,177.0,3299.0
225,450,ic,5,50.0,422.0,422.0,1.0,390.0,21.0,11.0,206.0,190.0,162.0,3116.0
225,450,ic,5,55.0,453.0,441.0,2.0,373.0,49.0,31.0,205.0,191.0,152.0,3054.0
225,450,ic,5,60.0,434.0,434.0,1.0,386.0,24.0,24.0,206.0,192.0,197.0,3158.0
225,450,ic,5,65.0,469.0,455.0,2.0,420.0,24.0,25.0,235.0,217.0,157.0,3197.0
225,450,ic,5,70.0,536.0,468.0,4.0,452.0,48.0,36.0,232.0,216.0,172.0,3292.0
225,450,ic,5,75.0,488.0,463.0,3.0,406.0,53.0,29.0,232.0,209.0,182.0,3320.0
225,450,ic,5,80.0,533.0,507.0,3.0,465.0,39.0,29.0,253.0,236.0,188.0,3297.0
225,450,ic,5,85.0,561.0,549.0,2.0,445.0,73.0,43.0,263.0,249.0,176.0,3321.0
225,450,ic,5,90.0,521.0,521.0,1.0,393.0,76.0,52.0,266.0,244.0,220.0,3274.0
225,450,ic,5,95.0,539.0,539.0,1.0,404.0,84.0,51.0,275.0,250.0,194.0,3336.0
225,450,ic,5,100.0,539.0,539.0,1.0,405.0,76.0,58.0,282.0,269.0,173.0,3275.0
225,450,ic,5,105.0,550.0,550.0,1.0,412.0,69.0,69.0,277.0,259.0,198.0,3300.0
225,450,ic,5,110.0,718.0,694.0,3.0,439.0,133.0,146.0,342.0,320.0,228.0,3420.0
225,450,ic,5,115.0,718.0,662.0,4.0,498.0,109.0,111.0,357.0,334.0,204.0,3538.0
225,450,ic,5,120.0,689.0,689.0,1.0,482.0,100.0,107.0,354.0,342.0,204.0,3419.0
225,450,ic,5,125.0,747.0,747.0,1.0,507.0,126.0,114.0,373.0,359.0,235.0,3555.0
225,450,ic,5,130.0,809.0,753.0,4.0,541.0,141.0,127.0,378.0,367.0,245.0,3559.0
225,450,ic,5,135.0,816.0,804.0,2.0,532.0,94.0,190.0,415.0,402.0,236.0,3495.0
225,450,ic,5,140.0,834.0,834.0,1.0,469.0,134.0,231.0,425.0,412.0,261.0,3467.0
225,450,ic,5,145.0,800.0,776.0,3.0,514.0,115.0,171.0,424.0,404.0,240.0,3438.0
225,450,ic,5,150.0,816.0,816.0,1.0,472.0,107.0,237.0,420.0,405.0,268.0,3515.0
225,450,ic,5,155.0,835.0,819.0,2.0,520.0,98.0,217.0,430.0,405.0,254.0,3580.0
225,450,ic,5,160.0,827.0,827.0,1.0,475.0,125.0,227.0,428.0,414.0,246.0,3474.0
225,450,ic,5,165.0,853.0,838.0,2.0,464.0,140.0,249.0,444.0,423.0,272.0,3570.0
225,450,ic,5,170.0,950.0,937.0,2.0,441.0,174.0,335.0,467.0,445.0,260.0,3696.0
225,450,ic,6,0.0,475.0,463.0,2.0,463.0,12.0,0.0,263.0,251.0,121.0,3059.0
225,450,ic,6,5.0,387.0,375.0,2.0,363.0,18.0,6.0,172.0,162.0,147.0,3138.0
225,450,ic,6,10.0,368.0,368.0,1.0,332.0,20.0,16.0,179.0,160.0,160.0,3046.0
225,450,ic,6,15.0,391.0,391.0,1.0,338.0,26.0,27.0,184.0,174.0,144.0,3142.0
225,450,ic,6,20.0,411.0,399.0,2.0,363.0,27.0,21.0,183.0,170.0,130.0,3111.0
225,450,ic,6,25.0,439.0,388.0,5.0,376.0,57.0,6.0,178.0,164.0,154.0,3246.0
225,450,ic,6,30.0,411.0,411.0,1.0,387.0,21.0,3.0,180.0,163.0,166.0,3179.0
225,450,ic,6,35.0,409.0,409.0,1.0,397.0,7.0,5.0,188.0,176.0,160.0,3185.0
225,450,ic,6,40.0,434.0,421.0,2.0,379.0,37.0,18.0,216.0,195.0,185.0,3209.0
225,450,ic,6,45.0,392.0,392.0,1.0,322.0,40.0,30.0,187.0,168.0,167.0,3258.0
225,450,ic,6,50.0,394.0,394.0,1.0,355.0,22.0,17.0,197.0,175.0,165.0,3074.0
225,450,ic,6,55.0,397.0,397.0,1.0,357.0,20.0,20.0,199.0,183.0,145.0,3129.0
225,450,ic,6,60.0,458.0,415.0,4.0,398.0,42.0,18.0,198.0,177.0,194.0,3222.0
225,450,ic,6,65.0,425.0,413.0,2.0,393.0,25.0,7.0,207.0,187.0,214.0,3262.0
225,450,ic,6,70.0,483.0,483.0,1.0,431.0,35.0,17.0,227.0,206.0,204.0,3157.0
225,450,ic,6,75.0,460.0,446.0,2.0,373.0,36.0,51.0,219.0,198.0,189.0,3230.0
225,450,ic,6,80.0,436.0,436.0,1.0,424.0,6.0,6.0,213.0,196.0,179.0,3229.0
225,450,ic,6,85.0,463.0,463.0,1.0,418.0,24.0,21.0,225.0,205.0,186.0,3286.0
225,450,ic,6,90.0,528.0,514.0,2.0,454.0,52.0,22.0,268.0,253.0,173.0,3205.0
225,450,ic,6,95.0,481.0,481.0,1.0,461.0,10.0,10.0,251.0,241.0,155.0,3208.0
225,450,ic,6,100.0,542.0,530.0,2.0,452.0,54.0,36.0,270.0,251.0,184.0,3349.0
225,450,ic,6,105.0,550.0,538.0,2.0,391.0,91.0,68.0,284.0,271.0,187.0,3318.0
225,450,ic,6,110.0,556.0,542.0,2.0,394.0,86.0,76.0,283.0,272.0,175.0,3279.0
225,450,ic,6,115.0,599.0,586.0,2.0,384.0,108.0,107.0,284.0,276.0,189.0,3418.0
225,450,ic,6,120.0,613.0,613.0,1.0,389.0,126.0,98.0,319.0,306.0,198.0,3382.0
225,450,ic,6,125.0,578.0,564.0,2.0,369.0,111.0,98.0,314.0,298.0,189.0,3368.0
225,450,ic,6,130.0,648.0,636.0,2.0,353.0,172.0,123.0,316.0,302.0,183.0,3423.0
225,450,ic,6,135.0,685.0,659.0,3.0,435.0,133.0,117.0,335.0,322.0,189.0,3370.0
225,450,ic,6,140.0,646.0,616.0,3.0,362.0,168.0,116.0,322.0,309.0,190.0,3299.0
225,450,ic,6,145.0,637.0,637.0,1.0,334.0,135.0,168.0,337.0,327.0,185.0,3490.0
225,450,ic,6,150.0,626.0,612.0,2.0,429.0,102.0,95.0,342.0,324.0,205.0,3419.0
225,450,ic,6,155.0,690.0,690.0,1.0,436.0,101.0,153.0,371.0,357.0,204.0,3535.0
225,450,ic,6,160.0,793.0,793.0,1.0,428.0,123.0,242.0,424.0,410.0,208.0,3589.0
225,450,ic,6,165.0,797.0,773.0,2.0,481.0,176.0,140.0,415.0,398.0,229.0,3627.0
225,450,ic,6,170.0,793.0,779.0,2.0,527.0,92.0,174.0,418.0,406.0,233.0,3524.0
225,450,ic,6,175.0,800.0,775.0,2.0,570.0,75.0,155.0,414.0,401.0,213.0,3524.0
225,450,ic,6,180.0,778.0,759.0,2.0,467.0,164.0,147.0,433.0,419.0,224.0,3558.0
225,450,ic,6,185.0,763.0,763.0,1.0,455.0,123.0,185.0,416.0,406.0,226.0,3566.0
225,450,ic,6,190.0,830.0,830.0,1.0,522.0,132.0,176.0,462.0,446.0,206.0,3586.0
225,450,ic,6,195.0,824.0,812.0,2.0,530.0,139.0,155.0,440.0,420.0,223.0,3535.0
225,450,ic,6,200.0,832.0,808.0,3.0,500.0,156.0,176.0,438.0,426.0,229.0,3495.0
225,450,ic,6,205.0,783.0,783.0,1.0,487.0,136.0,160.0,454.0,445.0,218.0,3500.0
225,450,ic,6,210.0,788.0,788.0,1.0,491.0,139.0,158.0,477.0,463.0,214.0,3509.0
225,450,ic,6,215.0,894.0,869.0,3.0,534.0,212.0,148.0,487.0,479.0,204.0,3561.0
225,450,ic,6,220.0,910.0,898.0,2.0,512.0,225.0,173.0,496.0,481.0,238.0,3574.0
225,450,ic,6,225.0,955.0,955.0,1.0,547.0,202.0,206.0,531.0,515.0,240.0,3667.0
225,450,ic,7,0.0,475.0,463.0,2.0,463.0,12.0,0.0,263.0,251.0,121.0,3059.0
225,450,ic,7,5.0,379.0,379.0,1.0,379.0,0.0,0.0,168.0,162.0,130.0,3183.0
225,450,ic,7,10.0,494.0,423.0,5.0,445.0,43.0,6.0,192.0,183.0,135.0,3166.0
225,450,ic,7,15.0,481.0,458.0,2.0,430.0,37.0,14.0,196.0,180.0,164.0,3150.0
225,450,ic,7,20.0,436.0,424.0,2.0,399.0,29.0,8.0,221.0,205.0,175.0,3282.0
225,450,ic,7,25.0,452.0,438.0,2.0,409.0,29.0,14.0,209.0,194.0,173.0,3240.0
225,450,ic,7,30.0,458.0,422.0,4.0,422.0,36.0,0.0,228.0,208.0,156.0,3264.0
225,450,ic,7,35.0,445.0,433.0,2.0,433.0,12.0,0.0,202.0,190.0,163.0,3176.0
225,450,ic,7,40.0,417.0,417.0,1.0,373.0,22.0,22.0,189.0,175.0,178.0,3223.0
225,450,ic,7,45.0,464.0,451.0,2.0,382.0,53.0,29.0,219.0,205.0,165.0,3162.0
225,450,ic,7,50.0,487.0,463.0,3.0,366.0,61.0,60.0,248.0,236.0,170.0,3247.0
225,450,ic,7,55.0,513.0,487.0,3.0,401.0,47.0,65.0,230.0,219.0,173.0,3214.0
225,450,ic,7,60.0,500.0,488.0,2.0,377.0,66.0,57.0,239.0,226.0,179.0,3327.0
225,450,ic,7,65.0,541.0,529.0,2.0,373.0,104.0,64.0,255.0,237.0,164.0,3417.0
225,450,ic,7,70.0,501.0,501.0,1.0,415.0,44.0,42.0,273.0,257.0,176.0,3313.0
225,450,ic,7,75.0,554.0,554.0,1.0,437.0,59.0,58.0,271.0,258.0,202.0,3406.0
225,450,ic,7,80.0,493.0,493.0,1.0,350.0,82.0,61.0,274.0,253.0,178.0,3346.0
225,450,ic,7,85.0,587.0,575.0,2.0,378.0,128.0,81.0,288.0,278.0,171.0,3452.0
225,450,ic,7,90.0,556.0,532.0,3.0,399.0,97.0,60.0,295.0,279.0,206.0,3508.0
225,450,ic,7,95.0,591.0,591.0,1.0,417.0,110.0,64.0,314.0,305.0,187.0,3359.0
225,450,ic,7,100.0,577.0,565.0,2.0,383.0,127.0,67.0,316.0,300.0,198.0,3446.0
225,450,ic,7,105.0,609.0,597.0,2.0,425.0,107.0,77.0,302.0,290.0,185.0,3384.0
225,450,ic,7,110.0,631.0,601.0,2.0,454.0,94.0,83.0,315.0,298.0,185.0,3305.0
225,450,ic,7,115.0,661.0,661.0,1.0,431.0,129.0,101.0,348.0,333.0,199.0,3458.0
225,450,ic,7,120.0,725.0,725.0,1.0,443.0,173.0,109.0,338.0,326.0,202.0,3391.0
225,450,ic,7,125.0,672.0,672.0,1.0,415.0,158.0,99.0,344.0,334.0,198.0,3406.0
225,450,ic,7,130.0,650.0,650.0,1.0,426.0,133.0,91.0,337.0,326.0,199.0,3350.0
225,450,ic,7,135.0,652.0,652.0,1.0,425.0,138.0,89.0,338.0,313.0,219.0,3363.0
225,450,ic,7,140.0,636.0,636.0,1.0,436.0,107.0,93.0,356.0,339.0,212.0,3416.0
225,450,ic,7,145.0,693.0,693.0,1.0,416.0,162.0,115.0,354.0,336.0,202.0,3565.0
225,450,ic,7,150.0,699.0,699.0,1.0,448.0,154.0,97.0,375.0,361.0,189.0,3420.0
225,450,ic,7,155.0,716.0,692.0,3.0,460.0,146.0,110.0,376.0,360.0,234.0,3332.0
225,450,ic,7,160.0,787.0,735.0,5.0,440.0,199.0,148.0,391.0,374.0,194.0,3455.0
225,450,ic,7,165.0,764.0,752.0,2.0,470.0,153.0,141.0,403.0,387.0,232.0,3555.0
225,450,ic,7,170.0,731.0,731.0,1.0,479.0,143.0,109.0,424.0,412.0,224.0,3527.0
225,450,ic,7,175.0,756.0,756.0,1.0,484.0,134.0,138.0,396.0,382.0,201.0,3442.0
225,450,ic,7,180.0,778.0,766.0,2.0,486.0,157.0,135.0,409.0,396.0,215.0,3442.0
225,450,ic,7,185.0,829.0,817.0,2.0,447.0,213.0,169.0,440.0,413.0,242.0,3544.0
225,450,ic,7,190.0,831.0,792.0,3.0,462.0,196.0,173.0,470.0,457.0,214.0,3595.0
225,450,ic,7,195.0,816.0,790.0,3.0,423.0,202.0,191.0,449.0,433.0,224.0,3620.0
225,450,ic,7,200.0,814.0,787.0,3.0,429.0,173.0,212.0,482.0,466.0,227.0,3527.0
225,450,ic,7,205.0,797.0,784.0,2.0,453.0,152.0,192.0,447.0,435.0,214.0,3653.0
225,450,ic,7,210.0,865.0,815.0,4.0,408.0,250.0,207.0,461.0,445.0,226.0,3589.0
225,450,ic,7,215.0,801.0,801.0,1.0,426.0,184.0,191.0,446.0,432.0,227.0,3552.0
225,450,ic,7,220.0,849.0,837.0,2.0,427.0,224.0,198.0,481.0,466.0,232.0,3533.0
225,450,ic,7,225.0,785.0,772.0,2.0,439.0,182.0,164.0,483.0,469.0,207.0,3594.0
225,450,ic,7,230.0,824.0,824.0,1.0,447.0,184.0,193.0,482.0,470.0,213.0,3630.0
225,450,ic,7,235.0,878.0,866.0,2.0,167.0,255.0,456.0,498.0,488.0,243.0,3591.0
225,450,ic,7,240.0,972.0,938.0,3.0,183.0,298.0,491.0,530.0,515.0,222.0,3574.0
225,450,ic,8,0.0,475.0,463.0,2.0,463.0,12.0,0.0,263.0,251.0,121.0,3059.0
225,450,ic,8,5.0,416.0,416.0,1.0,403.0,13.0,0.0,163.0,144.0,162.0,3109.0
225,450,ic,8,10.0,359.0,359.0,1.0,359.0,0.0,0.0,176.0,156.0,151.0,3030.0
225,450,ic,8,15.0,326.0,326.0,1.0,326.0,0.0,0.0,165.0,153.0,156.0,3140.0
225,450,ic,8,20.0,350.0,323.0,3.0,337.0,13.0,0.0,151.0,140.0,141.0,3205.0
225,450,ic,8,25.0,351.0,339.0,2.0,339.0,12.0,0.0,151.0,137.0,152.0,3223.0
225,450,ic,8,30.0,368.0,368.0,1.0,356.0,12.0,0.0,180.0,167.0,156.0,3236.0
225,450,ic,8,35.0,369.0,336.0,3.0,336.0,33.0,0.0,145.0,137.0,145.0,3197.0
225,450,ic,8,40.0,361.0,349.0,2.0,337.0,18.0,6.0,170.0,150.0,142.0,3216.0
225,450,ic,8,45.0,352.0,352.0,1.0,312.0,20.0,20.0,164.0,148.0,147.0,3139.0
225,450,ic,8,50.0,342.0,318.0,3.0,306.0,30.0,6.0,161.0,147.0,158.0,3174.0
225,450,ic,8,55.0,420.0,394.0,3.0,319.0,63.0,38.0,179.0,159.0,178.0,3162.0
225,450,ic,8,60.0,440.0,416.0,3.0,319.0,93.0,28.0,185.0,169.0,159.0,3227.0
225,450,ic,8,65.0,411.0,411.0,1.0,316.0,48.0,47.0,196.0,184.0,136.0,3181.0
225,450,ic,8,70.0,465.0,399.0,5.0,374.0,70.0,21.0,181.0,164.0,175.0,3268.0
225,450,ic,8,75.0,463.0,439.0,3.0,345.0,72.0,46.0,183.0,170.0,174.0,3076.0
225,450,ic,8,80.0,416.0,416.0,1.0,358.0,21.0,37.0,212.0,195.0,147.0,3184.0
225,450,ic,8,85.0,423.0,423.0,1.0,356.0,36.0,31.0,219.0,207.0,165.0,3221.0
225,450,ic,8,90.0,446.0,422.0,3.0,353.0,64.0,29.0,215.0,197.0,179.0,3223.0
225,450,ic,8,95.0,493.0,457.0,4.0,392.0,79.0,22.0,218.0,200.0,166.0,3173.0
225,450,ic,8,100.0,484.0,484.0,1.0,371.0,72.0,41.0,249.0,233.0,165.0,3226.0
225,450,ic,8,105.0,508.0,484.0,3.0,378.0,83.0,47.0,242.0,229.0,170.0,3230.0
225,450,ic,8,110.0,492.0,492.0,1.0,386.0,61.0,45.0,253.0,247.0,193.0,3175.0
225,450,ic,8,115.0,519.0,482.0,3.0,391.0,94.0,34.0,263.0,250.0,155.0,3257.0
225,450,ic,8,120.0,517.0,517.0,1.0,402.0,67.0,48.0,286.0,267.0,186.0,3303.0
225,450,ic,8,125.0,558.0,558.0,1.0,396.0,94.0,68.0,295.0,284.0,175.0,3407.0
225,450,ic,8,130.0,612.0,597.0,2.0,399.0,134.0,79.0,305.0,292.0,177.0,3405.0
225,450,ic,8,135.0,680.0,642.0,4.0,372.0,201.0,107.0,334.0,315.0,235.0,3371.0
225,450,ic,8,140.0,731.0,679.0,4.0,445.0,186.0,100.0,346.0,325.0,222.0,3515.0
225,450,ic,8,145.0,680.0,680.0,1.0,411.0,165.0,104.0,382.0,358.0,194.0,3479.0
225,450,ic,8,150.0,700.0,688.0,2.0,385.0,193.0,122.0,371.0,358.0,232.0,3522.0
225,450,ic,8,155.0,778.0,766.0,2.0,443.0,193.0,142.0,402.0,386.0,234.0,3581.0
225,450,ic,8,160.0,762.0,750.0,2.0,464.0,148.0,150.0,410.0,390.0,223.0,3448.0
225,450,ic,8,165.0,839.0,839.0,1.0,453.0,227.0,159.0,432.0,418.0,242.0,3542.0
225,450,ic,8,170.0,863.0,863.0,1.0,457.0,234.0,172.0,440.0,421.0,249.0,3637.0
225,450,ic,8,175.0,781.0,781.0,1.0,459.0,196.0,126.0,453.0,432.0,238.0,3638.0
225,450,ic,8,180.0,852.0,852.0,1.0,435.0,250.0,167.0,452.0,440.0,234.0,3588.0
225,450,ic,8,185.0,882.0,857.0,2.0,476.0,284.0,122.0,469.0,451.0,222.0,3558.0
225,450,ic,8,190.0,876.0,876.0,1.0,382.0,254.0,240.0,497.0,480.0,207.0,3593.0
225,450,ic,8,195.0,837.0,837.0,1.0,473.0,226.0,138.0,487.0,473.0,234.0,3631.0
225,450,ic,8,200.0,890.0,890.0,1.0,511.0,245.0,134.0,506.0,484.0,225.0,3667.0
225,450,ic,8,205.0,897.0,864.0,3.0,521.0,253.0,123.0,494.0,477.0,231.0,3596.0
225,450,ic,8,210.0,871.0,871.0,1.0,589.0,185.0,97.0,500.0,491.0,240.0,3607.0
225,450,ic,8,215.0,861.0,861.0,1.0,554.0,180.0,127.0,494.0,484.0,245.0,3612.0
225,450,ic,8,220.0,843.0,843.0,1.0,604.0,125.0,114.0,486.0,477.0,249.0,3612.0
225,450,ic,8,225.0,823.0,823.0,1.0,560.0,114.0,149.0,495.0,478.0,225.0,3592.0
225,450,ic,8,230.0,982.0,958.0,3.0,663.0,169.0,150.0,519.0,505.0,250.0,3687.0
225,450,ic,9,0.0,475.0,463.0,2.0,463.0,12.0,0.0,263.0,251.0,121.0,3059.0
225,450,ic,9,5.0,401.0,389.0,2.0,376.0,19.0,6.0,170.0,159.0,160.0,3156.0
225,450,ic,9,10.0,383.0,383.0,1.0,371.0,6.0,6.0,182.0,170.0,129.0,3168.0
225,450,ic,9,15.0,355.0,355.0,1.0,331.0,12.0,12.0,170.0,161.0,135.0,3092.0
225,450,ic,9,20.0,354.0,354.0,1.0,342.0,6.0,6.0,182.0,170.0,127.0,2956.0
225,450,ic,9,25.0,386.0,359.0,3.0,361.0,19.0,6.0,170.0,160.0,130.0,3206.0
225,450,ic,9,30.0,398.0,398.0,1.0,365.0,21.0,12.0,181.0,165.0,163.0,3177.0
225,450,ic,9,35.0,415.0,415.0,1.0,369.0,25.0,21.0,206.0,189.0,155.0,3113.0
225,450,ic,9,40.0,461.0,447.0,2.0,417.0,22.0,22.0,212.0,197.0,166.0,3284.0
225,450,ic,9,45.0,463.0,451.0,2.0,363.0,59.0,41.0,201.0,192.0,154.0,3292.0
225,450,ic,9,50.0,419.0,404.0,2.0,347.0,39.0,33.0,214.0,193.0,161.0,3262.0
225,450,ic,9,55.0,456.0,444.0,2.0,323.0,77.0,56.0,231.0,221.0,140.0,3140.0
225,450,ic,9,60.0,473.0,457.0,2.0,328.0,86.0,59.0,224.0,202.0,166.0,3284.0
225,450,ic,9,65.0,466.0,442.0,3.0,306.0,78.0,82.0,219.0,205.0,148.0,3279.0
225,450,ic,9,70.0,480.0,454.0,2.0,307.0,101.0,72.0,209.0,196.0,176.0,3259.0
225,450,ic,9,75.0,503.0,467.0,4.0,312.0,107.0,84.0,205.0,191.0,184.0,3211.0
225,450,ic,9,80.0,448.0,448.0,1.0,168.0,113.0,167.0,210.0,196.0,154.0,3220.0
225,450,ic,9,85.0,443.0,443.0,1.0,284.0,86.0,73.0,208.0,196.0,150.0,3192.0
225,450,ic,9,90.0,510.0,496.0,2.0,360.0,46.0,104.0,217.0,199.0,182.0,3300.0
225,450,ic,9,95.0,480.0,467.0,2.0,308.0,59.0,113.0,223.0,207.0,162.0,3164.0
225,450,ic,9,100.0,487.0,460.0,3.0,304.0,71.0,112.0,197.0,181.0,143.0,3185.0
225,450,ic,9,105.0,400.0,400.0,1.0,310.0,30.0,60.0,221.0,202.0,152.0,3244.0
225,450,ic,9,110.0,447.0,396.0,4.0,353.0,60.0,34.0,223.0,203.0,158.0,3363.0
225,450,ic,9,115.0,467.0,453.0,2.0,379.0,46.0,42.0,209.0,196.0,158.0,3176.0
225,450,ic,9,120.0,447.0,447.0,1.0,344.0,52.0,51.0,222.0,213.0,160.0,3271.0
225,450,ic,9,125.0,466.0,454.0,2.0,323.0,66.0,77.0,224.0,207.0,174.0,3327.0
225,450,ic,9,130.0,461.0,449.0,2.0,319.0,42.0,100.0,230.0,213.0,148.0,3294.0
225,450,ic,9,135.0,400.0,400.0,1.0,297.0,44.0,59.0,216.0,193.0,163.0,3149.0
225,450,ic,9,140.0,421.0,409.0,2.0,296.0,58.0,67.0,192.0,173.0,151.0,3204.0
225,450,ic,9,145.0,451.0,424.0,3.0,278.0,57.0,116.0,212.0,199.0,154.0,3162.0
225,450,ic,9,150.0,416.0,416.0,1.0,276.0,37.0,103.0,213.0,193.0,181.0,3217.0
225,450,ic,9,155.0,407.0,407.0,1.0,261.0,30.0,116.0,200.0,192.0,150.0,3230.0
225,450,ic,9,160.0,411.0,395.0,2.0,303.0,46.0,62.0,177.0,165.0,144.0,3331.0
225,450,ic,9,165.0,454.0,416.0,3.0,307.0,65.0,82.0,208.0,188.0,172.0,3229.0
225,450,ic,9,170.0,442.0,417.0,3.0,316.0,69.0,57.0,198.0,178.0,182.0,3286.0
225,450,ic,9,175.0,377.0,377.0,1.0,277.0,39.0,61.0,197.0,174.0,158.0,3270.0
225,450,ic,9,180.0,390.0,376.0,2.0,286.0,33.0,71.0,175.0,165.0,137.0,3229.0
225,450,ic,9,185.0,423.0,402.0,2.0,304.0,57.0,62.0,173.0,156.0,167.0,3106.0
225,450,ic,9,190.0,392.0,378.0,2.0,284.0,39.0,69.0,177.0,152.0,182.0,3176.0
225,450,ic,9,195.0,366.0,366.0,1.0,272.0,31.0,63.0,184.0,172.0,159.0,3013.0
225,450,ic,9,200.0,427.0,403.0,3.0,206.0,101.0,120.0,165.0,152.0,160.0,3254.0
225,450,ic,9,205.0,464.0,412.0,4.0,261.0,125.0,78.0,176.0,158.0,170.0,3207.0
225,450,ic,9,210.0,351.0,351.0,1.0,228.0,60.0,63.0,163.0,144.0,153.0,3138.0
225,450,ic,9,215.0,358.0,346.0,2.0,272.0,35.0,51.0,177.0,161.0,155.0,3164.0
225,450,ic,9,220.0,371.0,320.0,3.0,276.0,40.0,55.0,162.0,142.0,129.0,3184.0
225,450,ic,9,225.0,305.0,305.0,1.0,228.0,25.0,52.0,145.0,127.0,146.0,3057.0
225,450,ic,9,230.0,311.0,299.0,2.0,233.0,38.0,40.0,127.0,112.0,123.0,3057.0
225,450,ic,9,235.0,389.0,377.0,2.0,238.0,93.0,58.0,136.0,115.0,144.0,3117.0
225,450,ic,9,240.0,389.0,369.0,2.0,259.0,67.0,63.0,148.0,137.0,144.0,3113.0
225,450,ic,9,245.0,345.0,315.0,3.0,263.0,20.0,62.0,132.0,119.0,141.0,3053.0
225,450,ic,9,250.0,320.0,294.0,3.0,240.0,29.0,51.0,138.0,122.0,149.0,3091.0
225,450,ic,9,255.0,373.0,309.0,5.0,270.0,53.0,50.0,138.0,122.0,134.0,3095.0
225,450,ic,9,260.0,272.0,260.0,2.0,192.0,32.0,48.0,118.0,108.0,120.0,2959.0
225,450,ic,9,265.0,276.0,276.0,1.0,181.0,35.0,60.0,123.0,107.0,115.0,2976.0
225,450,ic,9,270.0,349.0,296.0,3.0,187.0,90.0,72.0,118.0,94.0,138.0,3122.0
225,450,ic,9,275.0,257.0,245.0,2.0,170.0,55.0,32.0,109.0,94.0,115.0,2958.0
225,450,ic,9,280.0,245.0,245.0,1.0,219.0,4.0,22.0,77.0,66.0,126.0,2922.0
225,450,ic,9,285.0,230.0,230.0,1.0,176.0,18.0,36.0,75.0,55.0,124.0,2980.0
225,450,ic,9,290.0,190.0,175.0,2.0,170.0,13.0,7.0,81.0,59.0,120.0,3008.0
225,450,ic,9,295.0,183.0,171.0,2.0,135.0,32.0,16.0,67.0,51.0,79.0,3044.0
225,450,ic,9,300.0,172.0,154.0,2.0,154.0,18.0,0.0,63.0,51.0,101.0,2930.0
225,450,ic,9,305.0,144.0,144.0,1.0,120.0,9.0,15.0,60.0,42.0,81.0,2985.0
225,450,ic,9,310.0,158.0,158.0,1.0,158.0,0.0,0.0,71.0,52.0,113.0,2938.0
225,450,ic,9,315.0,147.0,147.0,1.0,134.0,7.0,6.0,53.0,44.0,66.0,3041.0
225,450,ic,9,320.0,146.0,146.0,1.0,121.0,13.0,12.0,56.0,48.0,66.0,3012.0
225,450,ic,9,325.0,176.0,142.0,3.0,100.0,62.0,14.0,55.0,40.0,65.0,2990.0
225,450,ic,9,330.0,131.0,105.0,3.0,119.0,12.0,0.0,37.0,26.0,57.0,2912.0
225,450,ic,9,335.0,136.0,121.0,2.0,124.0,12.0,0.0,52.0,35.0,83.0,2923.0
225,450,ic,9,340.0,152.0,104.0,3.0,104.0,48.0,0.0,37.0,20.0,91.0,3009.0
225,450,ic,9,345.0,99.0,87.0,2.0,87.0,12.0,0.0,25.0,11.0,94.0,3052.0
225,450,ic,9,350.0,26.0,14.0,2.0,0.0,26.0,0.0,18.0,6.0,49.0,2900.0
225,50,ic,0,0.0,66.0,36.0,3.0,36.0,30.0,0.0,25.0,7.0,71.0,2891.0
225,50,ic,0,5.0,36.0,24.0,2.0,0.0,36.0,0.0,12.0,1.0,68.0,2893.0
225,50,ic,0,10.0,48.0,12.0,4.0,0.0,48.0,0.0,14.0,2.0,47.0,2947.0
225,50,ic,1,0.0,66.0,36.0,3.0,36.0,30.0,0.0,25.0,7.0,71.0,2891.0
225,50,ic,1,5.0,28.0,15.0,2.0,15.0,13.0,0.0,13.0,2.0,46.0,3036.0
225,50,ic,10,0.0,66.0,36.0,3.0,36.0,30.0,0.0,25.0,7.0,71.0,2891.0
225,50,ic,10,5.0,14.0,14.0,1.0,14.0,0.0,0.0,16.0,2.0,61.0,2909.0
225,50,ic,11,0.0,66.0,36.0,3.0,36.0,30.0,0.0,25.0,7.0,71.0,2891.0
225,50,ic,11,5.0,12.0,12.0,1.0,0.0,12.0,0.0,13.0,2.0,42.0,2966.0
225,50,ic,2,0.0,66.0,36.0,3.0,36.0,30.0,0.0,25.0,7.0,71.0,2891.0
225,50,ic,2,5.0,50.0,24.0,3.0,14.0,36.0,0.0,10.0,2.0,49.0,3070.0
225,50,ic,2,10.0,24.0,12.0,2.0,0.0,24.0,0.0,4.0,1.0,37.0,2999.0
225,50,ic,3,0.0,66.0,36.0,3.0,36.0,30.0,0.0,25.0,7.0,71.0,2891.0
225,50,ic,3,5.0,36.0,12.0,3.0,0.0,36.0,0.0,14.0,2.0,41.0,3041.0
225,50,ic,4,0.0,66.0,36.0,3.0,36.0,30.0,0.0,25.0,7.0,71.0,2891.0
225,50,ic,4,5.0,12.0,12.0,1.0,0.0,12.0,0.0,6.0,1.0,17.0,2920.0
225,50,ic,5,0.0,66.0,36.0,3.0,36.0,30.0,0.0,25.0,7.0,71.0,2891.0
225,50,ic,5,5.0,24.0,12.0,2.0,0.0,24.0,0.0,12.0,2.0,58.0,2909.0
225,50,ic,6,0.0,66.0,36.0,3.0,36.0,30.0,0.0,25.0,7.0,71.0,2891.0
225,50,ic,6,5.0,50.0,14.0,4.0,14.0,36.0,0.0,12.0,2.0,49.0,3055.0
225,50,ic,7,0.0,66.0,36.0,3.0,36.0,30.0,0.0,25.0,7.0,71.0,2891.0
225,50,ic,7,5.0,36.0,12.0,3.0,0.0,36.0,0.0,12.0,2.0,39.0,2926.0
225,50,ic,8,0.0,66.0,36.0,3.0,36.0,30.0,0.0,25.0,7.0,71.0,2891.0
225,50,ic,8,5.0,12.0,12.0,1.0,0.0,12.0,0.0,14.0,1.0,49.0,3085.0
225,50,ic,9,0.0,66.0,36.0,3.0,36.0,30.0,0.0,25.0,7.0,71.0,2891.0
225,50,ic,9,5.0,12.0,12.0,1.0,0.0,12.0,0.0,19.0,3.0,38.0,2974.0
225,700,ic,0,0.0,736.0,724.0,2.0,724.0,12.0,0.0,446.0,434.0,149.0,3221.0
225,700,ic,0,5.0,653.0,653.0,1.0,640.0,6.0,7.0,352.0,340.0,193.0,3332.0
225,700,ic,0,10.0,673.0,673.0,1.0,661.0,6.0,6.0,356.0,340.0,207.0,3299.0
225,700,ic,0,15.0,690.0,672.0,2.0,667.0,17.0,6.0,357.0,345.0,193.0,3280.0
225,700,ic,0,20.0,675.0,675.0,1.0,604.0,36.0,35.0,372.0,363.0,200.0,3406.0
225,700,ic,0,25.0,661.0,661.0,1.0,596.0,33.0,32.0,364.0,347.0,205.0,3435.0
225,700,ic,0,30.0,683.0,659.0,3.0,647.0,30.0,6.0,351.0,340.0,194.0,3379.0
225,700,ic,0,35.0,697.0,665.0,3.0,621.0,51.0,25.0,368.0,349.0,204.0,3456.0
225,700,ic,0,40.0,738.0,726.0,2.0,690.0,28.0,20.0,386.0,367.0,212.0,3294.0
225,700,ic,0,45.0,722.0,710.0,2.0,640.0,59.0,23.0,362.0,352.0,213.0,3472.0
225,700,ic,0,50.0,734.0,722.0,2.0,697.0,24.0,13.0,398.0,380.0,220.0,3422.0
225,700,ic,0,55.0,790.0,738.0,4.0,720.0,51.0,19.0,391.0,377.0,229.0,3527.0
225,700,ic,0,60.0,753.0,741.0,2.0,705.0,36.0,12.0,406.0,389.0,237.0,3506.0
225,700,ic,0,65.0,819.0,807.0,2.0,722.0,38.0,59.0,410.0,401.0,236.0,3478.0
225,700,ic,0,70.0,806.0,781.0,3.0,711.0,69.0,26.0,431.0,416.0,231.0,3627.0
225,700,ic,0,75.0,909.0,846.0,5.0,775.0,72.0,62.0,443.0,428.0,230.0,3435.0
225,700,ic,0,80.0,847.0,821.0,2.0,690.0,76.0,81.0,464.0,445.0,243.0,3461.0
225,700,ic,0,85.0,837.0,837.0,1.0,706.0,49.0,82.0,466.0,449.0,237.0,3498.0
225,700,ic,0,90.0,878.0,866.0,2.0,702.0,81.0,95.0,471.0,454.0,223.0,3684.0
225,700,ic,0,95.0,883.0,883.0,1.0,745.0,82.0,56.0,494.0,478.0,250.0,3612.0
225,700,ic,0,100.0,912.0,912.0,1.0,732.0,88.0,92.0,514.0,496.0,245.0,3623.0
225,700,ic,0,105.0,916.0,903.0,2.0,734.0,89.0,93.0,531.0,514.0,250.0,3626.0
225,700,ic,0,110.0,987.0,987.0,1.0,781.0,121.0,85.0,561.0,537.0,258.0,3716.0
225,700,ic,0,115.0,1011.0,998.0,2.0,727.0,164.0,120.0,556.0,529.0,268.0,3579.0
225,700,ic,0,120.0,943.0,943.0,1.0,757.0,99.0,87.0,540.0,535.0,269.0,3595.0
225,700,ic,0,125.0,992.0,980.0,2.0,775.0,92.0,125.0,541.0,523.0,280.0,3662.0
225,700,ic,0,130.0,1048.0,1048.0,1.0,798.0,99.0,151.0,575.0,561.0,251.0,3631.0
225,700,ic,0,135.0,1022.0,1022.0,1.0,828.0,65.0,129.0,573.0,555.0,277.0,3629.0
225,700,ic,0,140.0,1079.0,1064.0,2.0,845.0,82.0,152.0,592.0,576.0,293.0,3735.0
225,700,ic,0,145.0,1058.0,1058.0,1.0,886.0,56.0,116.0,593.0,577.0,285.0,3801.0
225,700,ic,0,150.0,1159.0,1146.0,2.0,904.0,93.0,162.0,656.0,639.0,300.0,3868.0
225,700,ic,0,155.0,1183.0,1171.0,2.0,906.0,96.0,181.0,697.0,684.0,276.0,3920.0
225,700,ic,0,160.0,1167.0,1153.0,2.0,882.0,106.0,179.0,709.0,689.0,330.0,3918.0
225,700,ic,0,165.0,1180.0,1180.0,1.0,872.0,102.0,206.0,690.0,676.0,324.0,3878.0
225,700,ic,0,170.0,1167.0,1155.0,2.0,850.0,95.0,222.0,682.0,668.0,314.0,3965.0
225,700,ic,0,175.0,1211.0,1199.0,2.0,766.0,176.0,269.0,704.0,685.0,304.0,3973.0
225,700,ic,0,180.0,1240.0,1240.0,1.0,778.0,204.0,258.0,733.0,712.0,321.0,3922.0
225,700,ic,0,185.0,1324.0,1324.0,1.0,870.0,151.0,303.0,751.0,737.0,336.0,3954.0
225,700,ic,0,190.0,1301.0,1271.0,3.0,801.0,244.0,256.0,771.0,753.0,312.0,3948.0
225,700,ic,0,195.0,1244.0,1244.0,1.0,822.0,172.0,250.0,730.0,717.0,307.0,3955.0
225,700,ic,0,200.0,1201.0,1201.0,1.0,794.0,198.0,209.0,730.0,719.0,286.0,3989.0
225,700,ic,0,205.0,1334.0,1280.0,4.0,837.0,265.0,232.0,775.0,748.0,304.0,3962.0
225,700,ic,0,210.0,1275.0,1275.0,1.0,817.0,215.0,243.0,759.0,745.0,313.0,3997.0
225,700,ic,0,215.0,1323.0,1311.0,2.0,805.0,257.0,261.0,772.0,752.0,329.0,3998.0
225,700,ic,0,220.0,1341.0,1341.0,1.0,850.0,222.0,269.0,788.0,777.0,296.0,4036.0
225,700,ic,0,225.0,1307.0,1307.0,1.0,851.0,218.0,238.0,817.0,804.0,300.0,4008.0
225,700,ic,0,230.0,1317.0,1317.0,1.0,812.0,268.0,237.0,822.0,805.0,285.0,3986.0
225,700,ic,0,235.0,1338.0,1338.0,1.0,887.0,199.0,252.0,817.0,796.0,317.0,4038.0
225,700,ic,0,240.0,1352.0,1352.0,1.0,863.0,225.0,264.0,841.0,834.0,309.0,4039.0
225,700,ic,0,245.0,1432.0,1432.0,1.0,802.0,268.0,362.0,889.0,873.0,347.0,4121.0
225,700,ic,1,0.0,736.0,724.0,2.0,724.0,12.0,0.0,446.0,434.0,149.0,3221.0
225,700,ic,1,5.0,670.0,670.0,1.0,670.0,0.0,0.0,348.0,336.0,219.0,3307.0
225,700,ic,1,10.0,712.0,687.0,3.0,651.0,51.0,10.0,361.0,342.0,203.0,3337.0
225,700,ic,1,15.0,682.0,682.0,1.0,632.0,32.0,18.0,355.0,341.0,216.0,3440.0
225,700,ic,1,20.0,706.0,694.0,2.0,630.0,50.0,26.0,344.0,333.0,196.0,3435.0
225,700,ic,1,25.0,648.0,636.0,2.0,592.0,44.0,12.0,348.0,335.0,209.0,3404.0
225,700,ic,1,30.0,686.0,650.0,4.0,606.0,58.0,22.0,354.0,338.0,200.0,3435.0
225,700,ic,1,35.0,735.0,721.0,2.0,647.0,48.0,40.0,352.0,339.0,237.0,3410.0
225,700,ic,1,40.0,690.0,690.0,1.0,642.0,30.0,18.0,343.0,335.0,188.0,3375.0
225,700,ic,1,45.0,725.0,712.0,2.0,688.0,25.0,12.0,383.0,369.0,213.0,3361.0
225,700,ic,1,50.0,711.0,711.0,1.0,691.0,10.0,10.0,397.0,385.0,219.0,3382.0
225,700,ic,1,55.0,773.0,743.0,3.0,716.0,35.0,22.0,379.0,371.0,251.0,3435.0
225,700,ic,1,60.0,783.0,771.0,2.0,720.0,39.0,24.0,413.0,395.0,238.0,3509.0
225,700,ic,1,65.0,804.0,762.0,4.0,753.0,32.0,19.0,421.0,409.0,229.0,3450.0
225,700,ic,1,70.0,806.0,782.0,3.0,718.0,58.0,30.0,416.0,396.0,245.0,3560.0
225,700,ic,1,75.0,847.0,847.0,1.0,787.0,46.0,14.0,453.0,440.0,239.0,3536.0
225,700,ic,1,80.0,807.0,807.0,1.0,745.0,15.0,47.0,452.0,437.0,240.0,3470.0
225,700,ic,1,85.0,929.0,929.0,1.0,774.0,83.0,72.0,463.0,445.0,281.0,3582.0
225,700,ic,1,90.0,901.0,901.0,1.0,775.0,50.0,76.0,485.0,467.0,256.0,3608.0
225,700,ic,1,95.0,867.0,867.0,1.0,784.0,47.0,36.0,481.0,468.0,248.0,3416.0
225,700,ic,1,100.0,940.0,907.0,2.0,759.0,117.0,64.0,483.0,473.0,229.0,3557.0
225,700,ic,1,105.0,916.0,916.0,1.0,728.0,102.0,86.0,497.0,480.0,230.0,3575.0
225,700,ic,1,110.0,908.0,908.0,1.0,750.0,80.0,78.0,495.0,473.0,284.0,3590.0
225,700,ic,1,115.0,930.0,905.0,3.0,767.0,99.0,64.0,525.0,507.0,256.0,3577.0
225,700,ic,1,120.0,980.0,960.0,2.0,848.0,79.0,53.0,561.0,548.0,288.0,3565.0
225,700,ic,1,125.0,990.0,990.0,1.0,853.0,70.0,67.0,598.0,581.0,241.0,3659.0
225,700,ic,1,130.0,1019.0,995.0,3.0,769.0,139.0,111.0,569.0,555.0,281.0,3727.0
225,700,ic,1,135.0,1039.0,1039.0,1.0,884.0,47.0,108.0,610.0,594.0,277.0,3740.0
225,700,ic,1,140.0,1075.0,1075.0,1.0,927.0,28.0,120.0,602.0,584.0,289.0,3725.0
225,700,ic,1,145.0,1044.0,1044.0,1.0,885.0,50.0,109.0,612.0,604.0,257.0,3644.0
225,700,ic,1,150.0,1027.0,1027.0,1.0,877.0,78.0,72.0,602.0,594.0,274.0,3756.0
225,700,ic,1,155.0,1041.0,1014.0,3.0,861.0,113.0,67.0,599.0,583.0,258.0,3638.0
225,700,ic,1,160.0,1026.0,1026.0,1.0,842.0,78.0,106.0,593.0,579.0,286.0,3657.0
225,700,ic,1,165.0,1057.0,1057.0,1.0,856.0,93.0,108.0,613.0,600.0,284.0,3878.0
225,700,ic,1,170.0,1173.0,1161.0,2.0,829.0,195.0,149.0,687.0,674.0,271.0,3819.0
225,700,ic,1,175.0,1157.0,1145.0,2.0,852.0,140.0,165.0,678.0,664.0,275.0,3881.0
225,700,ic,1,180.0,1115.0,1115.0,1.0,859.0,94.0,162.0,683.0,660.0,316.0,3918.0
225,700,ic,1,185.0,1251.0,1210.0,3.0,888.0,149.0,214.0,723.0,705.0,314.0,4026.0
225,700,ic,1,190.0,1312.0,1312.0,1.0,921.0,185.0,206.0,758.0,742.0,310.0,4164.0
225,700,ic,1,195.0,1251.0,1251.0,1.0,967.0,135.0,149.0,742.0,726.0,315.0,3910.0
225,700,ic,1,200.0,1293.0,1281.0,2.0,925.0,211.0,157.0,796.0,770.0,328.0,4039.0
225,700,ic,1,205.0,1382.0,1382.0,1.0,1029.0,186.0,167.0,843.0,832.0,320.0,4110.0
225,700,ic,1,210.0,1363.0,1363.0,1.0,975.0,218.0,170.0,809.0,795.0,339.0,4003.0
225,700,ic,1,215.0,1461.0,1461.0,1.0,1037.0,182.0,242.0,907.0,892.0,323.0,4212.0
225,700,ic,10,0.0,736.0,724.0,2.0,724.0,12.0,0.0,446.0,434.0,149.0,3221.0
225,700,ic,10,5.0,653.0,653.0,1.0,629.0,18.0,6.0,361.0,349.0,171.0,3367.0
225,700,ic,10,10.0,693.0,680.0,2.0,680.0,13.0,0.0,377.0,368.0,204.0,3514.0
225,700,ic,10,15.0,688.0,676.0,2.0,644.0,27.0,17.0,380.0,365.0,224.0,3338.0
225,700,ic,10,20.0,733.0,733.0,1.0,636.0,58.0,39.0,386.0,370.0,227.0,3336.0
225,700,ic,10,25.0,754.0,754.0,1.0,666.0,61.0,27.0,398.0,383.0,204.0,3394.0
225,700,ic,10,30.0,785.0,755.0,2.0,741.0,28.0,16.0,414.0,394.0,214.0,3575.0
225,700,ic,10,35.0,770.0,770.0,1.0,758.0,6.0,6.0,420.0,406.0,218.0,3533.0
225,700,ic,10,40.0,808.0,808.0,1.0,776.0,22.0,10.0,461.0,443.0,228.0,3481.0
225,700,ic,10,45.0,941.0,885.0,3.0,892.0,43.0,6.0,495.0,474.0,237.0,3566.0
225,700,ic,10,50.0,888.0,868.0,2.0,832.0,38.0,18.0,514.0,499.0,239.0,3625.0
225,700,ic,10,55.0,1004.0,1004.0,1.0,908.0,70.0,26.0,505.0,497.0,264.0,3584.0
225,700,ic,10,60.0,949.0,949.0,1.0,865.0,48.0,36.0,529.0,511.0,253.0,3695.0
225,700,ic,10,65.0,959.0,959.0,1.0,902.0,28.0,29.0,565.0,543.0,246.0,3735.0
225,700,ic,10,70.0,1028.0,1028.0,1.0,955.0,35.0,38.0,574.0,560.0,248.0,3743.0
225,700,ic,10,75.0,1032.0,1017.0,2.0,981.0,32.0,19.0,587.0,574.0,282.0,3689.0
225,700,ic,10,80.0,1125.0,1125.0,1.0,1067.0,22.0,36.0,663.0,648.0,303.0,3926.0
225,700,ic,10,85.0,1172.0,1160.0,2.0,1104.0,40.0,28.0,685.0,665.0,322.0,3876.0
225,700,ic,10,90.0,1193.0,1193.0,1.0,1121.0,28.0,44.0,710.0,694.0,321.0,3937.0
225,700,ic,10,95.0,1276.0,1264.0,2.0,1157.0,49.0,70.0,745.0,732.0,341.0,3891.0
225,700,ic,10,100.0,1343.0,1325.0,2.0,1219.0,53.0,71.0,761.0,741.0,342.0,3952.0
225,700,ic,10,105.0,1353.0,1353.0,1.0,1161.0,103.0,89.0,761.0,742.0,342.0,4004.0
225,700,ic,10,110.0,1370.0,1370.0,1.0,1191.0,76.0,103.0,797.0,771.0,364.0,4060.0
225,700,ic,10,115.0,1374.0,1362.0,2.0,1187.0,102.0,85.0,795.0,780.0,343.0,4017.0
225,700,ic,10,120.0,1463.0,1427.0,4.0,1261.0,110.0,92.0,856.0,838.0,353.0,4116.0
225,700,ic,11,0.0,736.0,724.0,2.0,724.0,12.0,0.0,446.0,434.0,149.0,3221.0
225,700,ic,11,5.0,683.0,683.0,1.0,651.0,16.0,16.0,333.0,323.0,215.0,3391.0
225,700,ic,11,10.0,747.0,735.0,2.0,672.0,57.0,18.0,377.0,369.0,205.0,3395.0
225,700,ic,11,15.0,687.0,687.0,1.0,637.0,27.0,23.0,405.0,389.0,209.0,3477.0
225,700,ic,11,20.0,743.0,743.0,1.0,649.0,50.0,44.0,421.0,400.0,216.0,3566.0
225,700,ic,11,25.0,806.0,794.0,2.0,704.0,43.0,59.0,420.0,413.0,220.0,3435.0
225,700,ic,11,30.0,848.0,779.0,5.0,678.0,118.0,52.0,448.0,423.0,249.0,3578.0
225,700,ic,11,35.0,792.0,792.0,1.0,680.0,63.0,49.0,472.0,451.0,240.0,3615.0
225,700,ic,11,40.0,833.0,809.0,3.0,737.0,59.0,37.0,448.0,427.0,263.0,3529.0
225,700,ic,11,45.0,834.0,796.0,3.0,742.0,49.0,43.0,445.0,426.0,242.0,3487.0
225,700,ic,11,50.0,892.0,892.0,1.0,781.0,82.0,29.0,473.0,456.0,257.0,3566.0
225,700,ic,11,55.0,826.0,814.0,2.0,756.0,48.0,22.0,466.0,456.0,212.0,3541.0
225,700,ic,11,60.0,889.0,877.0,2.0,793.0,62.0,34.0,495.0,481.0,273.0,3550.0
225,700,ic,11,65.0,934.0,934.0,1.0,824.0,58.0,52.0,511.0,504.0,269.0,3680.0
225,700,ic,11,70.0,966.0,966.0,1.0,804.0,95.0,67.0,528.0,514.0,281.0,3624.0
225,700,ic,11,75.0,948.0,922.0,3.0,749.0,115.0,84.0,551.0,537.0,259.0,3642.0
225,700,ic,11,80.0,1004.0,1004.0,1.0,842.0,102.0,60.0,581.0,557.0,259.0,3672.0
225,700,ic,11,85.0,1064.0,1039.0,3.0,835.0,148.0,81.0,615.0,596.0,283.0,3796.0
225,700,ic,11,90.0,1075.0,1050.0,3.0,796.0,151.0,128.0,624.0,605.0,285.0,3773.0
225,700,ic,11,95.0,1018.0,1018.0,1.0,836.0,109.0,73.0,622.0,603.0,270.0,3772.0
225,700,ic,11,100.0,1165.0,1153.0,2.0,896.0,168.0,101.0,661.0,650.0,263.0,3902.0
225,700,ic,11,105.0,1133.0,1133.0,1.0,865.0,166.0,102.0,663.0,650.0,263.0,3773.0
225,700,ic,11,110.0,1160.0,1160.0,1.0,895.0,141.0,124.0,681.0,663.0,309.0,3860.0
225,700,ic,11,115.0,1249.0,1249.0,1.0,930.0,188.0,131.0,714.0,688.0,312.0,3908.0
225,700,ic,11,120.0,1218.0,1206.0,2.0,951.0,166.0,101.0,720.0,705.0,294.0,4018.0
225,700,ic,11,125.0,1221.0,1221.0,1.0,922.0,165.0,134.0,730.0,702.0,316.0,3964.0
225,700,ic,11,130.0,1275.0,1275.0,1.0,946.0,175.0,154.0,749.0,731.0,303.0,4036.0
225,700,ic,11,135.0,1290.0,1290.0,1.0,939.0,200.0,151.0,784.0,770.0,297.0,3968.0
225,700,ic,11,140.0,1347.0,1331.0,2.0,977.0,204.0,166.0,800.0,790.0,315.0,4055.0
225,700,ic,11,145.0,1338.0,1338.0,1.0,939.0,204.0,195.0,826.0,810.0,312.0,4028.0
225,700,ic,11,150.0,1416.0,1416.0,1.0,976.0,237.0,203.0,858.0,844.0,348.0,4204.0
225,700,ic,2,0.0,736.0,724.0,2.0,724.0,12.0,0.0,446.0,434.0,149.0,3221.0
225,700,ic,2,5.0,652.0,652.0,1.0,632.0,9.0,11.0,331.0,316.0,209.0,3334.0
225,700,ic,2,10.0,661.0,661.0,1.0,661.0,0.0,0.0,365.0,354.0,191.0,3468.0
225,700,ic,2,15.0,681.0,669.0,2.0,645.0,24.0,12.0,367.0,356.0,221.0,3377.0
225,700,ic,2,20.0,733.0,706.0,3.0,709.0,18.0,6.0,370.0,360.0,257.0,3408.0
225,700,ic,2,25.0,744.0,726.0,2.0,744.0,0.0,0.0,390.0,374.0,229.0,3383.0
225,700,ic,2,30.0,784.0,772.0,2.0,658.0,71.0,55.0,392.0,376.0,230.0,3430.0
225,700,ic,2,35.0,748.0,736.0,2.0,697.0,32.0,19.0,400.0,387.0,211.0,3455.0
225,700,ic,2,40.0,848.0,836.0,2.0,747.0,64.0,37.0,428.0,407.0,258.0,3508.0
225,700,ic,2,45.0,800.0,800.0,1.0,759.0,21.0,20.0,429.0,421.0,228.0,3428.0
225,700,ic,2,50.0,789.0,789.0,1.0,702.0,44.0,43.0,451.0,439.0,227.0,3513.0
225,700,ic,2,55.0,842.0,815.0,3.0,729.0,52.0,61.0,452.0,434.0,228.0,3542.0
225,700,ic,2,60.0,833.0,833.0,1.0,777.0,21.0,35.0,457.0,436.0,250.0,3453.0
225,700,ic,2,65.0,930.0,930.0,1.0,813.0,48.0,69.0,460.0,443.0,264.0,3410.0
225,700,ic,2,70.0,900.0,900.0,1.0,792.0,65.0,43.0,457.0,437.0,251.0,3522.0
225,700,ic,2,75.0,881.0,881.0,1.0,754.0,62.0,65.0,466.0,445.0,238.0,3560.0
225,700,ic,2,80.0,874.0,850.0,3.0,750.0,51.0,73.0,461.0,444.0,260.0,3593.0
225,700,ic,2,85.0,938.0,926.0,2.0,796.0,65.0,77.0,505.0,486.0,264.0,3575.0
225,700,ic,2,90.0,977.0,977.0,1.0,775.0,90.0,112.0,522.0,501.0,260.0,3697.0
225,700,ic,2,95.0,968.0,944.0,3.0,791.0,68.0,109.0,537.0,530.0,255.0,3602.0
225,700,ic,2,100.0,1019.0,1019.0,1.0,808.0,90.0,121.0,568.0,554.0,270.0,3662.0
225,700,ic,2,105.0,1059.0,1035.0,3.0,830.0,92.0,137.0,566.0,556.0,294.0,3648.0
225,700,ic,2,110.0,1038.0,1024.0,2.0,886.0,55.0,97.0,584.0,573.0,259.0,3657.0
225,700,ic,2,115.0,1059.0,1059.0,1.0,859.0,61.0,139.0,619.0,607.0,264.0,3839.0
225,700,ic,2,120.0,1069.0,1045.0,3.0,825.0,98.0,146.0,640.0,623.0,287.0,3757.0
225,700,ic,2,125.0,1193.0,1181.0,2.0,935.0,96.0,162.0,684.0,667.0,288.0,3930.0
225,700,ic,2,130.0,1198.0,1186.0,2.0,869.0,141.0,188.0,711.0,694.0,325.0,3889.0
225,700,ic,2,135.0,1278.0,1278.0,1.0,957.0,94.0,227.0,745.0,724.0,331.0,3995.0
225,700,ic,2,140.0,1316.0,1292.0,3.0,907.0,111.0,298.0,758.0,735.0,321.0,3973.0
225,700,ic,2,145.0,1336.0,1336.0,1.0,925.0,82.0,329.0,785.0,766.0,319.0,3991.0
225,700,ic,2,150.0,1431.0,1407.0,3.0,979.0,96.0,356.0,792.0,774.0,360.0,4059.0
225,700,ic,3,0.0,736.0,724.0,2.0,724.0,12.0,0.0,446.0,434.0,149.0,3221.0
225,700,ic,3,5.0,644.0,618.0,3.0,632.0,12.0,0.0,323.0,318.0,188.0,3222.0
225,700,ic,3,10.0,655.0,629.0,3.0,615.0,25.0,15.0,338.0,319.0,185.0,3441.0
225,700,ic,3,15.0,669.0,657.0,2.0,601.0,40.0,28.0,360.0,349.0,198.0,3475.0
225,700,ic,3,20.0,710.0,685.0,3.0,641.0,44.0,25.0,358.0,333.0,224.0,3478.0
225,700,ic,3,25.0,716.0,716.0,1.0,658.0,24.0,34.0,353.0,337.0,212.0,3385.0
225,700,ic,3,30.0,758.0,735.0,2.0,620.0,80.0,58.0,349.0,341.0,228.0,3449.0
225,700,ic,3,35.0,733.0,721.0,2.0,615.0,81.0,37.0,389.0,381.0,202.0,3392.0
225,700,ic,3,40.0,788.0,751.0,3.0,636.0,107.0,45.0,381.0,366.0,219.0,3451.0
225,700,ic,3,45.0,742.0,742.0,1.0,672.0,34.0,36.0,407.0,389.0,225.0,3342.0
225,700,ic,3,50.0,771.0,771.0,1.0,708.0,43.0,20.0,428.0,414.0,221.0,3469.0
225,700,ic,3,55.0,810.0,810.0,1.0,734.0,34.0,42.0,442.0,424.0,240.0,3477.0
225,700,ic,3,60.0,846.0,834.0,2.0,669.0,78.0,99.0,429.0,418.0,240.0,3449.0
225,700,ic,3,65.0,834.0,822.0,2.0,703.0,61.0,70.0,446.0,427.0,236.0,3491.0
225,700,ic,3,70.0,863.0,863.0,1.0,746.0,52.0,65.0,476.0,462.0,222.0,3538.0
225,700,ic,3,75.0,965.0,941.0,3.0,778.0,96.0,91.0,504.0,489.0,248.0,3702.0
225,700,ic,3,80.0,852.0,838.0,2.0,707.0,76.0,69.0,480.0,465.0,259.0,3683.0
225,700,ic,3,85.0,861.0,861.0,1.0,736.0,66.0,59.0,489.0,475.0,260.0,3601.0
225,700,ic,3,90.0,870.0,870.0,1.0,735.0,46.0,89.0,501.0,482.0,212.0,3471.0
225,700,ic,3,95.0,956.0,931.0,2.0,766.0,99.0,91.0,513.0,500.0,242.0,3593.0
225,700,ic,3,100.0,923.0,911.0,2.0,749.0,82.0,92.0,537.0,525.0,240.0,3662.0
225,700,ic,3,105.0,960.0,960.0,1.0,742.0,100.0,118.0,562.0,547.0,281.0,3705.0
225,700,ic,3,110.0,1024.0,1024.0,1.0,704.0,153.0,167.0,558.0,543.0,294.0,3820.0
225,700,ic,3,115.0,1125.0,1125.0,1.0,766.0,197.0,162.0,627.0,610.0,291.0,3777.0
225,700,ic,3,120.0,1110.0,1098.0,2.0,735.0,173.0,202.0,645.0,628.0,287.0,3853.0
225,700,ic,3,125.0,1186.0,1137.0,4.0,722.0,230.0,234.0,648.0,630.0,293.0,3829.0
225,700,ic,3,130.0,1170.0,1156.0,2.0,766.0,185.0,219.0,649.0,628.0,278.0,3872.0
225,700,ic,3,135.0,1173.0,1173.0,1.0,687.0,241.0,245.0,664.0,630.0,318.0,3800.0
225,700,ic,3,140.0,1213.0,1213.0,1.0,700.0,219.0,294.0,669.0,647.0,311.0,3812.0
225,700,ic,3,145.0,1233.0,1233.0,1.0,782.0,210.0,241.0,681.0,663.0,295.0,3907.0
225,700,ic,3,150.0,1315.0,1315.0,1.0,591.0,273.0,451.0,726.0,703.0,332.0,3997.0
225,700,ic,3,155.0,1274.0,1274.0,1.0,691.0,257.0,326.0,737.0,723.0,314.0,3985.0
225,700,ic,3,160.0,1247.0,1234.0,2.0,581.0,276.0,390.0,737.0,714.0,286.0,3812.0
225,700,ic,3,165.0,1230.0,1230.0,1.0,758.0,223.0,249.0,747.0,730.0,284.0,3918.0
225,700,ic,3,170.0,1263.0,1263.0,1.0,764.0,237.0,262.0,768.0,747.0,328.0,3994.0
225,700,ic,3,175.0,1299.0,1287.0,2.0,699.0,230.0,370.0,762.0,755.0,305.0,4066.0
225,700,ic,3,180.0,1269.0,1269.0,1.0,724.0,235.0,310.0,794.0,781.0,324.0,4065.0
225,700,ic,3,185.0,1404.0,1404.0,1.0,571.0,261.0,572.0,841.0,826.0,292.0,4008.0
225,700,ic,4,0.0,736.0,724.0,2.0,724.0,12.0,0.0,446.0,434.0,149.0,3221.0
225,700,ic,4,5.0,630.0,630.0,1.0,630.0,0.0,0.0,336.0,325.0,197.0,3313.0
225,700,ic,4,10.0,647.0,632.0,2.0,647.0,0.0,0.0,335.0,321.0,205.0,3340.0
225,700,ic,4,15.0,643.0,643.0,1.0,643.0,0.0,0.0,359.0,350.0,205.0,3329.0
225,700,ic,4,20.0,656.0,656.0,1.0,623.0,23.0,10.0,344.0,319.0,226.0,3472.0
225,700,ic,4,25.0,649.0,649.0,1.0,637.0,6.0,6.0,342.0,323.0,201.0,3348.0
225,700,ic,4,30.0,653.0,639.0,2.0,585.0,46.0,22.0,351.0,329.0,225.0,3341.0
225,700,ic,4,35.0,630.0,618.0,2.0,553.0,45.0,32.0,344.0,327.0,214.0,3406.0
225,700,ic,4,40.0,649.0,649.0,1.0,621.0,14.0,14.0,338.0,317.0,225.0,3396.0
225,700,ic,4,45.0,695.0,671.0,3.0,614.0,56.0,25.0,358.0,348.0,194.0,3285.0
225,700,ic,4,50.0,682.0,645.0,3.0,626.0,34.0,22.0,340.0,326.0,206.0,3462.0
225,700,ic,4,55.0,669.0,645.0,3.0,605.0,44.0,20.0,357.0,349.0,222.0,3447.0
225,700,ic,4,60.0,721.0,721.0,1.0,639.0,42.0,40.0,380.0,367.0,205.0,3430.0
225,700,ic,4,65.0,703.0,703.0,1.0,627.0,26.0,50.0,399.0,381.0,201.0,3502.0
225,700,ic,4,70.0,775.0,763.0,2.0,647.0,51.0,77.0,404.0,392.0,229.0,3482.0
225,700,ic,4,75.0,762.0,748.0,2.0,694.0,21.0,47.0,408.0,390.0,209.0,3463.0
225,700,ic,4,80.0,766.0,766.0,1.0,659.0,39.0,68.0,414.0,396.0,224.0,3433.0
225,700,ic,4,85.0,790.0,790.0,1.0,687.0,13.0,90.0,433.0,417.0,216.0,3463.0
225,700,ic,4,90.0,797.0,797.0,1.0,652.0,45.0,100.0,436.0,419.0,247.0,3573.0
225,700,ic,4,95.0,807.0,807.0,1.0,660.0,40.0,107.0,428.0,411.0,235.0,3420.0
225,700,ic,4,100.0,800.0,788.0,2.0,659.0,78.0,63.0,440.0,431.0,211.0,3522.0
225,700,ic,4,105.0,841.0,829.0,2.0,670.0,94.0,77.0,473.0,459.0,242.0,3469.0
225,700,ic,4,110.0,950.0,937.0,2.0,805.0,53.0,92.0,501.0,487.0,259.0,3599.0
225,700,ic,4,115.0,866.0,852.0,2.0,761.0,41.0,64.0,499.0,480.0,247.0,3609.0
225,700,ic,4,120.0,926.0,926.0,1.0,734.0,91.0,101.0,486.0,479.0,246.0,3688.0
225,700,ic,4,125.0,917.0,917.0,1.0,682.0,109.0,126.0,498.0,483.0,239.0,3484.0
225,700,ic,4,130.0,895.0,871.0,3.0,702.0,98.0,95.0,486.0,478.0,225.0,3549.0
225,700,ic,4,135.0,884.0,884.0,1.0,676.0,101.0,107.0,497.0,483.0,246.0,3595.0
225,700,ic,4,140.0,926.0,926.0,1.0,743.0,61.0,122.0,516.0,504.0,254.0,3577.0
225,700,ic,4,145.0,1001.0,989.0,2.0,760.0,93.0,148.0,549.0,536.0,275.0,3608.0
225,700,ic,4,150.0,939.0,913.0,3.0,690.0,126.0,123.0,556.0,538.0,235.0,3769.0
225,700,ic,4,155.0,1043.0,1031.0,2.0,726.0,164.0,153.0,573.0,560.0,287.0,3761.0
225,700,ic,4,160.0,1114.0,1102.0,2.0,750.0,181.0,183.0,611.0,601.0,272.0,3769.0
225,700,ic,4,165.0,1070.0,1056.0,2.0,672.0,153.0,245.0,634.0,620.0,263.0,3682.0
225,700,ic,4,170.0,1111.0,1099.0,2.0,727.0,150.0,234.0,637.0,616.0,268.0,3789.0
225,700,ic,4,175.0,1075.0,1063.0,2.0,712.0,120.0,243.0,620.0,605.0,266.0,3685.0
225,700,ic,4,180.0,1140.0,1140.0,1.0,525.0,156.0,459.0,621.0,610.0,302.0,3747.0
225,700,ic,4,185.0,1161.0,1161.0,1.0,687.0,150.0,324.0,669.0,654.0,283.0,3891.0
225,700,ic,4,190.0,1155.0,1131.0,3.0,777.0,102.0,276.0,653.0,649.0,262.0,3847.0
225,700,ic,4,195.0,1144.0,1144.0,1.0,783.0,88.0,273.0,663.0,651.0,268.0,3834.0
225,700,ic,4,200.0,1140.0,1128.0,2.0,732.0,135.0,273.0,647.0,636.0,262.0,3669.0
225,700,ic,4,205.0,1211.0,1199.0,2.0,683.0,170.0,358.0,686.0,674.0,284.0,3860.0
225,700,ic,4,210.0,1168.0,1155.0,2.0,753.0,158.0,257.0,696.0,681.0,286.0,3873.0
225,700,ic,4,215.0,1166.0,1166.0,1.0,800.0,100.0,266.0,679.0,668.0,295.0,3820.0
225,700,ic,4,220.0,1160.0,1148.0,2.0,821.0,78.0,261.0,684.0,662.0,289.0,3863.0
225,700,ic,4,225.0,1224.0,1224.0,1.0,818.0,121.0,285.0,710.0,697.0,292.0,3959.0
225,700,ic,4,230.0,1281.0,1267.0,2.0,880.0,107.0,294.0,722.0,711.0,291.0,3939.0
225,700,ic,4,235.0,1302.0,1290.0,2.0,861.0,103.0,338.0,766.0,752.0,303.0,4013.0
225,700,ic,4,240.0,1379.0,1367.0,2.0,925.0,107.0,347.0,799.0,782.0,332.0,3957.0
225,700,ic,4,245.0,1336.0,1336.0,1.0,881.0,95.0,360.0,790.0,779.0,317.0,3989.0
225,700,ic,4,250.0,1424.0,1412.0,2.0,954.0,78.0,392.0,828.0,817.0,334.0,4141.0
225,700,ic,5,0.0,736.0,724.0,2.0,724.0,12.0,0.0,446.0,434.0,149.0,3221.0
225,700,ic,5,5.0,687.0,687.0,1.0,675.0,7.0,5.0,359.0,352.0,186.0,3271.0
225,700,ic,5,10.0,702.0,702.0,1.0,690.0,6.0,6.0,334.0,324.0,220.0,3370.0
225,700,ic,5,15.0,700.0,673.0,3.0,687.0,13.0,0.0,364.0,347.0,224.0,3476.0
225,700,ic,5,20.0,703.0,703.0,1.0,691.0,6.0,6.0,392.0,383.0,199.0,3424.0
225,700,ic,5,25.0,797.0,785.0,2.0,663.0,77.0,57.0,425.0,406.0,215.0,3511.0
225,700,ic,5,30.0,835.0,786.0,4.0,655.0,113.0,67.0,428.0,410.0,229.0,3508.0
225,700,ic,5,35.0,888.0,848.0,3.0,651.0,139.0,98.0,463.0,450.0,259.0,3532.0
225,700,ic,5,40.0,876.0,876.0,1.0,722.0,88.0,66.0,463.0,452.0,267.0,3615.0
225,700,ic,5,45.0,933.0,909.0,3.0,732.0,121.0,80.0,478.0,465.0,266.0,3612.0
225,700,ic,5,50.0,944.0,932.0,2.0,702.0,127.0,115.0,547.0,540.0,242.0,3599.0
225,700,ic,5,55.0,920.0,908.0,2.0,779.0,77.0,64.0,544.0,535.0,232.0,3680.0
225,700,ic,5,60.0,953.0,941.0,2.0,773.0,98.0,82.0,552.0,537.0,234.0,3732.0
225,700,ic,5,65.0,938.0,938.0,1.0,786.0,78.0,74.0,563.0,552.0,237.0,3695.0
225,700,ic,5,70.0,1010.0,1010.0,1.0,809.0,81.0,120.0,594.0,579.0,253.0,3578.0
225,700,ic,5,75.0,1058.0,1038.0,2.0,916.0,64.0,78.0,628.0,608.0,253.0,3745.0
225,700,ic,5,80.0,1101.0,1080.0,2.0,842.0,144.0,115.0,614.0,589.0,287.0,3752.0
225,700,ic,5,85.0,1036.0,1036.0,1.0,825.0,89.0,122.0,589.0,579.0,259.0,3742.0
225,700,ic,5,90.0,1013.0,1013.0,1.0,818.0,88.0,107.0,602.0,583.0,269.0,3766.0
225,700,ic,5,95.0,1083.0,1056.0,3.0,823.0,140.0,120.0,617.0,607.0,278.0,3924.0
225,700,ic,5,100.0,1121.0,1109.0,2.0,823.0,168.0,130.0,647.0,618.0,289.0,3818.0
225,700,ic,5,105.0,1087.0,1064.0,2.0,857.0,116.0,114.0,644.0,624.0,278.0,3835.0
225,700,ic,5,110.0,1160.0,1160.0,1.0,837.0,179.0,144.0,682.0,670.0,294.0,3882.0
225,700,ic,5,115.0,1148.0,1148.0,1.0,836.0,146.0,166.0,685.0,668.0,305.0,3812.0
225,700,ic,5,120.0,1240.0,1226.0,2.0,916.0,141.0,183.0,713.0,695.0,290.0,3813.0
225,700,ic,5,125.0,1249.0,1249.0,1.0,876.0,167.0,206.0,722.0,707.0,287.0,3871.0
225,700,ic,5,130.0,1242.0,1242.0,1.0,824.0,207.0,211.0,755.0,746.0,288.0,3860.0
225,700,ic,5,135.0,1292.0,1292.0,1.0,884.0,166.0,242.0,760.0,750.0,295.0,3914.0
225,700,ic,5,140.0,1333.0,1333.0,1.0,860.0,229.0,244.0,822.0,808.0,301.0,3988.0
225,700,ic,5,145.0,1326.0,1314.0,2.0,923.0,195.0,208.0,812.0,785.0,341.0,4027.0
225,700,ic,5,150.0,1298.0,1298.0,1.0,921.0,180.0,197.0,780.0,760.0,317.0,3992.0
225,700,ic,5,155.0,1319.0,1319.0,1.0,883.0,232.0,204.0,821.0,806.0,302.0,4071.0
225,700,ic,5,160.0,1364.0,1364.0,1.0,888.0,232.0,244.0,845.0,839.0,297.0,3988.0
225,700,ic,5,165.0,1394.0,1381.0,2.0,886.0,248.0,260.0,826.0,816.0,319.0,4042.0
225,700,ic,5,170.0,1472.0,1460.0,2.0,953.0,283.0,236.0,881.0,864.0,321.0,4169.0
225,700,ic,6,0.0,736.0,724.0,2.0,724.0,12.0,0.0,446.0,434.0,149.0,3221.0
225,700,ic,6,5.0,669.0,657.0,2.0,657.0,12.0,0.0,351.0,341.0,192.0,3427.0
225,700,ic,6,10.0,739.0,727.0,2.0,675.0,38.0,26.0,413.0,404.0,223.0,3325.0
225,700,ic,6,15.0,735.0,723.0,2.0,679.0,38.0,18.0,414.0,399.0,228.0,3430.0
225,700,ic,6,20.0,847.0,781.0,5.0,679.0,112.0,56.0,434.0,409.0,239.0,3482.0
225,700,ic,6,25.0,902.0,878.0,3.0,775.0,81.0,46.0,463.0,452.0,222.0,3562.0
225,700,ic,6,30.0,907.0,907.0,1.0,731.0,62.0,114.0,502.0,481.0,268.0,3590.0
225,700,ic,6,35.0,975.0,924.0,4.0,747.0,138.0,90.0,529.0,502.0,257.0,3679.0
225,700,ic,6,40.0,906.0,906.0,1.0,752.0,81.0,73.0,549.0,535.0,224.0,3755.0
225,700,ic,6,45.0,992.0,968.0,2.0,730.0,153.0,109.0,543.0,532.0,257.0,3672.0
225,700,ic,6,50.0,1011.0,1011.0,1.0,774.0,124.0,113.0,552.0,532.0,291.0,3753.0
225,700,ic,6,55.0,1038.0,1002.0,4.0,768.0,153.0,117.0,578.0,563.0,295.0,3675.0
225,700,ic,6,60.0,1040.0,1040.0,1.0,730.0,134.0,176.0,609.0,598.0,256.0,3710.0
225,700,ic,6,65.0,1109.0,1097.0,2.0,813.0,133.0,163.0,619.0,602.0,271.0,3763.0
225,700,ic,6,70.0,1080.0,1056.0,3.0,846.0,101.0,133.0,630.0,616.0,265.0,3771.0
225,700,ic,6,75.0,1113.0,1101.0,2.0,835.0,111.0,167.0,677.0,660.0,280.0,3783.0
225,700,ic,6,80.0,1130.0,1130.0,1.0,883.0,94.0,153.0,670.0,657.0,285.0,3819.0
225,700,ic,6,85.0,1142.0,1142.0,1.0,846.0,118.0,178.0,686.0,668.0,270.0,3779.0
225,700,ic,6,90.0,1164.0,1164.0,1.0,856.0,129.0,179.0,728.0,714.0,293.0,3877.0
225,700,ic,6,95.0,1239.0,1239.0,1.0,869.0,172.0,198.0,770.0,758.0,287.0,3930.0
225,700,ic,6,100.0,1299.0,1287.0,2.0,934.0,147.0,218.0,785.0,767.0,306.0,4030.0
225,700,ic,6,105.0,1274.0,1274.0,1.0,900.0,182.0,192.0,791.0,776.0,327.0,3983.0
225,700,ic,6,110.0,1408.0,1408.0,1.0,977.0,223.0,208.0,837.0,820.0,337.0,4055.0
225,700,ic,7,0.0,736.0,724.0,2.0,724.0,12.0,0.0,446.0,434.0,149.0,3221.0
225,700,ic,7,5.0,693.0,693.0,1.0,651.0,22.0,20.0,364.0,353.0,197.0,3370.0
225,700,ic,7,10.0,787.0,773.0,2.0,718.0,18.0,51.0,389.0,377.0,204.0,3384.0
225,700,ic,7,15.0,758.0,734.0,3.0,700.0,41.0,17.0,401.0,384.0,224.0,3450.0
225,700,ic,7,20.0,760.0,748.0,2.0,701.0,37.0,22.0,402.0,389.0,224.0,3456.0
225,700,ic,7,25.0,797.0,797.0,1.0,728.0,39.0,30.0,436.0,418.0,221.0,3489.0
225,700,ic,7,30.0,803.0,803.0,1.0,705.0,55.0,43.0,463.0,448.0,217.0,3444.0
225,700,ic,7,35.0,881.0,881.0,1.0,739.0,92.0,50.0,494.0,475.0,248.0,3570.0
225,700,ic,7,40.0,872.0,872.0,1.0,717.0,78.0,77.0,468.0,460.0,256.0,3603.0
225,700,ic,7,45.0,924.0,899.0,3.0,787.0,85.0,52.0,536.0,525.0,224.0,3613.0
225,700,ic,7,50.0,926.0,904.0,2.0,781.0,82.0,63.0,539.0,508.0,274.0,3641.0
225,700,ic,7,55.0,864.0,864.0,1.0,792.0,35.0,37.0,515.0,501.0,272.0,3648.0
225,700,ic,7,60.0,936.0,912.0,3.0,765.0,114.0,57.0,554.0,527.0,275.0,3563.0
225,700,ic,7,65.0,990.0,990.0,1.0,798.0,99.0,93.0,557.0,539.0,260.0,3720.0
225,700,ic,7,70.0,1083.0,1083.0,1.0,883.0,129.0,71.0,628.0,599.0,304.0,3741.0
225,700,ic,7,75.0,1102.0,1102.0,1.0,915.0,111.0,76.0,612.0,602.0,311.0,3785.0
225,700,ic,7,80.0,1186.0,1186.0,1.0,867.0,139.0,180.0,685.0,662.0,299.0,3970.0
225,700,ic,7,85.0,1214.0,1202.0,2.0,910.0,132.0,172.0,726.0,704.0,282.0,3796.0
225,700,ic,7,90.0,1279.0,1279.0,1.0,884.0,180.0,215.0,722.0,706.0,292.0,3879.0
225,700,ic,7,95.0,1209.0,1197.0,2.0,855.0,211.0,143.0,715.0,700.0,298.0,3880.0
225,700,ic,7,100.0,1217.0,1217.0,1.0,889.0,173.0,155.0,747.0,733.0,302.0,3978.0
225,700,ic,7,105.0,1256.0,1256.0,1.0,943.0,147.0,166.0,726.0,706.0,312.0,3940.0
225,700,ic,7,110.0,1372.0,1360.0,2.0,942.0,188.0,242.0,778.0,762.0,314.0,4066.0
225,700,ic,7,115.0,1293.0,1293.0,1.0,890.0,182.0,221.0,757.0,737.0,330.0,3938.0
225,700,ic,7,120.0,1286.0,1273.0,2.0,906.0,174.0,206.0,773.0,756.0,312.0,3896.0
225,700,ic,7,125.0,1331.0,1297.0,3.0,959.0,171.0,201.0,770.0,759.0,302.0,3970.0
225,700,ic,7,130.0,1332.0,1332.0,1.0,944.0,180.0,208.0,794.0,777.0,300.0,3980.0
225,700,ic,7,135.0,1310.0,1310.0,1.0,966.0,135.0,209.0,809.0,798.0,315.0,3974.0
225,700,ic,7,140.0,1412.0,1412.0,1.0,1022.0,145.0,245.0,819.0,808.0,358.0,3922.0
225,700,ic,8,0.0,736.0,724.0,2.0,724.0,12.0,0.0,446.0,434.0,149.0,3221.0
225,700,ic,8,5.0,669.0,657.0,2.0,657.0,12.0,0.0,334.0,312.0,204.0,3365.0
225,700,ic,8,10.0,696.0,696.0,1.0,659.0,19.0,18.0,352.0,336.0,210.0,3299.0
225,700,ic,8,15.0,662.0,662.0,1.0,638.0,12.0,12.0,369.0,357.0,220.0,3342.0
225,700,ic,8,20.0,754.0,754.0,1.0,686.0,56.0,12.0,361.0,347.0,209.0,3342.0
225,700,ic,8,25.0,720.0,683.0,4.0,683.0,37.0,0.0,359.0,351.0,225.0,3498.0
225,700,ic,8,30.0,753.0,741.0,2.0,703.0,31.0,19.0,389.0,375.0,218.0,3487.0
225,700,ic,8,35.0,778.0,766.0,2.0,694.0,56.0,28.0,397.0,388.0,224.0,3427.0
225,700,ic,8,40.0,772.0,742.0,3.0,650.0,82.0,40.0,403.0,383.0,249.0,3506.0
225,700,ic,8,45.0,765.0,753.0,2.0,678.0,59.0,28.0,376.0,359.0,218.0,3484.0
225,700,ic,8,50.0,783.0,740.0,4.0,637.0,69.0,77.0,437.0,419.0,229.0,3436.0
225,700,ic,8,55.0,791.0,779.0,2.0,719.0,31.0,41.0,404.0,389.0,231.0,3526.0
225,700,ic,8,60.0,758.0,730.0,3.0,666.0,46.0,46.0,411.0,396.0,224.0,3467.0
225,700,ic,8,65.0,795.0,781.0,2.0,661.0,76.0,58.0,434.0,422.0,229.0,3508.0
225,700,ic,8,70.0,823.0,823.0,1.0,666.0,75.0,82.0,449.0,430.0,226.0,3465.0
225,700,ic,8,75.0,838.0,838.0,1.0,642.0,95.0,101.0,441.0,427.0,235.0,3563.0
225,700,ic,8,80.0,842.0,817.0,3.0,657.0,110.0,75.0,428.0,416.0,210.0,3502.0
225,700,ic,8,85.0,780.0,753.0,3.0,660.0,71.0,49.0,443.0,429.0,213.0,3512.0
225,700,ic,8,90.0,854.0,842.0,2.0,669.0,101.0,84.0,454.0,436.0,267.0,3602.0
225,700,ic,8,95.0,855.0,803.0,5.0,676.0,108.0,71.0,452.0,437.0,212.0,3583.0
225,700,ic,8,100.0,832.0,832.0,1.0,637.0,103.0,92.0,470.0,457.0,226.0,3535.0
225,700,ic,8,105.0,856.0,856.0,1.0,661.0,100.0,95.0,500.0,483.0,252.0,3555.0
225,700,ic,8,110.0,870.0,870.0,1.0,697.0,63.0,110.0,493.0,483.0,239.0,3642.0
225,700,ic,8,115.0,926.0,914.0,2.0,666.0,99.0,161.0,510.0,498.0,244.0,3657.0
225,700,ic,8,120.0,920.0,908.0,2.0,709.0,72.0,139.0,531.0,514.0,251.0,3659.0
225,700,ic,8,125.0,916.0,904.0,2.0,728.0,67.0,121.0,511.0,499.0,258.0,3614.0
225,700,ic,8,130.0,962.0,962.0,1.0,715.0,101.0,146.0,539.0,520.0,252.0,3665.0
225,700,ic,8,135.0,1007.0,1007.0,1.0,754.0,105.0,148.0,549.0,531.0,265.0,3711.0
225,700,ic,8,140.0,1002.0,1002.0,1.0,688.0,137.0,177.0,578.0,562.0,257.0,3659.0
225,700,ic,8,145.0,1064.0,1052.0,2.0,776.0,107.0,181.0,594.0,576.0,254.0,3740.0
225,700,ic,8,150.0,1047.0,1020.0,2.0,787.0,149.0,111.0,588.0,570.0,265.0,3881.0
225,700,ic,8,155.0,1051.0,1039.0,2.0,708.0,160.0,183.0,582.0,574.0,274.0,3781.0
225,700,ic,8,160.0,1090.0,1078.0,2.0,729.0,205.0,156.0,623.0,598.0,292.0,3754.0
225,700,ic,8,165.0,1094.0,1082.0,2.0,763.0,146.0,185.0,671.0,649.0,291.0,3800.0
225,700,ic,8,170.0,1187.0,1187.0,1.0,797.0,178.0,212.0,678.0,667.0,282.0,3827.0
225,700,ic,8,175.0,1222.0,1222.0,1.0,844.0,119.0,259.0,716.0,701.0,280.0,3988.0
225,700,ic,8,180.0,1237.0,1218.0,2.0,821.0,188.0,228.0,730.0,716.0,280.0,3949.0
225,700,ic,8,185.0,1202.0,1190.0,2.0,812.0,167.0,223.0,720.0,704.0,316.0,3989.0
225,700,ic,8,190.0,1188.0,1188.0,1.0,834.0,173.0,181.0,724.0,710.0,311.0,3876.0
225,700,ic,8,195.0,1240.0,1240.0,1.0,811.0,161.0,268.0,749.0,736.0,307.0,3915.0
225,700,ic,8,200.0,1268.0,1232.0,3.0,771.0,261.0,236.0,753.0,729.0,295.0,3929.0
225,700,ic,8,205.0,1255.0,1231.0,3.0,779.0,217.0,259.0,751.0,738.0,322.0,3909.0
225,700,ic,8,210.0,1287.0,1275.0,2.0,809.0,239.0,239.0,756.0,740.0,310.0,3967.0
225,700,ic,8,215.0,1259.0,1259.0,1.0,839.0,163.0,257.0,743.0,728.0,324.0,3929.0
225,700,ic,8,220.0,1288.0,1288.0,1.0,784.0,243.0,261.0,776.0,764.0,292.0,3940.0
225,700,ic,8,225.0,1242.0,1242.0,1.0,748.0,254.0,240.0,769.0,756.0,280.0,3914.0
225,700,ic,8,230.0,1273.0,1273.0,1.0,823.0,240.0,210.0,748.0,729.0,302.0,3980.0
225,700,ic,8,235.0,1341.0,1322.0,2.0,815.0,287.0,239.0,750.0,739.0,324.0,4042.0
225,700,ic,8,240.0,1351.0,1339.0,2.0,503.0,286.0,562.0,796.0,786.0,306.0,3962.0
225,700,ic,8,245.0,1460.0,1448.0,2.0,686.0,340.0,434.0,836.0,820.0,305.0,4065.0
225,700,ic,9,0.0,736.0,724.0,2.0,724.0,12.0,0.0,446.0,434.0,149.0,3221.0
225,700,ic,9,5.0,652.0,652.0,1.0,652.0,0.0,0.0,353.0,342.0,196.0,3328.0
225,700,ic,9,10.0,709.0,689.0,2.0,684.0,16.0,9.0,371.0,349.0,219.0,3360.0
225,700,ic,9,15.0,745.0,745.0,1.0,725.0,7.0,13.0,388.0,374.0,213.0,3329.0
225,700,ic,9,20.0,769.0,769.0,1.0,769.0,0.0,0.0,399.0,394.0,200.0,3495.0
225,700,ic,9,25.0,813.0,801.0,2.0,763.0,31.0,19.0,406.0,386.0,231.0,3563.0
225,700,ic,9,30.0,797.0,797.0,1.0,736.0,17.0,44.0,450.0,428.0,260.0,3380.0
225,700,ic,9,35.0,846.0,834.0,2.0,782.0,37.0,27.0,443.0,428.0,240.0,3593.0
225,700,ic,9,40.0,931.0,919.0,2.0,859.0,47.0,25.0,513.0,498.0,265.0,3583.0
225,700,ic,9,45.0,980.0,941.0,2.0,862.0,78.0,40.0,518.0,505.0,246.0,3560.0
225,700,ic,9,50.0,956.0,932.0,3.0,816.0,93.0,47.0,539.0,518.0,264.0,3663.0
225,700,ic,9,55.0,1003.0,977.0,3.0,860.0,95.0,48.0,557.0,537.0,271.0,3709.0
225,700,ic,9,60.0,1042.0,1030.0,2.0,852.0,116.0,74.0,570.0,549.0,278.0,3658.0
225,700,ic,9,65.0,1078.0,1064.0,2.0,859.0,129.0,90.0,586.0,576.0,274.0,3759.0
225,700,ic,9,70.0,1109.0,1109.0,1.0,885.0,148.0,76.0,604.0,589.0,285.0,3721.0
225,700,ic,9,75.0,1043.0,1043.0,1.0,860.0,107.0,76.0,612.0,591.0,269.0,3778.0
225,700,ic,9,80.0,1065.0,1065.0,1.0,859.0,119.0,87.0,607.0,586.0,296.0,3774.0
225,700,ic,9,85.0,1115.0,1115.0,1.0,840.0,164.0,111.0,645.0,626.0,313.0,3818.0
225,700,ic,9,90.0,1117.0,1117.0,1.0,836.0,134.0,147.0,646.0,625.0,305.0,3734.0
225,700,ic,9,95.0,1242.0,1168.0,4.0,964.0,188.0,90.0,674.0,660.0,306.0,3908.0
225,700,ic,9,100.0,1177.0,1165.0,2.0,916.0,146.0,115.0,705.0,690.0,273.0,3842.0
225,700,ic,9,105.0,1186.0,1166.0,2.0,928.0,156.0,102.0,684.0,662.0,295.0,3859.0
225,700,ic,9,110.0,1261.0,1261.0,1.0,952.0,196.0,113.0,736.0,717.0,299.0,3903.0
225,700,ic,9,115.0,1260.0,1248.0,2.0,964.0,170.0,126.0,699.0,682.0,337.0,3982.0
225,700,ic,9,120.0,1271.0,1259.0,2.0,965.0,183.0,123.0,719.0,708.0,327.0,3932.0
225,700,ic,9,125.0,1253.0,1241.0,2.0,969.0,167.0,117.0,756.0,747.0,285.0,3833.0
225,700,ic,9,130.0,1313.0,1282.0,3.0,944.0,228.0,141.0,780.0,755.0,323.0,3943.0
225,700,ic,9,135.0,1263.0,1249.0,2.0,910.0,218.0,135.0,783.0,772.0,292.0,3942.0
225,700,ic,9,140.0,1316.0,1316.0,1.0,993.0,189.0,134.0,802.0,784.0,326.0,4004.0
225,700,ic,9,145.0,1377.0,1377.0,1.0,978.0,226.0,173.0,785.0,778.0,282.0,4058.0
225,700,ic,9,150.0,1404.0,1404.0,1.0,999.0,249.0,156.0,840.0,830.0,300.0,4207.0
